source	source_record_id	source_row_id	facility_name	country	subdivision	municipality_or_county	lat	lon	coordinate_basis	plant_or_project_type	source_status	operator_or_parties	capacity	feedstock_or_context	start_date	source_row_notes
br-epe-biodiesel	012fce9992e752ab	1077	PETROBRAS BIOCOMBUSTÍVEL S.A	Brazil	MG	MONTES CLAROS	-16.686097	-43.869628	EPE-published latitude/longitude attribute and point geometry	Biodiesel plant	operação	not separately provided; source name retained as facility name	545.45 m3/day capacity; 199089.25 m3/year capacity	biodiesel production; source social-biofuel seal: Sim		ArcGIS OBJECTID 1077; service geometry -16.68609750048038,-43.86962779999993
br-epe-biodiesel	050381093ed748a7	1044	CAIBIENSE GRAN VITA LTDA.	Brazil	MT	RONDONÓPOLIS	-16.44377	-54.67651	EPE-published latitude/longitude attribute and point geometry	Biodiesel plant	operação	not separately provided; source name retained as facility name	250.0 m3/day capacity; 91250.0 m3/year capacity	biodiesel production; source social-biofuel seal: Sim		ArcGIS OBJECTID 1044; service geometry -16.44377000048707,-54.67650999999995
br-epe-biodiesel	07236c75102c024a	1107	POTENCIAL BIODIESEL LTDA.	Brazil	PR	LAPA	-25.77511	-49.73747	EPE-published latitude/longitude attribute and point geometry	Biodiesel plant	Ampliação	not separately provided; source name retained as facility name	2000.0 m3/day capacity; 730000.0 m3/year capacity	biodiesel production; source social-biofuel seal: N/A		ArcGIS OBJECTID 1107; service geometry -25.77511000026052,-49.73746999999998
br-epe-biodiesel	0ec00b4c78907f73	1043	BUNGE ALIMENTOS S/A	Brazil	MT	NOVA MUTUM	-13.784306	-56.052306	EPE-published latitude/longitude attribute and point geometry	Biodiesel plant	operação	not separately provided; source name retained as facility name	497.0 m3/day capacity; 181405.0 m3/year capacity	biodiesel production; source social-biofuel seal: Sim		ArcGIS OBJECTID 1043; service geometry -13.78430599956277,-56.05230599999999
br-epe-biodiesel	10a5af0f8dfa4ef4	1110	AR BIO ENERGIA SUSTENTÁVEL LTDA.	Brazil	PR	SANTA TEREZA DO OESTE	-25.05679	-53.62237	EPE-published latitude/longitude attribute and point geometry	Biodiesel plant	Construção	not separately provided; source name retained as facility name	100.0 m3/day capacity; 36500.0 m3/year capacity	biodiesel production; source social-biofuel seal: N/A		ArcGIS OBJECTID 1110; service geometry -25.056790000275424,-53.62236999999993
br-epe-biodiesel	10ce25a036cdc942	1092	CARAMURU ALIMENTOS S.A	Brazil	MT	IPAMERI	-17.74445	-48.174959	EPE-published latitude/longitude attribute and point geometry	Biodiesel plant	Ampliação	not separately provided; source name retained as facility name	55.0 m3/day capacity; 20075.0 m3/year capacity	biodiesel production; source social-biofuel seal: N/A		ArcGIS OBJECTID 1092; service geometry -17.74444995245162,-48.17495923299998
br-epe-biodiesel	131a7fe27d86fbb1	1037	BINATURAL BAHIA LTDA.	Brazil	BA	SIMÕES FILHO	-12.834889	-38.43425	EPE-published latitude/longitude attribute and point geometry	Biodiesel plant	operação	not separately provided; source name retained as facility name	1000.0 m3/day capacity; 365000.0 m3/year capacity	biodiesel production; source social-biofuel seal: Sim		ArcGIS OBJECTID 1037; service geometry -12.834888999590763,-38.43424999999996
br-epe-biodiesel	1446e62e1ddb641b	1048	CARAMURU ALIMENTOS S/A	Brazil	MT	SORRISO	-12.545	-55.711	EPE-published latitude/longitude attribute and point geometry	Biodiesel plant	operação	not separately provided; source name retained as facility name	285.0 m3/day capacity; 104025.0 m3/year capacity	biodiesel production; source social-biofuel seal: Sim		ArcGIS OBJECTID 1048; service geometry -12.54499999959938,-55.71099999999996
br-epe-biodiesel	17cf64df9c5edd14	1094	COCAMAR MÁQUINAS AGRÍCOLAS LTDA.	Brazil	PR	MARINGÁ	-23.432798	-51.980773	EPE-published latitude/longitude attribute and point geometry	Biodiesel plant	Ampliação	not separately provided; source name retained as facility name	705.0 m3/day capacity; 257325.0 m3/year capacity	biodiesel production; source social-biofuel seal: N/A		ArcGIS OBJECTID 1094; service geometry -23.432798011310865,-51.980772816999945
br-epe-biodiesel	1851aa62992c1c26	1031	BE8 FLORIANO LTDA.	Brazil	PI	FLORIANO	-6.808866	-43.012424	EPE-published latitude/longitude attribute and point geometry	Biodiesel plant	operação	not separately provided; source name retained as facility name	250.0 m3/day capacity; 91250.0 m3/year capacity	biodiesel production; source social-biofuel seal: Sim		ArcGIS OBJECTID 1031; service geometry -6.80886649977753,-43.01242371699993
br-epe-biodiesel	1901a03191390814	1093	CEREAL COMÉRCIO EXPORTAÇÃO E REPRESENTAÇÃO AGROPECUÁRIA S.A.	Brazil	GO	RIO VERDE	-17.784636	-50.89902	EPE-published latitude/longitude attribute and point geometry	Biodiesel plant	Ampliação	not separately provided; source name retained as facility name	350.0 m3/day capacity; 127750.0 m3/year capacity	biodiesel production; source social-biofuel seal: N/A		ArcGIS OBJECTID 1093; service geometry -17.78463615945052,-50.89902036899997
br-epe-biodiesel	1e53cc8eb87d082e	1032	BE8 NOVA MARILÂNDIA LTDA.	Brazil	MT	NOVA MARILÂNDIA	-14.368917	-56.975778	EPE-published latitude/longitude attribute and point geometry	Biodiesel plant	operação	not separately provided; source name retained as facility name	568.0 m3/day capacity; 207320.0 m3/year capacity	biodiesel production; source social-biofuel seal: Sim		ArcGIS OBJECTID 1032; service geometry -14.368916999545783,-56.975777999999934
br-epe-biodiesel	1eab35fdb240934b	1066	MINERVA S/A	Brazil	GO	PALMEIRAS DE GOIÁS	-16.805	-49.926	EPE-published latitude/longitude attribute and point geometry	Biodiesel plant	operação	not separately provided; source name retained as facility name	450.0 m3/day capacity; 164250.0 m3/year capacity	biodiesel production; source social-biofuel seal: Sim		ArcGIS OBJECTID 1066; service geometry -16.805000000477094,-49.92599999999994
br-epe-biodiesel	1f499ec8583acffa	1095	COFCO INTERNATIONAL BRASIL S.A	Brazil	MT	RONDONÓPOLIS	-16.699278	-54.664222	EPE-published latitude/longitude attribute and point geometry	Biodiesel plant	Ampliação	not separately provided; source name retained as facility name	290.0 m3/day capacity; 105850.0 m3/year capacity	biodiesel production; source social-biofuel seal: N/A		ArcGIS OBJECTID 1095; service geometry -16.699278000480042,-54.66422199999994
br-epe-biodiesel	1f883975f517662d	1065	LAR COOPERATIVA AGROINDUSTRIAL	Brazil	MS	CAARAPÓ	-21.78725	-54.528472	EPE-published latitude/longitude attribute and point geometry	Biodiesel plant	operação	not separately provided; source name retained as facility name	400.0 m3/day capacity; 146000.0 m3/year capacity	biodiesel production; source social-biofuel seal: Sim		ArcGIS OBJECTID 1065; service geometry -21.787250000348998,-54.52847199999996
br-epe-biodiesel	22f7ebb6fefda532	1061	FLÓRIDA BIOCOMBUSTÍVEL LTDA.	Brazil	MT	ALTO ARAGUAIA	-17.315	-53.215	EPE-published latitude/longitude attribute and point geometry	Biodiesel plant	operação	not separately provided; source name retained as facility name	680.0 m3/day capacity; 248200.0 m3/year capacity	biodiesel production; source social-biofuel seal: Não		ArcGIS OBJECTID 1061; service geometry -17.315000000463176,-53.21499999999997
br-epe-biodiesel	2552c34ce9d58f6b	1057	COMPANHIA REFINADORA DA AMAZONIA AGROPALMA	Brazil	PA	BELÉM	-1.33194	-48.48095	EPE-published latitude/longitude attribute and point geometry	Biodiesel plant	operação	not separately provided; source name retained as facility name	100.0 m3/day capacity; 36500.0 m3/year capacity	biodiesel production; source social-biofuel seal: Não		ArcGIS OBJECTID 1057; service geometry -1.3319399999560613,-48.48094999999995
br-epe-biodiesel	26405b5dbd9a4ded	1034	BE8 S.A	Brazil	PR	MARIALVA	-28.2395	-52.399972	EPE-published latitude/longitude attribute and point geometry	Biodiesel plant	operação	not separately provided; source name retained as facility name	1500.0 m3/day capacity; 547500.0 m3/year capacity	biodiesel production; source social-biofuel seal: Sim		ArcGIS OBJECTID 1034; service geometry -28.239500000212868,-52.399971999999934
br-epe-biodiesel	2b8e1384ddc3e7da	1038	BINATURAL ENERGIAS RENOVAVEIS S.A.	Brazil	GO	FORMOSA	-15.546417	-47.329731	EPE-published latitude/longitude attribute and point geometry	Biodiesel plant	operação	not separately provided; source name retained as facility name	650.0 m3/day capacity; 237250.0 m3/year capacity	biodiesel production; source social-biofuel seal: Sim		ArcGIS OBJECTID 1038; service geometry -15.546416999512152,-47.32973059999995
br-epe-biodiesel	2c31e4c161d59c21	1074	OLFAR S.A. ALIMENTO E ENERGIA	Brazil	GO	PORANGATU	-13.384972	-49.127472	EPE-published latitude/longitude attribute and point geometry	Biodiesel plant	operação	not separately provided; source name retained as facility name	1800.0 m3/day capacity; 657000.0 m3/year capacity	biodiesel production; source social-biofuel seal: Sim		ArcGIS OBJECTID 1074; service geometry -13.384971999574475,-49.127471999999955
br-epe-biodiesel	309794274187e13f	1104	OLEOPLAN NORDESTE INDÚSTRIA DE BIOCOMBUSTÍVEL LTDA.	Brazil	BA	IRAQUARA	-12.19667	-41.613866	EPE-published latitude/longitude attribute and point geometry	Biodiesel plant	Ampliação	not separately provided; source name retained as facility name	350.0 m3/day capacity; 127750.0 m3/year capacity	biodiesel production; source social-biofuel seal: N/A		ArcGIS OBJECTID 1104; service geometry -12.196669999609771,-41.61386599999997
br-epe-biodiesel	30d7af14e1a59434	1102	FUGA COUROS S.A.	Brazil	RS	CAMARGO	-29.476838	-51.961506	EPE-published latitude/longitude attribute and point geometry	Biodiesel plant	Ampliação	not separately provided; source name retained as facility name	700.0 m3/day capacity; 255500.0 m3/year capacity	biodiesel production; source social-biofuel seal: N/A		ArcGIS OBJECTID 1102; service geometry -29.476837900191143,-51.96150629999994
br-epe-biodiesel	3242c12d02045ef7	1075	PETROBIO USINA DE BIODIESEL LTDA.	Brazil	PR	UMUARAMA	-23.815611	-53.319361	EPE-published latitude/longitude attribute and point geometry	Biodiesel plant	operação	not separately provided; source name retained as facility name	100.0 m3/day capacity; 36500.0 m3/year capacity	biodiesel production; source social-biofuel seal: Sim		ArcGIS OBJECTID 1075; service geometry -23.815611000302304,-53.31936099999996
br-epe-biodiesel	3a17b41a838d7d72	1051	CARGILL NOVOS HORIZONTES LTDA.	Brazil	RS	CACHOEIRA DO SUL	-28.598627	-52.191565	EPE-published latitude/longitude attribute and point geometry	Biodiesel plant	operação	not separately provided; source name retained as facility name	933.33 m3/day capacity; 340665.45 m3/year capacity	biodiesel production; source social-biofuel seal: Sim		ArcGIS OBJECTID 1051; service geometry -28.59862700020641,-52.19156499999997
br-epe-biodiesel	3a1bfc92faf5a41b	1112	SOLI3 UNIÃO CENTRAL COOPERATIVA	Brazil	RS	CRUZ ALTA	-28.69512	-53.62547	EPE-published latitude/longitude attribute and point geometry	Biodiesel plant	Construção	not separately provided; source name retained as facility name	680.0 m3/day capacity; 248200.0 m3/year capacity	biodiesel production; source social-biofuel seal: N/A		ArcGIS OBJECTID 1112; service geometry -28.695120000204692,-53.62546999999995
br-epe-biodiesel	3bbbabeae3a00ac1	1055	COCAMAR MÁQUINAS AGRÍCOLAS LTDA.	Brazil	PR	MARINGÁ	-23.432798	-51.980773	EPE-published latitude/longitude attribute and point geometry	Biodiesel plant	operação	not separately provided; source name retained as facility name	353.0 m3/day capacity; 128845.0 m3/year capacity	biodiesel production; source social-biofuel seal: Sim		ArcGIS OBJECTID 1055; service geometry -23.432798011310865,-51.980772816999945
br-epe-biodiesel	3cfee1fcdab0540b	1098	D.T.F. SOLUÇÕES E RECICLAGEM DE RESÍDUOS LTDA.	Brazil	MT	POXORÉO	-15.837	-54.389	EPE-published latitude/longitude attribute and point geometry	Biodiesel plant	Construção	not separately provided; source name retained as facility name	100.0 m3/day capacity; 36500.0 m3/year capacity	biodiesel production; source social-biofuel seal: N/A		ArcGIS OBJECTID 1098; service geometry -15.836999999503947,-54.38899999999995
br-epe-biodiesel	43f7733b4477fde5	1033	BE8 S.A	Brazil	RS	PASSO FUNDO	-23.478222	-51.823944	EPE-published latitude/longitude attribute and point geometry	Biodiesel plant	operação	not separately provided; source name retained as facility name	1500.0 m3/day capacity; 547500.0 m3/year capacity	biodiesel production; source social-biofuel seal: Sim		ArcGIS OBJECTID 1033; service geometry -23.478222000309817,-51.82394399999998
br-epe-biodiesel	475be3392a5b5fa5	1101	FRCB BIOCOMBUSTÍVEIS LTDA.	Brazil	MT	VÁRZEA GRANDE	-15.59415	-56.22788	EPE-published latitude/longitude attribute and point geometry	Biodiesel plant	Construção	not separately provided; source name retained as facility name	1200.0 m3/day capacity; 438000.0 m3/year capacity	biodiesel production; source social-biofuel seal: N/A		ArcGIS OBJECTID 1101; service geometry -15.594149999510796,-56.22787999999997
br-epe-biodiesel	4beb70b9b6501bc0	1058	DELTA BIOCOMBUSTÍVEIS INDÚSTRIA E COMÉRCIO LTDA.	Brazil	MS	RIO BRILHANTE	-15.671399	-55.964198	EPE-published latitude/longitude attribute and point geometry	Biodiesel plant	operação	not separately provided; source name retained as facility name	600.0 m3/day capacity; 219000.0 m3/year capacity	biodiesel production; source social-biofuel seal: Sim		ArcGIS OBJECTID 1058; service geometry -15.671398999508622,-55.96419799999996
br-epe-biodiesel	5509bcfd70e8fcee	1070	OLEOPLAN RONDÔNIA INDÚSTRIA DE BIOCOMBUSTÍVEL LTDA.	Brazil	RO	CACOAL	-11.4319	-61.4549	EPE-published latitude/longitude attribute and point geometry	Biodiesel plant	operação	not separately provided; source name retained as facility name	600.0 m3/day capacity; 219000.0 m3/year capacity	biodiesel production; source social-biofuel seal: Sim		ArcGIS OBJECTID 1070; service geometry -11.43189999963288,-61.45489999999995
br-epe-biodiesel	59f3021bbd293721	1106	PALMAPLAN AGROINDUSTRIAL LTDA.	Brazil	RR	RORAINÓPOLIS	0.13445	-60.56496	EPE-published latitude/longitude attribute and point geometry	Biodiesel plant	Construção	not separately provided; source name retained as facility name	300.0 m3/day capacity; 109500.0 m3/year capacity	biodiesel production; source social-biofuel seal: N/A		ArcGIS OBJECTID 1106; service geometry 0.13444999999563947,-60.56495999999998
br-epe-biodiesel	5abf62ae9318e1ce	1053	CEREAL COMÉRCIO EXPORTAÇÃO E REPRESENTAÇÃO AGROPECUÁRIA S.A.	Brazil	GO	RIO VERDE	-17.784636	-50.89902	EPE-published latitude/longitude attribute and point geometry	Biodiesel plant	operação	not separately provided; source name retained as facility name	650.0 m3/day capacity; 237250.0 m3/year capacity	biodiesel production; source social-biofuel seal: Sim		ArcGIS OBJECTID 1053; service geometry -17.78463615945052,-50.89902036899997
br-epe-biodiesel	5e85dd17e5fa20b3	1049	CARGILL AGRÍCOLA S/A	Brazil	MS	TRÊS LAGOAS	-20.802163	-51.643397	EPE-published latitude/longitude attribute and point geometry	Biodiesel plant	operação	not separately provided; source name retained as facility name	965.0 m3/day capacity; 352225.0 m3/year capacity	biodiesel production; source social-biofuel seal: Sim		ArcGIS OBJECTID 1049; service geometry -20.802163000372868,-51.643396999999936
br-epe-biodiesel	64536d8db324b65b	1080	PRODUTOS ALIMENTÍCIOS ORLÂNDIA S/A - COMÉRCIO E INDÚSTRIA	Brazil	SP	ORLÂNDIA	-21.6694	-49.7886	EPE-published latitude/longitude attribute and point geometry	Biodiesel plant	operação	not separately provided; source name retained as facility name	367.0 m3/day capacity; 133955.0 m3/year capacity	biodiesel production; source social-biofuel seal: Sim		ArcGIS OBJECTID 1080; service geometry -21.66940000035179,-49.788599999999974
br-epe-biodiesel	652ad6148ac01d23	1103	JBS S/A	Brazil	MT	CAMPO VERDE	-15.55494	-55.174055	EPE-published latitude/longitude attribute and point geometry	Biodiesel plant	Ampliação	not separately provided; source name retained as facility name	290.0 m3/day capacity; 105850.0 m3/year capacity	biodiesel production; source social-biofuel seal: N/A		ArcGIS OBJECTID 1103; service geometry -15.55493999951188,-55.17405499999995
br-epe-biodiesel	669204f70107d47d	1040	BIO VIDA PRODUÇÃO E COMÉRCIO DE BIODIESEL LTDA.	Brazil	MT	VÁRZEA GRANDE	-13.060722	-55.919389	EPE-published latitude/longitude attribute and point geometry	Biodiesel plant	operação	not separately provided; source name retained as facility name	150.0 m3/day capacity; 54750.0 m3/year capacity	biodiesel production; source social-biofuel seal: Sim		ArcGIS OBJECTID 1040; service geometry -13.060721999584032,-55.91938899999997
br-epe-biodiesel	674199f52c682358	1029	AMAGGI EXPORTAÇÃO E IMPORTAÇÃO LTDA.	Brazil	MT	LUCAS DO RIO VERDE	-13.004139	-55.939333	EPE-published latitude/longitude attribute and point geometry	Biodiesel plant	operação	not separately provided; source name retained as facility name	1023.0 m3/day capacity; 373395.0 m3/year capacity	biodiesel production; source social-biofuel seal: Sim		ArcGIS OBJECTID 1029; service geometry -13.004138999585724,-55.939332999999976
br-epe-biodiesel	6d6309b2e28ffa96	1046	CARAMURU ALIMENTOS S/A	Brazil	GO	SÃO SIMÃO	-19.0648	-50.5168	EPE-published latitude/longitude attribute and point geometry	Biodiesel plant	operação	not separately provided; source name retained as facility name	625.0 m3/day capacity; 228125.0 m3/year capacity	biodiesel production; source social-biofuel seal: Sim		ArcGIS OBJECTID 1046; service geometry -19.064800000416824,-50.516799999999925
br-epe-biodiesel	6f3cc37fe2c51922	1111	OLEOPLAN S.A. ÓLEOS VEGETAIS PLANALTO	Brazil	PR	PONTA GROSSA	-25.170279	-50.091987	EPE-published latitude/longitude attribute and point geometry	Biodiesel plant	Construção	not separately provided; source name retained as facility name	1500.0 m3/day capacity; 547500.0 m3/year capacity	biodiesel production; source social-biofuel seal: N/A		ArcGIS OBJECTID 1111; service geometry -25.170279000273062,-50.09198699999996
br-epe-biodiesel	716eedc035744236	1054	CESBRA QUÍMICA S/A	Brazil	RJ	VOLTA REDONDA	-22.496705	-44.045512	EPE-published latitude/longitude attribute and point geometry	Biodiesel plant	operação	not separately provided; source name retained as facility name	166.7 m3/day capacity; 60845.5 m3/year capacity	biodiesel production; source social-biofuel seal: Sim		ArcGIS OBJECTID 1054; service geometry -22.49670500033227,-44.04551199999997
br-epe-biodiesel	731ae6b0c9ec4daa	1076	PETROBRAS BIOCOMBUSTÍVEL S.A	Brazil	BA	CANDEIAS	-12.649675	-38.54503	EPE-published latitude/longitude attribute and point geometry	Biodiesel plant	operação	not separately provided; source name retained as facility name	845.46 m3/day capacity; 308592.9 m3/year capacity	biodiesel production; source social-biofuel seal: Sim		ArcGIS OBJECTID 1076; service geometry -12.649675299596256,-38.545029899999975
br-epe-biodiesel	7452bc686b9d3e9c	1027	ADM DO BRASIL LTDA.	Brazil	MT	RONDONÓPOLIS	-16.471111	-54.672667	EPE-published latitude/longitude attribute and point geometry	Biodiesel plant	operação	not separately provided; source name retained as facility name	1352.0 m3/day capacity; 493480.0 m3/year capacity	biodiesel production; source social-biofuel seal: Sim		ArcGIS OBJECTID 1027; service geometry -16.471111000486296,-54.67266699999993
br-epe-biodiesel	75e601a0fb71adc1	1035	BE8 SANTA ANTONIO DO TAUA LTDA	Brazil	PA	SANTO ANTÔNIO DO TAUÁ	-1.1547	-48.13	EPE-published latitude/longitude attribute and point geometry	Biodiesel plant	operação	not separately provided; source name retained as facility name	250.0 m3/day capacity; 91250.0 m3/year capacity	biodiesel production; source social-biofuel seal: Sim		ArcGIS OBJECTID 1035; service geometry -1.154699999961864,-48.129999999999946
br-epe-biodiesel	79d568d5f9886e85	1047	CARAMURU ALIMENTOS S/A	Brazil	GO	IPAMERI	-17.74445	-48.174959	EPE-published latitude/longitude attribute and point geometry	Biodiesel plant	operação	not separately provided; source name retained as facility name	625.0 m3/day capacity; 228125.0 m3/year capacity	biodiesel production; source social-biofuel seal: Sim		ArcGIS OBJECTID 1047; service geometry -17.74444995245162,-48.17495923299998
br-epe-biodiesel	7af0bd99fa10ef04	1078	POTENCIAL BIODIESEL LTDA.	Brazil	PR	LAPA	-25.77511	-49.73747	EPE-published latitude/longitude attribute and point geometry	Biodiesel plant	operação	not separately provided; source name retained as facility name	2500.0 m3/day capacity; 912500.0 m3/year capacity	biodiesel production; source social-biofuel seal: Sim		ArcGIS OBJECTID 1078; service geometry -25.77511000026052,-49.73746999999998
br-epe-biodiesel	7c95f1498d383ba2	1069	OLEOPLAN PARÁ INDÚSTRIA DE BIOCOMBUSTÍVEL LTDA.	Brazil	PA	TOMÉ-AÇU	-2.853194	-48.234611	EPE-published latitude/longitude attribute and point geometry	Biodiesel plant	operação	not separately provided; source name retained as facility name	800.0 m3/day capacity; 292000.0 m3/year capacity	biodiesel production; source social-biofuel seal: Sim		ArcGIS OBJECTID 1069; service geometry -2.853193999906034,-48.23461099999997
br-epe-biodiesel	7d3af759451f2b09	1083	TRÊS TENTOS AGROINDUSTRIAL S/A	Brazil	MT	VERA	-12.289705	-55.553653	EPE-published latitude/longitude attribute and point geometry	Biodiesel plant	operação	not separately provided; source name retained as facility name	1000.0 m3/day capacity; 365000.0 m3/year capacity	biodiesel production; source social-biofuel seal: Sim		ArcGIS OBJECTID 1083; service geometry -12.289704999607034,-55.55365299999994
br-epe-biodiesel	7d8b18e642f84511	1039	BIO ÓLEO INDÚSTRIA E COMÉRCIO DE BIOCOMBUSTÍVEL LTDA.	Brazil	MT	CUIABÁ	-15.667694	-55.990778	EPE-published latitude/longitude attribute and point geometry	Biodiesel plant	operação	not separately provided; source name retained as facility name	150.0 m3/day capacity; 54750.0 m3/year capacity	biodiesel production; source social-biofuel seal: Sim		ArcGIS OBJECTID 1039; service geometry -15.667693999508693,-55.99077799999998
br-epe-biodiesel	80c8f73d4d854ccb	1071	OLEOPLAN S/A – ÓLEOS VEGETAIS PLANALTO	Brazil	RS	VERANÓPOLIS	-28.926	-51.538861	EPE-published latitude/longitude attribute and point geometry	Biodiesel plant	operação	not separately provided; source name retained as facility name	1300.0 m3/day capacity; 474500.0 m3/year capacity	biodiesel production; source social-biofuel seal: Sim		ArcGIS OBJECTID 1071; service geometry -28.926000000200652,-51.53886099999994
br-epe-biodiesel	8198801ac10c94e8	1072	OLFAR S.A. ALIMENTO E ENERGIA	Brazil	RS	ERECHIM	-27.672578	-52.288083	EPE-published latitude/longitude attribute and point geometry	Biodiesel plant	operação	not separately provided; source name retained as facility name	1200.0 m3/day capacity; 438000.0 m3/year capacity	biodiesel production; source social-biofuel seal: Sim		ArcGIS OBJECTID 1072; service geometry -27.672578000223336,-52.28808299999997
br-epe-biodiesel	83741c399b581a00	1096	COOPERATIVA AGROINDUSTRIAL ALFA	Brazil	SC	CHAPECÓ	-27.097035	-52.703527	EPE-published latitude/longitude attribute and point geometry	Biodiesel plant	Construção	not separately provided; source name retained as facility name	1150.0 m3/day capacity; 419750.0 m3/year capacity	biodiesel production; source social-biofuel seal: N/A		ArcGIS OBJECTID 1096; service geometry -27.09703500023422,-52.70352699999995
br-epe-biodiesel	85299435e2b4d0fb	1062	FUGA COUROS S.A.	Brazil	RS	CAMARGO	-29.476838	-51.961506	EPE-published latitude/longitude attribute and point geometry	Biodiesel plant	operação	not separately provided; source name retained as facility name	500.0 m3/day capacity; 182500.0 m3/year capacity	biodiesel production; source social-biofuel seal: Sim		ArcGIS OBJECTID 1062; service geometry -29.476837900191143,-51.96150629999994
br-epe-biodiesel	8549bd988e42a78f	1028	ADM DO BRASIL LTDA.	Brazil	SC	JOAÇABA	-27.190806	-51.506556	EPE-published latitude/longitude attribute and point geometry	Biodiesel plant	operação	not separately provided; source name retained as facility name	510.0 m3/day capacity; 186150.0 m3/year capacity	biodiesel production; source social-biofuel seal: Sim		ArcGIS OBJECTID 1028; service geometry -27.190806000232417,-51.50655599999994
br-epe-biodiesel	87a069ddb387da72	1099	ENERGY BIOCOMBUSTÍVEIS LTDA.	Brazil	MT	FELIZ NATAL	-12.386	-54.92	EPE-published latitude/longitude attribute and point geometry	Biodiesel plant	Construção	not separately provided; source name retained as facility name	100.0 m3/day capacity; 36500.0 m3/year capacity	biodiesel production; source social-biofuel seal: N/A		ArcGIS OBJECTID 1099; service geometry -12.385999999604142,-54.919999999999966
br-epe-biodiesel	8f92f38b18efe668	1068	OLEOPLAN NORDESTE INDÚSTRIA DE BIOCOMBUSTÍVEL LTDA.	Brazil	BA	IRAQUARA	-12.19667	-41.613866	EPE-published latitude/longitude attribute and point geometry	Biodiesel plant	operação	not separately provided; source name retained as facility name	1300.0 m3/day capacity; 474500.0 m3/year capacity	biodiesel production; source social-biofuel seal: Sim		ArcGIS OBJECTID 1068; service geometry -12.196669999609771,-41.61386599999997
br-epe-biodiesel	8fe2846beec697b1	1086	BE8 FLORIANO LTDA.	Brazil	PI	FLORIANO	-6.808866	-43.012424	EPE-published latitude/longitude attribute and point geometry	Biodiesel plant	Ampliação	not separately provided; source name retained as facility name	100.0 m3/day capacity; 91250.0 m3/year capacity	biodiesel production; source social-biofuel seal: Sim		ArcGIS OBJECTID 1086; service geometry -6.80886649977753,-43.01242371699993
br-epe-biodiesel	9149a04d4ddca43a	1088	BMAX BIOCOMBUSTIVEL	Brazil	MT	BARRA DO GARÇAS	-15.89	-52.257	EPE-published latitude/longitude attribute and point geometry	Biodiesel plant	Construção	not separately provided; source name retained as facility name	100.0 m3/day capacity; 36500.0 m3/year capacity	biodiesel production; source social-biofuel seal: N/A		ArcGIS OBJECTID 1088; service geometry -15.889999999502463,-52.25699999999995
br-epe-biodiesel	935a5ca8f80a635c	1041	BIONORTE INDÚSTRIA E COMÉRCIO DE BIODIESEL LTDA.	Brazil	GO	SÃO MIGUEL DO ARAGUAIA	-13.265083	-50.154333	EPE-published latitude/longitude attribute and point geometry	Biodiesel plant	operação	not separately provided; source name retained as facility name	95.0 m3/day capacity; 34675.0 m3/year capacity	biodiesel production; source social-biofuel seal: Não		ArcGIS OBJECTID 1041; service geometry -13.265082999577999,-50.15433299999995
br-epe-biodiesel	9558982fc45d5510	1100	FELIPE BINHARDI DE AGUIAR	Brazil	SP	BATATAIS	-20.891	-47.585	EPE-published latitude/longitude attribute and point geometry	Biodiesel plant	Construção	not separately provided; source name retained as facility name	200.0 m3/day capacity; 73000.0 m3/year capacity	biodiesel production; source social-biofuel seal: N/A		ArcGIS OBJECTID 1100; service geometry -20.891000000370692,-47.58499999999998
br-epe-biodiesel	95f7a8137a5734fe	1067	OLEOPLAN MATO GROSSO INDÚSTRIA DE BIOCOMBUSTÍVEL LTDA.	Brazil	MT	LUCAS DO RIO VERDE	-13.0581	-55.9165	EPE-published latitude/longitude attribute and point geometry	Biodiesel plant	operação	not separately provided; source name retained as facility name	563.0 m3/day capacity; 205495.0 m3/year capacity	biodiesel production; source social-biofuel seal: Sim		ArcGIS OBJECTID 1067; service geometry -13.058099999584137,-55.916499999999985
br-epe-biodiesel	9b9138dd548ef053	1045	CAMERA AGROINDUSTRIAL S.A	Brazil	RS	IJUÍ	-28.2395	-52.399972	EPE-published latitude/longitude attribute and point geometry	Biodiesel plant	operação	not separately provided; source name retained as facility name	1000.0 m3/day capacity; 365000.0 m3/year capacity	biodiesel production; source social-biofuel seal: Sim		ArcGIS OBJECTID 1045; service geometry -28.239500000212868,-52.399971999999934
br-epe-biodiesel	9bd1600a7cb5075b	1056	COFCO INTERNATIONAL BRASIL S.A	Brazil	MT	RONDONÓPOLIS	-16.699278	-54.664222	EPE-published latitude/longitude attribute and point geometry	Biodiesel plant	operação	not separately provided; source name retained as facility name	1200.0 m3/day capacity; 438000.0 m3/year capacity	biodiesel production; source social-biofuel seal: Sim		ArcGIS OBJECTID 1056; service geometry -16.699278000480042,-54.66422199999994
br-epe-biodiesel	9cc3337b166dab24	1060	DUAL DUARTE ALBUQUERQUE COMÉRCIO E INDÚSTRIA LTDA.	Brazil	MT	PEDRA PRETA	-16.60376	-54.47804	EPE-published latitude/longitude attribute and point geometry	Biodiesel plant	operação	not separately provided; source name retained as facility name	680.0 m3/day capacity; 248200.0 m3/year capacity	biodiesel production; source social-biofuel seal: Sim		ArcGIS OBJECTID 1060; service geometry -16.603760000482644,-54.478039999999964
br-epe-biodiesel	9d8e33ff29ae5f49	1052	CARGILL NOVOS HORIZONTES LTDA.	Brazil	TO	PORTO NACIONAL	-10.2623	-48.8819	EPE-published latitude/longitude attribute and point geometry	Biodiesel plant	operação	not separately provided; source name retained as facility name	800.0 m3/day capacity; 292000.0 m3/year capacity	biodiesel production; source social-biofuel seal: Sim		ArcGIS OBJECTID 1052; service geometry -10.2622999996687,-48.88189999999997
br-epe-biodiesel	9e538c9b6ad3548a	1097	CPN BIOCOMBUSTIVEIS LTDA.	Brazil	MT	PRIMAVERA DO LESTE	-15.528	-54.346	EPE-published latitude/longitude attribute and point geometry	Biodiesel plant	Construção	not separately provided; source name retained as facility name	100.0 m3/day capacity; 36500.0 m3/year capacity	biodiesel production; source social-biofuel seal: N/A		ArcGIS OBJECTID 1097; service geometry -15.527999999512675,-54.34599999999995
br-epe-biodiesel	a0df1ebfc6e44b51	1073	OLFAR S.A. ALIMENTO E ENERGIA	Brazil	RJ	PORTO REAL	-22.408874	-44.314795	EPE-published latitude/longitude attribute and point geometry	Biodiesel plant	operação	not separately provided; source name retained as facility name	850.0 m3/day capacity; 310250.0 m3/year capacity	biodiesel production; source social-biofuel seal: Sim		ArcGIS OBJECTID 1073; service geometry -22.408874000334322,-44.31479499999995
br-epe-biodiesel	a543cec8edc87f71	1063	JBS S/A	Brazil	SP	LINS	-21.109606	-48.967704	EPE-published latitude/longitude attribute and point geometry	Biodiesel plant	operação	not separately provided; source name retained as facility name	744.6 m3/day capacity; 271779.0 m3/year capacity	biodiesel production; source social-biofuel seal: Sim		ArcGIS OBJECTID 1063; service geometry -21.10960600036535,-48.96770399999997
br-epe-biodiesel	a54ef9ffd4a3b855	1109	TRES TENTOS AGROINDUSTRIAL S/A	Brazil	RS	IJUÍ	-27.672446	-52.289988	EPE-published latitude/longitude attribute and point geometry	Biodiesel plant	Ampliação	not separately provided; source name retained as facility name	450.0 m3/day capacity; 164250.0 m3/year capacity	biodiesel production; source social-biofuel seal: N/A		ArcGIS OBJECTID 1109; service geometry -27.672446100223304,-52.28998799999994
br-epe-biodiesel	b19958581bb9c0c1	1042	BOCCHI INDÚSTRIA E COMÉRCIO DE CEREAIS LTDA	Brazil	RS	MUITOS CAPÕES	-28.295611	-51.387639	EPE-published latitude/longitude attribute and point geometry	Biodiesel plant	operação	not separately provided; source name retained as facility name	500.0 m3/day capacity; 182500.0 m3/year capacity	biodiesel production; source social-biofuel seal: Sim		ArcGIS OBJECTID 1042; service geometry -28.295611000211835,-51.387638999999986
br-epe-biodiesel	b3ec9078179b1643	1079	PRISMA COMERCIAL EXPORTADORA DE OLEOQUÍMICOS LTDA.	Brazil	SP	SUMARÉ	-20.721871	-47.881683	EPE-published latitude/longitude attribute and point geometry	Biodiesel plant	operação	not separately provided; source name retained as facility name	200.0 m3/day capacity; 73000.0 m3/year capacity	biodiesel production; source social-biofuel seal: Sim		ArcGIS OBJECTID 1079; service geometry -20.721871000374858,-47.88168299999995
br-epe-biodiesel	c1f28f92f35d2385	1089	BOCCHI INDÚSTRIA E COMÉRCIO DE CEREAIS LTDA	Brazil	RS	MUITOS CAPÕES	-28.295611	-51.387639	EPE-published latitude/longitude attribute and point geometry	Biodiesel plant	Ampliação	not separately provided; source name retained as facility name	250.0 m3/day capacity; 91250.0 m3/year capacity	biodiesel production; source social-biofuel seal: N/A		ArcGIS OBJECTID 1089; service geometry -28.295611000211835,-51.387638999999986
br-epe-biodiesel	d625ee18817b0554	1114	VACCARO INDÚSTRIA DE DERIVADOS VEGETAIS LTDA.	Brazil	RS	ERECHIM	-27.60852	-52.2391	EPE-published latitude/longitude attribute and point geometry	Biodiesel plant	Construção	not separately provided; source name retained as facility name	500.0 m3/day capacity; 182500.0 m3/year capacity	biodiesel production; source social-biofuel seal: N/A		ArcGIS OBJECTID 1114; service geometry -27.608520000224495,-52.23909999999995
br-epe-biodiesel	d75b3035d53652f0	1113	UNIÃO AGROINDUSTRIAL LTDA.	Brazil	SP	CHARQUEADA	-12.60198	-52.20801	EPE-published latitude/longitude attribute and point geometry	Biodiesel plant	Construção	not separately provided; source name retained as facility name	680.0 m3/day capacity; 248200.0 m3/year capacity	biodiesel production; source social-biofuel seal: N/A		ArcGIS OBJECTID 1113; service geometry -12.60197999959769,-52.20800999999995
br-epe-biodiesel	d7aacafe095eef46	1050	CARGILL NOVOS HORIZONTES LTDA.	Brazil	GO	ANÁPOLIS	-16.393853	-48.957134	EPE-published latitude/longitude attribute and point geometry	Biodiesel plant	operação	not separately provided; source name retained as facility name	1550.0 m3/day capacity; 565750.0 m3/year capacity	biodiesel production; source social-biofuel seal: Sim		ArcGIS OBJECTID 1050; service geometry -16.393853000488463,-48.95713399999994
br-epe-biodiesel	db074c7c04e54036	1087	BIO OESTE COMÉRCIO E INDÚSTRIA DE PRODUTOS QUÍMICOS EIRELI	Brazil	MT	VÁRZEA GRANDE	-15.647	-56.133	EPE-published latitude/longitude attribute and point geometry	Biodiesel plant	Construção	not separately provided; source name retained as facility name	72.0 m3/day capacity; 26280.0 m3/year capacity	biodiesel production; source social-biofuel seal: N/A		ArcGIS OBJECTID 1087; service geometry -15.646999999509283,-56.13299999999998
br-epe-biodiesel	dbfcecf2638de6b9	1084	USINA BARRALCOOL S/A	Brazil	MT	BARRA DOS BUGRES	-15.0336	-57.2155	EPE-published latitude/longitude attribute and point geometry	Biodiesel plant	operação	not separately provided; source name retained as facility name	190.46 m3/day capacity; 69517.9 m3/year capacity	biodiesel production; source social-biofuel seal: Sim		ArcGIS OBJECTID 1084; service geometry -15.033599999526716,-57.21549999999996
br-epe-biodiesel	dd9e96064e654683	1030	AMAZONBIO - INDÚSTRIA E COMÉRCIO DA AMAZÔNIA LTDA.	Brazil	RO	JI-PARANÁ	-10.844722	-61.994389	EPE-published latitude/longitude attribute and point geometry	Biodiesel plant	operação	not separately provided; source name retained as facility name	90.0 m3/day capacity; 32850.0 m3/year capacity	biodiesel production; source social-biofuel seal: Não		ArcGIS OBJECTID 1030; service geometry -10.844721999650798,-61.99438899999996
br-epe-biodiesel	de4e5001a09267a3	1082	TRÊS TENTOS AGROINDUSTRIAL S/A	Brazil	RS	IJUÍ	-27.672446	-52.289988	EPE-published latitude/longitude attribute and point geometry	Biodiesel plant	operação	not separately provided; source name retained as facility name	850.0 m3/day capacity; 310250.0 m3/year capacity	biodiesel production; source social-biofuel seal: Sim		ArcGIS OBJECTID 1082; service geometry -27.672446100223304,-52.28998799999994
br-epe-biodiesel	de628bf6da1cb053	1036	BIANCHINI S/A - INDÚSTRIA, COMÉRCIO E AGRICULTURA	Brazil	RS	CANOAS	-29.916361	-51.238361	EPE-published latitude/longitude attribute and point geometry	Biodiesel plant	operação	not separately provided; source name retained as facility name	1150.0 m3/day capacity; 419750.0 m3/year capacity	biodiesel production; source social-biofuel seal: Sim		ArcGIS OBJECTID 1036; service geometry -29.916361000183805,-51.23836099999994
br-epe-biodiesel	e6130991dd01b057	1105	ORTENG EQUIPAMENTOS E SISTEMAS LTDA.	Brazil	SP	TAUBATÉ	-23.02127	-45.58509	EPE-published latitude/longitude attribute and point geometry	Biodiesel plant	Construção	not separately provided; source name retained as facility name	120.0 m3/day capacity; 43800.0 m3/year capacity	biodiesel production; source social-biofuel seal: N/A		ArcGIS OBJECTID 1105; service geometry -23.021270000320165,-45.58508999999998
br-epe-biodiesel	e82e26d53865e00d	1108	PRODUTOS ALIMENTÍCIOS ORLANDIA S/A COMÉRCIO E INDÚSTRIA.	Brazil	SP	ORLANDIA	-21.6694	-49.7886	EPE-published latitude/longitude attribute and point geometry	Biodiesel plant	Construção	not separately provided; source name retained as facility name	367.0 m3/day capacity; 133955.0 m3/year capacity	biodiesel production; source social-biofuel seal: N/A		ArcGIS OBJECTID 1108; service geometry -21.66940000035179,-49.788599999999974
br-epe-biodiesel	e8c373264fa46d4b	1091	CAMERA AGROINDUSTRIAL S.A	Brazil	RS	IJUÍ	-28.2395	-54.67651	EPE-published latitude/longitude attribute and point geometry	Biodiesel plant	Ampliação	not separately provided; source name retained as facility name	300.0 m3/day capacity; 109500.0 m3/year capacity	biodiesel production; source social-biofuel seal: N/A		ArcGIS OBJECTID 1091; service geometry -28.239500000212868,-54.67650999999995
br-epe-biodiesel	ee71b28c7e6660c6	1064	JBS S/A	Brazil	MT	CAMPO VERDE	-15.55494	-55.174055	EPE-published latitude/longitude attribute and point geometry	Biodiesel plant	operação	not separately provided; source name retained as facility name	410.0 m3/day capacity; 149650.0 m3/year capacity	biodiesel production; source social-biofuel seal: Sim		ArcGIS OBJECTID 1064; service geometry -15.55493999951188,-55.17405499999995
br-epe-biodiesel	f3a94a6456e10dc9	1081	SEARA ALIMENTOS LTDA.	Brazil	SC	MAFRA	-26.1156	-49.8105	EPE-published latitude/longitude attribute and point geometry	Biodiesel plant	operação	not separately provided; source name retained as facility name	1370.0 m3/day capacity; 500050.0 m3/year capacity	biodiesel production; source social-biofuel seal: Sim		ArcGIS OBJECTID 1081; service geometry -26.115600000253576,-49.810499999999934
br-epe-biodiesel	f66a69cda1945ccd	1090	CAIBIENSE GRAN VITA LTDA.	Brazil	MT	RONDONÓPOLIS	-16.44377	-54.67651	EPE-published latitude/longitude attribute and point geometry	Biodiesel plant	Ampliação	not separately provided; source name retained as facility name	40.0 m3/day capacity; 14600.0 m3/year capacity	biodiesel production; source social-biofuel seal: N/A		ArcGIS OBJECTID 1090; service geometry -16.44377000048707,-54.67650999999995
br-epe-biodiesel	fb59bb3243fd284a	1059	DELTA CUIABÁ PRODUTORA DE BIOCOMBUSTÍVEIS LTDA.	Brazil	MT	CUIABÁ	-16.60376	-54.47804	EPE-published latitude/longitude attribute and point geometry	Biodiesel plant	operação	not separately provided; source name retained as facility name	1000.0 m3/day capacity; 365000.0 m3/year capacity	biodiesel production; source social-biofuel seal: Sim		ArcGIS OBJECTID 1059; service geometry -16.603760000482644,-54.478039999999964
br-epe-biodiesel	fdf8e9c392a1df1c	1085	AGRO INDÚSTRIA NUTRIHORTO LTDA.	Brazil	PR	NOVA ESPERANÇA	-23.17279	-52.22267	EPE-published latitude/longitude attribute and point geometry	Biodiesel plant	Construção	not separately provided; source name retained as facility name	400.0 m3/day capacity; 146000.0 m3/year capacity	biodiesel production; source social-biofuel seal: N/A		ArcGIS OBJECTID 1085; service geometry -23.172790000316724,-52.22266999999993
br-epe-biomethane	029cf0e43b02b620	254	COCAL ENERGIA S.A.	Brazil	SP	NARANDIBA	-22.53	-51.507	EPE-published latitude/longitude attribute and point geometry	Biomethane plant	Autorizada | source operation-authorization field: 422 de 30/06/2022, DOU de 01/07/2022	COCAL ENERGIA S.A.	27113 Nm3/day plant capacity	biomethane production; source feedstock: Sucroenergético	2022/07/01	ArcGIS OBJECTID 254; service geometry -22.52999999933152,-51.50699999999995
br-epe-biomethane	05638571bf5527f3	304	TROPICAL BIOGÁS LTDA.	Brazil	GO	EDÉIA	-17.685	-50.115	EPE-published latitude/longitude attribute and point geometry	Biomethane plant	Construção | source operation-authorization field: N/A	TROPICAL BIOGÁS LTDA.	17300 Nm3/day plant capacity	biomethane production; source feedstock: Sucroenergético	2026/08/01	ArcGIS OBJECTID 304; service geometry -17.684999999453204,-50.11499999999995
br-epe-biomethane	0980ff2b9e81141d	307	UVB MARCA LTDA.	Brazil	ES	CARIACICA	-20.24060637	-40.3787068	EPE-published latitude/longitude attribute and point geometry	Biomethane plant	Construção | source operation-authorization field: N/A	UVB MARCA LTDA.	25000 Nm3/day plant capacity	biomethane production; source feedstock: RSU em aterro	2027/01/01	ArcGIS OBJECTID 307; service geometry -20.240606372386804,-40.37870679999997
br-epe-biomethane	0d9ca777c7fb103a	302	SPE BIOO PASSO FUNDO LTDA.	Brazil	RS	PASSO FUNDO	-28.2619527	-52.4104599	EPE-published latitude/longitude attribute and point geometry	Biomethane plant	Construção | source operation-authorization field: N/A	SPE BIOO PASSO FUNDO LTDA.	36000 Nm3/day plant capacity	biomethane production; source feedstock: Agrossilvopastoris e comerciais	2026/12/01	ArcGIS OBJECTID 302; service geometry -28.26195270321245,-52.41045990199995
br-epe-biomethane	0ed03ee9cf3180cd	246	ZEG BIOGÁS AROEIRA SPE S.A.	Brazil	MG	TUPACIGUARA	-18.662357	-48.659761	EPE-published latitude/longitude attribute and point geometry	Biomethane plant	Ampliação | source operation-authorization field: 142 de 7/03/2025, DOU de 10/03/2025	ZEG BIOGÁS AROEIRA SPE S.A.	19025 Nm3/day plant capacity	biomethane production; source feedstock: Sucroenergético	2026/07/01	ArcGIS OBJECTID 246; service geometry -18.66235699942726,-48.659760999999946
br-epe-biomethane	1286d99ae934ea60	257	ESSENCIS BIOMETANO S.A.	Brazil	SP	CAIEIRAS	-23.338	-46.768	EPE-published latitude/longitude attribute and point geometry	Biomethane plant	Autorizada | source operation-authorization field: 611 de 26/09/2024, DOU de 27/09/2024	ESSENCIS BIOMETANO S.A.	67200 Nm3/day plant capacity	biomethane production; source feedstock: RSU em aterro	2024/09/01	ArcGIS OBJECTID 257; service geometry -23.337999999312988,-46.76799999999997
br-epe-biomethane	12cce3b19b06b31e	310	WTE BIOGAS FRANCA SPE S.A.	Brazil	SP	SÃO PAULO	-23.6094	-46.6975	EPE-published latitude/longitude attribute and point geometry	Biomethane plant	Construção | source operation-authorization field: N/A	WTE BIOGAS FRANCA SPE S.A.	600 Nm3/day plant capacity	biomethane production; source feedstock: Agrossilvopastoris e comerciais	2028/06/01	ArcGIS OBJECTID 310; service geometry -23.609399999306866,-46.69749999999994
br-epe-biomethane	141c2f09cd687411	260	GNR DOIS ARCOS VALORIZAÇÃO DE BIOGÁS LTDA.	Brazil	RJ	SÃO PEDRO DA ALDEIA	-22.826	-42.053	EPE-published latitude/longitude attribute and point geometry	Biomethane plant	Autorizada | source operation-authorization field: 37 de 21/01/2025, DOU de 22/01/2025	GNR DOIS ARCOS VALORIZAÇÃO DE BIOGÁS LTDA.	18480 Nm3/day plant capacity	biomethane production; source feedstock: RSU em aterro	2020/07/01	ArcGIS OBJECTID 260; service geometry -22.82599999932466,-42.05299999999994
br-epe-biomethane	154598b688abf404	295	PLATANOBIO ENERGIA LTDA.	Brazil	RS	DERRUBADAS	-27.29116721	-53.81833202	EPE-published latitude/longitude attribute and point geometry	Biomethane plant	Construção | source operation-authorization field: N/A	PLATANOBIO ENERGIA LTDA.	10000 Nm3/day plant capacity	biomethane production; source feedstock: Agrossilvopastoris e comerciais	2028/06/01	ArcGIS OBJECTID 295; service geometry -27.29116721123051,-53.81833202099995
br-epe-biomethane	18c251c38fad065b	283	GNR LARA MAUÁ S.A.	Brazil	SP	MAUÁ	-23.70475416	-46.47401315	EPE-published latitude/longitude attribute and point geometry	Biomethane plant	Construção | source operation-authorization field: N/A	GNR LARA MAUÁ S.A.	75888 Nm3/day plant capacity	biomethane production; source feedstock: RSU em aterro	2028/01/01	ArcGIS OBJECTID 283; service geometry -23.704754157304745,-46.47401315199994
br-epe-biomethane	1deaaeb09b6c1e84	287	H2A SOLUÇÕES AMBIENTAIS LTDA. SCP 3	Brazil	SC	PAPANDUVA	-26.39394851	-50.17617458	EPE-published latitude/longitude attribute and point geometry	Biomethane plant	Construção | source operation-authorization field: N/A	H2A SOLUÇÕES AMBIENTAIS LTDA. SCP 3	6720 Nm3/day plant capacity	biomethane production; source feedstock: Agrossilvopastoris e comerciais	2027/10/01	ArcGIS OBJECTID 287; service geometry -26.393948509248013,-50.17617457599994
br-epe-biomethane	204e981f25d3819d	300	SOLVI ESSENCIS AMBIENTAL S.A.	Brazil	SP	CAIEIRAS	-23.3566973	-46.78721526	EPE-published latitude/longitude attribute and point geometry	Biomethane plant	Construção | source operation-authorization field: N/A	SOLVI ESSENCIS AMBIENTAL S.A.	110000 Nm3/day plant capacity	biomethane production; source feedstock: RSU em aterro	2026/12/01	ArcGIS OBJECTID 300; service geometry -23.356697304312558,-46.787215264999986
br-epe-biomethane	21c9edd7cda59747	272	CETRIC S.A.	Brazil	SC	IRANI	-27.16398789	-52.5793573	EPE-published latitude/longitude attribute and point geometry	Biomethane plant	Construção | source operation-authorization field: N/A	CETRIC S.A.	24000 Nm3/day plant capacity	biomethane production; source feedstock: Agrossilvopastoris e comerciais	2027/08/01	ArcGIS OBJECTID 272; service geometry -27.163987893232946,-52.57935730399999
br-epe-biomethane	238935b5a66132fe	284	H2A SOLUÇÕES AMBIENTAIS LTDA. SCP	Brazil	SC	VIDEIRA	-26.98690453	-51.17880009	EPE-published latitude/longitude attribute and point geometry	Biomethane plant	Construção | source operation-authorization field: N/A	H2A SOLUÇÕES AMBIENTAIS LTDA. SCP	6720 Nm3/day plant capacity	biomethane production; source feedstock: Agrossilvopastoris e comerciais	2026/12/01	ArcGIS OBJECTID 284; service geometry -26.986904526236383,-51.17880009199997
br-epe-biomethane	2509fb66527e7792	282	GNR LARA ESPÍRITO SANTO S.A.	Brazil	ES	VILA VELHA	-20.43017714	-40.34652334	EPE-published latitude/longitude attribute and point geometry	Biomethane plant	Construção | source operation-authorization field: N/A	GNR LARA ESPÍRITO SANTO S.A.	38376 Nm3/day plant capacity	biomethane production; source feedstock: RSU em aterro	2026/12/01	ArcGIS OBJECTID 282; service geometry -20.430177137382117,-40.346523339999976
br-epe-biomethane	254747f48cb88605	264	RAÍZEN-GEO BIOGÁS COSTA PINTO LTDA.	Brazil	SP	PIRACICABA	-22.637	-47.684	EPE-published latitude/longitude attribute and point geometry	Biomethane plant	Autorizada | source operation-authorization field: 498 de 23/08/2024, DOU de 26/08/2024	RAÍZEN-GEO BIOGÁS COSTA PINTO LTDA.	130368 Nm3/day plant capacity	biomethane production; source feedstock: Sucroenergético	2024/08/01	ArcGIS OBJECTID 264; service geometry -22.636999999329003,-47.683999999999976
br-epe-biomethane	28bdb8ba2b95ae4c	256	ENGEP AMBIENTAL LTDA.	Brazil	SP	JAMBEIRO	-23.277	-45.748	EPE-published latitude/longitude attribute and point geometry	Biomethane plant	Autorizada | source operation-authorization field: 222 de 27/03/2023, DOU de 28/03/2023	ENGEP AMBIENTAL LTDA.	30000 Nm3/day plant capacity	biomethane production; source feedstock: RSU em aterro	2023/03/01	ArcGIS OBJECTID 256; service geometry -23.276999999314324,-45.747999999999934
br-epe-biomethane	295753c370736312	248	AGRIC ADUBOS E GESTÃO DE RESÍDUOS INDUSTRIAIS E COMERCIAIS S.A.	Brazil	SC	CAMPOS NOVOS	-27.338968	-51.34200096	EPE-published latitude/longitude attribute and point geometry	Biomethane plant	Autorizada | source operation-authorization field: 84 de 11/02/2026, DOU de 12/02/2026	AGRIC ADUBOS E GESTÃO DE RESÍDUOS INDUSTRIAIS E COMERCIAIS S.A.	31440 Nm3/day plant capacity	biomethane production; source feedstock: Agrossilvopastoris e comerciais	2026/02/01	ArcGIS OBJECTID 248; service geometry -27.338967999229624,-51.34200095999995
br-epe-biomethane	2c2c9b80a15505b5	305	UISA GEO BIOGÁS S.A	Brazil	MT	NOVA OLÍMPIA	-14.768	-57.193	EPE-published latitude/longitude attribute and point geometry	Biomethane plant	Construção | source operation-authorization field: N/A	UISA GEO BIOGÁS S.A	31429 Nm3/day plant capacity	biomethane production; source feedstock: Sucroenergético	2026/09/01	ArcGIS OBJECTID 305; service geometry -14.767999999534315,-57.192999999999984
br-epe-biomethane	392f0d16ae0e3f3c	253	COCAL ENERGIA PPT PARTICIPAÇÕES LTDA.	Brazil	SP	PARAGUAÇU PAULISTA	-22.47395	-50.7888	EPE-published latitude/longitude attribute and point geometry	Biomethane plant	Autorizada | source operation-authorization field: 54 de 22/01/2026, DOU de 23/01/2026	COCAL ENERGIA PPT PARTICIPAÇÕES LTDA.	60000 Nm3/day plant capacity	biomethane production; source feedstock: Sucroenergético	2026/01/01	ArcGIS OBJECTID 253; service geometry -22.4739499993328,-50.78879999999998
br-epe-biomethane	3b4b047804d84a84	299	SOLVI ESSENCIS AMBIENTAL S.A.	Brazil	SP	CAIEIRAS	-23.3566973	-46.78721526	EPE-published latitude/longitude attribute and point geometry	Biomethane plant	Construção | source operation-authorization field: N/A	SOLVI ESSENCIS AMBIENTAL S.A.	110000 Nm3/day plant capacity	biomethane production; source feedstock: RSU em aterro	2027/08/01	ArcGIS OBJECTID 299; service geometry -23.356697304312558,-46.787215264999986
br-epe-biomethane	3d679ded596762da	252	BIOMETANO VERDE PAULINIA S.A.	Brazil	SP	PAULINIA	-22.77491499	-47.2041475	EPE-published latitude/longitude attribute and point geometry	Biomethane plant	Autorizada | source operation-authorization field: 285 de 29/05/2026, DOU de 01/06/2026	BIOMETANO VERDE PAULINIA S.A.	225840 Nm3/day plant capacity	biomethane production; source feedstock: RSU em aterro	2025/11/01	ArcGIS OBJECTID 252; service geometry -22.774914989325833,-47.204147499999976
br-epe-biomethane	3d7ac8d05c68a954	281	GERIBA ENERGY GAS DESC S.A.	Brazil	SP	DESCALVADO	-21.92143335	-47.62207728	EPE-published latitude/longitude attribute and point geometry	Biomethane plant	Construção | source operation-authorization field: N/A	GERIBA ENERGY GAS DESC S.A.	3360 Nm3/day plant capacity	biomethane production; source feedstock: Sucroenergético	2027/04/01	ArcGIS OBJECTID 281; service geometry -21.921433346345797,-47.62207727899994
br-epe-biomethane	3e28218e44b02ab6	308	VALORGÁS ENERGIA IGARASSU I ALUGUEL DE EQUIPAMENTOS PARA SISTEMA DE VALORIZAÇÃO ENERGÉTICA E MANUTENÇÃO SPE LTDA.	Brazil	PE	IGARASSU	-7.71925447	-34.94277051	EPE-published latitude/longitude attribute and point geometry	Biomethane plant	Construção | source operation-authorization field: N/A	VALORGÁS ENERGIA IGARASSU I ALUGUEL DE EQUIPAMENTOS PARA SISTEMA DE VALORIZAÇÃO ENERGÉTICA E MANUTENÇÃO SPE LTDA.	45760 Nm3/day plant capacity	biomethane production; source feedstock: RSU em aterro	2026/10/01	ArcGIS OBJECTID 308; service geometry -7.719254466748429,-34.94277050799997
br-epe-biomethane	4805227ed8f37822	265	SCBIO ENERGIAS RENOVÁVEIS SPE LTDA.	Brazil	SC	CAMPOS NOVOS	-27.3724432	-51.047634	EPE-published latitude/longitude attribute and point geometry	Biomethane plant	Autorizada | source operation-authorization field: 245 de 15/05/2026, DOU de 18/05/2026	SCBIO ENERGIAS RENOVÁVEIS SPE LTDA.	16000 Nm3/day plant capacity	biomethane production; source feedstock: Agrossilvopastoris e comerciais	2026/05/01	ArcGIS OBJECTID 265; service geometry -27.37244319922898,-51.04763399999996
br-epe-biomethane	4c7d0cf8e0c480f1	245	METAGAS BIOGAS E ENERGIA S.A.	Brazil	SP	SÃO PAULO	-23.621	-46.423	EPE-published latitude/longitude attribute and point geometry	Biomethane plant	Ampliação | source operation-authorization field: 369 de 15/06/2022, DOU de 20/06/2022	METAGAS BIOGAS E ENERGIA S.A.	15760 Nm3/day plant capacity	biomethane production; source feedstock: RSU em aterro	2027/03/01	ArcGIS OBJECTID 245; service geometry -23.620999999306648,-46.42299999999995
br-epe-biomethane	50772ae5114491bf	269	ATVOS BIOMETANO SANTA LUZIA S.A.	Brazil	MS	NOVA ALVORADA DO SUL	-21.58590893	-54.25044538	EPE-published latitude/longitude attribute and point geometry	Biomethane plant	Construção | source operation-authorization field: N/A	ATVOS BIOMETANO SANTA LUZIA S.A.	110101 Nm3/day plant capacity	biomethane production; source feedstock: Agrossilvopastoris e comerciais	2026/09/01	ArcGIS OBJECTID 269; service geometry -21.585908926353802,-54.25044537699995
br-epe-biomethane	534323fd46a45660	267	ZEG BIOGÁS AROEIRA SPE LTDA.	Brazil	MG	TUPACIGUARA	-18.662357	-48.659761	EPE-published latitude/longitude attribute and point geometry	Biomethane plant	Autorizada | source operation-authorization field: 142 de 7/03/2025, DOU de 10/03/2025	ZEG BIOGÁS AROEIRA SPE LTDA.	16912 Nm3/day plant capacity	biomethane production; source feedstock: Sucroenergético	2025/03/01	ArcGIS OBJECTID 267; service geometry -18.66235699942726,-48.659760999999946
br-epe-biomethane	552df690414a3709	275	FOLHITO LTDA	Brazil	RS	ESTRELA	-29.554884	-51.949147	EPE-published latitude/longitude attribute and point geometry	Biomethane plant	Construção | source operation-authorization field: N/A	FOLHITO LTDA	10000 Nm3/day plant capacity	biomethane production; source feedstock: Agrossilvopastoris e comerciais	2027/09/01	ArcGIS OBJECTID 275; service geometry -29.554883999189823,-51.94914699999998
br-epe-biomethane	56bf960d76b2d573	249	BIOENERGIA SANTA CRUZ LTDA.	Brazil	SP	FAZENDA SANTA CRUZ	-21.7545	-48.0793	EPE-published latitude/longitude attribute and point geometry	Biomethane plant	Autorizada | source operation-authorization field: 537 de 02/09/2025, DOU de 03/09/2025	BIOENERGIA SANTA CRUZ LTDA.	82575 Nm3/day plant capacity	biomethane production; source feedstock: Sucroenergético	2025/09/01	ArcGIS OBJECTID 249; service geometry -21.75449999934978,-48.07929999999993
br-epe-biomethane	5e9c11a69e568fc4	285	H2A SOLUÇÕES AMBIENTAIS LTDA. SCP 1	Brazil	SC	VIDEIRA	-26.98690453	-51.17880009	EPE-published latitude/longitude attribute and point geometry	Biomethane plant	Construção | source operation-authorization field: N/A	H2A SOLUÇÕES AMBIENTAIS LTDA. SCP 1	20000 Nm3/day plant capacity	biomethane production; source feedstock: Agrossilvopastoris e comerciais	2026/12/01	ArcGIS OBJECTID 285; service geometry -26.986904526236383,-51.17880009199997
br-epe-biomethane	5f61eebb5cf820e9	255	CRI GEO BIOGÁS S.A.	Brazil	SP	ELIAS FAUSTO	-23.073	-47.402	EPE-published latitude/longitude attribute and point geometry	Biomethane plant	Autorizada | source operation-authorization field: 74 de 7/02/2025, DOU de 10/02/2025	CRI GEO BIOGÁS S.A.	23694 Nm3/day plant capacity	biomethane production; source feedstock: Agrossilvopastoris e comerciais	2025/02/01	ArcGIS OBJECTID 255; service geometry -23.072999999319016,-47.40199999999992
br-epe-biomethane	5fccfdbd71bab628	312	ZERO RESÍDUOS LTDA.	Brazil	PR	TEIXEIRA SOARES	-25.17051567	-50.08404582	EPE-published latitude/longitude attribute and point geometry	Biomethane plant	Construção | source operation-authorization field: N/A	ZERO RESÍDUOS LTDA.	16800 Nm3/day plant capacity	biomethane production; source feedstock: RSU em aterro	2028/07/01	ArcGIS OBJECTID 312; service geometry -25.17051566827301,-50.08404582299994
br-epe-biomethane	64bd8ec3165a04ca	244	GÁS VERDE S/A	Brazil	RJ	RIO DE JANEIRO	-22.787	-43.757	EPE-published latitude/longitude attribute and point geometry	Biomethane plant	Ampliação | source operation-authorization field: 490 de 16/07/2020, DOU de 17/07/2020	GÁS VERDE S/A		biomethane production; source feedstock: RSU em aterro	2026	ArcGIS OBJECTID 244; service geometry -22.786999999325573,-43.75699999999995
br-epe-biomethane	6580281fa1247df0	290	MELE BIOGÁS BRASIL LTDA.	Brazil	PR	TOLEDO	-24.74938577	-53.80827374	EPE-published latitude/longitude attribute and point geometry	Biomethane plant	Construção | source operation-authorization field: N/A	MELE BIOGÁS BRASIL LTDA.	24756 Nm3/day plant capacity	biomethane production; source feedstock: Agrossilvopastoris e comerciais	2026/06/01	ArcGIS OBJECTID 290; service geometry -24.749385772281954,-53.80827374399996
br-epe-biomethane	697c60916d99813a	243	ADECOAGRO VALE DO IVINHEMA S.A.	Brazil	MS	IVINHEMA	-22.392629	-53.885372	EPE-published latitude/longitude attribute and point geometry	Biomethane plant	Ampliação | source operation-authorization field: 812 de 19/12/2024, DOU de 24/12/2024	ADECOAGRO VALE DO IVINHEMA S.A.	56000 Nm3/day plant capacity	biomethane production; source feedstock: Sucroenergético	2026/10/01	ArcGIS OBJECTID 243; service geometry -22.392628999334686,-53.88537199999997
br-epe-biomethane	6d3111aae840cb41	266	SPE CENTRAL DE TRATAMENTO INTEGRADO RESÍDUO ZERO LTDA	Brazil	RS	TRIUNFO	-29.8799	-51.40768	EPE-published latitude/longitude attribute and point geometry	Biomethane plant	Autorizada | source operation-authorization field: 439 de 22/07/2025, DOU de 23/07/2025	SPE CENTRAL DE TRATAMENTO INTEGRADO RESÍDUO ZERO LTDA	36000 Nm3/day plant capacity	biomethane production; source feedstock: Agrossilvopastoris e comerciais	2025/07/01	ArcGIS OBJECTID 266; service geometry -29.879899999184396,-51.40767999999997
br-epe-biomethane	74d5324b7198f088	271	CETRIC S.A.	Brazil	SC	SÃO MIGUEL DO OESTE	-26.76966946	-53.46895239	EPE-published latitude/longitude attribute and point geometry	Biomethane plant	Construção | source operation-authorization field: N/A	CETRIC S.A.	14000 Nm3/day plant capacity	biomethane production; source feedstock: Agrossilvopastoris e comerciais	2027/11/01	ArcGIS OBJECTID 271; service geometry -26.76966946324058,-53.46895238499997
br-epe-biomethane	7975fdce4b3074fc	303	TERRA SANTTA TECNOLOGIA AMBIENTAL E REMEDIAÇÃO S.A.	Brazil	SP	SÃO PAULO	-23.60339	-46.69085	EPE-published latitude/longitude attribute and point geometry	Biomethane plant	Construção | source operation-authorization field: N/A	TERRA SANTTA TECNOLOGIA AMBIENTAL E REMEDIAÇÃO S.A.	70000 Nm3/day plant capacity	biomethane production; source feedstock: Sucroenergético	2026/12/01	ArcGIS OBJECTID 303; service geometry -23.60338999930698,-46.690849999999955
br-epe-biomethane	7bbca1caa63b52db	309	VALORGÁS FEIRA DE SANTANA LTDA.	Brazil	BA	FEIRA DE SANTANA	-12.245954	-38.993305	EPE-published latitude/longitude attribute and point geometry	Biomethane plant	Construção | source operation-authorization field: N/A	VALORGÁS FEIRA DE SANTANA LTDA.	21400 Nm3/day plant capacity	biomethane production; source feedstock: RSU em aterro	2027/12/01	ArcGIS OBJECTID 309; service geometry -12.2459539996083,-38.993304999999964
br-epe-biomethane	7bccdc37ed29e503	306	USITRORG AMBIENTAL S.A.	Brazil	PR	JACAREZINHO	-23.07646741	-49.93423022	EPE-published latitude/longitude attribute and point geometry	Biomethane plant	Construção | source operation-authorization field: N/A	USITRORG AMBIENTAL S.A.	17000 Nm3/day plant capacity	biomethane production; source feedstock: Agrossilvopastoris e comerciais	2027/08/01	ArcGIS OBJECTID 306; service geometry -23.076467412318895,-49.93423021999997
br-epe-biomethane	914ab20a805a827a	261	GNR FORTALEZA VALORIZAÇÃO DE BIOGÁS LTDA.	Brazil	CE	CAUCAIA	-3.795	-38.679	EPE-published latitude/longitude attribute and point geometry	Biomethane plant	Autorizada | source operation-authorization field: 14 de 13/01/2020, DOU de 14/01/2020	GNR FORTALEZA VALORIZAÇÃO DE BIOGÁS LTDA.	110000 Nm3/day plant capacity	biomethane production; source feedstock: RSU em aterro	2020/01/01	ArcGIS OBJECTID 261; service geometry -3.7949999998751687,-38.678999999999974
br-epe-biomethane	9343dde9dac897f1	273	CH4 ENERGIA S.A.	Brazil	MG	SABARÁ	-19.85056336	-43.8441768	EPE-published latitude/longitude attribute and point geometry	Biomethane plant	Construção | source operation-authorization field: N/A	CH4 ENERGIA S.A.	72000 Nm3/day plant capacity	biomethane production; source feedstock: RSU em aterro	2026/12/01	ArcGIS OBJECTID 273; service geometry -19.85056336039666,-43.84417679699993
br-epe-biomethane	957afb4d6f6e8f4b	292	ORIZON BIOMETANO RIO GRANDE LIMITADA	Brazil	PR	FAZENDA RIO GRANDE	-25.66241305	-49.33863554	EPE-published latitude/longitude attribute and point geometry	Biomethane plant	Construção | source operation-authorization field: N/A	ORIZON BIOMETANO RIO GRANDE LIMITADA	100000 Nm3/day plant capacity	biomethane production; source feedstock: RSU em aterro	2028/06/01	ArcGIS OBJECTID 292; service geometry -25.662413053262807,-49.338635540999974
br-epe-biomethane	9a769415ab407c6a	280	GEOMIT MG 1 LTDA.	Brazil	MG	UBERABA	-19.35225739	-48.24069297	EPE-published latitude/longitude attribute and point geometry	Biomethane plant	Construção | source operation-authorization field: N/A	GEOMIT MG 1 LTDA.	51781 Nm3/day plant capacity	biomethane production; source feedstock: Agrossilvopastoris e comerciais	2026/11/01	ArcGIS OBJECTID 280; service geometry -19.352257387409352,-48.24069296699998
br-epe-biomethane	9d4aab881ec58197	259	GEO ELÉTRICA TAMBOARA BIOENERGIA LTDA.	Brazil	PR	TAMBOARA	-23.265	-52.492	EPE-published latitude/longitude attribute and point geometry	Biomethane plant	Autorizada | source operation-authorization field: 44 de 21/01/2026, DOU de 22/01/2026	GEO ELÉTRICA TAMBOARA BIOENERGIA LTDA.	40000 Nm3/day plant capacity	biomethane production; source feedstock: Sucroenergético	2024/12/01	ArcGIS OBJECTID 259; service geometry -23.264999999314615,-52.491999999999955
br-epe-biomethane	a0aa8254baf0d3ce	293	ORIZON BIOMETANO ROSARIO DO CATETE LIMITADA	Brazil	SE	ROSÁRIO DO CATETE	-10.69718275	-37.0465824	EPE-published latitude/longitude attribute and point geometry	Biomethane plant	Construção | source operation-authorization field: N/A	ORIZON BIOMETANO ROSARIO DO CATETE LIMITADA	60000 Nm3/day plant capacity	biomethane production; source feedstock: RSU em aterro	2026/10/01	ArcGIS OBJECTID 293; service geometry -10.697182753655309,-37.04658240299994
br-epe-biomethane	a9235d19f1dc605d	298	SÃO MANOEL BIOGÁS S.A	Brazil	SP	SÃO MANUEL	-22.67439848	-48.54379388	EPE-published latitude/longitude attribute and point geometry	Biomethane plant	Construção | source operation-authorization field: N/A	SÃO MANOEL BIOGÁS S.A	61355 Nm3/day plant capacity	biomethane production; source feedstock: Agrossilvopastoris e comerciais	2027/04/01	ArcGIS OBJECTID 298; service geometry -22.674398481328154,-48.54379388299998
br-epe-biomethane	af659e5fc5077918	277	GA ENERGIA S.A.	Brazil	MG	SABARÁ	-19.85390335	-43.84474397	EPE-published latitude/longitude attribute and point geometry	Biomethane plant	Construção | source operation-authorization field: N/A	GA ENERGIA S.A.	36000 Nm3/day plant capacity	biomethane production; source feedstock: RSU em aterro	2028/08/01	ArcGIS OBJECTID 277; service geometry -19.853903352396582,-43.844743967999925
br-epe-biomethane	b0bb3c7a096246d8	258	GÁS VERDE S.A.	Brazil	RJ	SEROPÉDICA	-22.787	-43.757	EPE-published latitude/longitude attribute and point geometry	Biomethane plant	Autorizada | source operation-authorization field: 490 de 16/07/2020, DOU de 17/07/2020	GÁS VERDE S.A.	204000 Nm3/day plant capacity	biomethane production; source feedstock: RSU em aterro	2020/07/01	ArcGIS OBJECTID 258; service geometry -22.786999999325573,-43.75699999999995
br-epe-biomethane	b1b0421f0b197fd9	296	RAC SANEAMENTO LTDA.	Brazil	SC	CRICIÚMA	-28.78696782	-49.33688034	EPE-published latitude/longitude attribute and point geometry	Biomethane plant	Construção | source operation-authorization field: N/A	RAC SANEAMENTO LTDA.	9300 Nm3/day plant capacity	biomethane production; source feedstock: RSU em aterro	2026/06/01	ArcGIS OBJECTID 296; service geometry -28.786967815203067,-49.33688034499994
br-epe-biomethane	b1c3adfcdc686962	268	AE H&T SPE LTDA.	Brazil	RS	HARMONIA	-29.5498364	-51.46002448	EPE-published latitude/longitude attribute and point geometry	Biomethane plant	Construção | source operation-authorization field: N/A	AE H&T SPE LTDA.	15524 Nm3/day plant capacity	biomethane production; source feedstock: Agrossilvopastoris e comerciais	2026/06/01	ArcGIS OBJECTID 268; service geometry -29.549836402189925,-51.46002448399997
br-epe-biomethane	b2fd2e675503f7b0	251	BIOMETANO SUL S.A.	Brazil	RS	MINAS DO LEÃO	-30.1508467	-52.0263298	EPE-published latitude/longitude attribute and point geometry	Biomethane plant	Autorizada | source operation-authorization field: 483 de 6/08/2025, DOU de 07/08/2025	BIOMETANO SUL S.A.	64848 Nm3/day plant capacity	biomethane production; source feedstock: RSU em aterro	2025/08/01	ArcGIS OBJECTID 251; service geometry -30.150846699179915,-52.026329799999985
br-epe-biomethane	b632da81e5bf0867	297	REGERA AGD GÁS LTDA.	Brazil	SP	DESCALVADO	-28.78685172	-49.33690443	EPE-published latitude/longitude attribute and point geometry	Biomethane plant	Construção | source operation-authorization field: N/A	REGERA AGD GÁS LTDA.	2808 Nm3/day plant capacity	biomethane production; source feedstock: Agrossilvopastoris e comerciais	2026/10/01	ArcGIS OBJECTID 297; service geometry -28.786851716203053,-49.33690442999995
br-epe-biomethane	b80b90cd5dfdcf69	262	METAGÁS BIOGÁS E ENERGIA S.A.	Brazil	SP	SÃO PAULO	-23.621	-46.423	EPE-published latitude/longitude attribute and point geometry	Biomethane plant	Autorizada | source operation-authorization field: 369 de 15/06/2022, DOU de 20/06/2022	METAGÁS BIOGÁS E ENERGIA S.A.	30000 Nm3/day plant capacity	biomethane production; source feedstock: RSU em aterro	2022/06/01	ArcGIS OBJECTID 262; service geometry -23.620999999306648,-46.42299999999995
br-epe-biomethane	bd4134168faff0e8	263	ORIZON BIOMETANO JABOATÃO DOS GUARARAPES LIMITADA	Brazil	PE	GUARARAPES	-8.16375364	-34.979406	EPE-published latitude/longitude attribute and point geometry	Biomethane plant	Autorizada | source operation-authorization field: 448 de 23/07/2025, DOU de 24/07/2025	ORIZON BIOMETANO JABOATÃO DOS GUARARAPES LIMITADA	108931 Nm3/day plant capacity	biomethane production; source feedstock: RSU em aterro	2025/07/01	ArcGIS OBJECTID 263; service geometry -8.163753639734326,-34.97940599999998
br-epe-biomethane	bfbda4e6c34619a5	286	H2A SOLUÇÕES AMBIENTAIS LTDA. SCP 2	Brazil	SC	PAPANDUVA	-26.39394851	-50.17617458	EPE-published latitude/longitude attribute and point geometry	Biomethane plant	Construção | source operation-authorization field: N/A	H2A SOLUÇÕES AMBIENTAIS LTDA. SCP 2	6720 Nm3/day plant capacity	biomethane production; source feedstock: Agrossilvopastoris e comerciais	2027/05/01	ArcGIS OBJECTID 286; service geometry -26.393948509248013,-50.17617457599994
br-epe-biomethane	c0035298f57cbfb2	279	GEO AGROVALE BIOGÁS LTDA.	Brazil	BA	JUAZEIRO	-9.50038	-40.3696	EPE-published latitude/longitude attribute and point geometry	Biomethane plant	Construção | source operation-authorization field: N/A	GEO AGROVALE BIOGÁS LTDA.	55000 Nm3/day plant capacity	biomethane production; source feedstock: Sucroenergético	2027/08/01	ArcGIS OBJECTID 279; service geometry -9.500379999692369,-40.369599999999934
br-epe-biomethane	c425ebd06739a4da	270	BIOMETANO SALVADOR S.A.	Brazil	BA	SALVADOR	-12.86352023	-38.36424187	EPE-published latitude/longitude attribute and point geometry	Biomethane plant	Construção | source operation-authorization field: N/A	BIOMETANO SALVADOR S.A.		biomethane production; source feedstock: RSU em aterro	2028/08/01	ArcGIS OBJECTID 270; service geometry -12.86352022958989,-38.36424186899995
br-epe-biomethane	c748dde0f7ab46d9	250	BIOMETANO SÃO LEOPOLDO S.A.	Brazil	RS	SÃO LEOPOLDO	-29.74246393	-51.19464637	EPE-published latitude/longitude attribute and point geometry	Biomethane plant	Autorizada | source operation-authorization field: 315 de12/06/2026, DOU de 15/06/2026	BIOMETANO SÃO LEOPOLDO S.A.	36744 Nm3/day plant capacity	biomethane production; source feedstock: RSU em aterro	2026/06/01	ArcGIS OBJECTID 250; service geometry -29.74246392718667,-51.19464636799995
br-epe-biomethane	c80baf175fb717a6	301	SPE BIOO PARANÁ LTDA.	Brazil	PR	TOLEDO	-24.72238485	-53.74078261	EPE-published latitude/longitude attribute and point geometry	Biomethane plant	Construção | source operation-authorization field: N/A	SPE BIOO PARANÁ LTDA.	36000 Nm3/day plant capacity	biomethane production; source feedstock: Agrossilvopastoris e comerciais	2027/09/01	ArcGIS OBJECTID 301; service geometry -24.722384849282538,-53.74078260799996
br-epe-biomethane	d7f6e8348ab58661	289	LUREAN S/A	Brazil	PR	CARAMBEÍ	-24.98550393	-49.99732045	EPE-published latitude/longitude attribute and point geometry	Biomethane plant	Construção | source operation-authorization field: N/A	LUREAN S/A	31440 Nm3/day plant capacity	biomethane production; source feedstock: Agrossilvopastoris e comerciais	2028/04/01	ArcGIS OBJECTID 289; service geometry -24.985503934276913,-49.997320445999954
br-epe-biomethane	e350107ba18f2af3	288	INGA ENERGIA S/A	Brazil	SP	SÃO PAULO	-23.61972024	-46.6996733	EPE-published latitude/longitude attribute and point geometry	Biomethane plant	Construção | source operation-authorization field: N/A	INGA ENERGIA S/A	36659 Nm3/day plant capacity	biomethane production; source feedstock: Agrossilvopastoris e comerciais	2027/09/01	ArcGIS OBJECTID 288; service geometry -23.619720239306634,-46.69967329999997
br-epe-biomethane	e661505494d3dd94	291	ORIZON BIOMETANO ITAPEVI LIMITADA	Brazil	SP	ITAPEVI	-23.51909033	-46.97588608	EPE-published latitude/longitude attribute and point geometry	Biomethane plant	Construção | source operation-authorization field: N/A	ORIZON BIOMETANO ITAPEVI LIMITADA	32400 Nm3/day plant capacity	biomethane production; source feedstock: RSU em aterro	2027/08/01	ArcGIS OBJECTID 291; service geometry -23.519090333308892,-46.97588608099994
br-epe-biomethane	e680882134c8af25	278	GÁS DA FAZENDA PARTICIPAÇÕES LTDA	Brazil	SP	CERQUEIRA CÉSAR	-23.03673471	-49.16996577	EPE-published latitude/longitude attribute and point geometry	Biomethane plant	Construção | source operation-authorization field: N/A	GÁS DA FAZENDA PARTICIPAÇÕES LTDA	65000 Nm3/day plant capacity	biomethane production; source feedstock: Agrossilvopastoris e comerciais	2028/12/01	ArcGIS OBJECTID 278; service geometry -23.036734711319806,-49.169965772999944
br-epe-biomethane	eb5cbfeded5c134d	276	G2U JUIZ DE FORA ENERGIA S.A.	Brazil	MG	JUIZ DE FORA	-21.75168052	-43.48449135	EPE-published latitude/longitude attribute and point geometry	Biomethane plant	Construção | source operation-authorization field: N/A	G2U JUIZ DE FORA ENERGIA S.A.	28600 Nm3/day plant capacity	biomethane production; source feedstock: RSU em aterro	2027/10/01	ArcGIS OBJECTID 276; service geometry -21.75168052334983,-43.48449134599997
br-epe-biomethane	ec635a27e947c7ca	294	ORIZON BIOMETANO TREMENBÉ LIMITADA	Brazil	SP	TREMENBÉ	-22.92399178	-45.61283658	EPE-published latitude/longitude attribute and point geometry	Biomethane plant	Construção | source operation-authorization field: N/A	ORIZON BIOMETANO TREMENBÉ LIMITADA	43200 Nm3/day plant capacity	biomethane production; source feedstock: RSU em aterro	2026/10/01	ArcGIS OBJECTID 294; service geometry -22.923991774322385,-45.61283658399998
br-epe-biomethane	f6cef52ddbc302fb	311	ZEG BIOGÁS PINDORAMA SPE LTDA.	Brazil	AL	PENEDO	-10.16051934	-36.34827045	EPE-published latitude/longitude attribute and point geometry	Biomethane plant	Construção | source operation-authorization field: N/A	ZEG BIOGÁS PINDORAMA SPE LTDA.	33600 Nm3/day plant capacity	biomethane production; source feedstock: Sucroenergético	2027/04/01	ArcGIS OBJECTID 311; service geometry -10.160519341671854,-36.34827045199995
br-epe-biomethane	f6f72d2408c39450	274	ECO GEO BIOGÁS LTDA.	Brazil	GO	GUAPÓ	-16.87311368	-49.45280061	EPE-published latitude/longitude attribute and point geometry	Biomethane plant	Construção | source operation-authorization field: N/A	ECO GEO BIOGÁS LTDA.	37112 Nm3/day plant capacity	biomethane production; source feedstock: Agrossilvopastoris e comerciais	2028/06/01	ArcGIS OBJECTID 274; service geometry -16.873113682475214,-49.45280061099999
br-epe-biomethane	ff155e39fc63c751	247	ADECOAGRO VALE DO IVINHEMA S.A.	Brazil	MS	IVINHEMA	-22.392629	-53.885372	EPE-published latitude/longitude attribute and point geometry	Biomethane plant	Autorizada | source operation-authorization field: 812 de 19/12/2024, DOU de 24/12/2024	ADECOAGRO VALE DO IVINHEMA S.A.	8000 Nm3/day plant capacity	biomethane production; source feedstock: Sucroenergético	2024/12/01	ArcGIS OBJECTID 247; service geometry -22.392628999334686,-53.88537199999997
br-epe-ethanol	00a427e2fab16d76	2915	CIA AÇUCAREIRA CENTRAL SUMAÚMA	Brazil	AL	MARECHAL DEODORO	-9.729114	-35.94287	EPE-published latitude/longitude attribute and point geometry	Etanol 1G e Açúcar	Em operação	not separately provided; source name retained as facility name	source cane-processing capacity class: Menor que 1.500.000; 120.0 anhydrous ethanol m3/day; 150.0 hydrated ethanol m3/day	EPE ethanol-layer source plant type: Etanol 1G e Açúcar		ArcGIS OBJECTID 2915; service geometry -9.729113999685277,-35.94286999999997
br-epe-ethanol	00ab56dd7fb4f77f	3189	ACUCAREIRA QUATA S.A	Brazil	SP	MACATUBA	-22.48751	-48.78048	EPE-published latitude/longitude attribute and point geometry	Etanol 1G e Açúcar	Em operação	not separately provided; source name retained as facility name	source cane-processing capacity class: Entre 3.500.000 e 4.500.000; 750.0 anhydrous ethanol m3/day; 1100.0 hydrated ethanol m3/day	EPE ethanol-layer source plant type: Etanol 1G e Açúcar		ArcGIS OBJECTID 3189; service geometry -22.487510000332506,-48.780479999999955
br-epe-ethanol	025c9dce95b1c021	2960	EBER BIO-ENERGIA E AGRICULTURA LTDA.	Brazil	GO	MONTES CLAROS DE GOIÁS	-15.940945	-51.35315	EPE-published latitude/longitude attribute and point geometry	Etanol Cana 1G	Em operação	not separately provided; source name retained as facility name	source cane-processing capacity class: Menor que 1.500.000; 400.0 hydrated ethanol m3/day	EPE ethanol-layer source plant type: Etanol Cana 1G		ArcGIS OBJECTID 2960; service geometry -15.940944999501047,-51.35314999999997
br-epe-ethanol	02b48231a0c5a59a	2910	USINA CAETÉ S/A	Brazil	AL	SÃO MIGUEL DOS CAMPOS	-9.793858	-36.048304	EPE-published latitude/longitude attribute and point geometry	Etanol 1G e Açúcar	Em operação	not separately provided; source name retained as facility name	source cane-processing capacity class: Entre 1.500.000 e 2.500.000; 320.0 anhydrous ethanol m3/day; 500.0 hydrated ethanol m3/day	EPE ethanol-layer source plant type: Etanol 1G e Açúcar		ArcGIS OBJECTID 2910; service geometry -9.793857999683222,-36.04830399999997
br-epe-ethanol	02db00169d11face	3265	RUBIATABA INDUSTRIAL S.A.	Brazil	GO	URUAÇU	-14.416294	-49.065506	EPE-published latitude/longitude attribute and point geometry	Etanol Cana 1G	Ampliação	not separately provided; source name retained as facility name	220.0 anhydrous ethanol m3/day; 250.0 hydrated ethanol m3/day	EPE ethanol-layer source plant type: Etanol Cana 1G		ArcGIS OBJECTID 3265; service geometry -14.416293999544388,-49.06550599999997
br-epe-ethanol	0320ad650ed90373	3295	USINA DE ÁLCOOL TRÊS IRMÃOS LTDA.	Brazil	MT	IPIRANGA DO NORTE	-12.2367	-56.16	EPE-published latitude/longitude attribute and point geometry	Etanol Milho Full	Em operação	not separately provided; source name retained as facility name	52142.857143 corn processing t; 60.0 hydrated ethanol m3/day	EPE ethanol-layer source plant type: Etanol Milho Full		ArcGIS OBJECTID 3295; service geometry -12.236699999608579,-56.15999999999997
br-epe-ethanol	04ad26c1e978c161	2959	BAHIA ETANOL HOLDING SA	Brazil	BA	IBIRAPUÃ	-17.641962	-40.182929	EPE-published latitude/longitude attribute and point geometry	Etanol Cana 1G	Em operação	not separately provided; source name retained as facility name	source cane-processing capacity class: Menor que 1.500.000; 250.0 anhydrous ethanol m3/day; 650.0 hydrated ethanol m3/day	EPE ethanol-layer source plant type: Etanol Cana 1G		ArcGIS OBJECTID 2959; service geometry -17.641962000454388,-40.182928999999945
br-epe-ethanol	04d6c45cda1cf913	3171	VALE DO PARANÁ S/A ÁLCOOL E AÇÚCAR	Brazil	SP	SUZANÁPOLIS	-20.3895	-51.0325	EPE-published latitude/longitude attribute and point geometry	Etanol 1G e Açúcar	Em operação	not separately provided; source name retained as facility name	source cane-processing capacity class: Entre 1.500.000 e 2.500.000; 500.0 anhydrous ethanol m3/day; 1070.0 hydrated ethanol m3/day	EPE ethanol-layer source plant type: Etanol 1G e Açúcar		ArcGIS OBJECTID 3171; service geometry -20.38950000038308,-51.03249999999997
br-epe-ethanol	053b8ab48073df78	3232	PANTANAL BIOENERGIA E ALIMENTOS LTDA.	Brazil	MT	JANGADA	-12.04474	-51.4712	EPE-published latitude/longitude attribute and point geometry	Etanol 1G	Em operação	not separately provided; source name retained as facility name	10.0 hydrated ethanol m3/day	EPE ethanol-layer source plant type: Etanol 1G		ArcGIS OBJECTID 3232; service geometry -12.04473999961435,-51.47119999999995
br-epe-ethanol	05ab009fd0d87443	3172	COMANCHE BIOCOMBUSTÍVEIS DE SANTA ANITA LTDA	Brazil	SP	TATUÍ	-23.417151	-47.784653	EPE-published latitude/longitude attribute and point geometry	Etanol Cana 1G	Em operação	not separately provided; source name retained as facility name	source cane-processing capacity class: Menor que 1.500.000; 117.0 anhydrous ethanol m3/day; 120.0 hydrated ethanol m3/day	EPE ethanol-layer source plant type: Etanol Cana 1G		ArcGIS OBJECTID 3172; service geometry -23.417151000311225,-47.784652999999935
br-epe-ethanol	06373175b6779f50	3136	DESTILARIA TIROLLI LTDA	Brazil	SP	PALMITAL	-22.9083	-50.2787	EPE-published latitude/longitude attribute and point geometry	Etanol Cana 1G	Em operação	not separately provided; source name retained as facility name	source cane-processing capacity class: Menor que 1.500.000; 550.0 hydrated ethanol m3/day	EPE ethanol-layer source plant type: Etanol Cana 1G		ArcGIS OBJECTID 3136; service geometry -22.908300000322743,-50.27869999999995
br-epe-ethanol	06ac80c5cd2bbd1e	3229	AGT ESTRELA DO OESTE LTDA.	Brazil	MS	ANAURILÂNDIA	-22.198322	-52.937513	EPE-published latitude/longitude attribute and point geometry	Etanol Cana 1G	Em operação	not separately provided; source name retained as facility name	source cane-processing capacity class: Menor que 1.500.000; 350.0 hydrated ethanol m3/day	EPE ethanol-layer source plant type: Etanol Cana 1G		ArcGIS OBJECTID 3229; service geometry -22.198322500339255,-52.93751299999997
br-epe-ethanol	07482a5aac5f44c4	3073	COMPANHIA AGRÍCOLA USINA JACAREZINHO	Brazil	PR	JACAREZINHO	-23.0935	-49.9416	EPE-published latitude/longitude attribute and point geometry	Etanol 1G e Açúcar	Em operação	not separately provided; source name retained as facility name	source cane-processing capacity class: Entre 2.500.000 e 3.500.000; 500.0 anhydrous ethanol m3/day; 800.0 hydrated ethanol m3/day	EPE ethanol-layer source plant type: Etanol 1G e Açúcar		ArcGIS OBJECTID 3073; service geometry -23.093500000318503,-49.94159999999993
br-epe-ethanol	08a240b076cbd107	3126	USINA SANTA FÉ S/A	Brazil	SP	NOVA EUROPA	-21.81844	-48.61374	EPE-published latitude/longitude attribute and point geometry	Etanol 1G e Açúcar	Em operação	not separately provided; source name retained as facility name	source cane-processing capacity class: Entre 4.500.000 e 5.500.000; 180.0 anhydrous ethanol m3/day; 1000.0 hydrated ethanol m3/day	EPE ethanol-layer source plant type: Etanol 1G e Açúcar		ArcGIS OBJECTID 3126; service geometry -21.818440000348243,-48.61373999999995
br-epe-ethanol	08ea48f62c17804f	3041	USINA ALTO ALEGRE S/A AÇÚCAR E ÁLCOOL	Brazil	PR	SANTO INÁCIO	-22.6509	-51.8041	EPE-published latitude/longitude attribute and point geometry	Etanol 1G e Açúcar	Em operação	not separately provided; source name retained as facility name	source cane-processing capacity class: Entre 2.500.000 e 3.500.000; 700.0 anhydrous ethanol m3/day; 700.0 hydrated ethanol m3/day	EPE ethanol-layer source plant type: Etanol 1G e Açúcar		ArcGIS OBJECTID 3041; service geometry -22.65090000032871,-51.80409999999995
br-epe-ethanol	0901ca1f0a0b86cb	3049	COSAN S.A. AÇÚCAR E ÁLCOOL	Brazil	SP	IPAUSSU	-23.10321	-49.59286	EPE-published latitude/longitude attribute and point geometry	Etanol 1G e Açúcar	Em operação	not separately provided; source name retained as facility name	source cane-processing capacity class: Entre 2.500.000 e 3.500.000; 400.0 anhydrous ethanol m3/day; 400.0 hydrated ethanol m3/day	EPE ethanol-layer source plant type: Etanol 1G e Açúcar		ArcGIS OBJECTID 3049; service geometry -23.10321000031833,-49.59285999999997
br-epe-ethanol	09d7809c01a28d96	3258	RAÍZEN IGUARA PASSA TEMPO AGROINDUSTRIAL LTDA	Brazil	MS	RIO BRILHANTE	-21.5178	-54.7111	EPE-published latitude/longitude attribute and point geometry	Etanol 1G e Açúcar	Ampliação	not separately provided; source name retained as facility name	350.0 hydrated ethanol m3/day	EPE ethanol-layer source plant type: Etanol 1G e Açúcar		ArcGIS OBJECTID 3258; service geometry -21.517800000355457,-54.71109999999993
br-epe-ethanol	0a17b4fb93894214	2935	AGRO INDUSTRIAL VISTA ALEGRE LTDA.	Brazil	SP	ITAPETININGA	-23.4889	-48.1033	EPE-published latitude/longitude attribute and point geometry	Etanol 1G e Açúcar	Em operação	not separately provided; source name retained as facility name	source cane-processing capacity class: Entre 1.500.000 e 2.500.000; 350.0 anhydrous ethanol m3/day; 350.0 hydrated ethanol m3/day	EPE ethanol-layer source plant type: Etanol 1G e Açúcar		ArcGIS OBJECTID 2935; service geometry -23.48890000030956,-48.10329999999994
br-epe-ethanol	0bf459eaa8b8977d	2913	CENTRAL AÇUCAREIRA SANTO ANTONIO S/A	Brazil	AL	SÃO LUÍS DO QUITUNDE	-9.284415	-35.561789	EPE-published latitude/longitude attribute and point geometry	Etanol 1G e Açúcar	Em operação	not separately provided; source name retained as facility name	source cane-processing capacity class: Entre 1.500.000 e 2.500.000; 310.0 anhydrous ethanol m3/day; 505.0 hydrated ethanol m3/day	EPE ethanol-layer source plant type: Etanol 1G e Açúcar		ArcGIS OBJECTID 2913; service geometry -9.284414999699127,-35.561788999999976
br-epe-ethanol	0d262076d6ace579	3197	MOEMA BIOENERGIA S.A	Brazil	MS	PONTA PORÃ	-22.2922	-55.1002	EPE-published latitude/longitude attribute and point geometry	Etanol Cana 1G	Em operação	not separately provided; source name retained as facility name	source cane-processing capacity class: Menor que 1.500.000; 640.0 hydrated ethanol m3/day	EPE ethanol-layer source plant type: Etanol Cana 1G		ArcGIS OBJECTID 3197; service geometry -22.292200000337075,-55.10019999999997
br-epe-ethanol	0e01673dd503f21a	3092	USINA AÇUCAREIRA FURLAN S/A	Brazil	SP	AVARÉ	-22.9243	-48.9288	EPE-published latitude/longitude attribute and point geometry	Etanol 1G e Açúcar	Em operação	not separately provided; source name retained as facility name	source cane-processing capacity class: Entre 1.500.000 e 2.500.000; 600.0 hydrated ethanol m3/day	EPE ethanol-layer source plant type: Etanol 1G e Açúcar		ArcGIS OBJECTID 3092; service geometry -22.92430000032239,-48.92879999999997
br-epe-ethanol	0ead52c3edcfc18c	3311	INPASA AGROINDUSTRIAL S.A.	Brazil	BA	LUÍS EDUARDO MAGALHÃES	-12.113561	-45.960255	EPE-published latitude/longitude attribute and point geometry	Etanol Milho Full	Em operação	not separately provided; source name retained as facility name	1303571.428571 corn processing t; 1500.0 anhydrous ethanol m3/day; 1500.0 hydrated ethanol m3/day	EPE ethanol-layer source plant type: Etanol Milho Full		ArcGIS OBJECTID 3311; service geometry -12.11356099961229,-45.960254999999954
br-epe-ethanol	0f384e5f10c5cea5	2918	COMPANHIA USINA SÃO JOÃO	Brazil	PB	SANTA RITA	-7.1328	-35.0098	EPE-published latitude/longitude attribute and point geometry	Etanol 1G e Açúcar	Em operação	not separately provided; source name retained as facility name	source cane-processing capacity class: Menor que 1.500.000; 100.0 anhydrous ethanol m3/day; 200.0 hydrated ethanol m3/day	EPE ethanol-layer source plant type: Etanol 1G e Açúcar		ArcGIS OBJECTID 2918; service geometry -7.13279999976717,-35.009799999999984
br-epe-ethanol	0fe6219112fc2cc0	3302	COAMO AGROINDUSTRIAL COOPERATIVA	Brazil	PR	CAMPO MOURÃO	-23.99421	-52.35569	EPE-published latitude/longitude attribute and point geometry	Etanol Milho Full	Construção	not separately provided; source name retained as facility name	663344.047619 corn processing t; 723.0 anhydrous ethanol m3/day; 763.3 hydrated ethanol m3/day	EPE ethanol-layer source plant type: Etanol Milho Full		ArcGIS OBJECTID 3302; service geometry -23.994210000298324,-52.35568999999998
br-epe-ethanol	1057e9642eb22aec	3098	BIOPAV S.A AÇÚCAR E ÁLCOOL	Brazil	SP	BREJO ALEGRE	-21.217415	-50.206918	EPE-published latitude/longitude attribute and point geometry	Açúcar	Em operação	not separately provided; source name retained as facility name	source cane-processing capacity class: Entre 3.500.000 e 4.500.000	EPE ethanol-layer source plant type: Açúcar		ArcGIS OBJECTID 3098; service geometry -21.217415000362713,-50.20691799999997
br-epe-ethanol	1076c8379c78099e	2989	DESTILARIA DE ÁLCOOL LIBRA LTDA.	Brazil	MT	SÃO JOSÉ DO RIO CLARO	-13.8108	-56.5254	EPE-published latitude/longitude attribute and point geometry	Etanol Milho Flex	Em operação	not separately provided; source name retained as facility name	source cane-processing capacity class: Menor que 1.500.000; 221428.571429 corn processing t; 600.0 anhydrous ethanol m3/day; 600.0 hydrated ethanol m3/day	EPE ethanol-layer source plant type: Etanol Milho Flex		ArcGIS OBJECTID 2989; service geometry -13.81079999956201,-56.52539999999994
br-epe-ethanol	10a6f365e0988df8	3304	TERMINAL USINA DE ETANOL E MISTURADORA DE FERTILIZANTES DE ITIQUIRA LTDA.	Brazil	MT	ITIQUIRA	-17.194186	-54.171738	EPE-published latitude/longitude attribute and point geometry	Etanol Milho Full	Construção	not separately provided; source name retained as facility name	521428.571429 corn processing t; 244.0 anhydrous ethanol m3/day; 600.0 hydrated ethanol m3/day	EPE ethanol-layer source plant type: Etanol Milho Full		ArcGIS OBJECTID 3304; service geometry -17.194186000466452,-54.171737999999955
br-epe-ethanol	10e7b842e16398be	2984	VALE VERDE EMPREENDIMENTOS AGRÍCOLAS LTDA.	Brazil	GO	ITAPACI	-14.9791	-49.5396	EPE-published latitude/longitude attribute and point geometry	Etanol 1G e Açúcar	Em operação	not separately provided; source name retained as facility name	source cane-processing capacity class: Entre 1.500.000 e 2.500.000; 500.0 anhydrous ethanol m3/day; 980.0 hydrated ethanol m3/day	EPE ethanol-layer source plant type: Etanol 1G e Açúcar		ArcGIS OBJECTID 2984; service geometry -14.97909999952826,-49.53959999999995
br-epe-ethanol	10e8842ca75df6ff	3278	DESTILLA BIOENERGIA AGROINDUSTRIAL LTDA.	Brazil	MT	ITAÚBA	-11.0618	-55.2277	EPE-published latitude/longitude attribute and point geometry	Etanol Milho Full	Em operação	not separately provided; source name retained as facility name	4345.238095 corn processing t; 5.0 hydrated ethanol m3/day	EPE ethanol-layer source plant type: Etanol Milho Full		ArcGIS OBJECTID 3278; service geometry -11.061799999644167,-55.22769999999997
br-epe-ethanol	1117aa77bb0eed75	2924	DENUSA DESTILARIA NOVA UNIÃO S/A	Brazil	GO	JANDAIA	-17.2775	-50.1476	EPE-published latitude/longitude attribute and point geometry	Etanol Cana 1G	Em operação	not separately provided; source name retained as facility name	source cane-processing capacity class: Entre 1.500.000 e 2.500.000; 450.0 anhydrous ethanol m3/day; 650.0 hydrated ethanol m3/day	EPE ethanol-layer source plant type: Etanol Cana 1G		ArcGIS OBJECTID 2924; service geometry -17.277500000464222,-50.14759999999995
br-epe-ethanol	11846ceb634a1f20	2912	PAGRISA PARÁ PASTORIL E AGRÍCOLA S/A	Brazil	PA	ULIANÓPOLIS	-3.71751	-47.4876	EPE-published latitude/longitude attribute and point geometry	Etanol Milho Flex	Em operação	not separately provided; source name retained as facility name	source cane-processing capacity class: Menor que 1.500.000; 147619.047619 corn processing t; 300.0 anhydrous ethanol m3/day; 400.0 hydrated ethanol m3/day	EPE ethanol-layer source plant type: Etanol Milho Flex		ArcGIS OBJECTID 2912; service geometry -3.7175099998776853,-47.487599999999986
br-epe-ethanol	125b6d4c41ae7baf	3104	DESTILARIA MELHORAMENTOS NOVA LONDRINA	Brazil	PR	NOVA LONDRINA	-22.79829	-52.99079	EPE-published latitude/longitude attribute and point geometry	Etanol 1G e Açúcar	Em operação	not separately provided; source name retained as facility name	source cane-processing capacity class: Entre 1.500.000 e 2.500.000; 120.0 anhydrous ethanol m3/day; 710.0 hydrated ethanol m3/day	EPE ethanol-layer source plant type: Etanol 1G e Açúcar		ArcGIS OBJECTID 3104; service geometry -22.798290000325277,-52.99078999999995
br-epe-ethanol	12658f03c329c5de	3006	COMPANHIA AGRÍCOLA PONTENOVENSE	Brazil	MG	URUCÂNIA	-20.301295	-42.690556	EPE-published latitude/longitude attribute and point geometry	Etanol 1G e Açúcar	Em operação	not separately provided; source name retained as facility name	source cane-processing capacity class: Menor que 1.500.000; 150.0 anhydrous ethanol m3/day; 200.0 hydrated ethanol m3/day	EPE ethanol-layer source plant type: Etanol 1G e Açúcar		ArcGIS OBJECTID 3006; service geometry -20.30129500038532,-42.69055599999996
br-epe-ethanol	12b3e240094580d8	2988	SOCIEDADE AÇUCAREIRA MONTEIRO DE BARROS LTDA.	Brazil	GO	GOIANÉSIA	-15.2152	-48.969	EPE-published latitude/longitude attribute and point geometry	Etanol 1G e Açúcar	Em operação	not separately provided; source name retained as facility name	source cane-processing capacity class: Menor que 1.500.000; 130.0 anhydrous ethanol m3/day; 200.0 hydrated ethanol m3/day	EPE ethanol-layer source plant type: Etanol 1G e Açúcar		ArcGIS OBJECTID 2988; service geometry -15.215199999521552,-48.96899999999994
br-epe-ethanol	1391396c13842876	3003	COOP. AGROINDUSTRIAL DO ESTADO DO RIO DE JANEIRO LTDA.	Brazil	RJ	CAMPOS DOS GOYTACAZES	-21.9034	-41.288	EPE-published latitude/longitude attribute and point geometry	Etanol 1G e Açúcar	Em operação	not separately provided; source name retained as facility name	source cane-processing capacity class: Menor que 1.500.000; 250.0 hydrated ethanol m3/day	EPE ethanol-layer source plant type: Etanol 1G e Açúcar		ArcGIS OBJECTID 3003; service geometry -21.903400000346238,-41.287999999999954
br-epe-ethanol	139b5fcb9ba5e7aa	3030	USINA UBERABA S/A	Brazil	MG	UBERABA	-19.393934	-47.823005	EPE-published latitude/longitude attribute and point geometry	Etanol Cana 1G	Em operação	not separately provided; source name retained as facility name	source cane-processing capacity class: Entre 3.500.000 e 4.500.000; 1000.0 anhydrous ethanol m3/day; 1700.0 hydrated ethanol m3/day	EPE ethanol-layer source plant type: Etanol Cana 1G		ArcGIS OBJECTID 3030; service geometry -19.39393400040828,-47.823004999999974
br-epe-ethanol	152fb37311579b20	3173	USINA TANABI LTDA.	Brazil	SP	TANABI	-20.4871	-49.5406	EPE-published latitude/longitude attribute and point geometry	Etanol 1G e Açúcar	Em operação	not separately provided; source name retained as facility name	source cane-processing capacity class: Entre 2.500.000 e 3.500.000; 280.0 anhydrous ethanol m3/day; 720.0 hydrated ethanol m3/day	EPE ethanol-layer source plant type: Etanol 1G e Açúcar		ArcGIS OBJECTID 3173; service geometry -20.48710000038065,-49.54059999999998
br-epe-ethanol	16172f913c17d66f	2986	ANICUNS S/A ÁLCOOL E DERIVADOS	Brazil	GO	ANICUNS	-16.4146	-49.9455	EPE-published latitude/longitude attribute and point geometry	Etanol 1G e Açúcar	Em operação	not separately provided; source name retained as facility name	source cane-processing capacity class: Entre 1.500.000 e 2.500.000; 150.0 anhydrous ethanol m3/day; 450.0 hydrated ethanol m3/day	EPE ethanol-layer source plant type: Etanol 1G e Açúcar		ArcGIS OBJECTID 2986; service geometry -16.414600000487855,-49.94549999999998
br-epe-ethanol	1624546ad26c0f1c	2905	AGROPEU AGRO INDUSTRIAL DE POMPÉU S/A	Brazil	MG	POMPÉU	-19.2533	-44.9814	EPE-published latitude/longitude attribute and point geometry	Etanol 1G e Açúcar	Em operação	not separately provided; source name retained as facility name	source cane-processing capacity class: Entre 1.500.000 e 2.500.000; 420.0 anhydrous ethanol m3/day; 450.0 hydrated ethanol m3/day	EPE ethanol-layer source plant type: Etanol 1G e Açúcar		ArcGIS OBJECTID 2905; service geometry -19.25330000041191,-44.98139999999995
br-epe-ethanol	171ddb28f83ac374	3033	SADA BIO-ENERGIA E AGRICULTURA LTDA.	Brazil	MG	JAÍBA	-15.199759	-43.884228	EPE-published latitude/longitude attribute and point geometry	Etanol Cana 1G	Em operação	not separately provided; source name retained as facility name	source cane-processing capacity class: Menor que 1.500.000; 600.0 hydrated ethanol m3/day	EPE ethanol-layer source plant type: Etanol Cana 1G		ArcGIS OBJECTID 3033; service geometry -15.199758999521984,-43.88422799999995
br-epe-ethanol	17ad57884868363a	3132	MOEMA BIOENERGIA S.A	Brazil	SP	ORINDIÚVA	-20.2352	-49.3598	EPE-published latitude/longitude attribute and point geometry	Etanol 1G e Açúcar	Em operação	not separately provided; source name retained as facility name	source cane-processing capacity class: Maior que 5.500.000; 500.0 anhydrous ethanol m3/day; 1100.0 hydrated ethanol m3/day	EPE ethanol-layer source plant type: Etanol 1G e Açúcar		ArcGIS OBJECTID 3132; service geometry -20.23520000038696,-49.35979999999995
br-epe-ethanol	17c9507a47f89046	3158	AÇUCAREIRA QUATÁ S/A	Brazil	SP	QUATÁ	-22.26208	-50.64804	EPE-published latitude/longitude attribute and point geometry	Etanol 1G e Açúcar	Em operação	not separately provided; source name retained as facility name	source cane-processing capacity class: Entre 2.500.000 e 3.500.000; 700.0 anhydrous ethanol m3/day; 1020.0 hydrated ethanol m3/day	EPE ethanol-layer source plant type: Etanol 1G e Açúcar		ArcGIS OBJECTID 3158; service geometry -22.262080000337765,-50.64803999999998
br-epe-ethanol	17d5792bbfb40120	3130	AÇÚCAR GUARANI S/A FILIAL CRUZ ALTA	Brazil	SP	OLÍMPIA	-20.68838	-49.11125	EPE-published latitude/longitude attribute and point geometry	Etanol 1G e Açúcar	Em operação	not separately provided; source name retained as facility name	source cane-processing capacity class: Entre 4.500.000 e 5.500.000; 480.0 hydrated ethanol m3/day	EPE ethanol-layer source plant type: Etanol 1G e Açúcar		ArcGIS OBJECTID 3130; service geometry -20.68838000037566,-49.111249999999984
br-epe-ethanol	1970096a7f7b1db8	3203	CIA AGROPASTORIL VALE DA PIRAGIBA	Brazil	BA	MUQUÉM DO SÃO FRANCISCO	-12.3233	-43.2567	EPE-published latitude/longitude attribute and point geometry	Etanol Cana 1G	Em operação	not separately provided; source name retained as facility name	source cane-processing capacity class: Entre 1.500.000 e 2.500.000; 350.0 hydrated ethanol m3/day	EPE ethanol-layer source plant type: Etanol Cana 1G		ArcGIS OBJECTID 3203; service geometry -12.323299999606013,-43.25669999999997
br-epe-ethanol	1975015144d33970	3101	RAIZEN ENERGIA S.A	Brazil	SP	IGARAPAVA	-19.9888	-47.7972	EPE-published latitude/longitude attribute and point geometry	Etanol 1G e Açúcar	Em operação	not separately provided; source name retained as facility name	source cane-processing capacity class: Entre 2.500.000 e 3.500.000; 750.0 anhydrous ethanol m3/day; 970.0 hydrated ethanol m3/day	EPE ethanol-layer source plant type: Etanol 1G e Açúcar		ArcGIS OBJECTID 3101; service geometry -19.98880000039316,-47.79719999999997
br-epe-ethanol	1b50d152f854ae3a	2979	USINA MONTE ALEGRE S/A	Brazil	PB	MAMANGUAPE	-6.85955	-35.1281	EPE-published latitude/longitude attribute and point geometry	Etanol 1G e Açúcar	Em operação	not separately provided; source name retained as facility name	source cane-processing capacity class: Menor que 1.500.000; 180.0 anhydrous ethanol m3/day; 250.0 hydrated ethanol m3/day	EPE ethanol-layer source plant type: Etanol 1G e Açúcar		ArcGIS OBJECTID 2979; service geometry -6.8595499997758935,-35.12809999999996
br-epe-ethanol	1d68cfc8c8f81907	3081	USINA SÃO DOMINGOS AÇÚCAR E ÁLCOOL S/A	Brazil	SP	CATANDUVA	-21.0983	-49.0206	EPE-published latitude/longitude attribute and point geometry	Etanol 1G e Açúcar	Em operação	not separately provided; source name retained as facility name	source cane-processing capacity class: Entre 2.500.000 e 3.500.000; 450.0 anhydrous ethanol m3/day; 500.0 hydrated ethanol m3/day	EPE ethanol-layer source plant type: Etanol 1G e Açúcar		ArcGIS OBJECTID 3081; service geometry -21.098300000365587,-49.020599999999945
br-epe-ethanol	1db8af23d9b26bc5	3318	UER USINA DE ETANOL DE RONDÔNIA INDÚSTRIA DE ÁLCOOL BIOCOMBUSTÍVEIS RAÇÕES E GERAÇÃO DE ENERGIA S.A.	Brazil	RO	CEREJEIRAS	-13.1114	-60.5229	EPE-published latitude/longitude attribute and point geometry	Etanol Milho Full	Construção	not separately provided; source name retained as facility name	447559.52381 corn processing t; 495.0 anhydrous ethanol m3/day; 515.0 hydrated ethanol m3/day	EPE ethanol-layer source plant type: Etanol Milho Full		ArcGIS OBJECTID 3318; service geometry -13.111399999582542,-60.52289999999994
br-epe-ethanol	1f4933cca5c9b6b8	3163	USINA SANTA RITA S/A AÇÚCAR E ÁLCOOL	Brazil	SP	SANTA RITA DO PASSA QUATRO	-21.71978	-47.6395	EPE-published latitude/longitude attribute and point geometry	Etanol 1G e Açúcar	Em operação	not separately provided; source name retained as facility name	source cane-processing capacity class: Entre 1.500.000 e 2.500.000; 300.0 anhydrous ethanol m3/day; 600.0 hydrated ethanol m3/day	EPE ethanol-layer source plant type: Etanol 1G e Açúcar		ArcGIS OBJECTID 3163; service geometry -21.719780000350603,-47.63949999999995
br-epe-ethanol	1fcb047620b44250	2997	CRV INDUSTRIAL LTDA.	Brazil	GO	CARMO DO RIO VERDE	-15.3469	-49.7295	EPE-published latitude/longitude attribute and point geometry	Etanol 1G e Açúcar	Em operação	not separately provided; source name retained as facility name	source cane-processing capacity class: Entre 1.500.000 e 2.500.000; 150.0 anhydrous ethanol m3/day; 440.0 hydrated ethanol m3/day	EPE ethanol-layer source plant type: Etanol 1G e Açúcar		ArcGIS OBJECTID 2997; service geometry -15.346899999517783,-49.72949999999997
br-epe-ethanol	2295eb65a3df7e2c	3294	SAFRAS INDÚSTRIA E COMÉRCIO DE BIOCOMBUSTÍVEIS LTDA.	Brazil	MT	SORRISO	-12.312489	-55.57816	EPE-published latitude/longitude attribute and point geometry	Etanol Milho Full	Em operação	not separately provided; source name retained as facility name	82559.52381 corn processing t; 95.0 hydrated ethanol m3/day	EPE ethanol-layer source plant type: Etanol Milho Full		ArcGIS OBJECTID 3294; service geometry -12.31248899960635,-55.57815999999997
br-epe-ethanol	233430f7a664675f	3009	CARGILL BIOENERGIA LTDA.	Brazil	GO	CACHOEIRA DOURADA	-18.5052	-49.65429	EPE-published latitude/longitude attribute and point geometry	Etanol Cana 1G	Em operação	not separately provided; source name retained as facility name	source cane-processing capacity class: Entre 2.500.000 e 3.500.000; 1470.0 anhydrous ethanol m3/day; 1550.0 hydrated ethanol m3/day	EPE ethanol-layer source plant type: Etanol Cana 1G		ArcGIS OBJECTID 3009; service geometry -18.505200000431376,-49.654289999999946
br-epe-ethanol	235acb00c8b9d980	3147	USINA ALTO ALEGRE S/A AÇÚCAR E ÁLCOOL	Brazil	SP	PRESIDENTE PRUDENTE	-21.8651	-51.2587	EPE-published latitude/longitude attribute and point geometry	Etanol 1G e Açúcar	Em operação	not separately provided; source name retained as facility name	source cane-processing capacity class: Entre 1.500.000 e 2.500.000; 300.0 anhydrous ethanol m3/day; 350.0 hydrated ethanol m3/day	EPE ethanol-layer source plant type: Etanol 1G e Açúcar		ArcGIS OBJECTID 3147; service geometry -21.86510000034716,-51.258699999999976
br-epe-ethanol	23e64a7f43cecabd	2975	CENTROÁLCOOL S/A	Brazil	GO	INHUMAS	-16.3473	-49.4846	EPE-published latitude/longitude attribute and point geometry	Etanol 1G e Açúcar	Em operação	not separately provided; source name retained as facility name	source cane-processing capacity class: Menor que 1.500.000; 150.0 anhydrous ethanol m3/day; 500.0 hydrated ethanol m3/day	EPE ethanol-layer source plant type: Etanol 1G e Açúcar		ArcGIS OBJECTID 2975; service geometry -16.34730000048973,-49.48459999999994
br-epe-ethanol	2431ccb0609d0dd2	2983	USINA SANTA HELENA DE AÇÚCAR E ÁLCOOL S/A	Brazil	GO	SANTA HELENA DE GOIÁS	-17.8225	-50.5393	EPE-published latitude/longitude attribute and point geometry	Etanol 1G e Açúcar	Em operação	not separately provided; source name retained as facility name	source cane-processing capacity class: Entre 2.500.000 e 3.500.000; 280.0 anhydrous ethanol m3/day; 340.0 hydrated ethanol m3/day	EPE ethanol-layer source plant type: Etanol 1G e Açúcar		ArcGIS OBJECTID 2983; service geometry -17.822500000449548,-50.53929999999997
br-epe-ethanol	24b4375a95e0f7de	2936	INDUSTRIAL PORTO RICO S/A	Brazil	AL	CAMPO ALEGRE	-9.81641	-36.2149	EPE-published latitude/longitude attribute and point geometry	Etanol 1G e Açúcar	Em operação	not separately provided; source name retained as facility name	source cane-processing capacity class: Entre 1.500.000 e 2.500.000; 190.0 anhydrous ethanol m3/day; 420.0 hydrated ethanol m3/day	EPE ethanol-layer source plant type: Etanol 1G e Açúcar		ArcGIS OBJECTID 2936; service geometry -9.816409999682541,-36.21489999999994
br-epe-ethanol	273982dc61723736	3135	USINA COLOMBO S/A AÇÚCAR E ÁLCOOL	Brazil	SP	PALESTINA	-20.209686	-49.615368	EPE-published latitude/longitude attribute and point geometry	Etanol 1G e Açúcar	Em operação	not separately provided; source name retained as facility name	source cane-processing capacity class: Entre 1.500.000 e 2.500.000; 600.0 anhydrous ethanol m3/day; 1000.0 hydrated ethanol m3/day	EPE ethanol-layer source plant type: Etanol 1G e Açúcar		ArcGIS OBJECTID 3135; service geometry -20.209686000387617,-49.61536799999993
br-epe-ethanol	280e9fef8c59d32f	3299	AGRÍCOLA ALVORADA S.A.	Brazil	MT	CANARANA	-13.52721	-52.28779	EPE-published latitude/longitude attribute and point geometry	Etanol Milho Full	Em operação	not separately provided; source name retained as facility name	575309.52381 corn processing t; 635.0 anhydrous ethanol m3/day; 662.0 hydrated ethanol m3/day	EPE ethanol-layer source plant type: Etanol Milho Full		ArcGIS OBJECTID 3299; service geometry -13.52720999957031,-52.28778999999997
br-epe-ethanol	28670dae9bd7baed	3111	COFCO BRASIL S.A.	Brazil	SP	MERIDIANO	-20.45703	-50.205	EPE-published latitude/longitude attribute and point geometry	Etanol 1G e Açúcar	Em operação	not separately provided; source name retained as facility name	source cane-processing capacity class: Entre 3.500.000 e 4.500.000; 630.0 anhydrous ethanol m3/day; 1220.0 hydrated ethanol m3/day	EPE ethanol-layer source plant type: Etanol 1G e Açúcar		ArcGIS OBJECTID 3111; service geometry -20.457030000381437,-50.204999999999984
br-epe-ethanol	28f45c2c7ac495e1	3297	RRP ENERGIA LTDA.	Brazil	MT	TAPURAH	-12.75263	-56.559897	EPE-published latitude/longitude attribute and point geometry	Etanol Milho Full	Em operação	not separately provided; source name retained as facility name	369345.238095 corn processing t; 404.0 anhydrous ethanol m3/day; 425.0 hydrated ethanol m3/day	EPE ethanol-layer source plant type: Etanol Milho Full		ArcGIS OBJECTID 3297; service geometry -12.75262999959319,-56.55989699999998
br-epe-ethanol	2a3c44915d58030a	3301	BE8 EXPORTAÇÃO E IMPORTAÇÃO LTDA.	Brazil	RS	PASSO FUNDO	-28.23516	-52.39983	EPE-published latitude/longitude attribute and point geometry	Etanol 1G	Construção	not separately provided; source name retained as facility name	1277500.0 corn processing t; 630.0 anhydrous ethanol m3/day; 630.0 hydrated ethanol m3/day	EPE ethanol-layer source plant type: Etanol 1G		ArcGIS OBJECTID 3301; service geometry -28.23516000021293,-52.39982999999995
br-epe-ethanol	2a5f4e94949cbfe1	3008	USINA SÃO JOSÉ DO PINHEIRO LTDA.	Brazil	SE	LARANJEIRAS	-10.7687	-37.214	EPE-published latitude/longitude attribute and point geometry	Etanol 1G e Açúcar	Em operação	not separately provided; source name retained as facility name	source cane-processing capacity class: Menor que 1.500.000; 150.0 anhydrous ethanol m3/day; 180.0 hydrated ethanol m3/day	EPE ethanol-layer source plant type: Etanol 1G e Açúcar		ArcGIS OBJECTID 3008; service geometry -10.768699999653158,-37.21399999999994
br-epe-ethanol	2a74047dafe339d9	3237	IRUPE BIOCOMBUSTÍVEIS LTDA	Brazil	SP	BAURU	-22.31642	-49.07167	EPE-published latitude/longitude attribute and point geometry	Etanol Cana 1G	Em operação	not separately provided; source name retained as facility name	source cane-processing capacity class: Menor que 1.500.000; 0.15 hydrated ethanol m3/day	EPE ethanol-layer source plant type: Etanol Cana 1G		ArcGIS OBJECTID 3237; service geometry -22.31642000033651,-49.07166999999998
br-epe-ethanol	2a9d118afbed2933	2911	ALCOOLVALE S/A - ÁLCOOL E AÇÚCAR	Brazil	MS	APARECIDA DO TABOADO	-20.0873	-51.299	EPE-published latitude/longitude attribute and point geometry	Etanol 1G e Açúcar	Em operação	not separately provided; source name retained as facility name	source cane-processing capacity class: Entre 1.500.000 e 2.500.000; 380.0 hydrated ethanol m3/day	EPE ethanol-layer source plant type: Etanol 1G e Açúcar		ArcGIS OBJECTID 2911; service geometry -20.087300000390684,-51.29899999999998
br-epe-ethanol	2c5c5fb98fac0b8e	3095	FIGUEIRA INDÚSTRIA E COMÉRCIO S.A	Brazil	SP	ARAÇATUBA	-21.0761	-50.5441	EPE-published latitude/longitude attribute and point geometry	Etanol 1G e Açúcar	Em operação	not separately provided; source name retained as facility name	source cane-processing capacity class: Entre 1.500.000 e 2.500.000; 450.0 anhydrous ethanol m3/day; 700.0 hydrated ethanol m3/day	EPE ethanol-layer source plant type: Etanol 1G e Açúcar		ArcGIS OBJECTID 3095; service geometry -21.07610000036614,-50.54409999999996
br-epe-ethanol	2d69ba298b348cd5	3242	CAFEALCOOL DESTILARIA DE ÁLCOOL LTDA	Brazil	SP	CAFELÂNDIA	-21.7736	-49.6114	EPE-published latitude/longitude attribute and point geometry	Etanol Cana 1G	Ampliação	not separately provided; source name retained as facility name	76.0 hydrated ethanol m3/day	EPE ethanol-layer source plant type: Etanol Cana 1G		ArcGIS OBJECTID 3242; service geometry -21.773600000349337,-49.611399999999946
br-epe-ethanol	2d8e01f30efc8c19	2968	VALE VERDE EMPREENDIMENTOS AGRÍCOLAS LTDA.	Brazil	RN	BAÍA FORMOSA	-6.41627	-35.0557	EPE-published latitude/longitude attribute and point geometry	Etanol 1G e Açúcar	Em operação	not separately provided; source name retained as facility name	source cane-processing capacity class: Menor que 1.500.000; 360.0 anhydrous ethanol m3/day; 460.0 hydrated ethanol m3/day	EPE ethanol-layer source plant type: Etanol 1G e Açúcar		ArcGIS OBJECTID 2968; service geometry -6.4162699997901,-35.055699999999945
br-epe-ethanol	2e2e6536fc6d37ff	3016	USINA VERTENTE LTDA.	Brazil	SP	GUARACI	-20.4055	-49.0006	EPE-published latitude/longitude attribute and point geometry	Etanol 1G e Açúcar	Em operação	not separately provided; source name retained as facility name	source cane-processing capacity class: Entre 2.500.000 e 3.500.000; 325.0 anhydrous ethanol m3/day; 880.0 hydrated ethanol m3/day	EPE ethanol-layer source plant type: Etanol 1G e Açúcar		ArcGIS OBJECTID 3016; service geometry -20.405500000382702,-49.00059999999996
br-epe-ethanol	2ead9123915f90c3	3096	GUARANI S/A	Brazil	SP	GUAÍRA	-20.483	-48.411	EPE-published latitude/longitude attribute and point geometry	Etanol 1G e Açúcar	Em operação	not separately provided; source name retained as facility name	source cane-processing capacity class: Entre 3.500.000 e 4.500.000; 300.0 anhydrous ethanol m3/day; 1100.0 hydrated ethanol m3/day	EPE ethanol-layer source plant type: Etanol 1G e Açúcar		ArcGIS OBJECTID 3096; service geometry -20.483000000380773,-48.410999999999945
br-epe-ethanol	2f111d14d4e4b723	3192	DESTILARIA IPANEMA LTDA	Brazil	SP	BARBOSA	-21.29623	-50.00001	EPE-published latitude/longitude attribute and point geometry	Etanol Cana 1G	Em operação	not separately provided; source name retained as facility name	source cane-processing capacity class: Menor que 1.500.000; 100.0 hydrated ethanol m3/day	EPE ethanol-layer source plant type: Etanol Cana 1G		ArcGIS OBJECTID 3192; service geometry -21.29623000036081,-50.000009999999975
br-epe-ethanol	2f731ccb9dc29033	3179	LINS AGROINDUSTRIAL S.A.	Brazil	SP	LINS	-21.6005	-49.54	EPE-published latitude/longitude attribute and point geometry	Etanol 1G e Açúcar	Em operação	not separately provided; source name retained as facility name	source cane-processing capacity class: Entre 3.500.000 e 4.500.000; 650.0 anhydrous ethanol m3/day; 1100.0 hydrated ethanol m3/day	EPE ethanol-layer source plant type: Etanol 1G e Açúcar		ArcGIS OBJECTID 3179; service geometry -21.600500000353446,-49.539999999999964
br-epe-ethanol	2fbc85880cef34cb	3272	INDUSTRIA E COMERCIO DE AGUARDENTE E ALCOOL FOLTRAN LTDA.	Brazil	SP	LEME	-22.22387	-47.27116	EPE-published latitude/longitude attribute and point geometry	Etanol Cana 1G	Construção	not separately provided; source name retained as facility name		EPE ethanol-layer source plant type: Etanol Cana 1G		ArcGIS OBJECTID 3272; service geometry -22.223870000338664,-47.27115999999995
br-epe-ethanol	2fe1890fe4c142be	2943	JALLES MACHADO S/A	Brazil	GO	GOIANÉSIA	-15.2127	-48.9891	EPE-published latitude/longitude attribute and point geometry	Etanol 1G e Açúcar	Em operação	not separately provided; source name retained as facility name	source cane-processing capacity class: Entre 2.500.000 e 3.500.000; 800.0 anhydrous ethanol m3/day; 860.0 hydrated ethanol m3/day	EPE ethanol-layer source plant type: Etanol 1G e Açúcar		ArcGIS OBJECTID 2943; service geometry -15.212699999521572,-48.98909999999995
br-epe-ethanol	3044dc88b3e7a1fd	2901	AÇÚCAR E ÁLCOOL BANDEIRANTES S/A	Brazil	PR	BANDEIRANTES	-23.0973	-50.3487	EPE-published latitude/longitude attribute and point geometry	Etanol 1G e Açúcar	Em operação	not separately provided; source name retained as facility name	source cane-processing capacity class: Entre 2.500.000 e 3.500.000; 300.0 anhydrous ethanol m3/day; 780.0 hydrated ethanol m3/day	EPE ethanol-layer source plant type: Etanol 1G e Açúcar		ArcGIS OBJECTID 2901; service geometry -23.097300000318437,-50.34869999999995
br-epe-ethanol	30b49c470eb4d3ee	3102	COSAN S/A INDÚSTRIA E COMÉRCIO	Brazil	SP	JAÚ	-22.36968	-48.69291	EPE-published latitude/longitude attribute and point geometry	Etanol 1G e Açúcar	Em operação	not separately provided; source name retained as facility name	source cane-processing capacity class: Entre 1.500.000 e 2.500.000; 160.0 anhydrous ethanol m3/day; 550.0 hydrated ethanol m3/day	EPE ethanol-layer source plant type: Etanol 1G e Açúcar		ArcGIS OBJECTID 3102; service geometry -22.369680000335233,-48.69290999999998
br-epe-ethanol	31c56ead33cc7d0a	2981	IBÉRIA INDUSTRIA E COMERCIAL LTDA.	Brazil	SP	BORÁ	-22.1656	-50.4839	EPE-published latitude/longitude attribute and point geometry	Etanol 1G e Açúcar	Em operação	not separately provided; source name retained as facility name	source cane-processing capacity class: Menor que 1.500.000; 160.0 anhydrous ethanol m3/day; 480.0 hydrated ethanol m3/day	EPE ethanol-layer source plant type: Etanol 1G e Açúcar		ArcGIS OBJECTID 2981; service geometry -22.165600000340046,-50.48389999999995
br-epe-ethanol	331a334fb08f359c	2908	USINA CAETÉ S/A - UNIDADE MARITUBA	Brazil	AL	IGREJA NOVA	-10.151	-36.5419	EPE-published latitude/longitude attribute and point geometry	Etanol 1G e Açúcar	Em operação	not separately provided; source name retained as facility name	source cane-processing capacity class: Menor que 1.500.000; 210.0 anhydrous ethanol m3/day; 270.0 hydrated ethanol m3/day	EPE ethanol-layer source plant type: Etanol 1G e Açúcar		ArcGIS OBJECTID 2908; service geometry -10.150999999672168,-36.54189999999994
br-epe-ethanol	3403abcce8287378	3164	USINA AÇUCAREIRA SÃO MANOEL S/A	Brazil	SP	SÃO MANUEL	-22.6703	-48.5429	EPE-published latitude/longitude attribute and point geometry	Etanol 1G e Açúcar	Em operação	not separately provided; source name retained as facility name	source cane-processing capacity class: Entre 3.500.000 e 4.500.000; 750.0 anhydrous ethanol m3/day; 1200.0 hydrated ethanol m3/day	EPE ethanol-layer source plant type: Etanol 1G e Açúcar		ArcGIS OBJECTID 3164; service geometry -22.670300000328222,-48.542899999999975
br-epe-ethanol	340a587364ebc7a5	2999	USINA COLOMBO S/A AÇÚCAR E ÁLCOOL	Brazil	SP	ARIRANHA	-21.2156	-48.8391	EPE-published latitude/longitude attribute and point geometry	Etanol 1G e Açúcar	Em operação	not separately provided; source name retained as facility name	source cane-processing capacity class: Maior que 5.500.000; 1400.0 hydrated ethanol m3/day	EPE ethanol-layer source plant type: Etanol 1G e Açúcar		ArcGIS OBJECTID 2999; service geometry -21.215600000362738,-48.83909999999997
br-epe-ethanol	34a590f6b3c72291	2973	RIO CLARO AGROINDUSTRIAL S.A.	Brazil	GO	CAÇU	-18.793027	-51.006149	EPE-published latitude/longitude attribute and point geometry	Etanol Cana 1G	Em operação	not separately provided; source name retained as facility name	source cane-processing capacity class: Entre 3.500.000 e 4.500.000; 1200.0 anhydrous ethanol m3/day; 1800.0 hydrated ethanol m3/day	EPE ethanol-layer source plant type: Etanol Cana 1G		ArcGIS OBJECTID 2973; service geometry -18.79302700042384,-51.00614899999994
br-epe-ethanol	34b29c3cd84d87e5	3288	INPASA AGROINDUSTRIAL S.A.	Brazil	MS	SIDROLÂNDIA	-20.8891	-54.9029	EPE-published latitude/longitude attribute and point geometry	Etanol Milho Full	Em operação	not separately provided; source name retained as facility name	2000000.0 corn processing t; 2500.0 anhydrous ethanol m3/day; 2500.0 hydrated ethanol m3/day	EPE ethanol-layer source plant type: Etanol Milho Full		ArcGIS OBJECTID 3288; service geometry -20.889100000370753,-54.90289999999994
br-epe-ethanol	34c6e11ed34db14e	3321	DESTILARIA MONTENEGRO LTDA.	Brazil	RS	MONTENEGRO	-29.681925	-51.469155	EPE-published latitude/longitude attribute and point geometry	Etanol 1G	Construção	not separately provided; source name retained as facility name	2027.777778 corn processing t; 1.0 hydrated ethanol m3/day	EPE ethanol-layer source plant type: Etanol 1G		ArcGIS OBJECTID 3321; service geometry -29.681925000187693,-51.46915470399995
br-epe-ethanol	354f459bb848f73e	3149	USINA ALTA MOGIANA S/A - AÇÚCAR E ÁLCOOL	Brazil	SP	SÃO JOAQUIM DA BARRA	-20.48003	-47.8744	EPE-published latitude/longitude attribute and point geometry	Etanol 1G e Açúcar	Em operação	not separately provided; source name retained as facility name	source cane-processing capacity class: Maior que 5.500.000; 1100.0 anhydrous ethanol m3/day; 1700.0 hydrated ethanol m3/day	EPE ethanol-layer source plant type: Etanol 1G e Açúcar		ArcGIS OBJECTID 3149; service geometry -20.480030000380825,-47.87439999999998
br-epe-ethanol	361ee3c6f97a7e40	3204	ITUMBIARA ENERGÉTICA LTDA	Brazil	GO	ITUMBIARA	-18.31922	-49.08943	EPE-published latitude/longitude attribute and point geometry	Etanol Cana 1G	Em operação	not separately provided; source name retained as facility name	150.0 hydrated ethanol m3/day	EPE ethanol-layer source plant type: Etanol Cana 1G		ArcGIS OBJECTID 3204; service geometry -18.319220000436317,-49.089429999999936
br-epe-ethanol	362bdaaee0a5c4ba	2897	INDÚSTRIA E COMÉRCIO DESTILARIA MANTO AZUL LTDA.	Brazil	MT	PRIMAVERA DO LESTE	-15.3345	-54.1741	EPE-published latitude/longitude attribute and point geometry	Etanol Milho Full	Ampliação	not separately provided; source name retained as facility name	76476.190476 corn processing t; 88.0 hydrated ethanol m3/day	EPE ethanol-layer source plant type: Etanol Milho Full		ArcGIS OBJECTID 2897; service geometry -15.334499999518115,-54.17409999999995
br-epe-ethanol	362e2ad10b7d51f2	2996	USINA CENTRAL OLHO D'ÁGUA S/A	Brazil	PE	CAMUTANGA	-7.42161	-35.2536	EPE-published latitude/longitude attribute and point geometry	Etanol 1G e Açúcar	Em operação	not separately provided; source name retained as facility name	source cane-processing capacity class: Entre 1.500.000 e 2.500.000; 170.0 anhydrous ethanol m3/day; 250.0 hydrated ethanol m3/day	EPE ethanol-layer source plant type: Etanol 1G e Açúcar		ArcGIS OBJECTID 2996; service geometry -7.421609999757905,-35.25359999999995
br-epe-ethanol	3759881928f508e2	2962	SANTA CRUZ S/A AÇÚCAR E ÁLCOOL	Brazil	BA	SANTA CRUZ CABRÁLIA	-16.183034	-39.328853	EPE-published latitude/longitude attribute and point geometry	Etanol Cana 1G	Em operação	not separately provided; source name retained as facility name	source cane-processing capacity class: Menor que 1.500.000; 200.0 anhydrous ethanol m3/day; 240.0 hydrated ethanol m3/day	EPE ethanol-layer source plant type: Etanol Cana 1G		ArcGIS OBJECTID 2962; service geometry -16.1830340004943,-39.32885299999998
br-epe-ethanol	3822685cc4387604	2944	JAPUNGU AGROINDUSTRIAL S/A	Brazil	PB	SANTA RITA	-7.09156	-34.9811	EPE-published latitude/longitude attribute and point geometry	Etanol Cana 1G	Em operação	not separately provided; source name retained as facility name	source cane-processing capacity class: Entre 1.500.000 e 2.500.000; 600.0 anhydrous ethanol m3/day; 700.0 hydrated ethanol m3/day	EPE ethanol-layer source plant type: Etanol Cana 1G		ArcGIS OBJECTID 2944; service geometry -7.091559999768471,-34.98109999999998
br-epe-ethanol	3ad9d300caa9e9fc	3105	COSAN S/A INDÚSTRIA E COMÉRCIO	Brazil	SP	ELIAS FAUSTO	-23.0244	-47.457	EPE-published latitude/longitude attribute and point geometry	Açúcar	Em operação	not separately provided; source name retained as facility name	source cane-processing capacity class: Menor que 1.500.000	EPE ethanol-layer source plant type: Açúcar		ArcGIS OBJECTID 3105; service geometry -23.02440000032009,-47.456999999999944
br-epe-ethanol	3bcb26e18c79abed	3233	RAIZEN IGUARA RIO BRILHANTE AGROINDUSTRIAL LTDA.	Brazil	MS	RIO BRILHANTE	-21.72436	-54.50131	EPE-published latitude/longitude attribute and point geometry	Etanol 1G e Açúcar	Em operação	not separately provided; source name retained as facility name	source cane-processing capacity class: Entre 4.500.000 e 5.500.000; 1000.0 anhydrous ethanol m3/day; 1100.0 hydrated ethanol m3/day	EPE ethanol-layer source plant type: Etanol 1G e Açúcar		ArcGIS OBJECTID 3233; service geometry -21.724360000350522,-54.501309999999926
br-epe-ethanol	3c154942a75403d5	3094	SÃO MARTINHO S.A	Brazil	SP	AMÉRICO BRASILIENSE	-21.7545	-48.0793	EPE-published latitude/longitude attribute and point geometry	Etanol 1G e Açúcar	Em operação	not separately provided; source name retained as facility name	source cane-processing capacity class: Maior que 5.500.000; 750.0 anhydrous ethanol m3/day; 1100.0 hydrated ethanol m3/day	EPE ethanol-layer source plant type: Etanol 1G e Açúcar		ArcGIS OBJECTID 3094; service geometry -21.754500000349765,-48.07929999999993
br-epe-ethanol	3c58aba41f4d5854	3165	COFCO BRASIL S.A.	Brazil	SP	SEBASTIANÓPOLIS DO SUL	-20.5821	-49.9519	EPE-published latitude/longitude attribute and point geometry	Etanol 1G e Açúcar	Em operação	not separately provided; source name retained as facility name	source cane-processing capacity class: Entre 4.500.000 e 5.500.000; 600.0 anhydrous ethanol m3/day; 1400.0 hydrated ethanol m3/day	EPE ethanol-layer source plant type: Etanol 1G e Açúcar		ArcGIS OBJECTID 3165; service geometry -20.582100000378322,-49.951899999999966
br-epe-ethanol	3cecf38a752d0860	3106	DESTILARIA NOVA ERA LTDA.	Brazil	SP	IBATÉ	-21.9655	-48.0878	EPE-published latitude/longitude attribute and point geometry	Etanol Cana 1G	Em operação	not separately provided; source name retained as facility name	source cane-processing capacity class: Menor que 1.500.000; 28.0 anhydrous ethanol m3/day; 85.0 hydrated ethanol m3/day	EPE ethanol-layer source plant type: Etanol Cana 1G		ArcGIS OBJECTID 3106; service geometry -21.965500000344754,-48.08779999999996
br-epe-ethanol	3d0e406a08d07cbb	3206	GOIÁS BIOENERGIA S/A	Brazil	GO	PORTEIRÃO	-17.840829	-50.070771	EPE-published latitude/longitude attribute and point geometry	Etanol 1G e Açúcar	Em operação	not separately provided; source name retained as facility name	source cane-processing capacity class: Menor que 1.500.000; 550.0 anhydrous ethanol m3/day; 550.0 hydrated ethanol m3/day	EPE ethanol-layer source plant type: Etanol 1G e Açúcar		ArcGIS OBJECTID 3206; service geometry -17.840829000449055,-50.070770999999986
br-epe-ethanol	3d1a4803ee29bec0	3075	COSAN CAAPARÓ S/A.ACÇÚCAR E ÁLCOOL	Brazil	MS	CAARAPÓ	-22.613699	-54.693436	EPE-published latitude/longitude attribute and point geometry	Etanol 1G e Açúcar	Em operação	not separately provided; source name retained as facility name	source cane-processing capacity class: Entre 2.500.000 e 3.500.000; 1540.0 anhydrous ethanol m3/day; 2100.0 hydrated ethanol m3/day	EPE ethanol-layer source plant type: Etanol 1G e Açúcar		ArcGIS OBJECTID 3075; service geometry -22.613699000329525,-54.69343599999997
br-epe-ethanol	3ee37be98f400dcc	2976	TABU AGROINDUSTRIAL S/A	Brazil	PB	CAAPORÃ	-7.50782	-34.877753	EPE-published latitude/longitude attribute and point geometry	Etanol Cana 1G	Em operação	not separately provided; source name retained as facility name	source cane-processing capacity class: Menor que 1.500.000; 220.0 anhydrous ethanol m3/day; 350.0 hydrated ethanol m3/day	EPE ethanol-layer source plant type: Etanol Cana 1G		ArcGIS OBJECTID 2976; service geometry -7.507819999755213,-34.877752999999984
br-epe-ethanol	3f57b829c4018bb1	3152	DESTILARIA PYLES LTDA.	Brazil	SP	PLATINA	-22.66365	-50.21668	EPE-published latitude/longitude attribute and point geometry	Etanol 1G e Açúcar	Em operação	not separately provided; source name retained as facility name	source cane-processing capacity class: Menor que 1.500.000; 60.0 anhydrous ethanol m3/day; 170.0 hydrated ethanol m3/day	EPE ethanol-layer source plant type: Etanol 1G e Açúcar		ArcGIS OBJECTID 3152; service geometry -22.663650000328403,-50.21667999999994
br-epe-ethanol	4239e5b44fa2c84d	3161	DESTILARIA PARANAPANEMA	Brazil	SP	SANDOVALINA	-22.557886	-51.827412	EPE-published latitude/longitude attribute and point geometry	Etanol Cana 1G	Em operação	not separately provided; source name retained as facility name	source cane-processing capacity class: Entre 2.500.000 e 3.500.000; 700.0 anhydrous ethanol m3/day; 1300.0 hydrated ethanol m3/day	EPE ethanol-layer source plant type: Etanol Cana 1G		ArcGIS OBJECTID 3161; service geometry -22.55788600033083,-51.82741199999998
br-epe-ethanol	425e39098c06b81b	2907	ALCOESTE DESTILARIA FERNANDÓPOLIS S/A	Brazil	SP	FERNANDÓPOLIS	-20.2364	-50.3453	EPE-published latitude/longitude attribute and point geometry	Etanol 1G e Açúcar	Em operação	not separately provided; source name retained as facility name	source cane-processing capacity class: Entre 1.500.000 e 2.500.000; 420.0 anhydrous ethanol m3/day; 800.0 hydrated ethanol m3/day	EPE ethanol-layer source plant type: Etanol 1G e Açúcar		ArcGIS OBJECTID 2907; service geometry -20.23640000038692,-50.34529999999995
br-epe-ethanol	428d24f9c324be98	3184	USINA ESTIVAS LTDA	Brazil	RN	ARÊS	-6.23291	-35.21	EPE-published latitude/longitude attribute and point geometry	Etanol 1G e Açúcar	Em operação	not separately provided; source name retained as facility name	source cane-processing capacity class: Entre 1.500.000 e 2.500.000; 120.0 anhydrous ethanol m3/day; 300.0 hydrated ethanol m3/day	EPE ethanol-layer source plant type: Etanol 1G e Açúcar		ArcGIS OBJECTID 3184; service geometry -6.232909999796009,-35.20999999999998
br-epe-ethanol	43efa06771f13ba3	3239	FIGUEIRA INDÚSTRIA E COMÉRCIO S.A	Brazil	SP	ARAÇATUBA	-21.0761	-50.5441	EPE-published latitude/longitude attribute and point geometry	Etanol 1G e Açúcar	Ampliação	not separately provided; source name retained as facility name	180.0 hydrated ethanol m3/day	EPE ethanol-layer source plant type: Etanol 1G e Açúcar		ArcGIS OBJECTID 3239; service geometry -21.07610000036614,-50.54409999999996
br-epe-ethanol	43f7fc66250e928e	3322	INPASA AGROINDUSTRIAL S.A.	Brazil	MT	RONDONÓPOLIS	-16.694156	-54.65818	EPE-published latitude/longitude attribute and point geometry	Etanol Milho Full	Construção	not separately provided; source name retained as facility name	2027.777778 corn processing t; 1549.0 anhydrous ethanol m3/day; 1549.0 hydrated ethanol m3/day	EPE ethanol-layer source plant type: Etanol Milho Full		ArcGIS OBJECTID 3322; service geometry -16.69415600048016,-54.65817999999996
br-epe-ethanol	44638485a08c0053	2926	LAGINHA AGRO INDUSTRIAL S/A FILIAL URUBA	Brazil	AL	ATALAIA	-9.50891	-36.0229	EPE-published latitude/longitude attribute and point geometry	Açúcar	Em operação	not separately provided; source name retained as facility name	source cane-processing capacity class: Menor que 1.500.000	EPE ethanol-layer source plant type: Açúcar		ArcGIS OBJECTID 2926; service geometry -9.50890999969211,-36.022899999999936
br-epe-ethanol	475e5c49c661e82d	2896	SÃO MARTINHO S/A	Brazil	GO	QUIRINÓPOLIS	-18.432976	-50.261442	EPE-published latitude/longitude attribute and point geometry	Etanol Milho Flex	Ampliação	not separately provided; source name retained as facility name	291547.619048 corn processing t; 750.0 anhydrous ethanol m3/day; 790.0 hydrated ethanol m3/day	EPE ethanol-layer source plant type: Etanol Milho Flex		ArcGIS OBJECTID 2896; service geometry -18.432976000433275,-50.261441999999924
br-epe-ethanol	4772d24f2e5b6b73	2917	CLEALCO AÇÚCAR E ÁLCOOL S/A	Brazil	SP	CLEMENTINA	-21.582	-50.4311	EPE-published latitude/longitude attribute and point geometry	Etanol 1G e Açúcar	Em operação	not separately provided; source name retained as facility name	source cane-processing capacity class: Entre 2.500.000 e 3.500.000; 530.0 hydrated ethanol m3/day	EPE ethanol-layer source plant type: Etanol 1G e Açúcar		ArcGIS OBJECTID 2917; service geometry -21.582000000353936,-50.43109999999996
br-epe-ethanol	479a4916766e7b41	2906	AGROPECUÁRIA JAYORO LTDA.	Brazil	AM	PRESIDENTE FIGUEIREDO	-1.987763	-60.14145	EPE-published latitude/longitude attribute and point geometry	Etanol 1G e Açúcar	Em operação	not separately provided; source name retained as facility name	source cane-processing capacity class: Menor que 1.500.000; 250.0 hydrated ethanol m3/day	EPE ethanol-layer source plant type: Etanol 1G e Açúcar		ArcGIS OBJECTID 2906; service geometry -1.9877629999344717,-60.14144999999997
br-epe-ethanol	47aab5bdc1226387	3148	PITANGUEIRAS AÇÚCAR E ÁLCOOL LTDA.	Brazil	SP	PITANGUEIRAS	-21.05223	-48.26262	EPE-published latitude/longitude attribute and point geometry	Etanol 1G e Açúcar	Em operação	not separately provided; source name retained as facility name	source cane-processing capacity class: Entre 2.500.000 e 3.500.000; 330.0 anhydrous ethanol m3/day; 600.0 hydrated ethanol m3/day	EPE ethanol-layer source plant type: Etanol 1G e Açúcar		ArcGIS OBJECTID 3148; service geometry -21.052230000366734,-48.26261999999997
br-epe-ethanol	486899953f33e548	3222	RUBIATABA INDUSTRIAL S.A.	Brazil	GO	URUAÇU	-14.416294	-49.065506	EPE-published latitude/longitude attribute and point geometry	Etanol Cana 1G	Em operação	not separately provided; source name retained as facility name	source cane-processing capacity class: Menor que 1.500.000; 500.0 hydrated ethanol m3/day	EPE ethanol-layer source plant type: Etanol Cana 1G		ArcGIS OBJECTID 3222; service geometry -14.416293999544388,-49.06550599999997
br-epe-ethanol	489d8de3b26aa12a	3178	NARDINI AGROINDUSTRIAL LTDA.	Brazil	SP	VISTA ALEGRE DO ALTO	-21.18546	-48.65417	EPE-published latitude/longitude attribute and point geometry	Etanol 1G e Açúcar	Em operação	not separately provided; source name retained as facility name	source cane-processing capacity class: Entre 4.500.000 e 5.500.000; 650.0 anhydrous ethanol m3/day; 1050.0 hydrated ethanol m3/day	EPE ethanol-layer source plant type: Etanol 1G e Açúcar		ArcGIS OBJECTID 3178; service geometry -21.18546000036351,-48.654169999999965
br-epe-ethanol	48eebddb3db1aa78	3065	USINA LAGUNA ÁLCOOL E AÇÚCAR LTDA	Brazil	MS	BATAYPORÃ	-22.462157	-53.299048	EPE-published latitude/longitude attribute and point geometry	Etanol 1G e Açúcar	Em operação	not separately provided; source name retained as facility name	source cane-processing capacity class: Menor que 1.500.000; 750.0 hydrated ethanol m3/day	EPE ethanol-layer source plant type: Etanol 1G e Açúcar		ArcGIS OBJECTID 3065; service geometry -22.462157000333104,-53.299047999999964
br-epe-ethanol	49083a7cd7a81568	3070	ATVOS BIOENERGIA SANTA LUZIA S.A.	Brazil	MS	NOVA ALVORADA DO SUL	-21.58843	-54.246976	EPE-published latitude/longitude attribute and point geometry	Etanol Cana 1G	Em operação	not separately provided; source name retained as facility name	source cane-processing capacity class: Maior que 5.500.000; 900.0 anhydrous ethanol m3/day; 2700.0 hydrated ethanol m3/day	EPE ethanol-layer source plant type: Etanol Cana 1G		ArcGIS OBJECTID 3070; service geometry -21.588430000353757,-54.24697599999996
br-epe-ethanol	49771e43557d791f	3022	SANTA JULIANA BIOENERGIA LTDA.	Brazil	MG	SANTA JULIANA	-19.54412	-47.425823	EPE-published latitude/longitude attribute and point geometry	Etanol 1G e Açúcar	Em operação	not separately provided; source name retained as facility name	source cane-processing capacity class: Entre 3.500.000 e 4.500.000; 700.0 anhydrous ethanol m3/day; 1200.0 hydrated ethanol m3/day	EPE ethanol-layer source plant type: Etanol 1G e Açúcar		ArcGIS OBJECTID 3022; service geometry -19.544120000404455,-47.42582299999999
br-epe-ethanol	49c8aa1161ad9865	3083	RIO VERMELHO AÇÚCAR E ÁLCOOL LTDA.	Brazil	SP	JUNQUEIRÓPOLIS	-21.339	-51.366	EPE-published latitude/longitude attribute and point geometry	Etanol 1G e Açúcar	Em operação	not separately provided; source name retained as facility name	source cane-processing capacity class: Entre 3.500.000 e 4.500.000; 500.0 anhydrous ethanol m3/day; 490.0 hydrated ethanol m3/day	EPE ethanol-layer source plant type: Etanol 1G e Açúcar		ArcGIS OBJECTID 3083; service geometry -21.33900000035975,-51.365999999999985
br-epe-ethanol	4a583d0962e47494	3234	RAÍZEN IGUARA PASSA TEMPO AGROINDUSTRIAL LTDA	Brazil	MS	RIO BRILHANTE	-21.5178	-54.7111	EPE-published latitude/longitude attribute and point geometry	Etanol 1G e Açúcar	Em operação	not separately provided; source name retained as facility name	source cane-processing capacity class: Entre 3.500.000 e 4.500.000; 750.0 anhydrous ethanol m3/day; 950.0 hydrated ethanol m3/day	EPE ethanol-layer source plant type: Etanol 1G e Açúcar		ArcGIS OBJECTID 3234; service geometry -21.517800000355457,-54.71109999999993
br-epe-ethanol	4a6461f5fc5f279c	3024	ITUIUTABA BIOENERGIA LTDA.	Brazil	MG	ITUIUTABA	-19.014879	-49.675681	EPE-published latitude/longitude attribute and point geometry	Etanol 1G e Açúcar	Em operação	not separately provided; source name retained as facility name	source cane-processing capacity class: Entre 1.500.000 e 2.500.000; 800.0 anhydrous ethanol m3/day; 900.0 hydrated ethanol m3/day	EPE ethanol-layer source plant type: Etanol 1G e Açúcar		ArcGIS OBJECTID 3024; service geometry -19.014879000418084,-49.67568099999994
br-epe-ethanol	4af504e6aa998ff1	2899	SAFRAS INDÚSTRIA E COMÉRCIO DE BIOCOMBUSTÍVEIS LTDA.	Brazil	MT	SORRISO	-12.29599	-55.579402	EPE-published latitude/longitude attribute and point geometry	Etanol Milho Full	Ampliação	not separately provided; source name retained as facility name	21726.190476 corn processing t; 25.0 hydrated ethanol m3/day	EPE ethanol-layer source plant type: Etanol Milho Full		ArcGIS OBJECTID 2899; service geometry -12.295989999606839,-55.57940169999994
br-epe-ethanol	4e79a30e9bf5c4cd	3048	DESTILARIA W.D. LTDA.	Brazil	MG	JOÃO PINHEIRO	-18.2177	-45.9906	EPE-published latitude/longitude attribute and point geometry	Etanol 1G e Açúcar	Em operação	not separately provided; source name retained as facility name	source cane-processing capacity class: Entre 1.500.000 e 2.500.000; 220.0 anhydrous ethanol m3/day; 450.0 hydrated ethanol m3/day	EPE ethanol-layer source plant type: Etanol 1G e Açúcar		ArcGIS OBJECTID 3048; service geometry -18.21770000043901,-45.99059999999997
br-epe-ethanol	4ec181ce3796ceab	3035	COMPANHIA INDUSTRIAL E AGRÍCOLA OMETTO	Brazil	SP	IRACEMÁPOLIS	-22.58636	-47.53108	EPE-published latitude/longitude attribute and point geometry	Etanol 1G e Açúcar	Em operação	not separately provided; source name retained as facility name	source cane-processing capacity class: Entre 2.500.000 e 3.500.000; 850.0 anhydrous ethanol m3/day; 1100.0 hydrated ethanol m3/day	EPE ethanol-layer source plant type: Etanol 1G e Açúcar		ArcGIS OBJECTID 3035; service geometry -22.586360000330192,-47.53107999999998
br-epe-ethanol	4eeda58172ebc62a	2970	ITUMBIARA BIOENERGIA S.A	Brazil	GO	ITUMBIARA	-18.517327	-49.361207	EPE-published latitude/longitude attribute and point geometry	Etanol 1G e Açúcar	Em operação	not separately provided; source name retained as facility name	source cane-processing capacity class: Entre 2.500.000 e 3.500.000; 800.0 anhydrous ethanol m3/day; 900.0 hydrated ethanol m3/day	EPE ethanol-layer source plant type: Etanol 1G e Açúcar		ArcGIS OBJECTID 2970; service geometry -18.51732700043109,-49.36120699999998
br-epe-ethanol	50ce8f015ba72950	3324	OLFAR S.A. ALIMENTO E ENERGIA	Brazil	RS	ERECHIM	-27.66786	-52.2894	EPE-published latitude/longitude attribute and point geometry	Etanol Milho Full	Construção	not separately provided; source name retained as facility name	29547.619048 corn processing t; 34.0 hydrated ethanol m3/day	EPE ethanol-layer source plant type: Etanol Milho Full		ArcGIS OBJECTID 3324; service geometry -27.667860000223392,-52.28939999999995
br-epe-ethanol	5113a576223e8e39	3156	USINA SÃO MARTINHO S/A	Brazil	SP	PRADÓPOLIS	-21.31472	-48.12295	EPE-published latitude/longitude attribute and point geometry	Etanol 1G e Açúcar	Em operação	not separately provided; source name retained as facility name	source cane-processing capacity class: Maior que 5.500.000; 2050.0 anhydrous ethanol m3/day; 2190.0 hydrated ethanol m3/day	EPE ethanol-layer source plant type: Etanol 1G e Açúcar		ArcGIS OBJECTID 3156; service geometry -21.31472000036036,-48.122949999999946
br-epe-ethanol	513c51311bc91ab2	3293	NEOMILLE S.A.	Brazil	MS	MARACAJU	-21.77096	-54.97041	EPE-published latitude/longitude attribute and point geometry	Etanol Milho Full	Em operação	not separately provided; source name retained as facility name	608000.0 corn processing t; 893.0 anhydrous ethanol m3/day; 893.0 hydrated ethanol m3/day	EPE ethanol-layer source plant type: Etanol Milho Full		ArcGIS OBJECTID 3293; service geometry -21.770960000349366,-54.97040999999996
br-epe-ethanol	5164b3237d48282f	3162	USINA COLOMBO S/A AÇÚCAR E ÁLCOOL	Brazil	SP	SANTA ALBERTINA	-20.03954	-50.67597	EPE-published latitude/longitude attribute and point geometry	Etanol 1G e Açúcar	Em operação	not separately provided; source name retained as facility name	source cane-processing capacity class: Entre 1.500.000 e 2.500.000; 1000.0 hydrated ethanol m3/day	EPE ethanol-layer source plant type: Etanol 1G e Açúcar		ArcGIS OBJECTID 3162; service geometry -20.039540000391906,-50.67596999999995
br-epe-ethanol	527a62005fbaa840	3046	COSAN S.A. AÇÚCAR E ÁLCOOL	Brazil	SP	ARAÇATUBA	-21.0578	-50.4656	EPE-published latitude/longitude attribute and point geometry	Etanol 1G e Açúcar	Em operação	not separately provided; source name retained as facility name	source cane-processing capacity class: Entre 1.500.000 e 2.500.000; 250.0 anhydrous ethanol m3/day; 500.0 hydrated ethanol m3/day	EPE ethanol-layer source plant type: Etanol 1G e Açúcar		ArcGIS OBJECTID 3046; service geometry -21.057800000366637,-50.46559999999993
br-epe-ethanol	52dee9b07645a5a1	3319	BIOCOMBUSTÍVEIS DO OESTE S.A.	Brazil	BA	JABORANDI	-14.089819	-45.734013	EPE-published latitude/longitude attribute and point geometry	Etanol Milho Full	Construção	not separately provided; source name retained as facility name	812559.52381 corn processing t; 900.0 anhydrous ethanol m3/day; 935.0 hydrated ethanol m3/day	EPE ethanol-layer source plant type: Etanol Milho Full		ArcGIS OBJECTID 3319; service geometry -14.089818999553898,-45.73401279999996
br-epe-ethanol	530f59f1576721f1	3209	RAIZEN CAARAPO AC AL LTDA	Brazil	SP	MARACAÍ	-22.57508	-50.65362	EPE-published latitude/longitude attribute and point geometry	Etanol 1G e Açúcar	Em operação	not separately provided; source name retained as facility name	source cane-processing capacity class: Entre 3.500.000 e 4.500.000; 690.0 anhydrous ethanol m3/day; 635.0 hydrated ethanol m3/day	EPE ethanol-layer source plant type: Etanol 1G e Açúcar		ArcGIS OBJECTID 3209; service geometry -22.57508000033045,-50.65361999999993
br-epe-ethanol	54bd38417b70e1b3	3038	CUCAU AÇÚCAR E ETANOL S/A	Brazil	PE	RIO FORMOSO	-8.64092	-35.2712	EPE-published latitude/longitude attribute and point geometry	Etanol 1G e Açúcar	Em operação	not separately provided; source name retained as facility name	source cane-processing capacity class: Menor que 1.500.000; 300.0 anhydrous ethanol m3/day; 600.0 hydrated ethanol m3/day	EPE ethanol-layer source plant type: Etanol 1G e Açúcar		ArcGIS OBJECTID 3038; service geometry -8.64091999971928,-35.271199999999965
br-epe-ethanol	54d7260456552e96	3188	USINA DE AÇÚCAR SANTA TEREZINHA LTDA.	Brazil	PR	UMUARAMA	-23.666596	-53.410588	EPE-published latitude/longitude attribute and point geometry	Etanol 1G e Açúcar	Em operação	not separately provided; source name retained as facility name	source cane-processing capacity class: Menor que 1.500.000; 350.0 hydrated ethanol m3/day	EPE ethanol-layer source plant type: Etanol 1G e Açúcar		ArcGIS OBJECTID 3188; service geometry -23.666596000305606,-53.41058799999996
br-epe-ethanol	55044c01bfd20945	2939	IRMÃOS BIAGI S/A AÇÚCAR E ÁLCOOL	Brazil	SP	BURITIZAL	-20.2184	-47.6535	EPE-published latitude/longitude attribute and point geometry	Etanol Cana 1G	Em operação	not separately provided; source name retained as facility name	source cane-processing capacity class: Entre 3.500.000 e 4.500.000; 1320.0 anhydrous ethanol m3/day; 2400.0 hydrated ethanol m3/day	EPE ethanol-layer source plant type: Etanol Cana 1G		ArcGIS OBJECTID 2939; service geometry -20.21840000038739,-47.65349999999996
br-epe-ethanol	568df4cc239ddabb	3145	DESTILARIA ÁGUA BONITA LTDA.	Brazil	SP	TARUMÃ	-22.746	-50.6015	EPE-published latitude/longitude attribute and point geometry	Etanol 1G e Açúcar	Em operação	not separately provided; source name retained as facility name	source cane-processing capacity class: Entre 1.500.000 e 2.500.000; 350.0 hydrated ethanol m3/day	EPE ethanol-layer source plant type: Etanol 1G e Açúcar		ArcGIS OBJECTID 3145; service geometry -22.746000000326514,-50.60149999999993
br-epe-ethanol	57b346b99f2a4a6c	3119	USINA SÃO TOMÉ S/A	Brazil	PR	SÃO TOMÉ	-23.5424	-52.6501	EPE-published latitude/longitude attribute and point geometry	Etanol Cana 1G	Em operação	not separately provided; source name retained as facility name	source cane-processing capacity class: Menor que 1.500.000; 550.0 hydrated ethanol m3/day	EPE ethanol-layer source plant type: Etanol Cana 1G		ArcGIS OBJECTID 3119; service geometry -23.5424000003084,-52.65009999999995
br-epe-ethanol	57ce7d1939cf60d0	2952	USINA SANTA LÚCIA S/A	Brazil	SP	ARARAS	-22.3353	-47.4054	EPE-published latitude/longitude attribute and point geometry	Etanol 1G e Açúcar	Em operação	not separately provided; source name retained as facility name	source cane-processing capacity class: Entre 1.500.000 e 2.500.000; 310.0 anhydrous ethanol m3/day; 500.0 hydrated ethanol m3/day	EPE ethanol-layer source plant type: Etanol 1G e Açúcar		ArcGIS OBJECTID 2952; service geometry -22.33530000033604,-47.405399999999986
br-epe-ethanol	588eabf220aeb008	3225	RAIZEN ENERGIA S.A.	Brazil	SP	BROTAS	-22.3493	-48.1055	EPE-published latitude/longitude attribute and point geometry	Etanol 1G e Açúcar	Em operação	not separately provided; source name retained as facility name	source cane-processing capacity class: Entre 1.500.000 e 2.500.000; 625.0 hydrated ethanol m3/day	EPE ethanol-layer source plant type: Etanol 1G e Açúcar		ArcGIS OBJECTID 3225; service geometry -22.349300000335734,-48.10549999999996
br-epe-ethanol	59720125ffd04e8d	3085	AGROPECUÁRIA NOVO MILÊNIO LTDA	Brazil	MT	LAMBARI D'OESTE	-15.397244	-57.949206	EPE-published latitude/longitude attribute and point geometry	Etanol Cana 1G	Em operação	not separately provided; source name retained as facility name	source cane-processing capacity class: Menor que 1.500.000; 470.0 anhydrous ethanol m3/day; 770.0 hydrated ethanol m3/day	EPE ethanol-layer source plant type: Etanol Cana 1G		ArcGIS OBJECTID 3085; service geometry -15.39724399951635,-57.94920599999995
br-epe-ethanol	5a16f7281c3bf2b5	3212	SALTO BOTELHO AGROENERGIA S.A.	Brazil	SP	LUCÉLIA	-21.5661	-50.9598	EPE-published latitude/longitude attribute and point geometry	Etanol 1G e Açúcar	Em operação	not separately provided; source name retained as facility name	source cane-processing capacity class: Entre 1.500.000 e 2.500.000; 400.0 anhydrous ethanol m3/day; 600.0 hydrated ethanol m3/day	EPE ethanol-layer source plant type: Etanol 1G e Açúcar		ArcGIS OBJECTID 3212; service geometry -21.566100000354275,-50.95979999999997
br-epe-ethanol	5a63e0e6c58f4937	3223	VIRALCOOL AÇÚCAR E ÁLCOOL LTDA	Brazil	SP	SERTÃOZINHO	-21.0861	-48.0343	EPE-published latitude/longitude attribute and point geometry	Etanol Cana 1G	Em operação	not separately provided; source name retained as facility name	source cane-processing capacity class: Entre 1.500.000 e 2.500.000; 390.0 hydrated ethanol m3/day	EPE ethanol-layer source plant type: Etanol Cana 1G		ArcGIS OBJECTID 3223; service geometry -21.086100000365935,-48.03429999999997
br-epe-ethanol	5c3a15f506043f3a	3122	CENTRAL ENERGÉTICA MORENO DE MONTE APRAZÍVEL AÇÚCAR E ÁLCOOL LTDA.	Brazil	SP	MONTE APRAZÍVEL	-20.7493	-49.7179	EPE-published latitude/longitude attribute and point geometry	Etanol 1G e Açúcar	Em operação	not separately provided; source name retained as facility name	source cane-processing capacity class: Entre 2.500.000 e 3.500.000; 820.0 anhydrous ethanol m3/day; 900.0 hydrated ethanol m3/day	EPE ethanol-layer source plant type: Etanol 1G e Açúcar		ArcGIS OBJECTID 3122; service geometry -20.74930000037416,-49.717899999999986
br-epe-ethanol	5c40a308c2da16af	3079	BRANCO PERES AGRO S/A	Brazil	SP	ADAMANTINA	-21.4898	-51.0297	EPE-published latitude/longitude attribute and point geometry	Etanol 1G e Açúcar	Em operação	not separately provided; source name retained as facility name	source cane-processing capacity class: Entre 1.500.000 e 2.500.000; 180.0 anhydrous ethanol m3/day; 380.0 hydrated ethanol m3/day	EPE ethanol-layer source plant type: Etanol 1G e Açúcar		ArcGIS OBJECTID 3079; service geometry -21.48980000035611,-51.02969999999994
br-epe-ethanol	5c8b2af5d12a44d5	3109	USINA SANTA ISABEL S/A	Brazil	SP	MENDONÇA	-21.15307	-49.6115	EPE-published latitude/longitude attribute and point geometry	Etanol 1G e Açúcar	Em operação	not separately provided; source name retained as facility name	source cane-processing capacity class: Entre 2.500.000 e 3.500.000; 600.0 hydrated ethanol m3/day	EPE ethanol-layer source plant type: Etanol 1G e Açúcar		ArcGIS OBJECTID 3109; service geometry -21.15307000036428,-49.61149999999997
br-epe-ethanol	5d06049d532cb566	3086	USINA SÃO FRANCISCO S/A	Brazil	SP	BARRINHA	-21.17376	-48.12047	EPE-published latitude/longitude attribute and point geometry	Etanol Cana 1G	Em operação	not separately provided; source name retained as facility name	source cane-processing capacity class: Menor que 1.500.000; 400.0 hydrated ethanol m3/day	EPE ethanol-layer source plant type: Etanol Cana 1G		ArcGIS OBJECTID 3086; service geometry -21.173760000363774,-48.120469999999955
br-epe-ethanol	5d8abc7f9c6b4a89	3231	NEXUS PRODUÇÃO E COMERCIALIZAÇÃO DE BIOENERGIA LTDA.	Brazil	RS	SÃO SEBASTIÃO DO CAÍ	-29.582954	-51.34944	EPE-published latitude/longitude attribute and point geometry	Etanol 1G	Em operação	not separately provided; source name retained as facility name	1.0 hydrated ethanol m3/day	EPE ethanol-layer source plant type: Etanol 1G		ArcGIS OBJECTID 3231; service geometry -29.582954000189343,-51.34943999999996
br-epe-ethanol	5d93a81f329802a9	3202	TRIO COMÉRCIO DE AÇÚCAR E LOGÍSTICA LTDA	Brazil	RS	NOVA SANTA RITA	-29.84	-51.27	EPE-published latitude/longitude attribute and point geometry	Etanol 1G	Em operação	not separately provided; source name retained as facility name	1.0 hydrated ethanol m3/day	EPE ethanol-layer source plant type: Etanol 1G		ArcGIS OBJECTID 3202; service geometry -29.840000000185054,-51.26999999999999
br-epe-ethanol	5db87a4ce4eac93a	2928	VALE DO VERDÃO S/A AÇÚCAR E ÁLCOOL	Brazil	GO	TURVELÂNDIA	-17.9702	-50.3163	EPE-published latitude/longitude attribute and point geometry	Etanol 1G e Açúcar	Em operação	not separately provided; source name retained as facility name	source cane-processing capacity class: Entre 2.500.000 e 3.500.000; 850.0 anhydrous ethanol m3/day; 1280.0 hydrated ethanol m3/day	EPE ethanol-layer source plant type: Etanol 1G e Açúcar		ArcGIS OBJECTID 2928; service geometry -17.970200000445587,-50.316299999999956
br-epe-ethanol	5de07151762a6c06	3018	USINA IPOJUCA S/A	Brazil	PE	IPOJUCA	-8.39317	-35.0916	EPE-published latitude/longitude attribute and point geometry	Etanol 1G e Açúcar	Em operação	not separately provided; source name retained as facility name	source cane-processing capacity class: Menor que 1.500.000; 100.0 anhydrous ethanol m3/day; 150.0 hydrated ethanol m3/day	EPE ethanol-layer source plant type: Etanol 1G e Açúcar		ArcGIS OBJECTID 3018; service geometry -8.393169999727096,-35.09159999999998
br-epe-ethanol	5e09dc283a4a8cf3	3186	CANÁPOLIS AÇÚCAR E ETANOL S.A.	Brazil	MG	CANÁPOLIS	-18.876	-49.2619	EPE-published latitude/longitude attribute and point geometry	Etanol 1G e Açúcar	Em operação	not separately provided; source name retained as facility name	source cane-processing capacity class: Entre 1.500.000 e 2.500.000; 300.0 anhydrous ethanol m3/day; 750.0 hydrated ethanol m3/day	EPE ethanol-layer source plant type: Etanol 1G e Açúcar		ArcGIS OBJECTID 3186; service geometry -18.876000000421705,-49.26189999999997
br-epe-ethanol	5e81137830a86368	3010	COOP. AGRÍCOLA DE PRODUTOR DE CANA DO VALE DO IVAÍ	Brazil	PR	JANDAIA DO SUL	-23.6859	-51.6926	EPE-published latitude/longitude attribute and point geometry	Etanol Milho Flex	Em operação	not separately provided; source name retained as facility name	source cane-processing capacity class: Menor que 1.500.000; 147619.047619 corn processing t; 200.0 anhydrous ethanol m3/day; 400.0 hydrated ethanol m3/day	EPE ethanol-layer source plant type: Etanol Milho Flex		ArcGIS OBJECTID 3010; service geometry -23.68590000030515,-51.69259999999997
br-epe-ethanol	5f4c7d3ed6d1fcd4	3090	USINA ALTO ALEGRE S.A. AÇÚCAR E ÁLCOOL	Brazil	PR	FLORESTÓPOLIS	-22.8737	-51.4121	EPE-published latitude/longitude attribute and point geometry	Etanol 1G e Açúcar	Em operação	not separately provided; source name retained as facility name	source cane-processing capacity class: Menor que 1.500.000; 600.0 hydrated ethanol m3/day	EPE ethanol-layer source plant type: Etanol 1G e Açúcar		ArcGIS OBJECTID 3090; service geometry -22.87370000032357,-51.41209999999996
br-epe-ethanol	600ea1d3bf0fde51	3064	ADECOAGRO VALE DO IVINHEMA	Brazil	MS	IVINHEMA	-22.392629	-53.885372	EPE-published latitude/longitude attribute and point geometry	Etanol 1G e Açúcar	Em operação	not separately provided; source name retained as facility name	source cane-processing capacity class: Maior que 5.500.000; 600.0 anhydrous ethanol m3/day; 1900.0 hydrated ethanol m3/day	EPE ethanol-layer source plant type: Etanol 1G e Açúcar		ArcGIS OBJECTID 3064; service geometry -22.39262900033468,-53.88537199999996
br-epe-ethanol	6022ce47d8cd54f9	3175	ZAMBIANCO AÇÚCAR E ÁLCOOL LTDA.	Brazil	SP	TIETÊ	-22.9736	-47.79461	EPE-published latitude/longitude attribute and point geometry	Etanol 1G e Açúcar	Em operação	not separately provided; source name retained as facility name	source cane-processing capacity class: Menor que 1.500.000; 120.0 hydrated ethanol m3/day	EPE ethanol-layer source plant type: Etanol 1G e Açúcar		ArcGIS OBJECTID 3175; service geometry -22.973600000321273,-47.79460999999998
br-epe-ethanol	602e78021a6bb92e	3169	USINA SÃO FRANCISCO S/A	Brazil	SP	SERTÃOZINHO	-21.1363	-48.06127	EPE-published latitude/longitude attribute and point geometry	Açúcar	Em operação	not separately provided; source name retained as facility name	source cane-processing capacity class: Menor que 1.500.000	EPE ethanol-layer source plant type: Açúcar		ArcGIS OBJECTID 3169; service geometry -21.136300000364674,-48.06126999999998
br-epe-ethanol	6092f018d620c2a2	3312	INPASA AGROINDUSTRIAL S.A.	Brazil	GO	RIO VERDE	-17.81309	-51.09932	EPE-published latitude/longitude attribute and point geometry	Etanol Milho Full	Construção	not separately provided; source name retained as facility name	1225357.142857 corn processing t; 1410.0 anhydrous ethanol m3/day; 1410.0 hydrated ethanol m3/day	EPE ethanol-layer source plant type: Etanol Milho Full		ArcGIS OBJECTID 3312; service geometry -17.813090000449797,-51.099319999999985
br-epe-ethanol	6168dbd733078646	3198	UPI SÃO LUIS LTDA	Brazil	SP	PIRASSUNUNGA	-21.8853	-47.3059	EPE-published latitude/longitude attribute and point geometry	Etanol 1G e Açúcar	Em operação	not separately provided; source name retained as facility name	source cane-processing capacity class: Entre 2.500.000 e 3.500.000; 200.0 anhydrous ethanol m3/day; 600.0 hydrated ethanol m3/day	EPE ethanol-layer source plant type: Etanol 1G e Açúcar		ArcGIS OBJECTID 3198; service geometry -21.88530000034667,-47.305899999999944
br-epe-ethanol	61699e8bda085545	2914	CENTRAL AÇUCAREIRA SANTO ANTONIO S/A FILIAL CAMARAGIBE	Brazil	AL	MATRIZ DE CAMARAGIBE	-9.128922	-35.549142	EPE-published latitude/longitude attribute and point geometry	Açúcar	Em operação	not separately provided; source name retained as facility name	source cane-processing capacity class: Menor que 1.500.000	EPE ethanol-layer source plant type: Açúcar		ArcGIS OBJECTID 2914; service geometry -9.128921999703957,-35.54914199999996
br-epe-ethanol	6243acebee75248d	3291	LOUIS DREYFUS COMPANY BRASIL S.A.	Brazil	RS	SÃO SEBASTIÃO DO CAÍ	-29.59	-51.2232	EPE-published latitude/longitude attribute and point geometry	Etanol 1G	Em operação	not separately provided; source name retained as facility name	2027.777778 corn processing t; 1.0 hydrated ethanol m3/day	EPE ethanol-layer source plant type: Etanol 1G		ArcGIS OBJECTID 3291; service geometry -29.590000000189235,-51.22319999999996
br-epe-ethanol	62ab7eabe8a31fc0	2931	USINA SERRA GRANDE S/A	Brazil	AL	SÃO JOSÉ DA LAJE	-8.972735	-36.065696	EPE-published latitude/longitude attribute and point geometry	Etanol 1G e Açúcar	Em operação	not separately provided; source name retained as facility name	source cane-processing capacity class: Menor que 1.500.000; 180.0 anhydrous ethanol m3/day; 190.0 hydrated ethanol m3/day	EPE ethanol-layer source plant type: Etanol 1G e Açúcar		ArcGIS OBJECTID 2931; service geometry -8.972734999708857,-36.065695999999946
br-epe-ethanol	62cac5f8e866ea1d	3317	TRÊS TENTOS AGROINDUSTRIAL S.A.	Brazil	MT	PORTO ALEGRE DO NORTE	-10.5247	-51.3815	EPE-published latitude/longitude attribute and point geometry	Etanol Milho Full	Construção	not separately provided; source name retained as facility name	1108035.714286 corn processing t; 1215.0 anhydrous ethanol m3/day; 1275.0 hydrated ethanol m3/day	EPE ethanol-layer source plant type: Etanol Milho Full		ArcGIS OBJECTID 3317; service geometry -10.524699999660623,-51.38149999999996
br-epe-ethanol	63719a0c77705c60	3183	USINA GIASA LTDA	Brazil	PB	PEDRAS DE FOGO	-7.35339	-35.0283	EPE-published latitude/longitude attribute and point geometry	Etanol 1G e Açúcar	Em operação	not separately provided; source name retained as facility name	source cane-processing capacity class: Menor que 1.500.000; 500.0 anhydrous ethanol m3/day; 800.0 hydrated ethanol m3/day	EPE ethanol-layer source plant type: Etanol 1G e Açúcar		ArcGIS OBJECTID 3183; service geometry -7.353389999760086,-35.028299999999945
br-epe-ethanol	648f078abe45118a	3266	USINA ESTIVAS LTDA	Brazil	RN	ARÊS	-6.23291	-35.21	EPE-published latitude/longitude attribute and point geometry	Etanol 1G e Açúcar	Ampliação	not separately provided; source name retained as facility name	200.0 anhydrous ethanol m3/day; 50.0 hydrated ethanol m3/day	EPE ethanol-layer source plant type: Etanol 1G e Açúcar		ArcGIS OBJECTID 3266; service geometry -6.232909999796009,-35.20999999999998
br-epe-ethanol	64ada69244e35f83	3221	COOPERATIVA DO VALE DE PERNAMBUCO	Brazil	PE	JOAQUIM NABUCO	-8.62536	-35.5257	EPE-published latitude/longitude attribute and point geometry	Etanol 1G e Açúcar	Em operação	not separately provided; source name retained as facility name	source cane-processing capacity class: Menor que 1.500.000; 280.0 anhydrous ethanol m3/day; 400.0 hydrated ethanol m3/day	EPE ethanol-layer source plant type: Etanol 1G e Açúcar		ArcGIS OBJECTID 3221; service geometry -8.625359999719773,-35.52569999999997
br-epe-ethanol	6608bbb688f334be	3097	RAIZEN CENTRO-SUL PAULISTA S.A	Brazil	SP	COLÔMBIA	-20.2363	-48.6236	EPE-published latitude/longitude attribute and point geometry	Etanol 1G e Açúcar	Em operação	not separately provided; source name retained as facility name	source cane-processing capacity class: Entre 2.500.000 e 3.500.000; 550.0 hydrated ethanol m3/day	EPE ethanol-layer source plant type: Etanol 1G e Açúcar		ArcGIS OBJECTID 3097; service geometry -20.236300000386947,-48.62359999999995
br-epe-ethanol	66f5a35f776e18b7	3246	IRMÃOS MALOSSO LTDA.	Brazil	SP	ITÁPOLIS	-21.62772	-48.83048	EPE-published latitude/longitude attribute and point geometry	Etanol Cana 1G	Ampliação	not separately provided; source name retained as facility name	180.0 hydrated ethanol m3/day	EPE ethanol-layer source plant type: Etanol Cana 1G		ArcGIS OBJECTID 3246; service geometry -21.627720000352795,-48.830479999999966
br-epe-ethanol	6756baa86aeeba33	3267	USINA RIO PARDO S/A	Brazil	SP	CERQUEIRA CÉSAR	-22.914077	-49.000187	EPE-published latitude/longitude attribute and point geometry	Etanol 1G e Açúcar	Ampliação	not separately provided; source name retained as facility name	320.0 anhydrous ethanol m3/day	EPE ethanol-layer source plant type: Etanol 1G e Açúcar		ArcGIS OBJECTID 3267; service geometry -22.914077000322614,-49.00018699999998
br-epe-ethanol	68c214030e584779	3275	CARAMURU ALIMENTOS S/A	Brazil	MT	SORRISO	-12.57224	-55.7181	EPE-published latitude/longitude attribute and point geometry	Etanol 1G	Em operação	not separately provided; source name retained as facility name	101388.888889 corn processing t; 50.0 hydrated ethanol m3/day	EPE ethanol-layer source plant type: Etanol 1G		ArcGIS OBJECTID 3275; service geometry -12.572239999598569,-55.71809999999993
br-epe-ethanol	68dc4b83374a9979	2920	COOP. AGR. PROD. CANA DE CAMPO NOVO DO PARECIS LTDA.	Brazil	MT	CAMPO NOVO DO PARECIS	-13.7875	-57.8388	EPE-published latitude/longitude attribute and point geometry	Etanol Milho Flex	Em operação	not separately provided; source name retained as facility name	source cane-processing capacity class: Entre 3.500.000 e 4.500.000; 255500.0 corn processing t; 600.0 anhydrous ethanol m3/day; 1670.0 hydrated ethanol m3/day	EPE ethanol-layer source plant type: Etanol Milho Flex		ArcGIS OBJECTID 2920; service geometry -13.787499999562682,-57.838799999999935
br-epe-ethanol	6925e8552656ab60	2974	ENERGÉTICA SERRANÓPOLIS LTDA.	Brazil	GO	SERRANÓPOLIS	-18.383123	-52.106836	EPE-published latitude/longitude attribute and point geometry	Etanol 1G e Açúcar	Em operação	not separately provided; source name retained as facility name	source cane-processing capacity class: Entre 1.500.000 e 2.500.000; 250.0 anhydrous ethanol m3/day; 500.0 hydrated ethanol m3/day	EPE ethanol-layer source plant type: Etanol 1G e Açúcar		ArcGIS OBJECTID 2974; service geometry -18.383123000434615,-52.10683599999993
br-epe-ethanol	6968175a7fb0fd2f	2985	D'PÁDUA - DESTILAÇÃO, PRODUÇÃO	Brazil	PB	RIO TINTO	-6.6119	-35.0584	EPE-published latitude/longitude attribute and point geometry	Etanol Cana 1G	Em operação	not separately provided; source name retained as facility name	source cane-processing capacity class: Menor que 1.500.000; 330.0 anhydrous ethanol m3/day; 345.0 hydrated ethanol m3/day	EPE ethanol-layer source plant type: Etanol Cana 1G		ArcGIS OBJECTID 2985; service geometry -6.611899999783809,-35.05839999999995
br-epe-ethanol	699a60cd6e8208e3	3037	SANTA VITÓRIA AÇÚCAR E ÁLCOOL LTDA.	Brazil	MG	SANTA VITÓRIA	-18.774408	-50.232713	EPE-published latitude/longitude attribute and point geometry	Etanol 1G e Açúcar	Em operação	not separately provided; source name retained as facility name	source cane-processing capacity class: Entre 1.500.000 e 2.500.000; 1200.0 hydrated ethanol m3/day	EPE ethanol-layer source plant type: Etanol 1G e Açúcar		ArcGIS OBJECTID 3037; service geometry -18.774408000424323,-50.23271299999993
br-epe-ethanol	69ff8ee8b2b6f5ea	3144	FERRARI AGROINDUSTRIAL LTDA.	Brazil	SP	PIRASSUNUNGA	-21.84549	-47.36306	EPE-published latitude/longitude attribute and point geometry	Etanol 1G e Açúcar	Em operação	not separately provided; source name retained as facility name	source cane-processing capacity class: Entre 3.500.000 e 4.500.000; 350.0 anhydrous ethanol m3/day; 800.0 hydrated ethanol m3/day	EPE ethanol-layer source plant type: Etanol 1G e Açúcar		ArcGIS OBJECTID 3144; service geometry -21.845490000347628,-47.36305999999996
br-epe-ethanol	6b398f644d8ac08c	3274	ALD BIOENERGIA DECIOLÂNDIA S/A	Brazil	MT	NOVA MARILÂNDIA	-14.17507	-57.40743	EPE-published latitude/longitude attribute and point geometry	Etanol Milho Full	Em operação	not separately provided; source name retained as facility name	365000.0 corn processing t; 500.0 hydrated ethanol m3/day	EPE ethanol-layer source plant type: Etanol Milho Full		ArcGIS OBJECTID 3274; service geometry -14.175069999551383,-57.407429999999984
br-epe-ethanol	6bb504672f3d6740	3052	USIVALE INDUSTRIA E COMERCIO LTDA.	Brazil	PE	VICÊNCIA	-7.656455	-35.364455	EPE-published latitude/longitude attribute and point geometry	Açúcar	Em operação	not separately provided; source name retained as facility name	source cane-processing capacity class: Menor que 1.500.000	EPE ethanol-layer source plant type: Açúcar		ArcGIS OBJECTID 3052; service geometry -7.6564549997504345,-35.364454999999964
br-epe-ethanol	6be937cc3d9e6e7a	3310	HA-AGRO BIOENERGIA LTDA.	Brazil	MT	CARLINDA	-9.96591	-55.82329	EPE-published latitude/longitude attribute and point geometry	Etanol Milho Full	Construção	not separately provided; source name retained as facility name	1303571.428571 corn processing t; 1500.0 anhydrous ethanol m3/day; 1500.0 hydrated ethanol m3/day	EPE ethanol-layer source plant type: Etanol Milho Full		ArcGIS OBJECTID 3310; service geometry -9.965909999677894,-55.823289999999986
br-epe-ethanol	6c81df1b8ac0ef1c	3283	GEM AGROINDUSTRIAL E COMERCIAL LTDA.	Brazil	GO	ACREÚNA	-17.410169	-50.397066	EPE-published latitude/longitude attribute and point geometry	Etanol Milho Full	Em operação	not separately provided; source name retained as facility name	286785.714286 corn processing t; 330.0 hydrated ethanol m3/day	EPE ethanol-layer source plant type: Etanol Milho Full		ArcGIS OBJECTID 3283; service geometry -17.4101690004606,-50.39706599999994
br-epe-ethanol	6d6dda5cfe8a8d7c	2993	DACALDA AÇÚCAR E ÁLCOOL LTDA.	Brazil	PR	JACAREZINHO	-23.1609	-50.1031	EPE-published latitude/longitude attribute and point geometry	Etanol 1G e Açúcar	Em operação	not separately provided; source name retained as facility name	source cane-processing capacity class: Entre 1.500.000 e 2.500.000; 170.0 anhydrous ethanol m3/day; 420.0 hydrated ethanol m3/day	EPE ethanol-layer source plant type: Etanol 1G e Açúcar		ArcGIS OBJECTID 2993; service geometry -23.160900000316996,-50.10309999999998
br-epe-ethanol	6d6f3682ff5dc0b6	3118	USINA SÃO TOMÉ S.A.	Brazil	PR	RONDON	-23.3692	-52.7098	EPE-published latitude/longitude attribute and point geometry	Etanol 1G e Açúcar	Em operação	not separately provided; source name retained as facility name	source cane-processing capacity class: Entre 1.500.000 e 2.500.000; 400.0 hydrated ethanol m3/day	EPE ethanol-layer source plant type: Etanol 1G e Açúcar		ArcGIS OBJECTID 3118; service geometry -23.369200000312286,-52.70979999999997
br-epe-ethanol	6de7af85456d6469	3241	RAIZEN ENERGIA S.A.	Brazil	SP	BARRA BONITA	-22.4777	-48.5347	EPE-published latitude/longitude attribute and point geometry	Etanol 1G e Açúcar	Ampliação	not separately provided; source name retained as facility name	430.0 anhydrous ethanol m3/day	EPE ethanol-layer source plant type: Etanol 1G e Açúcar		ArcGIS OBJECTID 3241; service geometry -22.477700000332728,-48.53469999999992
br-epe-ethanol	6de881cba9966da2	3023	DESTILARIA CACHOEIRA LTDA.	Brazil	MG	TUPACIGUARA	-18.5179	-48.7277	EPE-published latitude/longitude attribute and point geometry	Etanol Cana 1G	Em operação	not separately provided; source name retained as facility name	source cane-processing capacity class: Menor que 1.500.000; 120.0 hydrated ethanol m3/day	EPE ethanol-layer source plant type: Etanol Cana 1G		ArcGIS OBJECTID 3023; service geometry -18.517900000431048,-48.72769999999997
br-epe-ethanol	6eaec0f3fc6d744e	2927	MAITY BIOENERGIA S/A	Brazil	MA	CAMPESTRE DO MARANHÃO	-6.11672	-47.2854	EPE-published latitude/longitude attribute and point geometry	Etanol 1G e Açúcar	Em operação	not separately provided; source name retained as facility name	source cane-processing capacity class: Menor que 1.500.000; 220.0 anhydrous ethanol m3/day; 300.0 hydrated ethanol m3/day	EPE ethanol-layer source plant type: Etanol 1G e Açúcar		ArcGIS OBJECTID 2927; service geometry -6.116719999799738,-47.28539999999998
br-epe-ethanol	6f64d53c7c0290a1	2957	USINA SANTA MARIA LTDA.	Brazil	BA	MEDEIROS NETO	-17.4577	-40.1393	EPE-published latitude/longitude attribute and point geometry	Etanol 1G e Açúcar	Em operação	not separately provided; source name retained as facility name	source cane-processing capacity class: Entre 1.500.000 e 2.500.000; 450.0 anhydrous ethanol m3/day; 1200.0 hydrated ethanol m3/day	EPE ethanol-layer source plant type: Etanol 1G e Açúcar		ArcGIS OBJECTID 2957; service geometry -17.45770000045936,-40.139299999999935
br-epe-ethanol	6f7c6c81eaca901e	3253	DESTILARIA SANTA IZABEL LTDA.	Brazil	SP	NOVO HORIZONTE	-21.51049	-49.2099	EPE-published latitude/longitude attribute and point geometry	Etanol 1G e Açúcar	Ampliação	not separately provided; source name retained as facility name	200.0 hydrated ethanol m3/day	EPE ethanol-layer source plant type: Etanol 1G e Açúcar		ArcGIS OBJECTID 3253; service geometry -21.510490000355606,-49.20989999999995
br-epe-ethanol	6f8c7ea3f95e24a3	3014	AÇÚCAR E ÁLCOOL OSWALDO RIBEIRO DE MENDONÇA LTDA.	Brazil	SP	GUAÍRA	-20.2832	-48.185	EPE-published latitude/longitude attribute and point geometry	Etanol 1G e Açúcar	Em operação	not separately provided; source name retained as facility name	source cane-processing capacity class: Maior que 5.500.000; 720.0 anhydrous ethanol m3/day; 1750.0 hydrated ethanol m3/day	EPE ethanol-layer source plant type: Etanol 1G e Açúcar		ArcGIS OBJECTID 3014; service geometry -20.283200000385765,-48.184999999999945
br-epe-ethanol	6fa8c7678737f891	2919	COMVAP AÇÚCAR E ÁLCOOL LTDA.	Brazil	PI	UNIÃO	-4.85328	-42.8844	EPE-published latitude/longitude attribute and point geometry	Etanol 1G e Açúcar	Em operação	not separately provided; source name retained as facility name	source cane-processing capacity class: Entre 1.500.000 e 2.500.000; 260.0 anhydrous ethanol m3/day; 360.0 hydrated ethanol m3/day	EPE ethanol-layer source plant type: Etanol 1G e Açúcar		ArcGIS OBJECTID 2919; service geometry -4.853279999840629,-42.88439999999997
br-epe-ethanol	71d667b1ea21bfd2	3072	USINA BATATAIS S/A AÇÚCAR E ÁLCOOL	Brazil	SP	BATATAIS	-20.7451	-47.5698	EPE-published latitude/longitude attribute and point geometry	Etanol 1G e Açúcar	Em operação	not separately provided; source name retained as facility name	source cane-processing capacity class: Entre 4.500.000 e 5.500.000; 600.0 anhydrous ethanol m3/day; 1000.0 hydrated ethanol m3/day	EPE ethanol-layer source plant type: Etanol 1G e Açúcar		ArcGIS OBJECTID 3072; service geometry -20.74510000037431,-47.56979999999993
br-epe-ethanol	71dcd4b8e6115f5e	3084	PORTO SEGURO DE ACUCAR, ETANOL E BIONERGIA	Brazil	MT	JACIARA	-15.9262	-55.2258	EPE-published latitude/longitude attribute and point geometry	Etanol Milho Flex	Em operação	not separately provided; source name retained as facility name	source cane-processing capacity class: Menor que 1.500.000; 146000.0 corn processing t; 240.0 anhydrous ethanol m3/day; 480.0 hydrated ethanol m3/day	EPE ethanol-layer source plant type: Etanol Milho Flex		ArcGIS OBJECTID 3084; service geometry -15.92619999950145,-55.225799999999936
br-epe-ethanol	72174b5a4e4b1fd1	3012	USINA PANORAMA S/A	Brazil	GO	ITUMBIARA	-18.338777	-49.865666	EPE-published latitude/longitude attribute and point geometry	Etanol 1G e Açúcar	Em operação	not separately provided; source name retained as facility name	source cane-processing capacity class: Entre 1.500.000 e 2.500.000; 400.0 anhydrous ethanol m3/day; 600.0 hydrated ethanol m3/day	EPE ethanol-layer source plant type: Etanol 1G e Açúcar		ArcGIS OBJECTID 3012; service geometry -18.338777000435815,-49.865665999999976
br-epe-ethanol	7223667ae058074c	2991	CENTRAL ENERGÉTICA MORRINHOS S.A.	Brazil	GO	MORRINHOS	-17.92889	-49.232644	EPE-published latitude/longitude attribute and point geometry	Etanol 1G e Açúcar	Em operação	not separately provided; source name retained as facility name	source cane-processing capacity class: Entre 1.500.000 e 2.500.000; 400.0 hydrated ethanol m3/day	EPE ethanol-layer source plant type: Etanol 1G e Açúcar		ArcGIS OBJECTID 2991; service geometry -17.928890000446692,-49.232643999999944
br-epe-ethanol	7343687ebb907349	3256	USINA BELA VISTA S.A	Brazil	SP	PONTAL	-20.9418	-48.08426	EPE-published latitude/longitude attribute and point geometry	Etanol 1G e Açúcar	Ampliação	not separately provided; source name retained as facility name	380.0 hydrated ethanol m3/day	EPE ethanol-layer source plant type: Etanol 1G e Açúcar		ArcGIS OBJECTID 3256; service geometry -20.94180000036943,-48.08425999999997
br-epe-ethanol	73661881a6f8a78d	3107	USINA ITAJOBI LTDA. AÇÚCAR E ÁLCOOL	Brazil	SP	MARAPOAMA	-21.1942	-49.1387	EPE-published latitude/longitude attribute and point geometry	Etanol 1G e Açúcar	Em operação	not separately provided; source name retained as facility name	source cane-processing capacity class: Entre 1.500.000 e 2.500.000; 300.0 anhydrous ethanol m3/day; 540.0 hydrated ethanol m3/day	EPE ethanol-layer source plant type: Etanol 1G e Açúcar		ArcGIS OBJECTID 3107; service geometry -21.194200000363278,-49.13869999999997
br-epe-ethanol	7684a0bc665ec2c4	3243	COOP. AGROINDUSTRIAL DO ESTADO DO RIO DE JANEIRO LTDA.	Brazil	RJ	CAMPOS DOS GOYTACAZES	-21.9034	-41.288	EPE-published latitude/longitude attribute and point geometry	Etanol 1G e Açúcar	Ampliação	not separately provided; source name retained as facility name	403.0 hydrated ethanol m3/day	EPE ethanol-layer source plant type: Etanol 1G e Açúcar		ArcGIS OBJECTID 3243; service geometry -21.903400000346238,-41.287999999999954
br-epe-ethanol	76b7c1b7b6404fc1	3200	COFCO INTERNACIONAL BRASIL S.A	Brazil	SP	POTIRENDABA	-21.10512	-49.3271	EPE-published latitude/longitude attribute and point geometry	Etanol 1G e Açúcar	Em operação	not separately provided; source name retained as facility name	source cane-processing capacity class: Entre 2.500.000 e 3.500.000; 500.0 anhydrous ethanol m3/day; 500.0 hydrated ethanol m3/day	EPE ethanol-layer source plant type: Etanol 1G e Açúcar		ArcGIS OBJECTID 3200; service geometry -21.105120000365435,-49.327099999999966
br-epe-ethanol	76bc26a92574047d	3320	FM DESTILARIA SUSTENTÁVEL LTDA.	Brazil	RS	MONTENEGRO	-29.79718	-51.50839	EPE-published latitude/longitude attribute and point geometry	Etanol 1G	Construção	not separately provided; source name retained as facility name	10138.888889 corn processing t; 5.0 hydrated ethanol m3/day	EPE ethanol-layer source plant type: Etanol 1G		ArcGIS OBJECTID 3320; service geometry -29.79718000018576,-51.50838999999996
br-epe-ethanol	77ad17076b6577ee	3056	COMPANHIA ALCOOLQUÍMICA NACIONAL	Brazil	PE	VITÓRIA DE SANTO ANTÃO	-8.226271	-35.275554	EPE-published latitude/longitude attribute and point geometry	Etanol 1G e Açúcar	Em operação	not separately provided; source name retained as facility name	source cane-processing capacity class: Menor que 1.500.000; 280.0 anhydrous ethanol m3/day; 550.0 hydrated ethanol m3/day	EPE ethanol-layer source plant type: Etanol 1G e Açúcar		ArcGIS OBJECTID 3056; service geometry -8.226270999732364,-35.275553999999936
br-epe-ethanol	77d390d459b6801b	2954	USINA TRAPICHE S/A	Brazil	PE	SIRINHAÉM	-8.580449	-35.129459	EPE-published latitude/longitude attribute and point geometry	Etanol 1G e Açúcar	Em operação	not separately provided; source name retained as facility name	source cane-processing capacity class: Entre 1.500.000 e 2.500.000; 192.0 anhydrous ethanol m3/day; 198.0 hydrated ethanol m3/day	EPE ethanol-layer source plant type: Etanol 1G e Açúcar		ArcGIS OBJECTID 2954; service geometry -8.580448999721183,-35.12945899999994
br-epe-ethanol	7819a80af9720838	3260	SANTA CRUZ S/A AÇÚCAR E ÁLCOOL	Brazil	BA	SANTA CRUZ CABRÁLIA	-16.183034	-39.328853	EPE-published latitude/longitude attribute and point geometry	Etanol Cana 1G	Ampliação	not separately provided; source name retained as facility name	100.0 anhydrous ethanol m3/day; 160.0 hydrated ethanol m3/day	EPE ethanol-layer source plant type: Etanol Cana 1G		ArcGIS OBJECTID 3260; service geometry -16.1830340004943,-39.32885299999998
br-epe-ethanol	783c84e3cf0258e6	3187	COOPERATIVA DOS PRODUTORES DE CANA DE AÇÚCAR DA MATA SUL	Brazil	PE	RIBEIRÃO	-8.53357	-35.386155	EPE-published latitude/longitude attribute and point geometry	Etanol Cana 1G	Em operação	not separately provided; source name retained as facility name	source cane-processing capacity class: Menor que 1.500.000; 140.0 anhydrous ethanol m3/day; 200.0 hydrated ethanol m3/day	EPE ethanol-layer source plant type: Etanol Cana 1G		ArcGIS OBJECTID 3187; service geometry -8.533569999722664,-35.386154999999974
br-epe-ethanol	7843d4ee5fe16b78	3316	SAFRA INDÚSTRIA E COMÉRCIO DE ÁLCOOL PARA USO DOMÉSTICO LTDA.	Brazil	SP	RIO CLARO	-22.36986	-47.49526	EPE-published latitude/longitude attribute and point geometry	Etanol Milho Full	Construção	not separately provided; source name retained as facility name	52142.857143 corn processing t; 60.0 hydrated ethanol m3/day	EPE ethanol-layer source plant type: Etanol Milho Full		ArcGIS OBJECTID 3316; service geometry -22.369860000335226,-47.49525999999997
br-epe-ethanol	7a23042b003816cd	3174	DA MATA S.A. AÇÚCAR E ÁLCOOL	Brazil	SP	VALPARAÍSO	-21.0514	-50.8446	EPE-published latitude/longitude attribute and point geometry	Etanol 1G e Açúcar	Em operação	not separately provided; source name retained as facility name	source cane-processing capacity class: Entre 3.500.000 e 4.500.000; 800.0 anhydrous ethanol m3/day; 1000.0 hydrated ethanol m3/day	EPE ethanol-layer source plant type: Etanol 1G e Açúcar		ArcGIS OBJECTID 3174; service geometry -21.051400000366744,-50.84459999999996
br-epe-ethanol	7a7670d962e5f68b	2980	BRENCO COMPANHIA BRASILEIRA DE ENERGIA	Brazil	GO	MINEIROS	-17.760231	-53.028979	EPE-published latitude/longitude attribute and point geometry	Etanol Cana 1G	Em operação	not separately provided; source name retained as facility name	source cane-processing capacity class: Entre 2.500.000 e 3.500.000; 1500.0 anhydrous ethanol m3/day; 1700.0 hydrated ethanol m3/day	EPE ethanol-layer source plant type: Etanol Cana 1G		ArcGIS OBJECTID 2980; service geometry -17.76023100045121,-53.028978999999936
br-epe-ethanol	7a99585a5db56c1f	2955	USINA UNIÃO E INDÚSTRIA S/A	Brazil	PE	PRIMAVERA	-8.323659	-35.415804	EPE-published latitude/longitude attribute and point geometry	Etanol 1G e Açúcar	Em operação	not separately provided; source name retained as facility name	source cane-processing capacity class: Menor que 1.500.000; 100.0 anhydrous ethanol m3/day; 200.0 hydrated ethanol m3/day	EPE ethanol-layer source plant type: Etanol 1G e Açúcar		ArcGIS OBJECTID 2955; service geometry -8.32365899972931,-35.41580399999998
br-epe-ethanol	7ad293ca23abb997	3273	USINA BAHIA BIOENERGIA LTDA.	Brazil	BA	LAJEDÃO	-17.53644	-40.28171	EPE-published latitude/longitude attribute and point geometry	Etanol Cana 1G	Construção	not separately provided; source name retained as facility name	source cane-processing capacity class: Menor que 1.500.000; 200.0 anhydrous ethanol m3/day; 240.0 hydrated ethanol m3/day	EPE ethanol-layer source plant type: Etanol Cana 1G		ArcGIS OBJECTID 3273; service geometry -17.53644000045722,-40.28170999999997
br-epe-ethanol	7ae6f922a977b212	3252	DESTILARIA MELHORAMENTOS NOVA LONDRINA	Brazil	PR	NOVA LONDRINA	-22.79829	-52.99079	EPE-published latitude/longitude attribute and point geometry	Etanol Cana 1G	Ampliação	not separately provided; source name retained as facility name	40.0 hydrated ethanol m3/day	EPE ethanol-layer source plant type: Etanol Cana 1G		ArcGIS OBJECTID 3252; service geometry -22.798290000325277,-52.99078999999995
br-epe-ethanol	7b502f1d1297edef	3066	COSAN S.A. AÇÚCAR E ÁLCOOL	Brazil	SP	BENTO DE ABREU	-21.2316	-50.775	EPE-published latitude/longitude attribute and point geometry	Etanol 1G e Açúcar	Em operação	not separately provided; source name retained as facility name	source cane-processing capacity class: Entre 1.500.000 e 2.500.000; 285.0 anhydrous ethanol m3/day; 350.0 hydrated ethanol m3/day	EPE ethanol-layer source plant type: Etanol 1G e Açúcar		ArcGIS OBJECTID 3066; service geometry -21.231600000362366,-50.77499999999998
br-epe-ethanol	7bd263e8110bbd12	2945	JUNCO NOVO LTDA.	Brazil	SE	CAPELA	-10.5626	-37.0387	EPE-published latitude/longitude attribute and point geometry	Etanol Cana 1G	Em operação	not separately provided; source name retained as facility name	source cane-processing capacity class: Menor que 1.500.000; 68.0 hydrated ethanol m3/day	EPE ethanol-layer source plant type: Etanol Cana 1G		ArcGIS OBJECTID 2945; service geometry -10.56259999965949,-37.03869999999995
br-epe-ethanol	7d1457f950cb5ab0	2992	USINA ALVORADA LTDA. AÇÚCAR E ÁLCOOL	Brazil	MG	ARAPORÃ	-18.4411	-49.1901	EPE-published latitude/longitude attribute and point geometry	Etanol 1G e Açúcar	Em operação	not separately provided; source name retained as facility name	source cane-processing capacity class: Entre 1.500.000 e 2.500.000; 500.0 anhydrous ethanol m3/day; 500.0 hydrated ethanol m3/day	EPE ethanol-layer source plant type: Etanol 1G e Açúcar		ArcGIS OBJECTID 2992; service geometry -18.441100000433075,-49.19009999999997
br-epe-ethanol	7e943fe42185ddaa	3068	ANGÉLICA AGROENERGIA LTDA	Brazil	MS	ANGÉLICA	-22.035212	-53.844486	EPE-published latitude/longitude attribute and point geometry	Etanol 1G e Açúcar	Em operação	not separately provided; source name retained as facility name	source cane-processing capacity class: Entre 4.500.000 e 5.500.000; 1200.0 anhydrous ethanol m3/day; 1500.0 hydrated ethanol m3/day	EPE ethanol-layer source plant type: Etanol 1G e Açúcar		ArcGIS OBJECTID 3068; service geometry -22.035212000343083,-53.84448599999996
br-epe-ethanol	7ea933237378497c	2894	INPASA AGROINDUSTRIAL S.A.	Brazil	MT	SINOP	-12.021368	-55.515759	EPE-published latitude/longitude attribute and point geometry	Etanol Milho Full	Ampliação	not separately provided; source name retained as facility name	434523.809524 corn processing t; 500.0 anhydrous ethanol m3/day; 500.0 hydrated ethanol m3/day	EPE ethanol-layer source plant type: Etanol Milho Full		ArcGIS OBJECTID 2894; service geometry -12.021367999615055,-55.51575899999994
br-epe-ethanol	7f52ef6da87f4795	2909	ALCON CIA DE ÁLCOOL CONCEIÇÃO DA BARRA	Brazil	ES	CONCEIÇÃO DA BARRA	-18.4557	-39.9464	EPE-published latitude/longitude attribute and point geometry	Etanol 1G e Açúcar	Em operação	not separately provided; source name retained as facility name	source cane-processing capacity class: Entre 1.500.000 e 2.500.000; 300.0 anhydrous ethanol m3/day; 470.0 hydrated ethanol m3/day	EPE ethanol-layer source plant type: Etanol 1G e Açúcar		ArcGIS OBJECTID 2909; service geometry -18.455700000432717,-39.94639999999999
br-epe-ethanol	7f7cc5c33f6fa6da	2902	AGRO INDUSTRIAS DO VALE DO SÃO FRANCISCO S/A	Brazil	BA	JUAZEIRO	-9.50038	-40.3696	EPE-published latitude/longitude attribute and point geometry	Etanol 1G e Açúcar	Em operação	not separately provided; source name retained as facility name	source cane-processing capacity class: Entre 1.500.000 e 2.500.000; 600.0 anhydrous ethanol m3/day; 700.0 hydrated ethanol m3/day	EPE ethanol-layer source plant type: Etanol 1G e Açúcar		ArcGIS OBJECTID 2902; service geometry -9.500379999692369,-40.369599999999934
br-epe-ethanol	7fe1f818793e11e5	3286	INPASA AGROINDUSTRIAL S.A.	Brazil	MS	DOURADOS	-22.3724	-54.8061	EPE-published latitude/longitude attribute and point geometry	Etanol Milho Full	Em operação	not separately provided; source name retained as facility name	2000000.0 corn processing t; 3000.0 anhydrous ethanol m3/day; 3000.0 hydrated ethanol m3/day	EPE ethanol-layer source plant type: Etanol Milho Full		ArcGIS OBJECTID 3286; service geometry -22.372400000335176,-54.806099999999965
br-epe-ethanol	7fe3b1d5fe1f0d77	3307	FAZENDÃO INDÚSTRIA E COMÉRCIO DE PRODUTOS AGROPECUÁRIOS LTDA.	Brazil	TO	PORTO NACIONAL	-10.23858	-48.5546	EPE-published latitude/longitude attribute and point geometry	Etanol Milho Full	Construção	not separately provided; source name retained as facility name	304166.666667 corn processing t; 350.0 hydrated ethanol m3/day	EPE ethanol-layer source plant type: Etanol Milho Full		ArcGIS OBJECTID 3307; service geometry -10.238579999669467,-48.55459999999994
br-epe-ethanol	7fee0e5cca3cf2c9	2972	TROPICAL BIOENERGIA S.A.	Brazil	GO	EDÉIA	-17.686146	-50.112566	EPE-published latitude/longitude attribute and point geometry	Etanol 1G e Açúcar	Em operação	not separately provided; source name retained as facility name	source cane-processing capacity class: Entre 4.500.000 e 5.500.000; 1600.0 anhydrous ethanol m3/day; 2100.0 hydrated ethanol m3/day	EPE ethanol-layer source plant type: Etanol 1G e Açúcar		ArcGIS OBJECTID 2972; service geometry -17.686146000453164,-50.11256599999996
br-epe-ethanol	8036519309389223	3007	CBB- COMPANHIA BIOENERGETICA	Brazil	GO	VILA BOA	-14.865415	-47.136856	EPE-published latitude/longitude attribute and point geometry	Etanol Cana 1G	Em operação	not separately provided; source name retained as facility name	source cane-processing capacity class: Menor que 1.500.000; 120.0 anhydrous ethanol m3/day; 450.0 hydrated ethanol m3/day	EPE ethanol-layer source plant type: Etanol Cana 1G		ArcGIS OBJECTID 3007; service geometry -14.86541499953147,-47.13685599999996
br-epe-ethanol	8063eda3c43992ad	3091	USINA RIO PARDO S/A	Brazil	SP	CERQUEIRA CÉSAR	-22.914077	-49.000187	EPE-published latitude/longitude attribute and point geometry	Etanol 1G e Açúcar	Em operação	not separately provided; source name retained as facility name	source cane-processing capacity class: Entre 1.500.000 e 2.500.000; 550.0 hydrated ethanol m3/day	EPE ethanol-layer source plant type: Etanol 1G e Açúcar		ArcGIS OBJECTID 3091; service geometry -22.914077000322614,-49.00018699999998
br-epe-ethanol	816da0a6a63a93b0	2895	CARGILL BIOENERGIA LTDA.	Brazil	GO	QUIRINÓPOLIS	-18.432976	-50.261441	EPE-published latitude/longitude attribute and point geometry	Etanol Milho Flex	Ampliação	not separately provided; source name retained as facility name	313690.47619 corn processing t; 850.0 hydrated ethanol m3/day	EPE ethanol-layer source plant type: Etanol Milho Flex		ArcGIS OBJECTID 2895; service geometry -18.432976000433275,-50.26144099999993
br-epe-ethanol	81af1aecbd20ac8e	3001	CENTRAL ENERGÉTICA MORENO AÇÚCAR E ÁLCOOL LTDA.	Brazil	SP	LUÍS ANTÔNIO	-21.4819	-47.7702	EPE-published latitude/longitude attribute and point geometry	Etanol 1G e Açúcar	Em operação	not separately provided; source name retained as facility name	source cane-processing capacity class: Entre 3.500.000 e 4.500.000; 1200.0 anhydrous ethanol m3/day; 1200.0 hydrated ethanol m3/day	EPE ethanol-layer source plant type: Etanol 1G e Açúcar		ArcGIS OBJECTID 3001; service geometry -21.481900000356294,-47.77019999999993
br-epe-ethanol	82984ff804f835a5	3308	FS I INDÚSTRIA DE ETANOL S.A.	Brazil	MT	CAMPO NOVO DO PARECIS	-13.56041	-57.89692	EPE-published latitude/longitude attribute and point geometry	Etanol Milho Full	Construção	not separately provided; source name retained as facility name	1303571.428571 corn processing t; 1500.0 anhydrous ethanol m3/day; 1605.0 hydrated ethanol m3/day	EPE ethanol-layer source plant type: Etanol Milho Full		ArcGIS OBJECTID 3308; service geometry -13.560409999569298,-57.896919999999966
br-epe-ethanol	82a40d9a9c89093a	3120	USINA DE AÇÚCAR SANTA TEREZINHA LTDA.	Brazil	PR	TAPEJARA	-23.752	-52.8828	EPE-published latitude/longitude attribute and point geometry	Etanol 1G e Açúcar	Em operação	not separately provided; source name retained as facility name	source cane-processing capacity class: Entre 2.500.000 e 3.500.000; 600.0 anhydrous ethanol m3/day; 420.0 hydrated ethanol m3/day	EPE ethanol-layer source plant type: Etanol 1G e Açúcar		ArcGIS OBJECTID 3120; service geometry -23.752000000303692,-52.882799999999975
br-epe-ethanol	82d2bc379004d9dc	3208	DESTILARIA GENERALCO S.A.	Brazil	SP	GENERAL SALGADO	-20.5751	-50.3844	EPE-published latitude/longitude attribute and point geometry	Etanol 1G e Açúcar	Em operação	not separately provided; source name retained as facility name	source cane-processing capacity class: Entre 1.500.000 e 2.500.000; 570.0 hydrated ethanol m3/day	EPE ethanol-layer source plant type: Etanol 1G e Açúcar		ArcGIS OBJECTID 3208; service geometry -20.575100000378487,-50.384399999999964
br-epe-ethanol	84050c54113133e7	3026	FRUTAL BIOENERGIA LTDA	Brazil	MG	FRUTAL	-20.084385	-48.821755	EPE-published latitude/longitude attribute and point geometry	Etanol 1G e Açúcar	Em operação	not separately provided; source name retained as facility name	source cane-processing capacity class: Entre 2.500.000 e 3.500.000; 440.0 anhydrous ethanol m3/day; 500.0 hydrated ethanol m3/day	EPE ethanol-layer source plant type: Etanol 1G e Açúcar		ArcGIS OBJECTID 3026; service geometry -20.08438500039073,-48.82175499999994
br-epe-ethanol	840cd739a41bce22	3211	RAIZEN CAARAPO AC AL LTDA	Brazil	SP	TARUMÃ	-22.78654	-50.55058	EPE-published latitude/longitude attribute and point geometry	Etanol 1G e Açúcar	Em operação	not separately provided; source name retained as facility name	source cane-processing capacity class: Entre 3.500.000 e 4.500.000; 760.0 anhydrous ethanol m3/day; 1040.0 hydrated ethanol m3/day	EPE ethanol-layer source plant type: Etanol 1G e Açúcar		ArcGIS OBJECTID 3211; service geometry -22.786540000325534,-50.55057999999997
br-epe-ethanol	84b9e9a8a19bac02	2940	AGRISA - AGRO INDUSTRIAL SÃO JOÃO S/A	Brazil	RJ	CABO FRIO	-22.6033	-42.1572	EPE-published latitude/longitude attribute and point geometry	Etanol Cana 1G	Em operação	not separately provided; source name retained as facility name	source cane-processing capacity class: Menor que 1.500.000; 240.0 anhydrous ethanol m3/day; 270.0 hydrated ethanol m3/day	EPE ethanol-layer source plant type: Etanol Cana 1G		ArcGIS OBJECTID 2940; service geometry -22.60330000032982,-42.15719999999993
br-epe-ethanol	84bbe949e9a93c39	3323	TRIUNFO BIOENERGIA LTDA.	Brazil	RS	TRIUNFO	-29.88032	-51.407194	EPE-published latitude/longitude attribute and point geometry	Etanol 1G	Construção	not separately provided; source name retained as facility name	2027.777778 corn processing t; 1.0 hydrated ethanol m3/day	EPE ethanol-layer source plant type: Etanol 1G		ArcGIS OBJECTID 3323; service geometry -29.880320000184394,-51.40719362999994
br-epe-ethanol	85e630f2a59bc15e	3128	USINA SÃO JOSÉ DA ESTIVA S/A AÇÚCAR E ÁLCOOL	Brazil	SP	NOVO HORIZONTE	-21.48558	-49.18713	EPE-published latitude/longitude attribute and point geometry	Etanol 1G e Açúcar	Em operação	not separately provided; source name retained as facility name	source cane-processing capacity class: Entre 3.500.000 e 4.500.000; 1000.0 anhydrous ethanol m3/day; 1140.0 hydrated ethanol m3/day	EPE ethanol-layer source plant type: Etanol 1G e Açúcar		ArcGIS OBJECTID 3128; service geometry -21.48558000035623,-49.18712999999997
br-epe-ethanol	86538ccdb5488fed	3213	RAIZEN ENERGIA S.A	Brazil	SP	ARARAQUARA	-21.9122	-48.1139	EPE-published latitude/longitude attribute and point geometry	Etanol 1G e Açúcar	Em operação	not separately provided; source name retained as facility name	source cane-processing capacity class: Entre 1.500.000 e 2.500.000; 400.0 anhydrous ethanol m3/day; 620.0 hydrated ethanol m3/day	EPE ethanol-layer source plant type: Etanol 1G e Açúcar		ArcGIS OBJECTID 3213; service geometry -21.912200000346054,-48.11389999999994
br-epe-ethanol	87da173e911daee7	3264	COOPERATIVA DO AGRONEGÓCIO DOS ASSOCIADOS DA ASSOCIAÇÃO DOS FORNECEDORES DE CANA-DE-AÇÚCAR	Brazil	PE	TIMBAÚBA	-7.55095	-35.2734	EPE-published latitude/longitude attribute and point geometry	Etanol Cana 1G	Ampliação	not separately provided; source name retained as facility name	460.0 hydrated ethanol m3/day	EPE ethanol-layer source plant type: Etanol Cana 1G		ArcGIS OBJECTID 3264; service geometry -7.5509499997537946,-35.27339999999999
br-epe-ethanol	87e3a86f382528f1	3201	CAÇU COMERCIO E INDUSTRIA DE AÇÚCAR E ALCOOL LTDA	Brazil	GO	VICENTINÓPOLIS	-17.687816	-49.986283	EPE-published latitude/longitude attribute and point geometry	Etanol Milho Flex	Em operação	not separately provided; source name retained as facility name	source cane-processing capacity class: Entre 1.500.000 e 2.500.000; 442857.142857 corn processing t; 1200.0 hydrated ethanol m3/day	EPE ethanol-layer source plant type: Etanol Milho Flex		ArcGIS OBJECTID 3201; service geometry -17.687816000453118,-49.98628299999996
br-epe-ethanol	88e1565d826d6f12	3235	RAÍZEN NAUTILUS LTDA.	Brazil	SP	LEME	-22.16149	-47.25911	EPE-published latitude/longitude attribute and point geometry	Etanol 1G e Açúcar	Em operação	not separately provided; source name retained as facility name	source cane-processing capacity class: Entre 1.500.000 e 2.500.000; 300.0 anhydrous ethanol m3/day; 510.0 hydrated ethanol m3/day	EPE ethanol-layer source plant type: Etanol 1G e Açúcar		ArcGIS OBJECTID 3235; service geometry -22.161490000340123,-47.25910999999996
br-epe-ethanol	8905501f8fccf047	3113	MUNDIAL AÇÚCAR E ÁLCOOL S/A	Brazil	SP	MIRANDÓPOLIS	-21.19795	-51.21567	EPE-published latitude/longitude attribute and point geometry	Etanol 1G e Açúcar	Em operação	not separately provided; source name retained as facility name	source cane-processing capacity class: Entre 1.500.000 e 2.500.000; 360.0 hydrated ethanol m3/day	EPE ethanol-layer source plant type: Etanol 1G e Açúcar		ArcGIS OBJECTID 3113; service geometry -21.19795000036322,-51.21566999999993
br-epe-ethanol	89f1532018325a41	3087	AGROPECUÁRIA NOVO MILÊNIO LTDA	Brazil	MT	MIRASSOL D'OESTE	-15.7044	-58.1253	EPE-published latitude/longitude attribute and point geometry	Etanol 1G e Açúcar	Em operação	not separately provided; source name retained as facility name	source cane-processing capacity class: Menor que 1.500.000; 590.0 hydrated ethanol m3/day	EPE ethanol-layer source plant type: Etanol 1G e Açúcar		ArcGIS OBJECTID 3087; service geometry -15.7043999995077,-58.12529999999999
br-epe-ethanol	89fd2f82564db01f	2921	CENTRAL AÇUCAREIRA USINA SANTA MARIA S.A.	Brazil	AL	PORTO CALVO	-9.0493	-35.4161	EPE-published latitude/longitude attribute and point geometry	Etanol 1G e Açúcar	Em operação	not separately provided; source name retained as facility name	source cane-processing capacity class: Menor que 1.500.000; 180.0 anhydrous ethanol m3/day; 240.0 hydrated ethanol m3/day	EPE ethanol-layer source plant type: Etanol 1G e Açúcar		ArcGIS OBJECTID 2921; service geometry -9.04929999970647,-35.416099999999965
br-epe-ethanol	8a1678949f3720a6	3053	COSAN S.A. AÇÚCAR E ÁLCOOL	Brazil	SP	GUARIBA	-21.4178	-48.2881	EPE-published latitude/longitude attribute and point geometry	Etanol 1G, 2G e Açúcar	Em operação	not separately provided; source name retained as facility name	source cane-processing capacity class: Maior que 5.500.000; 550.0 anhydrous ethanol m3/day; 2020.0 hydrated ethanol m3/day	EPE ethanol-layer source plant type: Etanol 1G, 2G e Açúcar		ArcGIS OBJECTID 3053; service geometry -21.417800000357843,-48.28809999999999
br-epe-ethanol	8a85d130d5c97a3a	3000	FLORESTA S.A AÇÚCAR E ÁLCOOL	Brazil	GO	SANTO ANTÔNIO DA BARRA	-17.617627	-50.714195	EPE-published latitude/longitude attribute and point geometry	Etanol Cana 1G	Em operação	not separately provided; source name retained as facility name	source cane-processing capacity class: Entre 1.500.000 e 2.500.000; 550.0 anhydrous ethanol m3/day; 880.0 hydrated ethanol m3/day	EPE ethanol-layer source plant type: Etanol Cana 1G		ArcGIS OBJECTID 3000; service geometry -17.617627000455023,-50.71419499999996
br-epe-ethanol	8b279f6038aee802	3220	VIRALCOOL AÇÚCAR E ÁLCOOL LTDA	Brazil	SP	CASTILHO	-21.0875	-51.58388	EPE-published latitude/longitude attribute and point geometry	Etanol 1G e Açúcar	Em operação	not separately provided; source name retained as facility name	source cane-processing capacity class: Entre 2.500.000 e 3.500.000; 1000.0 hydrated ethanol m3/day	EPE ethanol-layer source plant type: Etanol 1G e Açúcar		ArcGIS OBJECTID 3220; service geometry -21.08750000036589,-51.583879999999965
br-epe-ethanol	8b2bb3635a7d3cda	3019	USINA BARRALCOOL S/A	Brazil	MT	BARRA DO BUGRES	-15.0346	-57.2175	EPE-published latitude/longitude attribute and point geometry	Etanol 1G e Açúcar	Em operação	not separately provided; source name retained as facility name	source cane-processing capacity class: Entre 2.500.000 e 3.500.000; 900.0 anhydrous ethanol m3/day; 1520.0 hydrated ethanol m3/day	EPE ethanol-layer source plant type: Etanol 1G e Açúcar		ArcGIS OBJECTID 3019; service geometry -15.034599999526666,-57.217499999999966
br-epe-ethanol	8bb863a15f73bd5a	2922	RUBIATABA INDUSTRIAL S.A.	Brazil	GO	RUBIATABA	-15.1794	-49.7583	EPE-published latitude/longitude attribute and point geometry	Etanol 1G e Açúcar	Em operação	not separately provided; source name retained as facility name	source cane-processing capacity class: Entre 1.500.000 e 2.500.000; 260.0 anhydrous ethanol m3/day; 800.0 hydrated ethanol m3/day	EPE ethanol-layer source plant type: Etanol 1G e Açúcar		ArcGIS OBJECTID 2922; service geometry -15.179399999522513,-49.75829999999996
br-epe-ethanol	8bd00dffa67a36c7	3082	BRENCO - COMPANHIA BRASILEIRA DE ENERGIA	Brazil	MT	ALTO TAQUARI	-17.73353	-53.30491	EPE-published latitude/longitude attribute and point geometry	Etanol Cana 1G	Em operação	not separately provided; source name retained as facility name	source cane-processing capacity class: Entre 3.500.000 e 4.500.000; 1500.0 anhydrous ethanol m3/day; 1700.0 hydrated ethanol m3/day	EPE ethanol-layer source plant type: Etanol Cana 1G		ArcGIS OBJECTID 3082; service geometry -17.73353000045192,-53.30490999999995
br-epe-ethanol	8d602007a74d1b4a	2929	S/A USINA CORURIPE AÇÚCAR E ÁLCOOL	Brazil	AL	CORURIPE	-10.111738	-36.276149	EPE-published latitude/longitude attribute and point geometry	Etanol 1G e Açúcar	Em operação	not separately provided; source name retained as facility name	source cane-processing capacity class: Entre 3.500.000 e 4.500.000; 350.0 anhydrous ethanol m3/day; 430.0 hydrated ethanol m3/day	EPE ethanol-layer source plant type: Etanol 1G e Açúcar		ArcGIS OBJECTID 2929; service geometry -10.111737999673373,-36.276148999999975
br-epe-ethanol	8f4a8c938b750bb2	3314	PARECIS INDÚSTRIA DE COMBUSTÍVEIS LTDA.	Brazil	MT	DIAMANTINO	-14.36333	-56.35066	EPE-published latitude/longitude attribute and point geometry	Etanol Milho Full	Construção	not separately provided; source name retained as facility name	651785.714286 corn processing t; 750.0 anhydrous ethanol m3/day; 750.0 hydrated ethanol m3/day	EPE ethanol-layer source plant type: Etanol Milho Full		ArcGIS OBJECTID 3314; service geometry -14.36332999954595,-56.35065999999995
br-epe-ethanol	9066d9afb7672661	3055	COMPANHIA ENERGÉTICA DE AÇÚCAR E ÁLCOOL VALE DO TIJUCO LTDA.	Brazil	MG	UBERABA	-19.35323	-48.24392	EPE-published latitude/longitude attribute and point geometry	Etanol 1G e Açúcar	Em operação	not separately provided; source name retained as facility name	source cane-processing capacity class: Entre 4.500.000 e 5.500.000; 800.0 anhydrous ethanol m3/day; 1250.0 hydrated ethanol m3/day	EPE ethanol-layer source plant type: Etanol 1G e Açúcar		ArcGIS OBJECTID 3055; service geometry -19.35323000040931,-48.243919999999946
br-epe-ethanol	9099e60c9736cb3c	2904	TRIUNFO AGRO-INDUSTRIAL S/A	Brazil	AL	BOCA DA MATA	-9.62576	-36.1976	EPE-published latitude/longitude attribute and point geometry	Etanol 1G e Açúcar	Em operação	not separately provided; source name retained as facility name	source cane-processing capacity class: Entre 1.500.000 e 2.500.000; 300.0 anhydrous ethanol m3/day; 330.0 hydrated ethanol m3/day	EPE ethanol-layer source plant type: Etanol 1G e Açúcar		ArcGIS OBJECTID 2904; service geometry -9.625759999688464,-36.197599999999966
br-epe-ethanol	90e62347b6054539	3185	CRV - INDUSTRIAL LTDA	Brazil	MG	CAPINÓPOLIS	-18.70188	-49.684574	EPE-published latitude/longitude attribute and point geometry	Etanol 1G e Açúcar	Em operação	not separately provided; source name retained as facility name	source cane-processing capacity class: Entre 1.500.000 e 2.500.000; 400.0 anhydrous ethanol m3/day; 650.0 hydrated ethanol m3/day	EPE ethanol-layer source plant type: Etanol 1G e Açúcar		ArcGIS OBJECTID 3185; service geometry -18.701880000426243,-49.68457399999994
br-epe-ethanol	9195298c106eaaef	3284	INDÚSTRIA E COMÉRCIO DESTILARIA MANTO AZUL LTDA.	Brazil	MT	PRIMAVERA DO LESTE	-15.3345	-54.1741	EPE-published latitude/longitude attribute and point geometry	Etanol Milho Full	Em operação	not separately provided; source name retained as facility name	10428.571429 corn processing t; 12.0 hydrated ethanol m3/day	EPE ethanol-layer source plant type: Etanol Milho Full		ArcGIS OBJECTID 3284; service geometry -15.334499999518115,-54.17409999999995
br-epe-ethanol	9196f55dd8117e5e	3063	CAFEALCOOL DESTILARIA DE ÁLCOOL LTDA	Brazil	SP	CAFELÂNDIA	-21.7736	-49.6114	EPE-published latitude/longitude attribute and point geometry	Etanol Cana 1G	Em operação	not separately provided; source name retained as facility name	source cane-processing capacity class: Menor que 1.500.000; 474.0 hydrated ethanol m3/day	EPE ethanol-layer source plant type: Etanol Cana 1G		ArcGIS OBJECTID 3063; service geometry -21.773600000349337,-49.611399999999946
br-epe-ethanol	91a2a352176bc8b6	2900	BIOFLEX AGROINDUSTRIAL S.A.	Brazil	AL	SÃO MIGUEL DOS CAMPOS	-9.7742	-36.085378	EPE-published latitude/longitude attribute and point geometry	Etanol 2G	Em operação	not separately provided; source name retained as facility name	228.0 anhydrous ethanol m3/day; 228.0 hydrated ethanol m3/day	EPE ethanol-layer source plant type: Etanol 2G		ArcGIS OBJECTID 2900; service geometry -9.774199999683841,-36.08537799999993
br-epe-ethanol	91ee730c7e22e659	3034	SANTA MARIA INDUSTRIA DE AÇÚCAR, AGUARDENTE E ÁLCOOL LTDA.	Brazil	SP	MANDURI	-23.044248	-49.257325	EPE-published latitude/longitude attribute and point geometry	Etanol Cana 1G	Em operação	not separately provided; source name retained as facility name	source cane-processing capacity class: Menor que 1.500.000; 190.0 hydrated ethanol m3/day	EPE ethanol-layer source plant type: Etanol Cana 1G		ArcGIS OBJECTID 3034; service geometry -23.04424800031967,-49.25732499999998
br-epe-ethanol	9266d90bd17878a7	3127	PEDRA AGROINDUSTRIAL S/A	Brazil	SP	NOVA INDEPENDÊNCIA	-21.1658	-51.4697	EPE-published latitude/longitude attribute and point geometry	Etanol Cana 1G	Em operação	not separately provided; source name retained as facility name	source cane-processing capacity class: Entre 3.500.000 e 4.500.000; 1300.0 anhydrous ethanol m3/day; 2000.0 hydrated ethanol m3/day	EPE ethanol-layer source plant type: Etanol Cana 1G		ArcGIS OBJECTID 3127; service geometry -21.165800000364005,-51.469699999999925
br-epe-ethanol	92d0205fb423d88f	3117	IPIRANGA AGROINDUSTRIAL S/A	Brazil	SP	MOCOCA	-21.34407	-47.15552	EPE-published latitude/longitude attribute and point geometry	Etanol 1G e Açúcar	Em operação	not separately provided; source name retained as facility name	source cane-processing capacity class: Entre 1.500.000 e 2.500.000; 350.0 anhydrous ethanol m3/day; 700.0 hydrated ethanol m3/day	EPE ethanol-layer source plant type: Etanol 1G e Açúcar		ArcGIS OBJECTID 3117; service geometry -21.34407000035968,-47.15551999999997
br-epe-ethanol	92d07e1b034b2a24	3029	S.A. USINA CORURIPE AÇÚCAR E ÁLCOOL	Brazil	MG	CAMPO FLORIDO	-19.8125	-48.7317	EPE-published latitude/longitude attribute and point geometry	Etanol 1G e Açúcar	Em operação	not separately provided; source name retained as facility name	source cane-processing capacity class: Entre 4.500.000 e 5.500.000; 850.0 anhydrous ethanol m3/day; 900.0 hydrated ethanol m3/day	EPE ethanol-layer source plant type: Etanol 1G e Açúcar		ArcGIS OBJECTID 3029; service geometry -19.812500000397602,-48.73169999999994
br-epe-ethanol	93542d7fbb2ec1fa	3061	BRENCO COMPANHIA BRASILEIRA DE ENERGIA	Brazil	MS	COSTA RICA	-18.568027	-53.115034	EPE-published latitude/longitude attribute and point geometry	Etanol Cana 1G	Em operação	not separately provided; source name retained as facility name	source cane-processing capacity class: Entre 3.500.000 e 4.500.000; 750.0 anhydrous ethanol m3/day; 1700.0 hydrated ethanol m3/day	EPE ethanol-layer source plant type: Etanol Cana 1G		ArcGIS OBJECTID 3061; service geometry -18.56802700042976,-53.11503399999998
br-epe-ethanol	93cd3a902edf354b	3228	DESTILARIA MELHORAMENTOS S/A	Brazil	PR	JUSSARA	-23.5652	-52.4277	EPE-published latitude/longitude attribute and point geometry	Etanol Cana 1G	Em operação	not separately provided; source name retained as facility name	source cane-processing capacity class: Entre 2.500.000 e 3.500.000; 1320.0 anhydrous ethanol m3/day; 1400.0 hydrated ethanol m3/day	EPE ethanol-layer source plant type: Etanol Cana 1G		ArcGIS OBJECTID 3228; service geometry -23.565200000307847,-52.42769999999996
br-epe-ethanol	94a4f482191f3fad	2898	COOP. AGRÍCOLA DE PRODUTOR DE CANA DO VALE DO IVAÍ	Brazil	PR	JANDAIA DO SUL	-23.6859	-51.6926	EPE-published latitude/longitude attribute and point geometry	Etanol Milho Flex	Ampliação	not separately provided; source name retained as facility name	73809.52381 corn processing t; 200.0 anhydrous ethanol m3/day; 200.0 hydrated ethanol m3/day	EPE ethanol-layer source plant type: Etanol Milho Flex		ArcGIS OBJECTID 2898; service geometry -23.68590000030515,-51.69259999999997
br-epe-ethanol	9522740656d7f383	3051	RAIZEN ENERGIA S.A.	Brazil	SP	ANDRADINA	-20.7699	-51.2587	EPE-published latitude/longitude attribute and point geometry	Etanol 1G e Açúcar	Em operação	not separately provided; source name retained as facility name	source cane-processing capacity class: Entre 4.500.000 e 5.500.000; 1330.0 anhydrous ethanol m3/day; 1440.0 hydrated ethanol m3/day	EPE ethanol-layer source plant type: Etanol 1G e Açúcar		ArcGIS OBJECTID 3051; service geometry -20.769900000373656,-51.258699999999976
br-epe-ethanol	9545c48dd296994c	2930	LONDRA AÇÚUCAR E ÁLCOOL LTDA	Brazil	SP	ITAÍ	-23.5289	-48.9378	EPE-published latitude/longitude attribute and point geometry	Etanol 1G e Açúcar	Em operação	not separately provided; source name retained as facility name	source cane-processing capacity class: Menor que 1.500.000; 380.0 anhydrous ethanol m3/day; 410.0 hydrated ethanol m3/day	EPE ethanol-layer source plant type: Etanol 1G e Açúcar		ArcGIS OBJECTID 2930; service geometry -23.528900000308685,-48.93779999999998
br-epe-ethanol	959e3b1c9c0d5947	3215	UTINGA AÇÚCAR E ETANOL S/A	Brazil	AL	RIO LARGO	-9.455309	-35.850625	EPE-published latitude/longitude attribute and point geometry	Etanol 1G e Açúcar	Em operação	not separately provided; source name retained as facility name	source cane-processing capacity class: Menor que 1.500.000; 350.0 anhydrous ethanol m3/day; 450.0 hydrated ethanol m3/day	EPE ethanol-layer source plant type: Etanol 1G e Açúcar		ArcGIS OBJECTID 3215; service geometry -9.455308999693761,-35.85062499999997
br-epe-ethanol	95be7a2304163c3f	3057	DESTILARIA VALE DO PARACATU AGROENERGIA LTDA.	Brazil	MG	PARACATU	-17.100167	-46.634917	EPE-published latitude/longitude attribute and point geometry	Etanol 1G e Açúcar	Em operação	not separately provided; source name retained as facility name	source cane-processing capacity class: Entre 1.500.000 e 2.500.000; 700.0 anhydrous ethanol m3/day; 700.0 hydrated ethanol m3/day	EPE ethanol-layer source plant type: Etanol 1G e Açúcar		ArcGIS OBJECTID 3057; service geometry -17.100166666469026,-46.63491666699997
br-epe-ethanol	966818dbc850e133	3058	TOTAL AGROINDUSTRIAL CANAVIEIRA	Brazil	MG	BAMBUÍ	-20.08623	-46.043569	EPE-published latitude/longitude attribute and point geometry	Etanol Cana 1G	Em operação	not separately provided; source name retained as facility name	source cane-processing capacity class: Entre 1.500.000 e 2.500.000; 1100.0 hydrated ethanol m3/day	EPE ethanol-layer source plant type: Etanol Cana 1G		ArcGIS OBJECTID 3058; service geometry -20.08623000039068,-46.04356899999994
br-epe-ethanol	96b5c3975b41287b	3138	PARAPUÃ AGROINDUSTRIAL S/A	Brazil	SP	PARAPUÃ	-21.9146	-50.8655	EPE-published latitude/longitude attribute and point geometry	Etanol 1G e Açúcar	Em operação	not separately provided; source name retained as facility name	source cane-processing capacity class: Menor que 1.500.000; 150.0 anhydrous ethanol m3/day; 400.0 hydrated ethanol m3/day	EPE ethanol-layer source plant type: Etanol 1G e Açúcar		ArcGIS OBJECTID 3138; service geometry -21.914600000345956,-50.86549999999994
br-epe-ethanol	96ca7a98d9eb9b17	2987	BRENCO - COMPANHIA BRASILEIRA DE ENERGIA	Brazil	GO	PEROLÂNDIA	-17.5375	-52.2613	EPE-published latitude/longitude attribute and point geometry	Etanol Cana 1G	Em operação	not separately provided; source name retained as facility name	source cane-processing capacity class: Entre 3.500.000 e 4.500.000; 1700.0 hydrated ethanol m3/day	EPE ethanol-layer source plant type: Etanol Cana 1G		ArcGIS OBJECTID 2987; service geometry -17.537500000457186,-52.26129999999995
br-epe-ethanol	97651e0cc7cf1cb2	2961	DESTILARIA MIRIRI S/A	Brazil	PB	SANTA RITA	-6.9447	-35.1299	EPE-published latitude/longitude attribute and point geometry	Etanol 1G e Açúcar	Em operação	not separately provided; source name retained as facility name	source cane-processing capacity class: Menor que 1.500.000; 540.0 anhydrous ethanol m3/day; 660.0 hydrated ethanol m3/day	EPE ethanol-layer source plant type: Etanol 1G e Açúcar		ArcGIS OBJECTID 2961; service geometry -6.944699999773165,-35.129899999999964
br-epe-ethanol	97d34f1a174a52a4	3088	AGRO INDUSTRIAL CAMPO LINDO LTDA	Brazil	SE	NOSSA SENHORA DAS DORES	-10.4831	-37.1209	EPE-published latitude/longitude attribute and point geometry	Etanol Cana 1G	Em operação	not separately provided; source name retained as facility name	source cane-processing capacity class: Menor que 1.500.000; 500.0 anhydrous ethanol m3/day; 600.0 hydrated ethanol m3/day	EPE ethanol-layer source plant type: Etanol Cana 1G		ArcGIS OBJECTID 3088; service geometry -10.483099999661949,-37.120899999999956
br-epe-ethanol	982e152a060510ee	3191	ADAMANTIUM DESTILARIA LTDA.	Brazil	SP	BARIRI	-22.05857	-48.76626	EPE-published latitude/longitude attribute and point geometry	Aguardente	Em operação	not separately provided; source name retained as facility name	source cane-processing capacity class: Menor que 1.500.000; 60.0 hydrated ethanol m3/day	EPE ethanol-layer source plant type: Aguardente		ArcGIS OBJECTID 3191; service geometry -22.058570000342556,-48.76625999999993
br-epe-ethanol	9842707e1548e1fe	3306	EVERMAT	Brazil	MT	SINOP	-11.65383	-55.440682	EPE-published latitude/longitude attribute and point geometry	Etanol Milho Full	Construção	not separately provided; source name retained as facility name	525773.809524 corn processing t; 585.0 anhydrous ethanol m3/day; 605.0 hydrated ethanol m3/day	EPE ethanol-layer source plant type: Etanol Milho Full		ArcGIS OBJECTID 3306; service geometry -11.65382999962619,-55.440681999999974
br-epe-ethanol	98cb5577366f3d0f	3032	BIOENERGÉTICA VALE DO PARACATU S/A	Brazil	MG	JOÃO PINHEIRO	-17.06388	-46.18	EPE-published latitude/longitude attribute and point geometry	Etanol 1G e Açúcar	Em operação	not separately provided; source name retained as facility name	source cane-processing capacity class: Entre 2.500.000 e 3.500.000; 600.0 anhydrous ethanol m3/day; 1000.0 hydrated ethanol m3/day	EPE ethanol-layer source plant type: Etanol 1G e Açúcar		ArcGIS OBJECTID 3032; service geometry -17.06388000047004,-46.17999999999995
br-epe-ethanol	9932703632926643	2990	SÃO MARTINHO S/A	Brazil	GO	QUIRINÓPOLIS	-18.432976	-50.261442	EPE-published latitude/longitude attribute and point geometry	Etanol Milho Flex	Em operação	not separately provided; source name retained as facility name	source cane-processing capacity class: Maior que 5.500.000; 500000.0 corn processing t; 1184.0 anhydrous ethanol m3/day; 3120.0 hydrated ethanol m3/day	EPE ethanol-layer source plant type: Etanol Milho Flex		ArcGIS OBJECTID 2990; service geometry -18.432976000433275,-50.261441999999924
br-epe-ethanol	99bc9ab8ee438c37	3262	VALE DO PARANÁ S/A ÁLCOOL E AÇÚCAR	Brazil	SP	SUZANÁPOLIS	-20.3895	-51.0325	EPE-published latitude/longitude attribute and point geometry	Etanol Cana 1G	Ampliação	not separately provided; source name retained as facility name	100.0 anhydrous ethanol m3/day; 130.0 hydrated ethanol m3/day	EPE ethanol-layer source plant type: Etanol Cana 1G		ArcGIS OBJECTID 3262; service geometry -20.38950000038308,-51.03249999999997
br-epe-ethanol	9a5ae419a659c8c6	3282	FS INDÚSTRIA DE ETANOL S.A.	Brazil	MT	PRIMAVERA DO LESTE	-15.575684	-54.366876	EPE-published latitude/longitude attribute and point geometry	Etanol Milho Full	Em operação	not separately provided; source name retained as facility name	2342952.380952 corn processing t; 2592.0 anhydrous ethanol m3/day; 2696.0 hydrated ethanol m3/day	EPE ethanol-layer source plant type: Etanol Milho Full		ArcGIS OBJECTID 3282; service geometry -15.575683999511332,-54.366875999999934
br-epe-ethanol	9ac3f78e40853a16	3159	CLEALCO AÇÚCAR E ÁLCOOL S/A	Brazil	SP	QUEIROZ	-21.805	-50.215	EPE-published latitude/longitude attribute and point geometry	Etanol 1G e Açúcar	Em operação	not separately provided; source name retained as facility name	source cane-processing capacity class: Entre 4.500.000 e 5.500.000; 500.0 anhydrous ethanol m3/day; 500.0 hydrated ethanol m3/day	EPE ethanol-layer source plant type: Etanol 1G e Açúcar		ArcGIS OBJECTID 3159; service geometry -21.805000000348567,-50.214999999999975
br-epe-ethanol	9ae6b7b8d091d78c	3151	COPLASA - AÇÚCAR E ÁLCOOL LTDA.	Brazil	SP	PLANALTO	-20.992495	-49.894517	EPE-published latitude/longitude attribute and point geometry	Etanol 1G e Açúcar	Em operação	not separately provided; source name retained as facility name	source cane-processing capacity class: Entre 4.500.000 e 5.500.000; 1100.0 anhydrous ethanol m3/day; 1200.0 hydrated ethanol m3/day	EPE ethanol-layer source plant type: Etanol 1G e Açúcar		ArcGIS OBJECTID 3151; service geometry -20.992495000368198,-49.89451699999995
br-epe-ethanol	9be03869cfa602bc	3199	COFCO INTERNACIONAL BRASIL S.A	Brazil	SP	CATANDUVA	-21.1003	-48.9799	EPE-published latitude/longitude attribute and point geometry	Etanol 1G e Açúcar	Em operação	not separately provided; source name retained as facility name	source cane-processing capacity class: Entre 4.500.000 e 5.500.000; 750.0 anhydrous ethanol m3/day; 1200.0 hydrated ethanol m3/day	EPE ethanol-layer source plant type: Etanol 1G e Açúcar		ArcGIS OBJECTID 3199; service geometry -21.10030000036556,-48.97989999999999
br-epe-ethanol	9bf3b063525fcc85	2942	J. PILON S/A AÇÚCAR E ÁLCOOL	Brazil	SP	CERQUILHO	-23.1615	-47.7832	EPE-published latitude/longitude attribute and point geometry	Etanol 1G e Açúcar	Em operação	not separately provided; source name retained as facility name	source cane-processing capacity class: Entre 1.500.000 e 2.500.000; 160.0 anhydrous ethanol m3/day; 580.0 hydrated ethanol m3/day	EPE ethanol-layer source plant type: Etanol 1G e Açúcar		ArcGIS OBJECTID 2942; service geometry -23.161500000316998,-47.783199999999965
br-epe-ethanol	9cfb81b8a5731efb	3289	INPASA AGROINDUSTRIAL S.A.	Brazil	MT	SINOP	-12.021368	-55.515759	EPE-published latitude/longitude attribute and point geometry	Etanol Milho Full	Em operação	not separately provided; source name retained as facility name	4600000.0 corn processing t; 6000.0 anhydrous ethanol m3/day; 6000.0 hydrated ethanol m3/day	EPE ethanol-layer source plant type: Etanol Milho Full		ArcGIS OBJECTID 3289; service geometry -12.021367999615055,-55.51575899999994
br-epe-ethanol	9d0a6d64690056f5	3071	COMPANHIA AGRÍCOLA SONORA ESTÂNCIA	Brazil	MS	SONORA	-17.6183	-54.764	EPE-published latitude/longitude attribute and point geometry	Etanol 1G e Açúcar	Em operação	not separately provided; source name retained as facility name	source cane-processing capacity class: Entre 1.500.000 e 2.500.000; 300.0 anhydrous ethanol m3/day; 530.0 hydrated ethanol m3/day	EPE ethanol-layer source plant type: Etanol 1G e Açúcar		ArcGIS OBJECTID 3071; service geometry -17.61830000045502,-54.76399999999995
br-epe-ethanol	9f380913411c077a	3195	MINAS BIOENERGIA LTDA	Brazil	MG	PIUMHI	-20.41515	-45.89618	EPE-published latitude/longitude attribute and point geometry	Etanol 1G	Em operação	not separately provided; source name retained as facility name	1.0 hydrated ethanol m3/day	EPE ethanol-layer source plant type: Etanol 1G		ArcGIS OBJECTID 3195; service geometry -20.415150000382475,-45.89617999999995
br-epe-ethanol	a01bf1896eab351c	3182	IMPACTO BIOENERGIA ALAGOAS S.A.	Brazil	AL	TEOTÔNIO VILELA	-9.9156	-36.3489	EPE-published latitude/longitude attribute and point geometry	Etanol 1G e Açúcar	Em operação	not separately provided; source name retained as facility name	source cane-processing capacity class: Menor que 1.500.000; 110.0 anhydrous ethanol m3/day; 250.0 hydrated ethanol m3/day	EPE ethanol-layer source plant type: Etanol 1G e Açúcar		ArcGIS OBJECTID 3182; service geometry -9.91559999967943,-36.34889999999996
br-epe-ethanol	a0b32f3eff7dc7e5	3261	ENERGÉTICA SERRANÓPOLIS LTDA.	Brazil	GO	SERRANÓPOLIS	-18.383123	-52.106836	EPE-published latitude/longitude attribute and point geometry	Etanol 1G e Açúcar	Ampliação	not separately provided; source name retained as facility name	110.0 anhydrous ethanol m3/day; 200.0 hydrated ethanol m3/day	EPE ethanol-layer source plant type: Etanol 1G e Açúcar		ArcGIS OBJECTID 3261; service geometry -18.383123000434615,-52.10683599999993
br-epe-ethanol	a188fb767f278c88	3020	ATVOS BIOENERGIA ELDORADO S.A	Brazil	MS	RIO BRILHANTE	-21.8648	-54.022	EPE-published latitude/longitude attribute and point geometry	Etanol 1G e Açúcar	Em operação	not separately provided; source name retained as facility name	source cane-processing capacity class: Entre 3.500.000 e 4.500.000; 750.0 anhydrous ethanol m3/day; 1700.0 hydrated ethanol m3/day	EPE ethanol-layer source plant type: Etanol 1G e Açúcar		ArcGIS OBJECTID 3020; service geometry -21.86480000034713,-54.02199999999993
br-epe-ethanol	a1a39a8857e175e7	3276	CEREALE BRASIL AGROINDUSTRIAL LTDA.	Brazil	SP	DOIS CORRÉGOS	-22.3388	-48.4066	EPE-published latitude/longitude attribute and point geometry	Etanol Milho Full	Em operação	not separately provided; source name retained as facility name	52142.857143 corn processing t; 60.0 hydrated ethanol m3/day	EPE ethanol-layer source plant type: Etanol Milho Full		ArcGIS OBJECTID 3276; service geometry -22.33880000033599,-48.40659999999997
br-epe-ethanol	a1e0ee903fef83d1	2994	USINA NOVA GÁLIA	Brazil	GO	PARAÚNA	-17.331189	-50.494298	EPE-published latitude/longitude attribute and point geometry	Etanol 1G e Açúcar	Em operação	not separately provided; source name retained as facility name	source cane-processing capacity class: Entre 1.500.000 e 2.500.000; 600.0 anhydrous ethanol m3/day; 2000.0 hydrated ethanol m3/day	EPE ethanol-layer source plant type: Etanol 1G e Açúcar		ArcGIS OBJECTID 2994; service geometry -17.33118900046274,-50.49429799999996
br-epe-ethanol	a37a38ce778f1aba	3279	FERMAP INDÚSTRIA DE ÁLCOOL LTDA.	Brazil	MT	IPIRANGA DO NORTE	-12.2367	-56.16	EPE-published latitude/longitude attribute and point geometry	Etanol Milho Full	Em operação	not separately provided; source name retained as facility name	54750.0 corn processing t; 63.0 hydrated ethanol m3/day	EPE ethanol-layer source plant type: Etanol Milho Full		ArcGIS OBJECTID 3279; service geometry -12.236699999608579,-56.15999999999997
br-epe-ethanol	a3c399f6134e2f9d	3168	USINA SANTO ANTONIO S/A	Brazil	SP	SERTÃOZINHO	-21.12028	-47.96083	EPE-published latitude/longitude attribute and point geometry	Etanol 1G e Açúcar	Em operação	not separately provided; source name retained as facility name	source cane-processing capacity class: Entre 3.500.000 e 4.500.000; 680.0 anhydrous ethanol m3/day; 710.0 hydrated ethanol m3/day	EPE ethanol-layer source plant type: Etanol 1G e Açúcar		ArcGIS OBJECTID 3168; service geometry -21.12028000036511,-47.96082999999993
br-epe-ethanol	a3c3a2e585b2d119	3155	GUARIROBA BIOENERGIA LTDA	Brazil	SP	PONTES GESTAL	-20.1144	-49.75944	EPE-published latitude/longitude attribute and point geometry	Etanol 1G e Açúcar	Em operação	not separately provided; source name retained as facility name	source cane-processing capacity class: Entre 1.500.000 e 2.500.000; 500.0 hydrated ethanol m3/day	EPE ethanol-layer source plant type: Etanol 1G e Açúcar		ArcGIS OBJECTID 3155; service geometry -20.114400000390027,-49.75943999999998
br-epe-ethanol	a45be66da0c54d03	2938	USINA SANTA CLOTILDE S/A	Brazil	AL	RIO LARGO	-9.4503	-35.8383	EPE-published latitude/longitude attribute and point geometry	Etanol 1G e Açúcar	Em operação	not separately provided; source name retained as facility name	source cane-processing capacity class: Menor que 1.500.000; 90.0 anhydrous ethanol m3/day; 180.0 hydrated ethanol m3/day	EPE ethanol-layer source plant type: Etanol 1G e Açúcar		ArcGIS OBJECTID 2938; service geometry -9.450299999693948,-35.83829999999994
br-epe-ethanol	a496f92c991b0c43	3298	TIMBRO TRADING S.A.	Brazil	RS	SÃO GABRIEL	-30.358076	-54.265141	EPE-published latitude/longitude attribute and point geometry	Etanol 1G	Em operação	not separately provided; source name retained as facility name	2027.777778 corn processing t; 1.0 hydrated ethanol m3/day	EPE ethanol-layer source plant type: Etanol 1G		ArcGIS OBJECTID 3298; service geometry -30.3580760001766,-54.26514099999997
br-epe-ethanol	a52a653ad080a8f3	3296	DESTILARIA TJ - INDÚSTRIA E COMÉRCIO DE BIOCOMBUSTÍVEIS LTDA.	Brazil	MT	SORRISO	-12.5467	-55.79676	EPE-published latitude/longitude attribute and point geometry	Etanol Milho Full	Em operação	not separately provided; source name retained as facility name	26071.428571 corn processing t; 30.0 hydrated ethanol m3/day	EPE ethanol-layer source plant type: Etanol Milho Full		ArcGIS OBJECTID 3296; service geometry -12.546699999599305,-55.79675999999995
br-epe-ethanol	a66d45a34a3b385e	3194	ALIANÇA E PENÁPOLIS PARTICIPAÇÕES S.A.	Brazil	SP	PENÁPOLIS	-21.4216	-50.0826	EPE-published latitude/longitude attribute and point geometry	Açúcar	Em operação	not separately provided; source name retained as facility name	source cane-processing capacity class: Menor que 1.500.000	EPE ethanol-layer source plant type: Açúcar		ArcGIS OBJECTID 3194; service geometry -21.421600000357763,-50.082599999999964
br-epe-ethanol	a67acc1d42963e64	3047	COOPERATIVA DO AGRONEGÓCIO DOS ASSOCIADOS DA ASSOCIAÇÃO DOS FORNECEDORES DE CANA-DE-AÇÚCAR	Brazil	PE	TIMBAÚBA	-7.55095	-35.2734	EPE-published latitude/longitude attribute and point geometry	Etanol 1G e Açúcar	Em operação	not separately provided; source name retained as facility name	source cane-processing capacity class: Menor que 1.500.000; 190.0 anhydrous ethanol m3/day; 330.0 hydrated ethanol m3/day	EPE ethanol-layer source plant type: Etanol 1G e Açúcar		ArcGIS OBJECTID 3047; service geometry -7.5509499997537946,-35.27339999999999
br-epe-ethanol	a70d1476307fe05c	3230	CERVEJARIA PETRÓPOLIS S.A.	Brazil	PR	ARAUCÁRIA	-25.5563	-49.3726	EPE-published latitude/longitude attribute and point geometry	Etanol 1G	Em operação	not separately provided; source name retained as facility name	10.0 hydrated ethanol m3/day	EPE ethanol-layer source plant type: Etanol 1G		ArcGIS OBJECTID 3230; service geometry -25.556300000264983,-49.372599999999984
br-epe-ethanol	a738c38d89ec93f7	2966	GOIASA GOIATUBA ÁLCOOL LTDA.	Brazil	GO	GOIATUBA	-18.0715	-49.6723	EPE-published latitude/longitude attribute and point geometry	Etanol 1G e Açúcar	Em operação	not separately provided; source name retained as facility name	source cane-processing capacity class: Entre 2.500.000 e 3.500.000; 300.0 anhydrous ethanol m3/day; 800.0 hydrated ethanol m3/day	EPE ethanol-layer source plant type: Etanol 1G e Açúcar		ArcGIS OBJECTID 2966; service geometry -18.07150000044287,-49.67229999999995
br-epe-ethanol	a80e1845a63ccb85	3216	USINA ENERSUGAR S/A AÇÚCAR E ÁLCOOL	Brazil	SP	IBIRAREMA	-22.76806	-50.11175	EPE-published latitude/longitude attribute and point geometry	Etanol 1G e Açúcar	Em operação	not separately provided; source name retained as facility name	source cane-processing capacity class: Entre 2.500.000 e 3.500.000; 600.0 hydrated ethanol m3/day	EPE ethanol-layer source plant type: Etanol 1G e Açúcar		ArcGIS OBJECTID 3216; service geometry -22.76806000032601,-50.11174999999997
br-epe-ethanol	a860c4212cb0c141	3249	SANTA MARIA INDUSTRIA DE AÇÚCAR, AGUARDENTE E ÁLCOOL LTDA.	Brazil	SP	MANDURI	-23.044248	-49.257325	EPE-published latitude/longitude attribute and point geometry	Etanol Cana 1G	Ampliação	not separately provided; source name retained as facility name	10.0 hydrated ethanol m3/day	EPE ethanol-layer source plant type: Etanol Cana 1G		ArcGIS OBJECTID 3249; service geometry -23.04424800031967,-49.25732499999998
br-epe-ethanol	a88c481d9c047e0b	3069	IACO AGRÍCOLA S.A.	Brazil	MS	CHAPADÃO DO SUL	-18.769309	-52.919865	EPE-published latitude/longitude attribute and point geometry	Etanol 1G e Açúcar	Em operação	not separately provided; source name retained as facility name	source cane-processing capacity class: Entre 3.500.000 e 4.500.000; 650.0 anhydrous ethanol m3/day; 2100.0 hydrated ethanol m3/day	EPE ethanol-layer source plant type: Etanol 1G e Açúcar		ArcGIS OBJECTID 3069; service geometry -18.769309000424478,-52.91986499999995
br-epe-ethanol	a8b68d71d6257c9b	2977	S.A. USINA CORURIPE AÇÚCAR E ÁLCOOL	Brazil	MG	LIMEIRA DO OESTE	-19.5225	-50.658	EPE-published latitude/longitude attribute and point geometry	Etanol 1G e Açúcar	Em operação	not separately provided; source name retained as facility name	source cane-processing capacity class: Entre 1.500.000 e 2.500.000; 350.0 anhydrous ethanol m3/day; 650.0 hydrated ethanol m3/day	EPE ethanol-layer source plant type: Etanol 1G e Açúcar		ArcGIS OBJECTID 2977; service geometry -19.522500000405017,-50.65799999999996
br-epe-ethanol	a8c689e5e39dcf79	3210	RAIZEN CAARAPO AC AL LTDA	Brazil	SP	PARAGUAÇU PAULISTA	-22.46578	-50.49197	EPE-published latitude/longitude attribute and point geometry	Etanol 1G e Açúcar	Em operação	not separately provided; source name retained as facility name	source cane-processing capacity class: Entre 2.500.000 e 3.500.000; 580.0 anhydrous ethanol m3/day; 480.0 hydrated ethanol m3/day	EPE ethanol-layer source plant type: Etanol 1G e Açúcar		ArcGIS OBJECTID 3210; service geometry -22.46578000033297,-50.49196999999998
br-epe-ethanol	a8e9cf25b2f2e181	3077	AGRO-INDUSTRIAL CAPELA LTDA	Brazil	SE	CAPELA	-10.606209	-37.061369	EPE-published latitude/longitude attribute and point geometry	Etanol 1G e Açúcar	Em operação	not separately provided; source name retained as facility name	source cane-processing capacity class: Menor que 1.500.000; 200.0 hydrated ethanol m3/day	EPE ethanol-layer source plant type: Etanol 1G e Açúcar		ArcGIS OBJECTID 3077; service geometry -10.606208999658163,-37.06136899999996
br-epe-ethanol	a96794afca73b187	3290	JATAÍ AGROINDUSTRIA DE BIO-COMBUSTIVEL LTDA. (VMG BIOENERGIA)	Brazil	GO	JATAÍ	-17.8759	-51.7214	EPE-published latitude/longitude attribute and point geometry	Etanol Milho Full	Em operação	not separately provided; source name retained as facility name	182500.0 corn processing t; 200.0 hydrated ethanol m3/day	EPE ethanol-layer source plant type: Etanol Milho Full		ArcGIS OBJECTID 3290; service geometry -17.87590000044807,-51.72139999999997
br-epe-ethanol	a99798df915dea8c	3238	RAIZEN ENERGIA S.A.	Brazil	SP	ANDRADINA	-20.7699	-51.2587	EPE-published latitude/longitude attribute and point geometry	Etanol 1G e Açúcar	Ampliação	not separately provided; source name retained as facility name	400.0 hydrated ethanol m3/day	EPE ethanol-layer source plant type: Etanol 1G e Açúcar		ArcGIS OBJECTID 3238; service geometry -20.769900000373656,-51.258699999999976
br-epe-ethanol	a9d2ca241cd01d74	3134	OUROESTE BIOENERGIA LTDA	Brazil	SP	OUROESTE	-19.952	-50.4352	EPE-published latitude/longitude attribute and point geometry	Etanol 1G e Açúcar	Em operação	not separately provided; source name retained as facility name	source cane-processing capacity class: Entre 1.500.000 e 2.500.000; 500.0 anhydrous ethanol m3/day; 500.0 hydrated ethanol m3/day	EPE ethanol-layer source plant type: Etanol 1G e Açúcar		ArcGIS OBJECTID 3134; service geometry -19.952000000394065,-50.43519999999995
br-epe-ethanol	ab25781ffbd78f7f	3180	TEREOS AÇUCAR E ENERGIA BRASIL S.A.	Brazil	SP	PITANGUEIRAS	-21.00234	-48.28531	EPE-published latitude/longitude attribute and point geometry	Etanol 1G e Açúcar	Em operação	not separately provided; source name retained as facility name	source cane-processing capacity class: Entre 2.500.000 e 3.500.000; 240.0 anhydrous ethanol m3/day; 1250.0 hydrated ethanol m3/day	EPE ethanol-layer source plant type: Etanol 1G e Açúcar		ArcGIS OBJECTID 3180; service geometry -21.00234000036794,-48.28530999999998
br-epe-ethanol	ab826a290a900eae	3160	COSAN S/A INDÚSTRIA E COMÉRCIO	Brazil	SP	RAFARD	-23.00134	-47.52966	EPE-published latitude/longitude attribute and point geometry	Etanol 1G e Açúcar	Em operação	not separately provided; source name retained as facility name	source cane-processing capacity class: Entre 2.500.000 e 3.500.000; 370.0 anhydrous ethanol m3/day; 400.0 hydrated ethanol m3/day	EPE ethanol-layer source plant type: Etanol 1G e Açúcar		ArcGIS OBJECTID 3160; service geometry -23.00134000032063,-47.529659999999986
br-epe-ethanol	abbe3a1341f034fc	3027	S/A USINA ITURAMA CORURIPE AÇÚCAR E ÁLCOOL	Brazil	MG	ITURAMA	-19.7098	-50.3402	EPE-published latitude/longitude attribute and point geometry	Etanol 1G e Açúcar	Em operação	not separately provided; source name retained as facility name	source cane-processing capacity class: Entre 3.500.000 e 4.500.000; 650.0 anhydrous ethanol m3/day; 700.0 hydrated ethanol m3/day	EPE ethanol-layer source plant type: Etanol 1G e Açúcar		ArcGIS OBJECTID 3027; service geometry -19.709800000400236,-50.34019999999998
br-epe-ethanol	abff53c6d9bdf541	2964	USINA PAINEIRAS S/A	Brazil	ES	ITAPEMIRIM	-20.9537	-40.9494	EPE-published latitude/longitude attribute and point geometry	Etanol 1G e Açúcar	Em operação	not separately provided; source name retained as facility name	source cane-processing capacity class: Menor que 1.500.000; 308.0 anhydrous ethanol m3/day; 324.0 hydrated ethanol m3/day	EPE ethanol-layer source plant type: Etanol 1G e Açúcar		ArcGIS OBJECTID 2964; service geometry -20.95370000036916,-40.94939999999996
br-epe-ethanol	acbf368cbc679390	3050	DELTA SUCROENERGIA S.A	Brazil	MG	CONCEIÇÃO DAS ALAGOAS	-19.9799	-48.2645	EPE-published latitude/longitude attribute and point geometry	Etanol 1G e Açúcar	Em operação	not separately provided; source name retained as facility name	source cane-processing capacity class: Maior que 5.500.000; 1100.0 anhydrous ethanol m3/day; 1500.0 hydrated ethanol m3/day	EPE ethanol-layer source plant type: Etanol 1G e Açúcar		ArcGIS OBJECTID 3050; service geometry -19.9799000003934,-48.264499999999934
br-epe-ethanol	acc0b2b561118c6d	2967	LASA - LINHAR AGROINDUSTRIAL S/A	Brazil	ES	LINHARES	-19.3484	-40.0358	EPE-published latitude/longitude attribute and point geometry	Etanol Cana 1G	Em operação	not separately provided; source name retained as facility name	source cane-processing capacity class: Menor que 1.500.000; 300.0 anhydrous ethanol m3/day; 400.0 hydrated ethanol m3/day	EPE ethanol-layer source plant type: Etanol Cana 1G		ArcGIS OBJECTID 2967; service geometry -19.34840000040948,-40.03579999999994
br-epe-ethanol	adb8560d212b86d5	3054	ITAPAGIPE BIOENERGIA LTDA.	Brazil	MG	ITAPAGIPE	-19.8898	-49.6912	EPE-published latitude/longitude attribute and point geometry	Etanol 1G e Açúcar	Em operação	not separately provided; source name retained as facility name	source cane-processing capacity class: Entre 1.500.000 e 2.500.000; 450.0 hydrated ethanol m3/day	EPE ethanol-layer source plant type: Etanol 1G e Açúcar		ArcGIS OBJECTID 3054; service geometry -19.889800000395674,-49.69119999999998
br-epe-ethanol	ae4c1a17adb74ad1	3100	COSAN S/A INDÚSTRIA E COMÉRCIO	Brazil	SP	IBATÉ	-22.0135	-48.0021	EPE-published latitude/longitude attribute and point geometry	Etanol 1G e Açúcar	Em operação	not separately provided; source name retained as facility name	source cane-processing capacity class: Entre 1.500.000 e 2.500.000; 80.0 anhydrous ethanol m3/day; 350.0 hydrated ethanol m3/day	EPE ethanol-layer source plant type: Etanol 1G e Açúcar		ArcGIS OBJECTID 3100; service geometry -22.01350000034362,-48.00209999999998
br-epe-ethanol	ae4ec6f733af0c97	3089	JOSÉ GRANELLI & FILHOS LTDA.	Brazil	SP	CHARQUEADA	-22.5185	-47.7139	EPE-published latitude/longitude attribute and point geometry	Etanol 1G e Açúcar	Em operação	not separately provided; source name retained as facility name	source cane-processing capacity class: Menor que 1.500.000; 100.0 hydrated ethanol m3/day	EPE ethanol-layer source plant type: Etanol 1G e Açúcar		ArcGIS OBJECTID 3089; service geometry -22.518500000331755,-47.71389999999997
br-epe-ethanol	af92db426875fe04	3153	USINA BELA VISTA S.A	Brazil	SP	PONTAL	-20.9418	-48.08426	EPE-published latitude/longitude attribute and point geometry	Etanol 1G e Açúcar	Em operação	not separately provided; source name retained as facility name	source cane-processing capacity class: Entre 4.500.000 e 5.500.000; 1000.0 anhydrous ethanol m3/day; 820.0 hydrated ethanol m3/day	EPE ethanol-layer source plant type: Etanol 1G e Açúcar		ArcGIS OBJECTID 3153; service geometry -20.94180000036943,-48.08425999999997
br-epe-ethanol	b011b248554658ee	2923	PEDRO AFONSO BIOENERGIA LTDA	Brazil	TO	PEDRO AFONSO	-9.196298	-48.140067	EPE-published latitude/longitude attribute and point geometry	Etanol 1G e Açúcar	Em operação	not separately provided; source name retained as facility name	source cane-processing capacity class: Entre 2.500.000 e 3.500.000; 750.0 anhydrous ethanol m3/day; 1500.0 hydrated ethanol m3/day	EPE ethanol-layer source plant type: Etanol 1G e Açúcar		ArcGIS OBJECTID 2923; service geometry -9.196297999701866,-48.140066999999924
br-epe-ethanol	b0ddf5b3a04143ad	3146	BALDIN BIOENERGIA S.A.	Brazil	SP	PIRASSUNUNGA	-22.0115	-47.445	EPE-published latitude/longitude attribute and point geometry	Etanol 1G e Açúcar	Em operação	not separately provided; source name retained as facility name	source cane-processing capacity class: Entre 1.500.000 e 2.500.000; 460.0 hydrated ethanol m3/day	EPE ethanol-layer source plant type: Etanol 1G e Açúcar		ArcGIS OBJECTID 3146; service geometry -22.011500000343663,-47.444999999999936
br-epe-ethanol	b16925c000812c63	3196	IPIRANGA AGROINDUSTRIAL S.A.	Brazil	MG	PASSOS	-20.661676	-46.553139	EPE-published latitude/longitude attribute and point geometry	Açúcar	Em operação	not separately provided; source name retained as facility name	source cane-processing capacity class: Entre 2.500.000 e 3.500.000	EPE ethanol-layer source plant type: Açúcar		ArcGIS OBJECTID 3196; service geometry -20.661676000376325,-46.55313899999993
br-epe-ethanol	b183a214afb84ba4	3143	COSAN S/A INDÚSTRIA E COMÉRCIO	Brazil	SP	PIRACICABA	-22.6397	-47.68439	EPE-published latitude/longitude attribute and point geometry	Etanol 1G, 2G e Açúcar	Em operação	not separately provided; source name retained as facility name	source cane-processing capacity class: Entre 4.500.000 e 5.500.000; 865.0 anhydrous ethanol m3/day; 1416.0 hydrated ethanol m3/day	EPE ethanol-layer source plant type: Etanol 1G, 2G e Açúcar		ArcGIS OBJECTID 3143; service geometry -22.639700000328926,-47.68438999999995
br-epe-ethanol	b211b7a2aff611e3	3129	DESTILARIA SANTA IZABEL LTDA.	Brazil	SP	NOVO HORIZONTE	-21.51049	-49.2099	EPE-published latitude/longitude attribute and point geometry	Etanol 1G e Açúcar	Em operação	not separately provided; source name retained as facility name	source cane-processing capacity class: Entre 3.500.000 e 4.500.000; 700.0 anhydrous ethanol m3/day; 700.0 hydrated ethanol m3/day	EPE ethanol-layer source plant type: Etanol 1G e Açúcar		ArcGIS OBJECTID 3129; service geometry -21.510490000355606,-49.20989999999995
br-epe-ethanol	b2b01eca188df77d	3269	EBER BIO-ENERGIA E AGRICULTURA LTDA.	Brazil	GO	MONTES CLAROS DE GOIÁS	-15.940945	-51.35315	EPE-published latitude/longitude attribute and point geometry	Etanol Milho Flex	Ampliação	not separately provided; source name retained as facility name	600.0 hydrated ethanol m3/day	EPE ethanol-layer source plant type: Etanol Milho Flex		ArcGIS OBJECTID 3269; service geometry -15.940944999501047,-51.35314999999997
br-epe-ethanol	b48bbe719c04d76a	3017	USINA RIO VERDE LTDA.	Brazil	GO	RIO VERDE	-18.096313	-51.035632	EPE-published latitude/longitude attribute and point geometry	Etanol Milho Flex	Em operação	not separately provided; source name retained as facility name	source cane-processing capacity class: Menor que 1.500.000; 121785.714286 corn processing t; 120.0 anhydrous ethanol m3/day; 330.0 hydrated ethanol m3/day	EPE ethanol-layer source plant type: Etanol Milho Flex		ArcGIS OBJECTID 3017; service geometry -18.096313000442212,-51.035631999999964
br-epe-ethanol	b4984a3d485b1405	3013	CAMBUÍ AÇÚCAR E ÁLCOOL LTDA	Brazil	GO	SANTA HELENA DE GOIÁS	-17.925316	-50.635012	EPE-published latitude/longitude attribute and point geometry	Etanol 1G e Açúcar	Em operação	not separately provided; source name retained as facility name	source cane-processing capacity class: Entre 1.500.000 e 2.500.000; 650.0 anhydrous ethanol m3/day; 1480.0 hydrated ethanol m3/day	EPE ethanol-layer source plant type: Etanol 1G e Açúcar		ArcGIS OBJECTID 3013; service geometry -17.925316000446756,-50.63501199999996
br-epe-ethanol	b4e1a03dafbeb9d5	3059	BIOENERGÉTICA AROEIRA LTDA	Brazil	MG	TUPACIGUARA	-18.662357	-48.659761	EPE-published latitude/longitude attribute and point geometry	Etanol 1G e Açúcar	Em operação	not separately provided; source name retained as facility name	source cane-processing capacity class: Entre 2.500.000 e 3.500.000; 550.0 anhydrous ethanol m3/day; 744.0 hydrated ethanol m3/day	EPE ethanol-layer source plant type: Etanol 1G e Açúcar		ArcGIS OBJECTID 3059; service geometry -18.662357000427296,-48.659760999999946
br-epe-ethanol	b6e153f26c763092	3255	FERRARI AGROINDUSTRIAL LTDA.	Brazil	SP	PIRASSUNUNGA	-21.84549	-47.36306	EPE-published latitude/longitude attribute and point geometry	Etanol 1G e Açúcar	Ampliação	not separately provided; source name retained as facility name	150.0 hydrated ethanol m3/day	EPE ethanol-layer source plant type: Etanol 1G e Açúcar		ArcGIS OBJECTID 3255; service geometry -21.845490000347628,-47.36305999999996
br-epe-ethanol	b85a757786f4752d	3207	RAIZEN ENERGIA S.A.	Brazil	GO	JATAÍ	-17.6958	-51.625	EPE-published latitude/longitude attribute and point geometry	Etanol 1G e Açúcar	Em operação	not separately provided; source name retained as facility name	source cane-processing capacity class: Entre 3.500.000 e 4.500.000; 2400.0 hydrated ethanol m3/day	EPE ethanol-layer source plant type: Etanol 1G e Açúcar		ArcGIS OBJECTID 3207; service geometry -17.695800000452923,-51.62499999999994
br-epe-ethanol	b95968c8747bda25	3137	COCAL COMÉRCIO E INDÚSTRIA CANAÃ AÇÚCAR E ÁLCOOL L	Brazil	SP	PARAGUAÇU PAULISTA	-22.47395	-50.7888	EPE-published latitude/longitude attribute and point geometry	Etanol 1G e Açúcar	Em operação	not separately provided; source name retained as facility name	source cane-processing capacity class: Entre 3.500.000 e 4.500.000; 200.0 anhydrous ethanol m3/day; 600.0 hydrated ethanol m3/day	EPE ethanol-layer source plant type: Etanol 1G e Açúcar		ArcGIS OBJECTID 3137; service geometry -22.473950000332778,-50.78879999999998
br-epe-ethanol	bb3120aa2c48dd67	3292	NEOMILLE S.A.	Brazil	GO	CHAPADÃO DO CÉU	-18.469052	-52.601844	EPE-published latitude/longitude attribute and point geometry	Etanol Milho Full	Em operação	not separately provided; source name retained as facility name	860000.0 corn processing t; 800.0 anhydrous ethanol m3/day; 1600.0 hydrated ethanol m3/day	EPE ethanol-layer source plant type: Etanol Milho Full		ArcGIS OBJECTID 3292; service geometry -18.469052000432367,-52.60184399999997
br-epe-ethanol	bc2ddd15958aaaf0	2965	DIANA DESTILARIA DE ÁLCOOL NOVA AVANHANDAVA LTDA.	Brazil	SP	AVANHANDAVA	-21.4013	-49.8935	EPE-published latitude/longitude attribute and point geometry	Etanol 1G e Açúcar	Em operação	not separately provided; source name retained as facility name	source cane-processing capacity class: Entre 1.500.000 e 2.500.000; 100.0 anhydrous ethanol m3/day; 350.0 hydrated ethanol m3/day	EPE ethanol-layer source plant type: Etanol 1G e Açúcar		ArcGIS OBJECTID 2965; service geometry -21.40130000035829,-49.89349999999996
br-epe-ethanol	bc42eb5749fac8f5	3131	ONDA VERDE AGROCOMERCIAL LTDA.	Brazil	SP	ONDA VERDE	-20.60204	-49.19947	EPE-published latitude/longitude attribute and point geometry	Etanol 1G e Açúcar	Em operação	not separately provided; source name retained as facility name	source cane-processing capacity class: Menor que 1.500.000; 120.0 anhydrous ethanol m3/day; 350.0 hydrated ethanol m3/day	EPE ethanol-layer source plant type: Etanol 1G e Açúcar		ArcGIS OBJECTID 3131; service geometry -20.602040000377848,-49.19946999999996
br-epe-ethanol	bca06406fb0e524b	3270	SADA BIO-ENERGIA E AGRICULTURA LTDA.	Brazil	MG	JAÍBA	-15.199759	-43.884228	EPE-published latitude/longitude attribute and point geometry	Etanol Milho Flex	Ampliação	not separately provided; source name retained as facility name	600.0 hydrated ethanol m3/day	EPE ethanol-layer source plant type: Etanol Milho Flex		ArcGIS OBJECTID 3270; service geometry -15.199758999521984,-43.88422799999995
br-epe-ethanol	bd8b8de781af67ea	3247	COMPANHIA AGRÍCOLA USINA JACAREZINHO	Brazil	PR	JACAREZINHO	-23.0935	-49.9416	EPE-published latitude/longitude attribute and point geometry	Etanol 1G e Açúcar	Ampliação	not separately provided; source name retained as facility name	100.0 hydrated ethanol m3/day	EPE ethanol-layer source plant type: Etanol 1G e Açúcar		ArcGIS OBJECTID 3247; service geometry -23.093500000318503,-49.94159999999993
br-epe-ethanol	c05d31b27eb75d37	3031	USINA TERMO ELÉTRICA LOLANDO LEITE LTDA.	Brazil	SE	CAPELA	-10.508938	-36.974266	EPE-published latitude/longitude attribute and point geometry	Etanol Cana 1G	Em operação	not separately provided; source name retained as facility name	source cane-processing capacity class: Menor que 1.500.000; 150.0 hydrated ethanol m3/day	EPE ethanol-layer source plant type: Etanol Cana 1G		ArcGIS OBJECTID 3031; service geometry -10.508937999661114,-36.97426599999994
br-epe-ethanol	c178ffdadc0fdecf	3257	COOPERATIVA DOS PRODUTORES DE CANA DE AÇÚCAR DA MATA SUL	Brazil	PE	RIBEIRÃO	-8.53357	-35.386155	EPE-published latitude/longitude attribute and point geometry	Etanol Cana 1G	Ampliação	not separately provided; source name retained as facility name	110.0 anhydrous ethanol m3/day; 310.0 hydrated ethanol m3/day	EPE ethanol-layer source plant type: Etanol Cana 1G		ArcGIS OBJECTID 3257; service geometry -8.533569999722664,-35.386154999999974
br-epe-ethanol	c19c4f5f6d3a537b	3043	RAIZEN CENTRO-SUL S.A	Brazil	MG	LAGOA DA PRATA	-20.07611	-45.56525	EPE-published latitude/longitude attribute and point geometry	Etanol 1G e Açúcar	Em operação	not separately provided; source name retained as facility name	source cane-processing capacity class: Entre 2.500.000 e 3.500.000; 1000.0 anhydrous ethanol m3/day; 1100.0 hydrated ethanol m3/day	EPE ethanol-layer source plant type: Etanol 1G e Açúcar		ArcGIS OBJECTID 3043; service geometry -20.07611000039097,-45.565249999999935
br-epe-ethanol	c34dab535deb72b0	2956	VALE DO IVAÍ S/A AÇÚCAR E ÁLCOOL	Brazil	PR	SÃO PEDRO DO IVAÍ	-23.8559	-51.8896	EPE-published latitude/longitude attribute and point geometry	Etanol 1G e Açúcar	Em operação	not separately provided; source name retained as facility name	source cane-processing capacity class: Entre 1.500.000 e 2.500.000; 300.0 anhydrous ethanol m3/day; 450.0 hydrated ethanol m3/day	EPE ethanol-layer source plant type: Etanol 1G e Açúcar		ArcGIS OBJECTID 2956; service geometry -23.855900000301386,-51.88959999999997
br-epe-ethanol	c4254f35e3e3df18	3002	CERRADINHO BIOENERGIA S/A	Brazil	GO	CHAPADÃO DO CÉU	-18.469052	-52.601844	EPE-published latitude/longitude attribute and point geometry	Etanol 1G e Açúcar	Em operação	not separately provided; source name retained as facility name	source cane-processing capacity class: Maior que 5.500.000; 2800.0 hydrated ethanol m3/day	EPE ethanol-layer source plant type: Etanol 1G e Açúcar		ArcGIS OBJECTID 3002; service geometry -18.469052000432367,-52.60184399999997
br-epe-ethanol	c610a4017d4c4afd	3205	AGUAPEÍ AGROENERGIA S.A.	Brazil	GO	SÃO SIMÃO	-18.971509	-50.634944	EPE-published latitude/longitude attribute and point geometry	Etanol 1G e Açúcar	Em operação	not separately provided; source name retained as facility name	source cane-processing capacity class: Entre 1.500.000 e 2.500.000; 400.0 hydrated ethanol m3/day	EPE ethanol-layer source plant type: Etanol 1G e Açúcar		ArcGIS OBJECTID 3205; service geometry -18.971509000419225,-50.63494399999996
br-epe-ethanol	c6eedeab5233c080	3214	USIFLEX JUINA AGRO ENERGIA LTDA	Brazil	MT	JUINA	-11.43575	-58.7086	EPE-published latitude/longitude attribute and point geometry	Etanol 1G	Em operação	not separately provided; source name retained as facility name	3.0 hydrated ethanol m3/day	EPE ethanol-layer source plant type: Etanol 1G		ArcGIS OBJECTID 3214; service geometry -11.435749999632758,-58.70859999999993
br-epe-ethanol	c73f19acb87a1e20	2971	CEARA-MIRIM AGROINDUSTRIAL S.A	Brazil	RN	CEARÁ-MIRIM	-5.62943	-35.4115	EPE-published latitude/longitude attribute and point geometry	Etanol Cana 1G	Em operação	not separately provided; source name retained as facility name	source cane-processing capacity class: Menor que 1.500.000; 240.0 hydrated ethanol m3/day	EPE ethanol-layer source plant type: Etanol Cana 1G		ArcGIS OBJECTID 2971; service geometry -5.6294299998154935,-35.41149999999993
br-epe-ethanol	c78b870c76669966	3115	ATVOS BIOENERGIA CONQUISTA DO PONTAL S.A.	Brazil	SP	MIRANTE DO PARANAPANEMA	-22.3991	-52.1002	EPE-published latitude/longitude attribute and point geometry	Etanol 1G e Açúcar	Em operação	not separately provided; source name retained as facility name	source cane-processing capacity class: Entre 4.500.000 e 5.500.000; 700.0 anhydrous ethanol m3/day; 1400.0 hydrated ethanol m3/day	EPE ethanol-layer source plant type: Etanol 1G e Açúcar		ArcGIS OBJECTID 3115; service geometry -22.399100000334567,-52.10019999999997
br-epe-ethanol	c80894787d2e2e84	3139	CENTRAL ENERGÉTICA VALE DO SAPUCAÍ LTDA.	Brazil	SP	PATROCÍNIO PAULISTA	-20.7518	-47.4313	EPE-published latitude/longitude attribute and point geometry	Etanol 1G e Açúcar	Em operação	not separately provided; source name retained as facility name	source cane-processing capacity class: Entre 2.500.000 e 3.500.000; 517.0 anhydrous ethanol m3/day; 900.0 hydrated ethanol m3/day	EPE ethanol-layer source plant type: Etanol 1G e Açúcar		ArcGIS OBJECTID 3139; service geometry -20.751800000374104,-47.431299999999965
br-epe-ethanol	c877ef1102eebea9	2932	COOPERATIVA AGROINDUSTRIAL NOVA PRODUTIVA	Brazil	PR	ASTORGA	-23.0944	-51.6423	EPE-published latitude/longitude attribute and point geometry	Etanol Cana 1G	Em operação	not separately provided; source name retained as facility name	source cane-processing capacity class: Menor que 1.500.000; 300.0 anhydrous ethanol m3/day; 600.0 hydrated ethanol m3/day	EPE ethanol-layer source plant type: Etanol Cana 1G		ArcGIS OBJECTID 2932; service geometry -23.094400000318487,-51.64229999999998
br-epe-ethanol	c891e75d8f4d9756	3254	OUROESTE BIOENERGIA LTDA	Brazil	SP	OUROESTE	-19.952	-50.4352	EPE-published latitude/longitude attribute and point geometry	Etanol 1G e Açúcar	Ampliação	not separately provided; source name retained as facility name	100.0 anhydrous ethanol m3/day; 100.0 hydrated ethanol m3/day	EPE ethanol-layer source plant type: Etanol 1G e Açúcar		ArcGIS OBJECTID 3254; service geometry -19.952000000394065,-50.43519999999995
br-epe-ethanol	c96dd1244c289fd7	3259	RAIZEN IGUARA RIO BRILHANTE AGROINDUSTRIAL LTDA.	Brazil	MS	RIO BRILHANTE	-21.72436	-54.50131	EPE-published latitude/longitude attribute and point geometry	Etanol 1G e Açúcar	Ampliação	not separately provided; source name retained as facility name	400.0 hydrated ethanol m3/day	EPE ethanol-layer source plant type: Etanol 1G e Açúcar		ArcGIS OBJECTID 3259; service geometry -21.724360000350522,-54.501309999999926
br-epe-ethanol	cae07eac9a253c72	2998	LASA LAGO AZUL S/A	Brazil	GO	IPAMERI	-17.7454	-48.17682	EPE-published latitude/longitude attribute and point geometry	Etanol Cana 1G	Em operação	not separately provided; source name retained as facility name	source cane-processing capacity class: Menor que 1.500.000; 500.0 hydrated ethanol m3/day	EPE ethanol-layer source plant type: Etanol Cana 1G		ArcGIS OBJECTID 2998; service geometry -17.745400000451596,-48.176819999999964
br-epe-ethanol	cbd46ddd619caacc	3167	DELOS DESTILARIA LOPES DA SILVA LTDA.	Brazil	SP	SERTÃOZINHO	-21.20078	-48.04133	EPE-published latitude/longitude attribute and point geometry	Etanol Cana 1G	Em operação	not separately provided; source name retained as facility name	source cane-processing capacity class: Entre 4.500.000 e 5.500.000; 200.0 hydrated ethanol m3/day	EPE ethanol-layer source plant type: Etanol Cana 1G		ArcGIS OBJECTID 3167; service geometry -21.200780000363103,-48.04132999999997
br-epe-ethanol	cc5238e6e5a22108	3099	FIGUEIRA INDÚSTRIA E COMÉRCIO S.A	Brazil	SP	BURITAMA	-21.103424	-50.229353	EPE-published latitude/longitude attribute and point geometry	Açúcar	Em operação	not separately provided; source name retained as facility name	source cane-processing capacity class: Menor que 1.500.000	EPE ethanol-layer source plant type: Açúcar		ArcGIS OBJECTID 3099; service geometry -21.103424000365486,-50.229352999999946
br-epe-ethanol	cc82157dabb32966	3271	NOVA CASTILHO AGROINDUSTRIAL S.A.	Brazil	SP	NOVA CASTILHO	-20.75336	-50.309693	EPE-published latitude/longitude attribute and point geometry	Etanol 1G e Açúcar	Construção	not separately provided; source name retained as facility name	source cane-processing capacity class: Menor que 1.500.000; 240.0 hydrated ethanol m3/day	EPE ethanol-layer source plant type: Etanol 1G e Açúcar		ArcGIS OBJECTID 3271; service geometry -20.7533600003741,-50.30969299999998
br-epe-ethanol	cca65c70589989ea	3124	COOP. AGRÍCOLA REG. DE PRODUTORES DE CANA LTDA.	Brazil	PR	SÃO CARLOS DO IVAÍ	-23.2681	-52.4889	EPE-published latitude/longitude attribute and point geometry	Etanol 1G e Açúcar	Em operação	not separately provided; source name retained as facility name	source cane-processing capacity class: Entre 3.500.000 e 4.500.000; 900.0 anhydrous ethanol m3/day; 1200.0 hydrated ethanol m3/day	EPE ethanol-layer source plant type: Etanol 1G e Açúcar		ArcGIS OBJECTID 3124; service geometry -23.268100000314533,-52.488899999999944
br-epe-ethanol	cde9a165bdc659fa	3303	COOPERATIVA REGIONAL AGROPECUÁRIA DE CAMPOS NOVOS - COPERCAMPOS	Brazil	SC	CAMPOS NOVOS	-27.33366	-51.20201	EPE-published latitude/longitude attribute and point geometry	Etanol Milho Full	Construção	not separately provided; source name retained as facility name	112976.190476 corn processing t; 130.0 anhydrous ethanol m3/day; 130.0 hydrated ethanol m3/day	EPE ethanol-layer source plant type: Etanol Milho Full		ArcGIS OBJECTID 3303; service geometry -27.33366000022969,-51.20201032899996
br-epe-ethanol	ceabf043e509145e	2934	ENERGÉTICA SANTA HELENA LTDA.	Brazil	MS	NOVA ANDRADINA	-21.999	-53.425	EPE-published latitude/longitude attribute and point geometry	Etanol 1G e Açúcar	Em operação	not separately provided; source name retained as facility name	source cane-processing capacity class: Entre 1.500.000 e 2.500.000; 330.0 anhydrous ethanol m3/day; 1150.0 hydrated ethanol m3/day	EPE ethanol-layer source plant type: Etanol 1G e Açúcar		ArcGIS OBJECTID 2934; service geometry -21.999000000343965,-53.42499999999995
br-epe-ethanol	d0a547a59194aa84	2982	CARGILL BIOENERGIA LTDA.	Brazil	GO	QUIRINÓPOLIS	-18.432976	-50.261441	EPE-published latitude/longitude attribute and point geometry	Etanol Milho Flex	Em operação	not separately provided; source name retained as facility name	source cane-processing capacity class: Maior que 5.500.000; 555416.666667 corn processing t; 350.0 anhydrous ethanol m3/day; 1505.0 hydrated ethanol m3/day	EPE ethanol-layer source plant type: Etanol Milho Flex		ArcGIS OBJECTID 2982; service geometry -18.432976000433275,-50.26144099999993
br-epe-ethanol	d11a665190451db7	3103	IPIRANGA AGROINDUSTRIAL S/A	Brazil	SP	DESCALVADO	-21.8318	-47.7505	EPE-published latitude/longitude attribute and point geometry	Etanol 1G e Açúcar	Em operação	not separately provided; source name retained as facility name	source cane-processing capacity class: Entre 1.500.000 e 2.500.000; 450.0 hydrated ethanol m3/day	EPE ethanol-layer source plant type: Etanol 1G e Açúcar		ArcGIS OBJECTID 3103; service geometry -21.831800000347954,-47.750499999999924
br-epe-ethanol	d1416b778291d2c4	3116	USINA DE AÇÚCAR SANTA TEREZINHA LTDA.	Brazil	PR	PARANACITY	-22.8764	-52.1831	EPE-published latitude/longitude attribute and point geometry	Etanol 1G e Açúcar	Em operação	not separately provided; source name retained as facility name	source cane-processing capacity class: Entre 2.500.000 e 3.500.000; 550.0 hydrated ethanol m3/day	EPE ethanol-layer source plant type: Etanol 1G e Açúcar		ArcGIS OBJECTID 3116; service geometry -22.876400000323518,-52.18309999999997
br-epe-ethanol	d1988a2194bc582c	3121	USINA DE AÇÚCAR E ÁLCOOL SANTA TEREZINHA LTDA.	Brazil	PR	TERRA RICA	-22.7897	-52.717	EPE-published latitude/longitude attribute and point geometry	Etanol 1G e Açúcar	Em operação	not separately provided; source name retained as facility name	source cane-processing capacity class: Entre 1.500.000 e 2.500.000; 300.0 anhydrous ethanol m3/day; 350.0 hydrated ethanol m3/day	EPE ethanol-layer source plant type: Etanol 1G e Açúcar		ArcGIS OBJECTID 3121; service geometry -22.7897000003255,-52.716999999999985
br-epe-ethanol	d2937e71fafcb6ef	3236	JAPUNGU AGROINDUSTRIAL LTDA	Brazil	PB	SANTA RITA	-7.09156	-34.9811	EPE-published latitude/longitude attribute and point geometry	Açúcar	Em operação	not separately provided; source name retained as facility name	source cane-processing capacity class: Menor que 1.500.000	EPE ethanol-layer source plant type: Açúcar		ArcGIS OBJECTID 3236; service geometry -7.091559999768471,-34.98109999999998
br-epe-ethanol	d3146470b378c496	2978	VALE VERDE EMPREENDIMENTOS AGRÍCOLAS LTDA	Brazil	GO	GOIATUBA	-17.95337	-49.85505	EPE-published latitude/longitude attribute and point geometry	Etanol 1G e Açúcar	Em operação	not separately provided; source name retained as facility name	source cane-processing capacity class: Entre 2.500.000 e 3.500.000; 1200.0 anhydrous ethanol m3/day; 2100.0 hydrated ethanol m3/day	EPE ethanol-layer source plant type: Etanol 1G e Açúcar		ArcGIS OBJECTID 2978; service geometry -17.953370000446014,-49.85504999999995
br-epe-ethanol	d4cb486b015f901c	3040	USINA LACANGA DE AÇÚCAR E ÁLCOOL LTDA.	Brazil	SP	IACANGA	-21.798113	-49.011766	EPE-published latitude/longitude attribute and point geometry	Etanol 1G e Açúcar	Em operação	not separately provided; source name retained as facility name	source cane-processing capacity class: Entre 3.500.000 e 4.500.000; 700.0 anhydrous ethanol m3/day; 950.0 hydrated ethanol m3/day	EPE ethanol-layer source plant type: Etanol 1G e Açúcar		ArcGIS OBJECTID 3040; service geometry -21.798113000348714,-49.011765999999966
br-epe-ethanol	d55270bcd428f839	3039	VALE DO PONTAL AÇÚCAR E ÁLCOOL LTDA.	Brazil	MG	LIMEIRA DO OESTE	-19.296594	-50.794512	EPE-published latitude/longitude attribute and point geometry	Etanol 1G e Açúcar	Em operação	not separately provided; source name retained as facility name	source cane-processing capacity class: Entre 1.500.000 e 2.500.000; 600.0 anhydrous ethanol m3/day; 750.0 hydrated ethanol m3/day	EPE ethanol-layer source plant type: Etanol 1G e Açúcar		ArcGIS OBJECTID 3039; service geometry -19.296594000410813,-50.79451199999993
br-epe-ethanol	d5933056bb82937b	3080	USIMAT DESTILARIA DE ÁLCOOL LTDA.	Brazil	MT	CAMPOS DE JÚLIO	-14.265292	-59.235374	EPE-published latitude/longitude attribute and point geometry	Etanol Milho Flex	Em operação	not separately provided; source name retained as facility name	source cane-processing capacity class: Menor que 1.500.000; 476071.428571 corn processing t; 1180.0 anhydrous ethanol m3/day; 1290.0 hydrated ethanol m3/day	EPE ethanol-layer source plant type: Etanol Milho Flex		ArcGIS OBJECTID 3080; service geometry -14.265291999548756,-59.23537399999998
br-epe-ethanol	d63bde82d5446b6a	2948	USINA AÇUCAREIRA ESTER S/A	Brazil	SP	COSMÓPOLIS	-22.6573	-47.2109	EPE-published latitude/longitude attribute and point geometry	Etanol 1G e Açúcar	Em operação	not separately provided; source name retained as facility name	source cane-processing capacity class: Entre 1.500.000 e 2.500.000; 450.0 hydrated ethanol m3/day	EPE ethanol-layer source plant type: Etanol 1G e Açúcar		ArcGIS OBJECTID 2948; service geometry -22.657300000328544,-47.21089999999998
br-epe-ethanol	d63e983f40fd5be7	3226	USINA CENTRAL MATA SUL, IND. E COM DE	Brazil	PE	CABO DE SANTO AGOSTINHO	-8.239029	-35.033862	EPE-published latitude/longitude attribute and point geometry	Etanol 1G e Açúcar	Em operação	not separately provided; source name retained as facility name	source cane-processing capacity class: Menor que 1.500.000; 130.0 anhydrous ethanol m3/day; 150.0 hydrated ethanol m3/day	EPE ethanol-layer source plant type: Etanol 1G e Açúcar		ArcGIS OBJECTID 3226; service geometry -8.239028999731987,-35.03386199999995
br-epe-ethanol	d69799ce4ab3f3a7	3190	ACUCAREIRA QUATA S.A	Brazil	SP	LENÇÓIS PAULISTA	-22.6253	-48.7568	EPE-published latitude/longitude attribute and point geometry	Etanol 1G e Açúcar	Em operação	not separately provided; source name retained as facility name	source cane-processing capacity class: Entre 4.500.000 e 5.500.000; 700.0 anhydrous ethanol m3/day; 1100.0 hydrated ethanol m3/day	EPE ethanol-layer source plant type: Etanol 1G e Açúcar		ArcGIS OBJECTID 3190; service geometry -22.6253000003293,-48.75679999999994
br-epe-ethanol	d7c3b459fb684fc4	3217	TRIEX BIOENERGIA LTDA	Brazil	RS	ARROIO DO MEIO	-29.38508	-51.97827	EPE-published latitude/longitude attribute and point geometry	Etanol 1G	Em operação	not separately provided; source name retained as facility name	1.0 hydrated ethanol m3/day	EPE ethanol-layer source plant type: Etanol 1G		ArcGIS OBJECTID 3217; service geometry -29.385080000192694,-51.97826999999995
br-epe-ethanol	d7d951f5ac3a6238	3112	USINA DE AÇÚCAR SANTA TEREZINHA LTDA.	Brazil	PR	IVATÉ	-23.3873	-53.4354	EPE-published latitude/longitude attribute and point geometry	Etanol 1G e Açúcar	Em operação	not separately provided; source name retained as facility name	source cane-processing capacity class: Entre 1.500.000 e 2.500.000; 190.0 anhydrous ethanol m3/day; 300.0 hydrated ethanol m3/day	EPE ethanol-layer source plant type: Etanol 1G e Açúcar		ArcGIS OBJECTID 3112; service geometry -23.387300000311882,-53.435399999999966
br-epe-ethanol	da0a62d6e86174b2	3313	LIDA BIOENERGIA LTDA.	Brazil	BA	SANTA RITA DE CÁSSIA	-11.297472	-44.717815	EPE-published latitude/longitude attribute and point geometry	Etanol Milho Full	Construção	not separately provided; source name retained as facility name	204226.190476 corn processing t; 225.0 anhydrous ethanol m3/day; 235.0 hydrated ethanol m3/day	EPE ethanol-layer source plant type: Etanol Milho Full		ArcGIS OBJECTID 3313; service geometry -11.29747199963701,-44.71781499999997
br-epe-ethanol	dad980cf750b80ab	3157	EQUIPAV S/A AÇÚCAR E ÁLCOOL	Brazil	SP	PROMISSÃO	-21.63424	-49.84019	EPE-published latitude/longitude attribute and point geometry	Etanol 1G e Açúcar	Em operação	not separately provided; source name retained as facility name	source cane-processing capacity class: Maior que 5.500.000; 920.0 anhydrous ethanol m3/day; 1600.0 hydrated ethanol m3/day	EPE ethanol-layer source plant type: Etanol 1G e Açúcar		ArcGIS OBJECTID 3157; service geometry -21.63424000035267,-49.84018999999995
br-epe-ethanol	daefbbcf01d70b14	3248	VALE DO PONTAL AÇÚCAR E ÁLCOOL LTDA.	Brazil	MG	LIMEIRA DO OESTE	-19.5225	-50.658	EPE-published latitude/longitude attribute and point geometry	Etanol Cana 1G	Ampliação	not separately provided; source name retained as facility name	150.0 hydrated ethanol m3/day	EPE ethanol-layer source plant type: Etanol Cana 1G		ArcGIS OBJECTID 3248; service geometry -19.522500000405017,-50.65799999999996
br-epe-ethanol	db6721753a89e00c	3142	USINA SANTA ADÉLIA S/A	Brazil	SP	PEREIRA BARRETO	-20.5299	-51.247	EPE-published latitude/longitude attribute and point geometry	Etanol 1G e Açúcar	Em operação	not separately provided; source name retained as facility name	source cane-processing capacity class: Entre 2.500.000 e 3.500.000; 1250.0 anhydrous ethanol m3/day; 1450.0 hydrated ethanol m3/day	EPE ethanol-layer source plant type: Etanol 1G e Açúcar		ArcGIS OBJECTID 3142; service geometry -20.52990000037959,-51.24699999999996
br-epe-ethanol	dceacd8972b39211	3251	RAÍZEN CENTRO SUL PAULISTA S.A.	Brazil	SP	MORRO AGUDO	-20.61579	-48.0004	EPE-published latitude/longitude attribute and point geometry	Etanol 1G e Açúcar	Ampliação	not separately provided; source name retained as facility name	640.0 anhydrous ethanol m3/day; 400.0 hydrated ethanol m3/day	EPE ethanol-layer source plant type: Etanol 1G e Açúcar		ArcGIS OBJECTID 3251; service geometry -20.61579000037747,-48.00039999999996
br-epe-ethanol	dd6158b5e32ac7ef	3305	EBER BIO-ENERGIA E AGRICULTURA LTDA.	Brazil	GO	MONTES CLAROS DE GOIÁS	-15.940945	-51.35315	EPE-published latitude/longitude attribute and point geometry	Etanol Milho Flex	Construção	not separately provided; source name retained as facility name	369047.619048 corn processing t; 1000.0 hydrated ethanol m3/day	EPE ethanol-layer source plant type: Etanol Milho Flex		ArcGIS OBJECTID 3305; service geometry -15.940944999501047,-51.35314999999997
br-epe-ethanol	dea9c7aa5119a15e	3078	USINA AYSÚ LTDA.	Brazil	MT	SORRISO	-12.57612	-55.7212	EPE-published latitude/longitude attribute and point geometry	Etanol Milho Flex	Em operação	not separately provided; source name retained as facility name	source cane-processing capacity class: Menor que 1.500.000; 116250.0 corn processing t; 315.0 hydrated ethanol m3/day	EPE ethanol-layer source plant type: Etanol Milho Flex		ArcGIS OBJECTID 3078; service geometry -12.576119999598438,-55.72119999999995
br-epe-ethanol	deb5296ba12ce6e0	2941	NARDINI AGROINDUSTRIAL LTDA.	Brazil	GO	APORÉ	-18.93668	-51.974635	EPE-published latitude/longitude attribute and point geometry	Etanol 1G e Açúcar	Em operação	not separately provided; source name retained as facility name	source cane-processing capacity class: Menor que 1.500.000; 600.0 hydrated ethanol m3/day	EPE ethanol-layer source plant type: Etanol 1G e Açúcar		ArcGIS OBJECTID 2941; service geometry -18.93668000042012,-51.97463499999998
br-epe-ethanol	df0e46d44d1be5d1	3268	USINA SÃO JOSÉ S/A	Brazil	PE	IGARASSU	-7.82154	-35.0108	EPE-published latitude/longitude attribute and point geometry	Etanol 1G e Açúcar	Ampliação	not separately provided; source name retained as facility name	40.0 anhydrous ethanol m3/day; 130.0 hydrated ethanol m3/day	EPE ethanol-layer source plant type: Etanol 1G e Açúcar		ArcGIS OBJECTID 3268; service geometry -7.821539999745221,-35.01079999999996
br-epe-ethanol	dfae0327040b303b	3219	TIETE AGROINDUSTRIAL S.A.	Brazil	SP	PARAÍSO	-21.04488	-48.72026	EPE-published latitude/longitude attribute and point geometry	Etanol 1G e Açúcar	Em operação	not separately provided; source name retained as facility name	source cane-processing capacity class: Entre 2.500.000 e 3.500.000; 500.0 anhydrous ethanol m3/day; 750.0 hydrated ethanol m3/day	EPE ethanol-layer source plant type: Etanol 1G e Açúcar		ArcGIS OBJECTID 3219; service geometry -21.044880000366938,-48.72025999999994
br-epe-ethanol	e18bc950f792603e	3150	VIRALCOOL AÇÚCAR E ÁLCOOL LTDA.	Brazil	SP	PITANGUEIRAS	-20.93854	-48.25007	EPE-published latitude/longitude attribute and point geometry	Etanol 1G e Açúcar	Em operação	not separately provided; source name retained as facility name	source cane-processing capacity class: Entre 3.500.000 e 4.500.000; 600.0 anhydrous ethanol m3/day; 625.0 hydrated ethanol m3/day	EPE ethanol-layer source plant type: Etanol 1G e Açúcar		ArcGIS OBJECTID 3150; service geometry -20.93854000036955,-48.25006999999994
br-epe-ethanol	e2e1a11f1a2b0c15	3181	TEREOS AÇUCAR E ENERGIA BRASIL S.A.	Brazil	SP	COLINA	-20.662	-48.535	EPE-published latitude/longitude attribute and point geometry	Etanol 1G e Açúcar	Em operação	not separately provided; source name retained as facility name	source cane-processing capacity class: Entre 3.500.000 e 4.500.000; 550.0 hydrated ethanol m3/day	EPE ethanol-layer source plant type: Etanol 1G e Açúcar		ArcGIS OBJECTID 3181; service geometry -20.66200000037634,-48.53499999999997
br-epe-ethanol	e325ae404e3d2a58	3141	DEDINI AÇÚCAR E ÁLCOOL LTDA.	Brazil	SP	SÃO JOÃO DA BOA VISTA	-21.92753	-46.92481	EPE-published latitude/longitude attribute and point geometry	Etanol 1G e Açúcar	Em operação	not separately provided; source name retained as facility name	source cane-processing capacity class: Entre 2.500.000 e 3.500.000; 780.0 hydrated ethanol m3/day	EPE ethanol-layer source plant type: Etanol 1G e Açúcar		ArcGIS OBJECTID 3141; service geometry -21.92753000034569,-46.92480999999998
br-epe-ethanol	e4f090a8a67114ab	3218	CANEX BIOENERGIA LTDA	Brazil	RS	SÃO VICENTE DO SUL	-29.720425	-54.564399	EPE-published latitude/longitude attribute and point geometry	Etanol 1G	Em operação	not separately provided; source name retained as facility name	1.0 hydrated ethanol m3/day	EPE ethanol-layer source plant type: Etanol 1G		ArcGIS OBJECTID 3218; service geometry -29.720425000187063,-54.56439899999998
br-epe-ethanol	e54155a334871bc2	2995	USINAS ITAMARATI S/A	Brazil	MT	NOVA OLÍMPIA	-14.7582	-57.1951	EPE-published latitude/longitude attribute and point geometry	Etanol 1G e Açúcar	Em operação	not separately provided; source name retained as facility name	source cane-processing capacity class: Maior que 5.500.000; 1460.0 anhydrous ethanol m3/day; 1565.0 hydrated ethanol m3/day	EPE ethanol-layer source plant type: Etanol 1G e Açúcar		ArcGIS OBJECTID 2995; service geometry -14.758199999534552,-57.19509999999997
br-epe-ethanol	e5fde61502bd2d0c	2950	USINA PETRIBÚ S/A	Brazil	PE	LAGOA DE ITAENGA	-7.88905	-35.247	EPE-published latitude/longitude attribute and point geometry	Etanol 1G e Açúcar	Em operação	not separately provided; source name retained as facility name	source cane-processing capacity class: Entre 1.500.000 e 2.500.000; 200.0 anhydrous ethanol m3/day; 220.0 hydrated ethanol m3/day	EPE ethanol-layer source plant type: Etanol 1G e Açúcar		ArcGIS OBJECTID 2950; service geometry -7.889049999743048,-35.24699999999996
br-epe-ethanol	e6080f009d9319b4	3154	USINA BAZAN S/A	Brazil	SP	PONTAL	-21.00031	-48.02103	EPE-published latitude/longitude attribute and point geometry	Etanol 1G e Açúcar	Em operação	not separately provided; source name retained as facility name	source cane-processing capacity class: Entre 3.500.000 e 4.500.000; 1000.0 anhydrous ethanol m3/day; 900.0 hydrated ethanol m3/day	EPE ethanol-layer source plant type: Etanol 1G e Açúcar		ArcGIS OBJECTID 3154; service geometry -21.000310000368014,-48.02102999999994
br-epe-ethanol	e65318a277dc1d91	3133	USINA SÃO LUIZ S/A	Brazil	SP	OURINHOS	-22.93718	-49.7689	EPE-published latitude/longitude attribute and point geometry	Etanol 1G e Açúcar	Em operação	not separately provided; source name retained as facility name	source cane-processing capacity class: Entre 2.500.000 e 3.500.000; 1100.0 hydrated ethanol m3/day	EPE ethanol-layer source plant type: Etanol 1G e Açúcar		ArcGIS OBJECTID 3133; service geometry -22.937180000322087,-49.76889999999997
br-epe-ethanol	e6aa250dc14c121f	3300	CB BIOENERGIA LTDA	Brazil	RS	SANTIAGO	-29.08531	-54.93253	EPE-published latitude/longitude attribute and point geometry	Etanol 1G	Em operação	not separately provided; source name retained as facility name	87194.444444 corn processing t; 43.0 hydrated ethanol m3/day	EPE ethanol-layer source plant type: Etanol 1G		ArcGIS OBJECTID 3300; service geometry -29.085310000197882,-54.932529999999986
br-epe-ethanol	e6e8d0468394f399	3015	JALLES MACHADO S/A - UNIDADE OTÁVIO LAGE	Brazil	GO	GOIANÉSIA	-15.083491	-49.305275	EPE-published latitude/longitude attribute and point geometry	Etanol 1G e Açúcar	Em operação	not separately provided; source name retained as facility name	source cane-processing capacity class: Entre 2.500.000 e 3.500.000; 900.0 hydrated ethanol m3/day	EPE ethanol-layer source plant type: Etanol 1G e Açúcar		ArcGIS OBJECTID 3015; service geometry -15.0834909995253,-49.30527499999994
br-epe-ethanol	e70f30c1b03ca152	2969	U.S.J. AÇÚCAR E ÁLCOOL S/A	Brazil	SP	ARARAS	-22.4264	-47.3575	EPE-published latitude/longitude attribute and point geometry	Etanol 1G e Açúcar	Em operação	not separately provided; source name retained as facility name	source cane-processing capacity class: Entre 3.500.000 e 4.500.000; 800.0 anhydrous ethanol m3/day; 1000.0 hydrated ethanol m3/day	EPE ethanol-layer source plant type: Etanol 1G e Açúcar		ArcGIS OBJECTID 2969; service geometry -22.42640000033389,-47.35749999999996
br-epe-ethanol	e7a1480592a72f24	3277	CJ SELECTA S.A.	Brazil	MG	ARAGUARI	-18.68079	-48.15533	EPE-published latitude/longitude attribute and point geometry	Etanol 1G	Em operação	not separately provided; source name retained as facility name	70972.222222 corn processing t; 35.0 hydrated ethanol m3/day	EPE ethanol-layer source plant type: Etanol 1G		ArcGIS OBJECTID 3277; service geometry -18.68079000042678,-48.155329999999935
br-epe-ethanol	e7b7b8f14f09482c	3263	ZAMBIANCO AÇÚCAR E ÁLCOOL LTDA.	Brazil	SP	TIETÊ	-22.9736	-47.79461	EPE-published latitude/longitude attribute and point geometry	Etanol 1G e Açúcar	Ampliação	not separately provided; source name retained as facility name	60.0 hydrated ethanol m3/day	EPE ethanol-layer source plant type: Etanol 1G e Açúcar		ArcGIS OBJECTID 3263; service geometry -22.973600000321273,-47.79460999999998
br-epe-ethanol	e8a0baf75e1bc29b	3036	USINA DELTA S.A.	Brazil	MG	DELTA	-19.9727	-47.7687	EPE-published latitude/longitude attribute and point geometry	Etanol 1G e Açúcar	Em operação	not separately provided; source name retained as facility name	source cane-processing capacity class: Entre 4.500.000 e 5.500.000; 180.0 anhydrous ethanol m3/day; 1000.0 hydrated ethanol m3/day	EPE ethanol-layer source plant type: Etanol 1G e Açúcar		ArcGIS OBJECTID 3036; service geometry -19.972700000393576,-47.76869999999997
br-epe-ethanol	e8a27bb78bf6d6e8	3281	FS INDÚSTRIA DE BIOCOMBUSTÍVEIS LTDA.	Brazil	MT	SORRISO	-12.429888	-55.646569	EPE-published latitude/longitude attribute and point geometry	Etanol Milho Full	Em operação	not separately provided; source name retained as facility name	2962583.333333 corn processing t; 3186.0 anhydrous ethanol m3/day; 3409.0 hydrated ethanol m3/day	EPE ethanol-layer source plant type: Etanol Milho Full		ArcGIS OBJECTID 3281; service geometry -12.42988799960281,-55.64656899999994
br-epe-ethanol	e8ab5180cd382d66	3004	DESTILARIA DE ÁLCOOL SERRA DOS AIMORÉS S/A	Brazil	MG	SERRA DOS AIMORÉS	-17.83595	-40.18824	EPE-published latitude/longitude attribute and point geometry	Etanol 1G e Açúcar	Em operação	not separately provided; source name retained as facility name	source cane-processing capacity class: Menor que 1.500.000; 150.0 anhydrous ethanol m3/day; 500.0 hydrated ethanol m3/day	EPE ethanol-layer source plant type: Etanol 1G e Açúcar		ArcGIS OBJECTID 3004; service geometry -17.835950000449166,-40.18823999999996
br-epe-ethanol	e8e34733ed5c20a7	3176	TIETE AGROINDUSTRIAL S.A.	Brazil	SP	UBARANA	-21.211707	-49.741874	EPE-published latitude/longitude attribute and point geometry	Etanol 1G e Açúcar	Em operação	not separately provided; source name retained as facility name	source cane-processing capacity class: Menor que 1.500.000; 600.0 anhydrous ethanol m3/day; 650.0 hydrated ethanol m3/day	EPE ethanol-layer source plant type: Etanol 1G e Açúcar		ArcGIS OBJECTID 3176; service geometry -21.21170700036288,-49.74187399999994
br-epe-ethanol	e9d303bb2fbb5286	2963	DESTILARIA RIO DO CACHIMBO LTDA.	Brazil	MG	JOÃO PINHEIRO	-17.844747	-45.872147	EPE-published latitude/longitude attribute and point geometry	Etanol Cana 1G	Em operação	not separately provided; source name retained as facility name	source cane-processing capacity class: Menor que 1.500.000; 300.0 hydrated ethanol m3/day	EPE ethanol-layer source plant type: Etanol Cana 1G		ArcGIS OBJECTID 2963; service geometry -17.844747000448947,-45.87214699999998
br-epe-ethanol	eaf08517d4b6f263	3244	AGRO-INDUSTRIAL CAPELA LTDA	Brazil	SE	CAPELA	-10.606209	-37.061369	EPE-published latitude/longitude attribute and point geometry	Etanol 1G e Açúcar	Ampliação	not separately provided; source name retained as facility name	320.0 hydrated ethanol m3/day	EPE ethanol-layer source plant type: Etanol 1G e Açúcar		ArcGIS OBJECTID 3244; service geometry -10.606208999658163,-37.06136899999996
br-epe-ethanol	eb2ebe3beb2f5dba	3074	USINA SANTA ADÉLIA S/A	Brazil	SP	JABOTICABAL	-21.27953	-48.1729	EPE-published latitude/longitude attribute and point geometry	Etanol 1G e Açúcar	Em operação	not separately provided; source name retained as facility name	source cane-processing capacity class: Entre 2.500.000 e 3.500.000; 680.0 anhydrous ethanol m3/day; 700.0 hydrated ethanol m3/day	EPE ethanol-layer source plant type: Etanol 1G e Açúcar		ArcGIS OBJECTID 3074; service geometry -21.27953000036121,-48.17289999999997
br-epe-ethanol	eb5550e3a45318ba	3245	ITAPAGIPE BIOENERGIA LTDA.	Brazil	MG	ITAPAGIPE	-19.8898	-49.6912	EPE-published latitude/longitude attribute and point geometry	Etanol 1G e Açúcar	Ampliação	not separately provided; source name retained as facility name	100.0 hydrated ethanol m3/day	EPE ethanol-layer source plant type: Etanol 1G e Açúcar		ArcGIS OBJECTID 3245; service geometry -19.889800000395674,-49.69119999999998
br-epe-ethanol	ebd3ae919c1837b0	3011	USINA ALTO ALEGRE S/A AÇÚCAR E ÁLCOOL	Brazil	PR	COLORADO	-22.9301	-51.9507	EPE-published latitude/longitude attribute and point geometry	Etanol 1G e Açúcar	Em operação	not separately provided; source name retained as facility name	source cane-processing capacity class: Entre 3.500.000 e 4.500.000; 600.0 anhydrous ethanol m3/day; 700.0 hydrated ethanol m3/day	EPE ethanol-layer source plant type: Etanol 1G e Açúcar		ArcGIS OBJECTID 3011; service geometry -22.930100000322277,-51.95069999999998
br-epe-ethanol	eda19ae21af0ea67	3108	ATENA - TECNOLOGIAS EM ENERGIA NATURAL LTDA	Brazil	SP	MARTINÓPOLIS	-22.1507	-51.0286	EPE-published latitude/longitude attribute and point geometry	Etanol 1G e Açúcar	Em operação	not separately provided; source name retained as facility name	source cane-processing capacity class: Entre 1.500.000 e 2.500.000; 600.0 hydrated ethanol m3/day	EPE ethanol-layer source plant type: Etanol 1G e Açúcar		ArcGIS OBJECTID 3108; service geometry -22.15070000034039,-51.028599999999976
br-epe-ethanol	edaa7a99bce38f88	3005	USINA AÇUCAREIRA GUAÍRA	Brazil	SP	GUAÍRA	-20.4184	-48.2114	EPE-published latitude/longitude attribute and point geometry	Etanol 1G e Açúcar	Em operação	not separately provided; source name retained as facility name	source cane-processing capacity class: Entre 2.500.000 e 3.500.000; 480.0 anhydrous ethanol m3/day; 500.0 hydrated ethanol m3/day	EPE ethanol-layer source plant type: Etanol 1G e Açúcar		ArcGIS OBJECTID 3005; service geometry -20.418400000382377,-48.21139999999996
br-epe-ethanol	edfc33c083dd3521	3042	USINA CERRADÃO LTDA	Brazil	MG	FRUTAL	-19.923793	-49.153346	EPE-published latitude/longitude attribute and point geometry	Etanol 1G e Açúcar	Em operação	not separately provided; source name retained as facility name	source cane-processing capacity class: Entre 3.500.000 e 4.500.000; 550.0 anhydrous ethanol m3/day; 1400.0 hydrated ethanol m3/day	EPE ethanol-layer source plant type: Etanol 1G e Açúcar		ArcGIS OBJECTID 3042; service geometry -19.923793000394827,-49.15334599999994
br-epe-ethanol	ef18e1f33235eac6	3240	DELLA COLETTA USINA DE AÇÚCAR E ÁLCOOL LTDA.	Brazil	SP	BARIRI	-22.0576	-48.7116	EPE-published latitude/longitude attribute and point geometry	Etanol 1G e Açúcar	Ampliação	not separately provided; source name retained as facility name	240.0 hydrated ethanol m3/day	EPE ethanol-layer source plant type: Etanol 1G e Açúcar		ArcGIS OBJECTID 3240; service geometry -22.057600000342596,-48.71159999999998
br-epe-ethanol	ef658c679180a594	3093	ÁLCOOL QUÍMICA CANABRAVA S/A.	Brazil	RJ	CAMPOS DOS GOYTACAZES	-21.526184	-41.258297	EPE-published latitude/longitude attribute and point geometry	Etanol Cana 1G	Em operação	not separately provided; source name retained as facility name	source cane-processing capacity class: Menor que 1.500.000; 600.0 hydrated ethanol m3/day	EPE ethanol-layer source plant type: Etanol Cana 1G		ArcGIS OBJECTID 3093; service geometry -21.526184000355233,-41.25829699999997
br-epe-ethanol	ef90e8289838d8e7	3315	SADA BIO-ENERGIA E AGRICULTURA LTDA.	Brazil	MG	JAÍBA	-15.199759	-43.884228	EPE-published latitude/longitude attribute and point geometry	Etanol Milho Flex	Construção	not separately provided; source name retained as facility name	442857.142857 corn processing t; 1200.0 hydrated ethanol m3/day	EPE ethanol-layer source plant type: Etanol Milho Flex		ArcGIS OBJECTID 3315; service geometry -15.199758999521984,-43.88422799999995
br-epe-ethanol	efc365e15314cc4e	3224	RAIZEN ENERGIA S.A.	Brazil	SP	BOCAINA	-22.1056	-48.4817	EPE-published latitude/longitude attribute and point geometry	Etanol 1G e Açúcar	Em operação	not separately provided; source name retained as facility name	source cane-processing capacity class: Entre 3.500.000 e 4.500.000; 600.0 anhydrous ethanol m3/day; 750.0 hydrated ethanol m3/day	EPE ethanol-layer source plant type: Etanol 1G e Açúcar		ArcGIS OBJECTID 3224; service geometry -22.105600000341457,-48.48169999999993
br-epe-ethanol	efc42755bc263d52	3123	RAIZEN CENTRO-SUL PAULISTA S.A	Brazil	SP	MORRO AGUDO	-20.61579	-48.0004	EPE-published latitude/longitude attribute and point geometry	Etanol 1G e Açúcar	Em operação	not separately provided; source name retained as facility name	source cane-processing capacity class: Maior que 5.500.000; 600.0 anhydrous ethanol m3/day; 1200.0 hydrated ethanol m3/day	EPE ethanol-layer source plant type: Etanol 1G e Açúcar		ArcGIS OBJECTID 3123; service geometry -20.61579000037747,-48.00039999999996
br-epe-ethanol	f18d3b38a21e35ee	3114	USINA DE AÇÚCAR SANTA TEREZINHA LTDA.	Brazil	PR	MARINGÁ	-23.3991	-52.09369	EPE-published latitude/longitude attribute and point geometry	Etanol 1G e Açúcar	Em operação	not separately provided; source name retained as facility name	source cane-processing capacity class: Entre 1.500.000 e 2.500.000; 120.0 anhydrous ethanol m3/day; 300.0 hydrated ethanol m3/day	EPE ethanol-layer source plant type: Etanol 1G e Açúcar		ArcGIS OBJECTID 3114; service geometry -23.399100000311606,-52.09368999999998
br-epe-ethanol	f18e98c5f4db821d	2903	AGROPECUÁRIA E INDUSTRIAL SERRA GRANDE LTDA.	Brazil	MA	SÃO RAIMUNDO DAS MANGABEIRAS	-6.8112	-45.8785	EPE-published latitude/longitude attribute and point geometry	Etanol Cana 1G	Em operação	not separately provided; source name retained as facility name	source cane-processing capacity class: Entre 1.500.000 e 2.500.000; 580.0 anhydrous ethanol m3/day; 800.0 hydrated ethanol m3/day	EPE ethanol-layer source plant type: Etanol Cana 1G		ArcGIS OBJECTID 2903; service geometry -6.8111999997774175,-45.878499999999974
br-epe-ethanol	f1c59e672c5d189e	3140	USINA CAETÉ S.A	Brazil	SP	PAULICÉIA	-21.27849	-51.7751	EPE-published latitude/longitude attribute and point geometry	Etanol 1G e Açúcar	Em operação	not separately provided; source name retained as facility name	source cane-processing capacity class: Entre 4.500.000 e 5.500.000; 550.0 anhydrous ethanol m3/day; 1200.0 hydrated ethanol m3/day	EPE ethanol-layer source plant type: Etanol 1G e Açúcar		ArcGIS OBJECTID 3140; service geometry -21.278490000361238,-51.775099999999945
br-epe-ethanol	f2512c1851768702	2958	DELLA COLETTA USINA DE AÇÚCAR E ÁLCOOL LTDA.	Brazil	SP	BARIRI	-22.0576	-48.7116	EPE-published latitude/longitude attribute and point geometry	Etanol 1G e Açúcar	Em operação	not separately provided; source name retained as facility name	source cane-processing capacity class: Entre 1.500.000 e 2.500.000; 150.0 anhydrous ethanol m3/day; 410.0 hydrated ethanol m3/day	EPE ethanol-layer source plant type: Etanol 1G e Açúcar		ArcGIS OBJECTID 2958; service geometry -22.057600000342596,-48.71159999999998
br-epe-ethanol	f29b082da627147e	3280	FS INDÚSTRIA DE BIOCOMBUSTÍVEIS LTDA.	Brazil	MT	LUCAS DO RIO VERDE	-13.009934	-55.953299	EPE-published latitude/longitude attribute and point geometry	Etanol Milho Full	Em operação	not separately provided; source name retained as facility name	1609476.190476 corn processing t; 1781.0 anhydrous ethanol m3/day; 1852.0 hydrated ethanol m3/day	EPE ethanol-layer source plant type: Etanol Milho Full		ArcGIS OBJECTID 3280; service geometry -13.009933999585531,-55.95329899999995
br-epe-ethanol	f309c91721e8d36a	2937	ALTERNATIVA AGRO INDUSTRIAL LTDA	Brazil	MA	TUNTUM	-5.593846	-44.828648	EPE-published latitude/longitude attribute and point geometry	Etanol Cana 1G	Em operação	not separately provided; source name retained as facility name	source cane-processing capacity class: Menor que 1.500.000; 72.0 hydrated ethanol m3/day	EPE ethanol-layer source plant type: Etanol Cana 1G		ArcGIS OBJECTID 2937; service geometry -5.593845999816614,-44.82864799999993
br-epe-ethanol	f3412f6e65f81ae3	3166	IRMÃOS BIAGI S/A AÇÚCAR E ÁLCOOL	Brazil	SP	SERRANA	-21.1787	-47.6253	EPE-published latitude/longitude attribute and point geometry	Etanol 1G e Açúcar	Em operação	not separately provided; source name retained as facility name	source cane-processing capacity class: Maior que 5.500.000; 740.0 anhydrous ethanol m3/day; 1400.0 hydrated ethanol m3/day	EPE ethanol-layer source plant type: Etanol 1G e Açúcar		ArcGIS OBJECTID 3166; service geometry -21.178700000363683,-47.62529999999998
br-epe-ethanol	f42c50a0e07de2f1	3076	IRMÃOS MALOSSO LTDA.	Brazil	SP	ITÁPOLIS	-21.62772	-48.83048	EPE-published latitude/longitude attribute and point geometry	Etanol Cana 1G	Em operação	not separately provided; source name retained as facility name	source cane-processing capacity class: Menor que 1.500.000; 120.0 anhydrous ethanol m3/day; 400.0 hydrated ethanol m3/day	EPE ethanol-layer source plant type: Etanol Cana 1G		ArcGIS OBJECTID 3076; service geometry -21.627720000352795,-48.830479999999966
br-epe-ethanol	f521686b6baf56af	3062	USINA FÁTIMA DO SUL AGRO-ENERGÉTICA S/A	Brazil	MS	FÁTIMA DO SUL	-22.33104	-54.610169	EPE-published latitude/longitude attribute and point geometry	Etanol 1G e Açúcar	Em operação	not separately provided; source name retained as facility name	source cane-processing capacity class: Entre 1.500.000 e 2.500.000; 500.0 anhydrous ethanol m3/day; 900.0 hydrated ethanol m3/day	EPE ethanol-layer source plant type: Etanol 1G e Açúcar		ArcGIS OBJECTID 3062; service geometry -22.331040000336152,-54.61016899999999
br-epe-ethanol	f527e7b419e676f3	2951	PEDRA AGROINDUSTRIAL/ORBI BIO ENERGIA LTDA	Brazil	MS	PARANAÍBA	-19.401051	-51.31787	EPE-published latitude/longitude attribute and point geometry	Etanol Cana 1G	Em operação	not separately provided; source name retained as facility name	source cane-processing capacity class: Entre 2.500.000 e 3.500.000; 850.0 anhydrous ethanol m3/day; 1400.0 hydrated ethanol m3/day	EPE ethanol-layer source plant type: Etanol Cana 1G		ArcGIS OBJECTID 2951; service geometry -19.401051000408092,-51.31786999999997
br-epe-ethanol	f5d51c0cc18a9fc9	3028	RIO AMAMBAI AGROENERGIA S.A	Brazil	MS	NAVIRAÍ	-23.13211	-54.20041	EPE-published latitude/longitude attribute and point geometry	Etanol 1G e Açúcar	Em operação	not separately provided; source name retained as facility name	source cane-processing capacity class: Entre 2.500.000 e 3.500.000; 270.0 anhydrous ethanol m3/day; 1200.0 hydrated ethanol m3/day	EPE ethanol-layer source plant type: Etanol 1G e Açúcar		ArcGIS OBJECTID 3028; service geometry -23.132110000317645,-54.20040999999998
br-epe-ethanol	f693fd76542485cf	3110	USINA SÃO TOMÉ S/A	Brazil	PR	CIDADE GAÚCHA	-23.3726	-52.905	EPE-published latitude/longitude attribute and point geometry	Etanol 1G e Açúcar	Em operação	not separately provided; source name retained as facility name	source cane-processing capacity class: Entre 1.500.000 e 2.500.000; 300.0 hydrated ethanol m3/day	EPE ethanol-layer source plant type: Etanol 1G e Açúcar		ArcGIS OBJECTID 3110; service geometry -23.372600000312197,-52.90499999999997
br-epe-ethanol	f699281cbc7c6e5b	3067	CENTRAL ENERGÉTICA VICENTINA LTDA	Brazil	MS	VICENTINA	-22.48	-54.4091	EPE-published latitude/longitude attribute and point geometry	Etanol Cana 1G	Em operação	not separately provided; source name retained as facility name	source cane-processing capacity class: Menor que 1.500.000; 585.0 hydrated ethanol m3/day	EPE ethanol-layer source plant type: Etanol Cana 1G		ArcGIS OBJECTID 3067; service geometry -22.48000000033267,-54.409099999999974
br-epe-ethanol	f702377fd9d0eb42	3170	PIONEIROS BIOENERGIA S/A	Brazil	SP	SUD MENNUCCI	-20.7295	-50.96211	EPE-published latitude/longitude attribute and point geometry	Etanol 1G e Açúcar	Em operação	not separately provided; source name retained as facility name	source cane-processing capacity class: Entre 1.500.000 e 2.500.000; 300.0 anhydrous ethanol m3/day; 600.0 hydrated ethanol m3/day	EPE ethanol-layer source plant type: Etanol 1G e Açúcar		ArcGIS OBJECTID 3170; service geometry -20.729500000374678,-50.96210999999994
br-epe-ethanol	f80eb0aa65b75806	3285	INPASA AGROINDUSTRIAL S.A.	Brazil	MA	BALSAS	-7.2465	-46.2182	EPE-published latitude/longitude attribute and point geometry	Etanol Milho Full	Em operação	not separately provided; source name retained as facility name	2172619.047619 corn processing t; 2500.0 anhydrous ethanol m3/day; 2500.0 hydrated ethanol m3/day	EPE ethanol-layer source plant type: Etanol Milho Full		ArcGIS OBJECTID 3285; service geometry -7.246499999763532,-46.21819999999997
br-epe-ethanol	f82c43d5cd5509fc	3060	USINA CONQUISTA DE MINAS LTDA	Brazil	MG	CONQUISTA	-20.019843	-47.625122	EPE-published latitude/longitude attribute and point geometry	Etanol 1G e Açúcar	Em operação	not separately provided; source name retained as facility name	source cane-processing capacity class: Menor que 1.500.000	EPE ethanol-layer source plant type: Etanol 1G e Açúcar		ArcGIS OBJECTID 3060; service geometry -20.019843000392395,-47.625121999999976
br-epe-ethanol	f862058a8896431c	2949	USINA MONTE ALEGRE S/A	Brazil	MG	MONTE BELO	-21.3832	-46.2465	EPE-published latitude/longitude attribute and point geometry	Etanol 1G e Açúcar	Em operação	not separately provided; source name retained as facility name	source cane-processing capacity class: Menor que 1.500.000; 350.0 hydrated ethanol m3/day	EPE ethanol-layer source plant type: Etanol 1G e Açúcar		ArcGIS OBJECTID 2949; service geometry -21.383200000358734,-46.24649999999997
br-epe-ethanol	f95fe5ea61eedafb	3309	FS I INDÚSTRIA DE ETANOL S.A.	Brazil	MT	QUERÊNCIA	-12.613754	-52.123848	EPE-published latitude/longitude attribute and point geometry	Etanol Milho Full	Construção	not separately provided; source name retained as facility name	1129761.904762 corn processing t; 1250.0 anhydrous ethanol m3/day; 1300.0 hydrated ethanol m3/day	EPE ethanol-layer source plant type: Etanol Milho Full		ArcGIS OBJECTID 3309; service geometry -12.613753999597346,-52.12384799999995
br-epe-ethanol	f9606b620bbb2407	3193	DESTILARIA CRISTAIS EIRELI	Brazil	MG	CRISTAIS	-20.80111	-45.63139	EPE-published latitude/longitude attribute and point geometry	Aguardente	Em operação	not separately provided; source name retained as facility name	source cane-processing capacity class: Menor que 1.500.000; 37.0 hydrated ethanol m3/day	EPE ethanol-layer source plant type: Aguardente		ArcGIS OBJECTID 3193; service geometry -20.80111000037288,-45.63138999999995
br-epe-ethanol	f965b0a0e7034bb8	2947	USINA SANTO ÂNGELO LTDA.	Brazil	MG	PIRAJUBA	-19.9598	-48.5653	EPE-published latitude/longitude attribute and point geometry	Etanol 1G e Açúcar	Em operação	not separately provided; source name retained as facility name	source cane-processing capacity class: Entre 3.500.000 e 4.500.000; 580.0 anhydrous ethanol m3/day; 1000.0 hydrated ethanol m3/day	EPE ethanol-layer source plant type: Etanol 1G e Açúcar		ArcGIS OBJECTID 2947; service geometry -19.9598000003939,-48.56529999999998
br-epe-ethanol	f9f973ce48c0b5ce	2946	ROSA S/A - INDUSTRIA E COMÉRCIO DE PRODUTOS AGRÍCOLAS	Brazil	SP	BOITUVA	-23.2392	-47.6141	EPE-published latitude/longitude attribute and point geometry	Etanol Cana 1G	Em operação	not separately provided; source name retained as facility name	source cane-processing capacity class: Menor que 1.500.000; 120.0 hydrated ethanol m3/day	EPE ethanol-layer source plant type: Etanol Cana 1G		ArcGIS OBJECTID 2946; service geometry -23.23920000031523,-47.61409999999995
br-epe-ethanol	fa2f90405cc6d94d	2933	COOP. DE COL. AGRO-PECUÁRIA IND. PINDORAMA LTDA.	Brazil	AL	CORURIPE	-10.161549	-36.348307	EPE-published latitude/longitude attribute and point geometry	Etanol Milho Flex	Em operação	not separately provided; source name retained as facility name	source cane-processing capacity class: Menor que 1.500.000; 109500.0 corn processing t; 300.0 anhydrous ethanol m3/day; 540.0 hydrated ethanol m3/day	EPE ethanol-layer source plant type: Etanol Milho Flex		ArcGIS OBJECTID 2933; service geometry -10.161548999671862,-36.34830699999998
br-epe-ethanol	fad47450b8d3fa28	3227	VITERRA BIOENEGIA S.A.	Brazil	SP	GUARARAPES	-21.4572	-50.7886	EPE-published latitude/longitude attribute and point geometry	Etanol 1G e Açúcar	Em operação	not separately provided; source name retained as facility name	source cane-processing capacity class: Entre 2.500.000 e 3.500.000; 350.0 anhydrous ethanol m3/day; 350.0 hydrated ethanol m3/day	EPE ethanol-layer source plant type: Etanol 1G e Açúcar		ArcGIS OBJECTID 3227; service geometry -21.457200000356888,-50.788599999999974
br-epe-ethanol	fb1987e3fa6cd0c1	3044	DESTILARIA VEREDAS IND. DE AÇÚCAR E ÁLCOOL LTDA	Brazil	MG	JOÃO PINHEIRO	-17.73173	-45.83383	EPE-published latitude/longitude attribute and point geometry	Etanol Cana 1G	Em operação	not separately provided; source name retained as facility name	source cane-processing capacity class: Menor que 1.500.000; 300.0 anhydrous ethanol m3/day; 396.0 hydrated ethanol m3/day	EPE ethanol-layer source plant type: Etanol Cana 1G		ArcGIS OBJECTID 3044; service geometry -17.73173000045196,-45.83382999999998
br-epe-ethanol	fb7621d7bc07a88a	3021	DAMFI - DESTILARIA ANTÔNIO MONTI FILHO LTDA.	Brazil	MG	CANÁPOLIS	-18.6473	-49.2408	EPE-published latitude/longitude attribute and point geometry	Etanol 1G e Açúcar	Em operação	not separately provided; source name retained as facility name	source cane-processing capacity class: Menor que 1.500.000; 198.0 hydrated ethanol m3/day	EPE ethanol-layer source plant type: Etanol 1G e Açúcar		ArcGIS OBJECTID 3021; service geometry -18.647300000427677,-49.24079999999998
br-epe-ethanol	fb9b51b4349c5962	2916	USINA TAQUARA LTDA.	Brazil	AL	COLÔNIA LEOPOLDINA	-8.89877	-35.6677	EPE-published latitude/longitude attribute and point geometry	Açúcar	Em operação	not separately provided; source name retained as facility name	source cane-processing capacity class: Menor que 1.500.000	EPE ethanol-layer source plant type: Açúcar		ArcGIS OBJECTID 2916; service geometry -8.89876999971119,-35.66769999999997
br-epe-ethanol	fbd795444391dd39	3025	CARNEIRINHO AGROINDUSTRIAL S/A	Brazil	MG	CARNEIRINHO	-19.81293	-50.784405	EPE-published latitude/longitude attribute and point geometry	Açúcar	Em operação	not separately provided; source name retained as facility name	source cane-processing capacity class: Entre 2.500.000 e 3.500.000	EPE ethanol-layer source plant type: Açúcar		ArcGIS OBJECTID 3025; service geometry -19.81293000039759,-50.784404999999936
br-epe-ethanol	fbe283e3cfb019cc	3287	INPASA AGROINDUSTRIAL S.A.	Brazil	MT	NOVA MUTUM	-13.804267	-55.972089	EPE-published latitude/longitude attribute and point geometry	Etanol Milho Full	Em operação	not separately provided; source name retained as facility name	2000000.0 corn processing t; 1500.0 anhydrous ethanol m3/day; 3000.0 hydrated ethanol m3/day	EPE ethanol-layer source plant type: Etanol Milho Full		ArcGIS OBJECTID 3287; service geometry -13.804266999562207,-55.97208899999998
br-epe-ethanol	fcef326252050837	3177	COSAN S.A. AÇÚCAR E ÁLCOOL	Brazil	SP	VALPARAÍSO	-21.32947	-50.95511	EPE-published latitude/longitude attribute and point geometry	Etanol 1G e Açúcar	Em operação	not separately provided; source name retained as facility name	source cane-processing capacity class: Entre 3.500.000 e 4.500.000; 700.0 anhydrous ethanol m3/day; 720.0 hydrated ethanol m3/day	EPE ethanol-layer source plant type: Etanol 1G e Açúcar		ArcGIS OBJECTID 3177; service geometry -21.329470000359997,-50.95510999999993
br-epe-ethanol	fdffc42832444612	3125	COCAL COMÉRCIO E INDÚSTRIA CANAÃ AÇÚCAR E ÁLCOOL LTDA	Brazil	SP	NARANDIBA	-22.532332	-51.50651	EPE-published latitude/longitude attribute and point geometry	Etanol 1G e Açúcar	Em operação	not separately provided; source name retained as facility name	source cane-processing capacity class: Maior que 5.500.000; 800.0 anhydrous ethanol m3/day; 1200.0 hydrated ethanol m3/day	EPE ethanol-layer source plant type: Etanol 1G e Açúcar		ArcGIS OBJECTID 3125; service geometry -22.53233200033142,-51.506509999999935
br-epe-ethanol	fe1cd45b69be4a31	2953	USINA SÃO JOSÉ S/A	Brazil	PE	IGARASSU	-7.82154	-35.0108	EPE-published latitude/longitude attribute and point geometry	Etanol 1G e Açúcar	Em operação	not separately provided; source name retained as facility name	source cane-processing capacity class: Menor que 1.500.000; 90.0 anhydrous ethanol m3/day; 240.0 hydrated ethanol m3/day	EPE ethanol-layer source plant type: Etanol 1G e Açúcar		ArcGIS OBJECTID 2953; service geometry -7.821539999745221,-35.01079999999996
br-epe-ethanol	fe84051837a6e842	2925	TG AGRO INDUSTRIAL LTDA.	Brazil	MA	ALDEIAS ALTAS	-4.623612	-43.612852	EPE-published latitude/longitude attribute and point geometry	Etanol Cana 1G	Em operação	not separately provided; source name retained as facility name	source cane-processing capacity class: Menor que 1.500.000; 200.0 anhydrous ethanol m3/day; 420.0 hydrated ethanol m3/day	EPE ethanol-layer source plant type: Etanol Cana 1G		ArcGIS OBJECTID 2925; service geometry -4.623611999848154,-43.61285199999998
br-epe-ethanol	fec38182646aef61	3045	RAIZEN ENERGIA S.A.	Brazil	SP	BARRA BONITA	-22.4777	-48.5347	EPE-published latitude/longitude attribute and point geometry	Etanol 1G e Açúcar	Em operação	not separately provided; source name retained as facility name	source cane-processing capacity class: Maior que 5.500.000; 1710.0 anhydrous ethanol m3/day; 2200.0 hydrated ethanol m3/day	EPE ethanol-layer source plant type: Etanol 1G e Açúcar		ArcGIS OBJECTID 3045; service geometry -22.477700000332728,-48.53469999999992
br-epe-ethanol	ff6b9bb254b9ba80	3250	ATENA - TECNOLOGIAS EM ENERGIA NATURAL LTDA	Brazil	SP	MARTINÓPOLIS	-22.1507	-51.0286	EPE-published latitude/longitude attribute and point geometry	Etanol 1G e Açúcar	Ampliação	not separately provided; source name retained as facility name	300.0 hydrated ethanol m3/day	EPE ethanol-layer source plant type: Etanol 1G e Açúcar		ArcGIS OBJECTID 3250; service geometry -22.15070000034039,-51.028599999999976
us-epa-lmop	0038be52bc8fa164	440	Seabreeze Environmental Landfill	United States	TX	Brazoria, TX	29.090834	-95.36	EPA LMOP-published latitude/longitude attribute and point geometry	Industrial	Operational landfill-gas energy project (official map scope; September 2024 data release)	project owner: DTE Vantage | project developer: DTE Vantage | landfill owner: Waste Connections Inc. - Central Region	1.34 mmscfd total LFG flow to project	landfill gas energy; source category: Renewable Natural Gas; source end user(s): OCI NV	3/31/2018	ArcGIS OBJECTID 440; GHGRP cross-reference 1003281; service geometry 29.09083400000003,-95.35999999999996
us-epa-lmop	01638e98d40123c8	40	Monarch Hill Landfill	United States	FL	Broward, FL	26.283	-80.161	EPA LMOP-published latitude/longitude attribute and point geometry	Gas Turbine	Operational landfill-gas energy project (official map scope; September 2024 data release)	project owner: WM Renewable Energy, LLC | project developer: Bio Energy Partners | landfill owner: WM	6.93 MW total capacity; 5.88 mmscfd total LFG flow to project	landfill gas energy; source category: Electricity; source end user(s): Orlando Utilities Commission (OUC)	5/1/1989	ArcGIS OBJECTID 40; GHGRP cross-reference 1007856; service geometry 26.283000000000072,-80.16099999999994
us-epa-lmop	01daed586743caba	204	Metro RDF	United States	WI	Milwaukee, WI	42.84951	-88.065	EPA LMOP-published latitude/longitude attribute and point geometry	Reciprocating Engine	Operational landfill-gas energy project (official map scope; September 2024 data release)	project owner: WM Renewable Energy, LLC | project developer: Bio Energy Partners | landfill owner: WM	2.84 MW total capacity; 1.506 mmscfd total LFG flow to project	landfill gas energy; source category: Electricity; source end user(s): We Energies	1/1/2000	ArcGIS OBJECTID 204; GHGRP cross-reference 1007725; service geometry 42.849510000000066,-88.06499999999994
us-epa-lmop	02f5810fb4153c05	518	Turnkey Recycling and Environmental Enterprise (TREE)	United States	NH	Strafford, NH	43.2448	-70.9695	EPA LMOP-published latitude/longitude attribute and point geometry	Electricity	Operational landfill-gas energy project (official map scope; September 2024 data release)	project developer: University of New Hampshire | landfill owner: WM	4.4 MW total capacity; 4 mmscfd total LFG flow to project	landfill gas energy; source category: Renewable Natural Gas; source end user(s): University of New Hampshire	7/1/2009	ArcGIS OBJECTID 518; GHGRP cross-reference 1007879; service geometry 43.244800000000055,-70.96949999999998
us-epa-lmop	039bcdaf07d31fc9	297	Champ Landfill	United States	MO	St. Louis, MO	38.743	-90.46	EPA LMOP-published latitude/longitude attribute and point geometry	Gas Turbine	Operational landfill-gas energy project (official map scope; September 2024 data release)	project owner: Ameren Missouri | project developer: Ameren Missouri | landfill owner: Waste Connections Inc. - Central Region	8.16 MW total capacity; 5.38 mmscfd total LFG flow to project	landfill gas energy; source category: Electricity; source end user(s): Ameren Missouri	6/12/2012	ArcGIS OBJECTID 297; GHGRP cross-reference 1008252; service geometry 38.74300000000005,-90.45999999999998
us-epa-lmop	04782cbe6ed17372	43	St. Joseph City SLF	United States	MO	Buchanan, MO	39.6714	-94.773	EPA LMOP-published latitude/longitude attribute and point geometry	Reciprocating Engine	Operational landfill-gas energy project (official map scope; September 2024 data release)	project owner: City of St. Joseph, MO; Kansas City Power & Light | project developer: Kansas City Power & Light | landfill owner: City of St. Joseph, MO	1.18 MW total capacity; 0.66 mmscfd total LFG flow to project	landfill gas energy; source category: Electricity; source end user(s): Kansas City Power & Light	3/30/2012	ArcGIS OBJECTID 43; GHGRP cross-reference 1001925; service geometry 39.67140000000006,-94.77299999999997
us-epa-lmop	048e578f20434804	492	Carbon Limestone LF	United States	OH	Mahoning, OH	41.00163	-80.519	EPA LMOP-published latitude/longitude attribute and point geometry	Other	Operational landfill-gas energy project (official map scope; September 2024 data release)	project developer: EDL Energy | landfill owner: Republic Services, Inc.		landfill gas energy; source category: Renewable Natural Gas; source end user(s): NW Natural	8/3/2023	ArcGIS OBJECTID 492; GHGRP cross-reference 1003102; service geometry 41.001630000000034,-80.51899999999995
us-epa-lmop	04e59cf6d5d0183e	389	Centralia LF	United States	WA	Lewis, WA	46.696669	-122.9633	EPA LMOP-published latitude/longitude attribute and point geometry	Leachate Evaporation	Operational landfill-gas energy project (official map scope; September 2024 data release)	landfill owner: Lewis County Public Services	0.077 mmscfd total LFG flow to project	landfill gas energy; source category: Direct; source end user(s): Centralia LF	1/1/2001	ArcGIS OBJECTID 389; GHGRP cross-reference not provided; service geometry 46.69666900000004,-122.96329999999995
us-epa-lmop	058d23755d6be1c5	287	Venice Park Recycling & Disposal Facility	United States	MI	Shiawassee, MI	42.979932	-83.972657	EPA LMOP-published latitude/longitude attribute and point geometry	Reciprocating Engine	Operational landfill-gas energy project (official map scope; September 2024 data release)	project owner: WM Renewable Energy, LLC; Kinder Morgan | project developer: Bio Energy Partners; North American Natural Resources, Inc. (NANR) | landfill owner: WM	4.86 MW total capacity	landfill gas energy; source category: Electricity; source end user(s): Consumers Energy	3/1/1992	ArcGIS OBJECTID 287; GHGRP cross-reference 1007703; service geometry 42.979932000000076,-83.97265699999997
us-epa-lmop	05aa9b73be732b08	397	Muskegon County SWF	United States	MI	Muskegon, MI	43.2351	-85.9905	EPA LMOP-published latitude/longitude attribute and point geometry	Direct Thermal	Operational landfill-gas energy project (official map scope; September 2024 data release)	project developer: Eagle Alloy Inc.; Muskegon County, MI | landfill owner: Muskegon County, MI	0.31 mmscfd total LFG flow to project	landfill gas energy; source category: Direct; source end user(s): Eagle Alloy Inc.	1/1/2007	ArcGIS OBJECTID 397; GHGRP cross-reference 1007751; service geometry 43.235100000000045,-85.99049999999994
us-epa-lmop	062d9409d1b377b4	341	Recology Ostrom Road LF	United States	CA	Yuba, CA	39.07171	-121.3925	EPA LMOP-published latitude/longitude attribute and point geometry	Reciprocating Engine	Operational landfill-gas energy project (official map scope; September 2024 data release)	project owner: G2 Energy, LLC | project developer: G2 Energy, LLC | landfill owner: Recology	3.37 MW total capacity; 1.548 mmscfd total LFG flow to project	landfill gas energy; source category: Electricity; source end user(s): Silicon Valley Power, City of Santa Clara, CA; Marin Clean Energy (MCE)	1/9/2009	ArcGIS OBJECTID 341; GHGRP cross-reference 1004745; service geometry 39.07171000000005,-121.39249999999998
us-epa-lmop	06e1132dd32efd56	93	Hickory Ridge Landfill	United States	GA	DeKalb, GA	33.662	-84.336	EPA LMOP-published latitude/longitude attribute and point geometry	Cogeneration	Operational landfill-gas energy project (official map scope; September 2024 data release)	project owner: I Squared Capital | project developer: Mas Energy, LLC | landfill owner: Republic Services, Inc.	3.7 MW total capacity; 0.303 mmscfd total LFG flow to project	landfill gas energy; source category: Electricity; source end user(s): Coca-Cola Refreshments	3/31/2012	ArcGIS OBJECTID 93; GHGRP cross-reference 1004559; service geometry 33.662000000000035,-84.33599999999996
us-epa-lmop	07278a1dd59b37d6	6	Hyland LF	United States	NY	Allegany, NY	42.285	-78.015	EPA LMOP-published latitude/longitude attribute and point geometry	Reciprocating Engine	Operational landfill-gas energy project (official map scope; September 2024 data release)	project owner: Casella Waste Systems, Inc. | project developer: Casella Waste Systems, Inc.; Innovative Energy Systems, LLC | landfill owner: Casella Waste Systems, Inc.	4.42 MW total capacity; 2.686 mmscfd total LFG flow to project	landfill gas energy; source category: Electricity; source end user(s): New York State Electric & Gas Corporation (NYSEG)	8/28/2008	ArcGIS OBJECTID 6; GHGRP cross-reference 1005258; service geometry 42.285000000000025,-78.01499999999999
us-epa-lmop	0819ba88ad0e42d5	454	C.M. Hinton Jr Regional Landfill	United States	TX	Dallas, TX	32.959	-96.543	EPA LMOP-published latitude/longitude attribute and point geometry	Vehicle Fuel	Operational landfill-gas energy project (official map scope; September 2024 data release)	project owner: Morrow Renewables, LLC | project developer: Morrow Renewables, LLC | landfill owner: City of Garland, TX	4.17 mmscfd total LFG flow to project	landfill gas energy; source category: Renewable Natural Gas; source end user(s): Atmos Pipeline-Texas; Clean Energy Renewables	8/11/2021	ArcGIS OBJECTID 454; GHGRP cross-reference 1004491; service geometry 32.95900000000006,-96.54299999999995
us-epa-lmop	08f48b3f9d68dd5e	353	City of Fargo Landfill	United States	ND	Cass, ND	46.8835	-96.8613	EPA LMOP-published latitude/longitude attribute and point geometry	Boiler	Operational landfill-gas energy project (official map scope; September 2024 data release)	landfill owner: City of Fargo, ND	0.745 mmscfd total LFG flow to project	landfill gas energy; source category: Direct; source end user(s): Cargill	5/15/2002	ArcGIS OBJECTID 353; GHGRP cross-reference 1001614; service geometry 46.883500000000026,-96.86129999999997
us-epa-lmop	094df52098bbc9de	293	Palmetto Landfill	United States	SC	Spartanburg, SC	34.9348	-82.0761	EPA LMOP-published latitude/longitude attribute and point geometry	Cogeneration	Operational landfill-gas energy project (official map scope; September 2024 data release)	project developer: BMW Manufacturing Co., LLC | landfill owner: WM	3.61 MW total capacity; 1.959 mmscfd total LFG flow to project	landfill gas energy; source category: Electricity; source end user(s): BMW Manufacturing Co., LLC	4/1/2003	ArcGIS OBJECTID 293; GHGRP cross-reference 1007892; service geometry 34.93480000000005,-82.07609999999994
us-epa-lmop	097a00a55b4a9a4e	526	Arbor Hills Landfill	United States	MI	Washtenaw, MI	42.40684	-83.55579	EPA LMOP-published latitude/longitude attribute and point geometry	Vehicle Fuel	Operational landfill-gas energy project (official map scope; September 2024 data release)	project developer: Fortistar Methane Group | landfill owner: GFL Environmental USA Inc.		landfill gas energy; source category: Renewable Natural Gas	8/31/2023	ArcGIS OBJECTID 526; GHGRP cross-reference 1008034; service geometry 42.406840000000045,-83.55578999999994
us-epa-lmop	09f4ddf079723162	56	Milner Butte Landfill	United States	ID	Cassia, ID	42.462	-114.005	EPA LMOP-published latitude/longitude attribute and point geometry	Reciprocating Engine	Operational landfill-gas energy project (official map scope; September 2024 data release)	landfill owner: Southern Idaho Regional Solid Waste District, ID	2.09 MW total capacity; 0.969 mmscfd total LFG flow to project	landfill gas energy; source category: Electricity; source end user(s): Idaho Power Company	6/27/2018	ArcGIS OBJECTID 56; GHGRP cross-reference 1004840; service geometry 42.462000000000046,-114.00499999999994
us-epa-lmop	0a426ac27c90af14	433	Imperial Sanitary Landfill	United States	PA	Allegheny, PA	40.43512	-80.29125	EPA LMOP-published latitude/longitude attribute and point geometry	Vehicle Fuel	Operational landfill-gas energy project (official map scope; September 2024 data release)	project owner: Fortistar Methane Group | project developer: Fortistar Methane Group | landfill owner: Republic Services, Inc.	4.2 mmscfd total LFG flow to project	landfill gas energy; source category: Renewable Natural Gas	9/1/2007	ArcGIS OBJECTID 433; GHGRP cross-reference 1003103; service geometry 40.43512000000004,-80.29124999999993
us-epa-lmop	0a57da227f88c101	196	Ridgeview RDF	United States	WI	Manitowoc, WI	44.1725	-87.8418	EPA LMOP-published latitude/longitude attribute and point geometry	Reciprocating Engine	Operational landfill-gas energy project (official map scope; September 2024 data release)	project owner: WM Renewable Energy, LLC | project developer: Bio Energy Partners | landfill owner: WM	4.28 MW total capacity; 2.41 mmscfd total LFG flow to project	landfill gas energy; source category: Electricity; source end user(s): Wisconsin Public Service Corporation	9/15/2002	ArcGIS OBJECTID 196; GHGRP cross-reference 1007834; service geometry 44.17250000000007,-87.84179999999998
us-epa-lmop	0b020eda0b6c2e01	7	National Serv-All LF	United States	IN	Allen, IN	41.03109	-85.21634	EPA LMOP-published latitude/longitude attribute and point geometry	Reciprocating Engine	Operational landfill-gas energy project (official map scope; September 2024 data release)	landfill owner: Republic Services, Inc.	6.4 MW total capacity	landfill gas energy; source category: Electricity; source end user(s): General Motors Company	5/29/2014	ArcGIS OBJECTID 7; GHGRP cross-reference 1007520; service geometry 41.03109000000006,-85.21633999999995
us-epa-lmop	0b1fead9ab1eddac	219	Modern Landfill Inc	United States	NY	Niagara, NY	43.210708	-78.978997	EPA LMOP-published latitude/longitude attribute and point geometry	Reciprocating Engine	Operational landfill-gas energy project (official map scope; September 2024 data release)	project owner: Archaea Energy, LLC; Modern Innovative Energy, LLC; Model City Energy, LLC | project developer: Aria Energy, LLC; Modern Innovative Energy, LLC; Model City Energy, LLC | landfill owner: Modern Disposal Services, Inc	7.51 MW total capacity; 3.83 mmscfd total LFG flow to project	landfill gas energy; source category: Electricity; source end user(s): H2Gro Greenhouses; Niagara Mohawk Power Corporation	6/1/2001	ArcGIS OBJECTID 219; GHGRP cross-reference 1003732; service geometry 43.21070800000007,-78.97899699999994
us-epa-lmop	0bde52f47bb874b5	250	Two Pine Landfill	United States	AR	Pulaski, AR	34.8371	-92.1497	EPA LMOP-published latitude/longitude attribute and point geometry	Reciprocating Engine	Operational landfill-gas energy project (official map scope; September 2024 data release)	project developer: WM Renewable Energy, LLC | landfill owner: WM	2.89 MW total capacity; 1.46 mmscfd total LFG flow to project	landfill gas energy; source category: Electricity; source end user(s): North Little Rock Electric Department	10/1/2006	ArcGIS OBJECTID 250; GHGRP cross-reference 1007896; service geometry 34.83710000000008,-92.14969999999994
us-epa-lmop	0d4f014f51e81548	412	Commonwealth Environmental Systems (CES) LF	United States	PA	Schuylkill, PA	40.675	-76.375	EPA LMOP-published latitude/longitude attribute and point geometry	Boiler	Operational landfill-gas energy project (official map scope; September 2024 data release)	landfill owner: CES	0.24 mmscfd total LFG flow to project	landfill gas energy; source category: Direct; source end user(s): Keystone Potato Products	6/20/2005	ArcGIS OBJECTID 412; GHGRP cross-reference 1004413; service geometry 40.67500000000007,-76.37499999999994
us-epa-lmop	0e8eb470f34b894c	173	Deercroft RDF	United States	IN	LaPorte, IN	41.65138	-86.9031	EPA LMOP-published latitude/longitude attribute and point geometry	Reciprocating Engine	Operational landfill-gas energy project (official map scope; September 2024 data release)	project developer: Wabash Valley Power Alliance | landfill owner: WM	1.94 MW total capacity; 0.871 mmscfd total LFG flow to project	landfill gas energy; source category: Electricity; source end user(s): Wabash Valley Power Alliance	1/1/1997	ArcGIS OBJECTID 173; GHGRP cross-reference 1004600; service geometry 41.651380000000074,-86.90309999999994
us-epa-lmop	0ed506cf73ca8f73	479	Twin Bridges RDF	United States	IN	Hendricks, IN	39.75	-86.5	EPA LMOP-published latitude/longitude attribute and point geometry	Vehicle Fuel	Operational landfill-gas energy project (official map scope; September 2024 data release)	project developer: Kinetrex Energy | landfill owner: WM		landfill gas energy; source category: Renewable Natural Gas	6/30/2023	ArcGIS OBJECTID 479; GHGRP cross-reference 1007638; service geometry 39.75000000000006,-86.49999999999994
us-epa-lmop	10c2ebaa7deaf6b5	302	Turnkey Recycling and Environmental Enterprise (TREE)	United States	NH	Strafford, NH	43.2448	-70.9695	EPA LMOP-published latitude/longitude attribute and point geometry	Cogeneration	Operational landfill-gas energy project (official map scope; September 2024 data release)	project owner: WM Renewable Energy, LLC | project developer: Bio Energy Partners; Heartland Water Technology, Inc; WM Renewable Energy, LLC | landfill owner: WM	4.79 MW total capacity; 3.578 mmscfd total LFG flow to project	landfill gas energy; source category: Electricity; source end user(s): New Hampshire Electric Cooperative, Inc.; Turnkey Recycling & Environmental Enterprises	1/1/1998	ArcGIS OBJECTID 302; GHGRP cross-reference 1007879; service geometry 43.244800000000055,-70.96949999999998
us-epa-lmop	111be2b9ce2269b9	365	Des Moines County Regional Sanitary Landfill	United States	IA	Des Moines, IA	40.849	-91.196	EPA LMOP-published latitude/longitude attribute and point geometry	Leachate Evaporation	Operational landfill-gas energy project (official map scope; September 2024 data release)	landfill owner: Des Moines County Regional Solid Waste Commission, IA	0.144 mmscfd total LFG flow to project	landfill gas energy; source category: Direct; source end user(s): Des Moines County Regional Solid Waste Commission, IA	5/31/2013	ArcGIS OBJECTID 365; GHGRP cross-reference 1002610; service geometry 40.849000000000046,-91.19599999999997
us-epa-lmop	114401dd2621f625	172	Short Mountain LF	United States	OR	Lane, OR	43.9792	-123.0088	EPA LMOP-published latitude/longitude attribute and point geometry	Reciprocating Engine	Operational landfill-gas energy project (official map scope; September 2024 data release)	project owner: Emerald People's Utility District (PUD) | project developer: Emerald People's Utility District (PUD) | landfill owner: Lane County, OR	2.67 MW total capacity; 1.15 mmscfd total LFG flow to project	landfill gas energy; source category: Electricity; source end user(s): Emerald People's Utility District (PUD)	3/5/1992	ArcGIS OBJECTID 172; GHGRP cross-reference 1007001; service geometry 43.97920000000005,-123.00879999999995
us-epa-lmop	114823104aaed69d	395	Meadow Branch Landfill	United States	TN	McMinn, TN	35.4828	-84.681	EPA LMOP-published latitude/longitude attribute and point geometry	Leachate Evaporation	Operational landfill-gas energy project (official map scope; September 2024 data release)	landfill owner: Waste Connections, Inc.	0.227 mmscfd total LFG flow to project	landfill gas energy; source category: Direct; source end user(s): Waste Connections, Inc.	1/1/2022	ArcGIS OBJECTID 395; GHGRP cross-reference 1003269; service geometry 35.482800000000054,-84.68099999999998
us-epa-lmop	124cb2ef2f88fe60	364	L.P. Gill LF	United States	NE	Dakota, NE	42.47269	-96.61456	EPA LMOP-published latitude/longitude attribute and point geometry	Direct Thermal	Operational landfill-gas energy project (official map scope; September 2024 data release)	project developer: L.P. Gill | landfill owner: L.P. Gill	1.128 mmscfd total LFG flow to project	landfill gas energy; source category: Direct; source end user(s): Siouxland Ethanol LLC	12/1/2007	ArcGIS OBJECTID 364; GHGRP cross-reference 1005097; service geometry 42.47269000000006,-96.61455999999998
us-epa-lmop	12825d90c9a3bf90	448	Shoosmith SLF	United States	VA	Chesterfield, VA	37.3512	-77.4956	EPA LMOP-published latitude/longitude attribute and point geometry	Vehicle Fuel	Operational landfill-gas energy project (official map scope; September 2024 data release)	project owner: Morrow Energy | project developer: Morrow Energy | landfill owner: Shoosmith Brothers		landfill gas energy; source category: Renewable Natural Gas	9/30/2023	ArcGIS OBJECTID 448; GHGRP cross-reference 1007088; service geometry 37.35120000000006,-77.49559999999997
us-epa-lmop	12d3159c17d50fee	150	Springhill Regional Landfill	United States	FL	Jackson, FL	30.92104	-85.42854	EPA LMOP-published latitude/longitude attribute and point geometry	Reciprocating Engine	Operational landfill-gas energy project (official map scope; September 2024 data release)	project developer: WM Renewable Energy, LLC | landfill owner: WM	3.8 MW total capacity; 2.23 mmscfd total LFG flow to project	landfill gas energy; source category: Electricity; source end user(s): PowerSouth Energy Cooperative	3/30/2006	ArcGIS OBJECTID 150; GHGRP cross-reference 1007898; service geometry 30.921040000000062,-85.42853999999994
us-epa-lmop	1316961671e972bd	379	Highlands County Solid Waste Management Center	United States	FL	Highlands, FL	27.5106	-81.3155	EPA LMOP-published latitude/longitude attribute and point geometry	Direct Thermal	Operational landfill-gas energy project (official map scope; September 2024 data release)	landfill owner: Highlands County, FL	0.5 mmscfd total LFG flow to project	landfill gas energy; source category: Direct; source end user(s): Highlands County, FL	1/17/2009	ArcGIS OBJECTID 379; GHGRP cross-reference not provided; service geometry 27.510600000000068,-81.31549999999999
us-epa-lmop	132d6b0daf4225d3	22	Coffin Butte LF	United States	OR	Benton, OR	44.69915	-123.22506	EPA LMOP-published latitude/longitude attribute and point geometry	Reciprocating Engine	Operational landfill-gas energy project (official map scope; September 2024 data release)	project developer: Power Resources Cooperative | landfill owner: Republic Services, Inc.	4.95 MW total capacity; 2.6 mmscfd total LFG flow to project	landfill gas energy; source category: Electricity; source end user(s): Pacific Northwest Generating Cooperative	10/1/1995	ArcGIS OBJECTID 22; GHGRP cross-reference 1007054; service geometry 44.69915000000003,-123.22505999999998
us-epa-lmop	141adb7481fac271	303	Brookhaven LF	United States	NY	Suffolk, NY	40.795	-72.931	EPA LMOP-published latitude/longitude attribute and point geometry	Reciprocating Engine	Operational landfill-gas energy project (official map scope; September 2024 data release)	project developer: Wehran Energy Corporation | landfill owner: Town of Brookhaven, NY	0.8 MW total capacity; 0.432 mmscfd total LFG flow to project	landfill gas energy; source category: Electricity; source end user(s): Long Island Power Authority	12/1/1982	ArcGIS OBJECTID 303; GHGRP cross-reference 1006196; service geometry 40.79500000000007,-72.93099999999998
us-epa-lmop	14e58ea5a1f48d89	539	Randolph Farms LF	United States	IN	Randolph, IN	40.07745	-85.11042	EPA LMOP-published latitude/longitude attribute and point geometry	Vehicle Fuel	Operational landfill-gas energy project (official map scope; September 2024 data release)	project owner: Randolph Farms, Inc. | project developer: Randolph Farms, Inc. | landfill owner: 600 Land, Inc.	0.288 mmscfd total LFG flow to project	landfill gas energy; source category: Renewable Natural Gas; source end user(s): Best Way Disposal	7/1/2018	ArcGIS OBJECTID 539; GHGRP cross-reference 1005697; service geometry 40.077450000000056,-85.11041999999998
us-epa-lmop	14e908cbdd23c031	68	Clayton County SR 3 Lovejoy Landfill	United States	GA	Clayton, GA	33.44	-84.307	EPA LMOP-published latitude/longitude attribute and point geometry	Reciprocating Engine	Operational landfill-gas energy project (official map scope; September 2024 data release)	landfill owner: Clayton County, GA	0.4 MW total capacity; 0.23 mmscfd total LFG flow to project	landfill gas energy; source category: Electricity; source end user(s): Clayton County, GA	9/24/2012	ArcGIS OBJECTID 68; GHGRP cross-reference 1003854; service geometry 33.440000000000055,-84.30699999999996
us-epa-lmop	151c0c85f2c6a9fa	191	Puente Hills LF	United States	CA	Los Angeles, CA	34.02033	-118.00604	EPA LMOP-published latitude/longitude attribute and point geometry	Steam Turbine	Operational landfill-gas energy project (official map scope; September 2024 data release)	project owner: Sanitation Districts of Los Angeles County, CA | project developer: Sanitation Districts of Los Angeles County, CA | landfill owner: Sanitation Districts of Los Angeles County, CA	22 MW total capacity; 19.42 mmscfd total LFG flow to project	landfill gas energy; source category: Electricity; source end user(s): Southern California Edison (SCE) Company	8/8/1986	ArcGIS OBJECTID 191; GHGRP cross-reference 1003199; service geometry 34.02033000000006,-118.00603999999998
us-epa-lmop	15299c3b5b9e0a67	247	Central LF	United States	RI	Providence, RI	41.80468	-71.50216	EPA LMOP-published latitude/longitude attribute and point geometry	Reciprocating Engine	Operational landfill-gas energy project (official map scope; September 2024 data release)	project owner: Broadrock Renewables LLC | project developer: Rhode Island Resource Recovery Corporation; Ridgewood Renewable Power LLC | landfill owner: Rhode Island Resource Recovery Corporation		landfill gas energy; source category: Electricity; source end user(s): ISO - New England	1/1/1990	ArcGIS OBJECTID 247; GHGRP cross-reference 1006283; service geometry 41.804680000000076,-71.50215999999995
us-epa-lmop	158950fa505ad8fa	4	Albany Landfill	United States	NY	Albany, NY	42.7036	-73.8466	EPA LMOP-published latitude/longitude attribute and point geometry	Reciprocating Engine	Operational landfill-gas energy project (official map scope; September 2024 data release)	project owner: Fortistar Methane Group | project developer: Fortistar Methane Group | landfill owner: City of Albany, NY	3.15 MW total capacity; 1.67 mmscfd total LFG flow to project	landfill gas energy; source category: Electricity; source end user(s): Village of Solvay, NY; Niagara Mohawk Power Corporation	1/1/1998	ArcGIS OBJECTID 4; GHGRP cross-reference 1006276; service geometry 42.70360000000005,-73.84659999999997
us-epa-lmop	1599c45efc6fa55b	47	Neal Road Recycling and Waste Facility	United States	CA	Butte, CA	39.67425	-121.72929	EPA LMOP-published latitude/longitude attribute and point geometry	Reciprocating Engine	Operational landfill-gas energy project (official map scope; September 2024 data release)	project owner: Ameresco, Inc. | project developer: Ameresco, Inc. | landfill owner: Butte County, CA	1.69 MW total capacity; 1.057 mmscfd total LFG flow to project	landfill gas energy; source category: Electricity; source end user(s): Alameda Municipal Power	2/13/2013	ArcGIS OBJECTID 47; GHGRP cross-reference 1004052; service geometry 39.67425000000003,-121.72928999999999
us-epa-lmop	15c33551d0346a18	252	Kestrel Hawk Landfill	United States	WI	Racine, WI	42.7074	-87.8703	EPA LMOP-published latitude/longitude attribute and point geometry	Cogeneration	Operational landfill-gas energy project (official map scope; September 2024 data release)	project developer: Northern Power Systems | landfill owner: Republic Services, Inc.	2.13 MW total capacity; 1.55 mmscfd total LFG flow to project	landfill gas energy; source category: Electricity; source end user(s): S.C. Johnson & Son, Inc.; We Energies	11/1/2003	ArcGIS OBJECTID 252; GHGRP cross-reference 1003625; service geometry 42.707400000000064,-87.87029999999999
us-epa-lmop	15c95cda6ee28cce	80	Lake LF	United States	IL	Cook, IL	42.1055	-87.8125	EPA LMOP-published latitude/longitude attribute and point geometry	Gas Turbine	Operational landfill-gas energy project (official map scope; September 2024 data release)	project owner: WM Illinois Renewable Energy, LLC | project developer: Bio Energy Partners | landfill owner: WM	1.78 MW total capacity; 1.32 mmscfd total LFG flow to project	landfill gas energy; source category: Electricity; source end user(s): Commonwealth Edison Company (ComEd)	1/1/1988	ArcGIS OBJECTID 80; GHGRP cross-reference 1003588; service geometry 42.10550000000006,-87.81249999999994
us-epa-lmop	167529aa5a136787	146	Horry County SWA Landfill	United States	SC	Horry, SC	33.8158	-78.9609	EPA LMOP-published latitude/longitude attribute and point geometry	Reciprocating Engine	Operational landfill-gas energy project (official map scope; September 2024 data release)	project owner: Santee Cooper | project developer: Enerdyne Power Systems, Inc.; Santee Cooper; SCS Engineers | landfill owner: Horry County Solid Waste Authority, SC	0.69 MW total capacity; 0.362 mmscfd total LFG flow to project	landfill gas energy; source category: Electricity; source end user(s): Santee Cooper	9/4/2001	ArcGIS OBJECTID 146; GHGRP cross-reference 1003394; service geometry 33.815800000000024,-78.96089999999998
us-epa-lmop	1743de4b33f60f4a	73	Columbus County, ARS	United States	NC	Columbus, NC	34.2941	-78.7543	EPA LMOP-published latitude/longitude attribute and point geometry	Reciprocating Engine	Operational landfill-gas energy project (official map scope; September 2024 data release)	project owner: Columbus County, NC | project developer: Appalachian State University Energy Center; Cape Fear Resource Conservation and Development; Carlson Environmental Consultants, PC; Columbus County, NC | landfill owner: Columbus County, NC	0.21 MW total capacity; 0.08 mmscfd total LFG flow to project	landfill gas energy; source category: Electricity; source end user(s): Brunswick Electric Membership Corporation	2/11/2013	ArcGIS OBJECTID 73; GHGRP cross-reference not provided; service geometry 34.29410000000007,-78.75429999999994
us-epa-lmop	18cba3feca996dee	169	Bluff Road Landfill	United States	NE	Lancaster, NE	40.9146	-96.6379	EPA LMOP-published latitude/longitude attribute and point geometry	Reciprocating Engine	Operational landfill-gas energy project (official map scope; September 2024 data release)	landfill owner: City of Lincoln, NE	3.6 MW total capacity; 1.6 mmscfd total LFG flow to project	landfill gas energy; source category: Electricity; source end user(s): Lincoln Electric System	10/14/2013	ArcGIS OBJECTID 169; GHGRP cross-reference 1002158; service geometry 40.914600000000064,-96.63789999999995
us-epa-lmop	18f260352f33ae9a	251	New River Resource Authority SWMF	United States	VA	Pulaski, VA	37.1975	-80.685	EPA LMOP-published latitude/longitude attribute and point geometry	Reciprocating Engine	Operational landfill-gas energy project (official map scope; September 2024 data release)	project owner: Archaea Energy, LLC | project developer: INGENCO | landfill owner: New River Resource Authority (NRRA), VA	2 MW total capacity; 0.99 mmscfd total LFG flow to project	landfill gas energy; source category: Electricity; source end user(s): PJM Interconnection, LLC	1/31/2015	ArcGIS OBJECTID 251; GHGRP cross-reference 1007662; service geometry 37.19750000000005,-80.68499999999995
us-epa-lmop	192ec6d8e40b0302	288	Recology Hay Road LF	United States	CA	Solano, CA	38.31497	-121.83164	EPA LMOP-published latitude/longitude attribute and point geometry	Reciprocating Engine	Operational landfill-gas energy project (official map scope; September 2024 data release)	project owner: G2 Energy, LLC | project developer: G2 Energy, LLC | landfill owner: Recology	1.48 MW total capacity; 0.726 mmscfd total LFG flow to project	landfill gas energy; source category: Electricity; source end user(s): Marin Clean Energy (MCE)	7/2/2013	ArcGIS OBJECTID 288; GHGRP cross-reference 1005042; service geometry 38.31497000000007,-121.83164
us-epa-lmop	1943fb8960a4cc48	309	Tazewell RDF	United States	IL	Tazewell, IL	40.68181	-89.51613	EPA LMOP-published latitude/longitude attribute and point geometry	Reciprocating Engine	Operational landfill-gas energy project (official map scope; September 2024 data release)	project owner: WM Illinois Renewable Energy, LLC | project developer: Bio Energy Partners | landfill owner: WM	1.83 MW total capacity; 0.975 mmscfd total LFG flow to project	landfill gas energy; source category: Electricity; source end user(s): Ameren Energy Marketing	1/1/1989	ArcGIS OBJECTID 309; GHGRP cross-reference 1006204; service geometry 40.68181000000004,-89.51612999999998
us-epa-lmop	1a5d01b4e2cdf1ae	261	Kiefer LF	United States	CA	Sacramento, CA	38.52099	-121.1989	EPA LMOP-published latitude/longitude attribute and point geometry	Reciprocating Engine	Operational landfill-gas energy project (official map scope; September 2024 data release)	project owner: Sacramento County, CA; DTE Vantage; Energy Power Partners | project developer: Aria Energy, LLC; DTE Vantage | landfill owner: Sacramento County, CA	13.03 MW total capacity; 7.24 mmscfd total LFG flow to project	landfill gas energy; source category: Electricity; source end user(s): Sacramento Municipal Utility District (SMUD)	12/1/1999	ArcGIS OBJECTID 261; GHGRP cross-reference 1004037; service geometry 38.52099000000004,-121.19889999999998
us-epa-lmop	1a85d12e0de3f385	153	DANC Solid Waste Management Facility	United States	NY	Jefferson, NY	43.82	-75.918	EPA LMOP-published latitude/longitude attribute and point geometry	Reciprocating Engine	Operational landfill-gas energy project (official map scope; September 2024 data release)	project owner: Archaea Energy, LLC | project developer: Aria Energy, LLC; Innovative Energy Systems, LLC | landfill owner: Development Authority of the North Country (DANC)	3.17 MW total capacity; 1.55 mmscfd total LFG flow to project	landfill gas energy; source category: Electricity; source end user(s): Niagara Mohawk Power Corporation	10/7/2008	ArcGIS OBJECTID 153; GHGRP cross-reference 1004057; service geometry 43.82000000000005,-75.91799999999995
us-epa-lmop	1ac277ee5dd3daa9	504	Eagle Ridge Sanitary Landfill	United States	MO	Pike, MO	39.4214	-91.2182	EPA LMOP-published latitude/longitude attribute and point geometry	Vehicle Fuel	Operational landfill-gas energy project (official map scope; September 2024 data release)	project developer: Vision RNG | landfill owner: Meridian Waste		landfill gas energy; source category: Renewable Natural Gas	8/10/2023	ArcGIS OBJECTID 504; GHGRP cross-reference 1005795; service geometry 39.42140000000006,-91.21819999999997
us-epa-lmop	1b31678c7f02492a	149	Iredell County LF	United States	NC	Iredell, NC	35.7768	-80.8244	EPA LMOP-published latitude/longitude attribute and point geometry	Reciprocating Engine	Operational landfill-gas energy project (official map scope; September 2024 data release)	project owner: DTE Vantage | project developer: DTE Vantage | landfill owner: Iredell County, NC	2.87 MW total capacity; 1.37 mmscfd total LFG flow to project	landfill gas energy; source category: Electricity; source end user(s): EnergyUnited Electric Cooperative	8/15/2008	ArcGIS OBJECTID 149; GHGRP cross-reference 1006514; service geometry 35.77680000000004,-80.82439999999997
us-epa-lmop	1b72d620e0cfb30c	241	Suburban South R&D	United States	OH	Perry, OH	39.876	-82.2885	EPA LMOP-published latitude/longitude attribute and point geometry	Reciprocating Engine	Operational landfill-gas energy project (official map scope; September 2024 data release)	project developer: WM Renewable Energy, LLC | landfill owner: WM	3.72 MW total capacity; 1.89 mmscfd total LFG flow to project	landfill gas energy; source category: Electricity; source end user(s): Buckeye Power, Inc.	1/1/2011	ArcGIS OBJECTID 241; GHGRP cross-reference 1003661; service geometry 39.87600000000003,-82.28849999999994
us-epa-lmop	1caff4aced77259c	34	Bradford County Landfill	United States	PA	Bradford, PA	41.777	-76.63	EPA LMOP-published latitude/longitude attribute and point geometry	Reciprocating Engine; Cogeneration	Operational landfill-gas energy project (official map scope; September 2024 data release)	project owner: Energy Power Partners | project developer: Northern Tier Solid Waste Authority (NTSWA), PA; PPL Corporation | landfill owner: Northern Tier Solid Waste Authority (NTSWA), PA	1.27 MW total capacity; 0.69 mmscfd total LFG flow to project	landfill gas energy; source category: Electricity; source end user(s): PenElec; Bradford County, PA	4/1/2002	ArcGIS OBJECTID 34; GHGRP cross-reference 1007976; service geometry 41.777000000000044,-76.62999999999994
us-epa-lmop	1cbb3befd1228111	254	Troy SLF	United States	NY	Rensselaer, NY	42.6988	-73.67	EPA LMOP-published latitude/longitude attribute and point geometry	Cogeneration	Operational landfill-gas energy project (official map scope; September 2024 data release)	project developer: Siemens Building Technologies, Inc. | landfill owner: City of Troy, NY	0.825 MW total capacity; 0.36 mmscfd total LFG flow to project	landfill gas energy; source category: Electricity; source end user(s): Hudson Valley Community College (HVCC)	3/1/2004	ArcGIS OBJECTID 254; GHGRP cross-reference not provided; service geometry 42.69880000000006,-73.66999999999996
us-epa-lmop	1cea55542eb4a1a1	100	Greene Valley RDF	United States	IL	DuPage, IL	41.73045	-88.07444	EPA LMOP-published latitude/longitude attribute and point geometry	Gas Turbine	Operational landfill-gas energy project (official map scope; September 2024 data release)	project owner: WM Renewable Energy, LLC | project developer: Bio Energy Partners | landfill owner: Forest Preserve District of DuPage County, IL	3.86 MW total capacity; 3.1 mmscfd total LFG flow to project	landfill gas energy; source category: Electricity; source end user(s): Commonwealth Edison Company (ComEd)	5/1/1996	ArcGIS OBJECTID 100; GHGRP cross-reference 1006207; service geometry 41.730450000000076,-88.07443999999998
us-epa-lmop	1e19eecf2ce8dcfb	493	Meadow Branch Landfill	United States	TN	McMinn, TN	35.4828	-84.681	EPA LMOP-published latitude/longitude attribute and point geometry	Vehicle Fuel	Operational landfill-gas energy project (official map scope; September 2024 data release)	project owner: Southern Company Gas | project developer: Renewco LLC | landfill owner: Waste Connections, Inc.	2.64 mmscfd total LFG flow to project	landfill gas energy; source category: Renewable Natural Gas; source end user(s): Enbridge Inc.	9/28/2011	ArcGIS OBJECTID 493; GHGRP cross-reference 1003269; service geometry 35.482800000000054,-84.68099999999998
us-epa-lmop	1e7408512eb12a40	21	Whitefeather Landfill	United States	MI	Bay, MI	43.8963	-83.9482	EPA LMOP-published latitude/longitude attribute and point geometry	Reciprocating Engine	Operational landfill-gas energy project (official map scope; September 2024 data release)	project developer: Granger Energy | landfill owner: Republic Services, Inc.	1.79 MW total capacity; 0.911 mmscfd total LFG flow to project	landfill gas energy; source category: Electricity; source end user(s): Consumers Energy	7/1/2009	ArcGIS OBJECTID 21; GHGRP cross-reference 1001993; service geometry 43.89630000000005,-83.94819999999999
us-epa-lmop	1f3a2ea66b26514e	536	Dane County LF #2-Rodefeld	United States	WI	Dane, WI	43.045	-89.254	EPA LMOP-published latitude/longitude attribute and point geometry	Vehicle Fuel	Operational landfill-gas energy project (official map scope; September 2024 data release)	project developer: Dane County Waste & Renewables, WI | landfill owner: Dane County Waste & Renewables, WI	0.07 mmscfd total LFG flow to project	landfill gas energy; source category: Renewable Natural Gas; source end user(s): Dane County Waste & Renewables, WI	3/18/2011	ArcGIS OBJECTID 536; GHGRP cross-reference 1006096; service geometry 43.04500000000007,-89.25399999999996
us-epa-lmop	1fc3f60fcf73c806	44	Tullytown LF	United States	PA	Bucks, PA	40.13	-74.805	EPA LMOP-published latitude/longitude attribute and point geometry	Reciprocating Engine	Operational landfill-gas energy project (official map scope; September 2024 data release)	project owner: WM Renewable Energy, LLC | project developer: WM Renewable Energy, LLC | landfill owner: WM	1.47 MW total capacity; 0.786 mmscfd total LFG flow to project	landfill gas energy; source category: Electricity; source end user(s): PECO Energy Company	3/1/2013	ArcGIS OBJECTID 44; GHGRP cross-reference 1007634; service geometry 40.13000000000005,-74.80499999999995
us-epa-lmop	202839cb1e6fca34	189	Toyon Canyon Landfill	United States	CA	Los Angeles, CA	34.1444	-118.3012	EPA LMOP-published latitude/longitude attribute and point geometry	Reciprocating Engine	Operational landfill-gas energy project (official map scope; September 2024 data release)	project owner: Green Gen LA, LLC | project developer: Green Gen LA, LLC | landfill owner: City of Los Angeles, Bureau of Sanitation, CA	0.13 MW total capacity; 0.058 mmscfd total LFG flow to project	landfill gas energy; source category: Electricity; source end user(s): Los Angeles Department of Water & Power (LADWP)	7/8/2022	ArcGIS OBJECTID 189; GHGRP cross-reference 1006089; service geometry 34.144400000000076,-118.3012
us-epa-lmop	2245672077e7d478	316	Iris Glen Environmental Center	United States	TN	Washington, TN	36.3294	-82.3322	EPA LMOP-published latitude/longitude attribute and point geometry	Reciprocating Engine	Operational landfill-gas energy project (official map scope; September 2024 data release)	project developer: Energy Systems Group, LLC | landfill owner: City of Johnson City, TN	0.321 mmscfd total LFG flow to project	landfill gas energy; source category: Electricity; source end user(s): Tennessee Valley Authority (TVA)	11/2/2011	ArcGIS OBJECTID 316; GHGRP cross-reference 1003227; service geometry 36.32940000000008,-82.33219999999994
us-epa-lmop	22f6954839693345	447	Chautauqua County Landfill	United States	NY	Chautauqua, NY	42.2015	-79.3156	EPA LMOP-published latitude/longitude attribute and point geometry	Vehicle Fuel	Operational landfill-gas energy project (official map scope; September 2024 data release)	project owner: Chautauqua Green Energy LLC | project developer: Chautauqua Green Energy LLC | landfill owner: Chautauqua County, NY		landfill gas energy; source category: Renewable Natural Gas; source end user(s): Trillium	6/12/2022	ArcGIS OBJECTID 447; GHGRP cross-reference 1005488; service geometry 42.20150000000007,-79.31559999999996
us-epa-lmop	231864a6c6c3cd9a	286	Rolling Meadows LF	United States	KS	Shawnee, KS	39.17906	-95.72004	EPA LMOP-published latitude/longitude attribute and point geometry	Reciprocating Engine	Operational landfill-gas energy project (official map scope; September 2024 data release)	project developer: WM Renewable Energy, LLC | landfill owner: WM	5.48 MW total capacity; 2.78 mmscfd total LFG flow to project	landfill gas energy; source category: Electricity; source end user(s): Westar Energy	1/15/2010	ArcGIS OBJECTID 286; GHGRP cross-reference 1007832; service geometry 39.17906000000005,-95.72003999999998
us-epa-lmop	23fd540e791f34da	514	Milam Recycling and Disposal Facility	United States	IL	St. Clair, IL	38.6547	-90.1302	EPA LMOP-published latitude/longitude attribute and point geometry	Vehicle Fuel	Operational landfill-gas energy project (official map scope; September 2024 data release)	project developer: WM Renewable Energy, LLC | landfill owner: WM	4.47 mmscfd total LFG flow to project	landfill gas energy; source category: Renewable Natural Gas; source end user(s): Ameren Corp.	3/1/2015	ArcGIS OBJECTID 514; GHGRP cross-reference 1008269; service geometry 38.65470000000005,-90.13019999999995
us-epa-lmop	24e9948be4521b7c	411	Cold Canyon LF Solid Waste Disposal Site	United States	CA	San Luis Obispo, CA	35.1873	-120.59579	EPA LMOP-published latitude/longitude attribute and point geometry	Boiler	Operational landfill-gas energy project (official map scope; September 2024 data release)	landfill owner: Corral de Piedra Land Company	0.688 mmscfd total LFG flow to project	landfill gas energy; source category: Direct; source end user(s): Sentinel Peak Resources	1/1/1999	ArcGIS OBJECTID 411; GHGRP cross-reference 1006322; service geometry 35.18730000000005,-120.59578999999997
us-epa-lmop	2561dc3073a5b502	249	Central LF	United States	RI	Providence, RI	41.80468	-71.50216	EPA LMOP-published latitude/longitude attribute and point geometry	Combined Cycle	Operational landfill-gas energy project (official map scope; September 2024 data release)	project developer: Macquarie Infrastructure Partners II | landfill owner: Rhode Island Resource Recovery Corporation	18.46 MW total capacity; 11.729 mmscfd total LFG flow to project	landfill gas energy; source category: Electricity; source end user(s): National Grid	3/31/2013	ArcGIS OBJECTID 249; GHGRP cross-reference 1006283; service geometry 41.804680000000076,-71.50215999999995
us-epa-lmop	258417a01b3b9b14	280	Sauk County SLF	United States	WI	Sauk, WI	43.5184	-89.878	EPA LMOP-published latitude/longitude attribute and point geometry	Microturbine	Operational landfill-gas energy project (official map scope; September 2024 data release)	project developer: Alliant Energy | landfill owner: Sauk County, WI	0.72 MW total capacity; 0.518 mmscfd total LFG flow to project	landfill gas energy; source category: Electricity; source end user(s): Alliant Energy	6/1/2003	ArcGIS OBJECTID 280; GHGRP cross-reference not provided; service geometry 43.51840000000004,-89.87799999999999
us-epa-lmop	25b5559137af71a3	5	Town of Colonie SLF	United States	NY	Albany, NY	42.807825	-73.730981	EPA LMOP-published latitude/longitude attribute and point geometry	Reciprocating Engine	Operational landfill-gas energy project (official map scope; September 2024 data release)	project owner: Archaea Energy, LLC; Colonie, LLC; Innovative Energy Systems, LLC | project developer: Aria Energy, LLC; Innovative Energy Systems, LLC | landfill owner: Town of Colonie, NY	4.38 MW total capacity; 2.746 mmscfd total LFG flow to project	landfill gas energy; source category: Electricity; source end user(s): National Grid	3/9/2006	ArcGIS OBJECTID 5; GHGRP cross-reference 1005155; service geometry 42.80782500000004,-73.73098099999999
us-epa-lmop	2679ecc6c7b67461	236	J.E.D. Solid Waste Management Facility	United States	FL	Osceola, FL	28.064	-81.098	EPA LMOP-published latitude/longitude attribute and point geometry	Reciprocating Engine	Operational landfill-gas energy project (official map scope; September 2024 data release)	project owner: LMS Energy | project developer: APTIM | landfill owner: Waste Connections, Inc.	4.6 MW total capacity; 3.65 mmscfd total LFG flow to project	landfill gas energy; source category: Electricity; source end user(s): Orlando Utilities Commission (OUC)	3/1/2017	ArcGIS OBJECTID 236; GHGRP cross-reference 1004752; service geometry 28.064000000000078,-81.09799999999996
us-epa-lmop	2763bd81f4776f1c	446	Southern OK Regional Disposal LF	United States	OK	Carter, OK	34.1891	-97.0382	EPA LMOP-published latitude/longitude attribute and point geometry	Vehicle Fuel	Operational landfill-gas energy project (official map scope; September 2024 data release)	project owner: Lynx Renewable Energy, LLC | project developer: Lynx Renewable Energy, LLC | landfill owner: Southern Oklahoma Regional Disposal, Inc., OK	0.497 mmscfd total LFG flow to project	landfill gas energy; source category: Renewable Natural Gas; source end user(s): XTO Energy, Inc.	7/5/2018	ArcGIS OBJECTID 446; GHGRP cross-reference 1002234; service geometry 34.18910000000005,-97.03819999999996
us-epa-lmop	27e41ccac2006eeb	3	Altamont Landfill & Resource Recovery Facility	United States	CA	Alameda, CA	37.75	-121.65667	EPA LMOP-published latitude/longitude attribute and point geometry	Gas Turbine	Operational landfill-gas energy project (official map scope; September 2024 data release)	project owner: WM Renewable Energy, LLC | project developer: Bio Energy Partners | landfill owner: WM	4.64 MW total capacity; 3.46 mmscfd total LFG flow to project	landfill gas energy; source category: Electricity; source end user(s): California ISO (CAISO)	1/1/1989	ArcGIS OBJECTID 3; GHGRP cross-reference 1007699; service geometry 37.75000000000006,-121.65666999999996
us-epa-lmop	2857712563a53420	371	I-95 Landfill	United States	VA	Fairfax, VA	38.68809	-77.23734	EPA LMOP-published latitude/longitude attribute and point geometry	Direct Thermal	Operational landfill-gas energy project (official map scope; September 2024 data release)	project owner: Energy Power Partners | project developer: Aria Energy, LLC | landfill owner: County of Fairfax, VA	0.1 mmscfd total LFG flow to project	landfill gas energy; source category: Direct; source end user(s): Noman Cole Jr. Pollution Control Plant	5/1/1997	ArcGIS OBJECTID 371; GHGRP cross-reference 1002110; service geometry 38.688090000000045,-77.23733999999996
us-epa-lmop	2872206ef663ac0c	160	Sandtown Landfill	United States	DE	Kent, DE	39.0327	-75.7251	EPA LMOP-published latitude/longitude attribute and point geometry	Reciprocating Engine	Operational landfill-gas energy project (official map scope; September 2024 data release)	project developer: Ameresco, Inc. | landfill owner: Delaware Solid Waste Authority	3.57 MW total capacity; 1.894 mmscfd total LFG flow to project	landfill gas energy; source category: Electricity; source end user(s): Constellation; Delaware Electric Cooperative	1/1/2007	ArcGIS OBJECTID 160; GHGRP cross-reference 1002182; service geometry 39.032700000000034,-75.72509999999994
us-epa-lmop	2923a107d1072225	82	Tuscarora Long-Term Regional Landfill	United States	NC	Craven, NC	35.16296	-77.22612	EPA LMOP-published latitude/longitude attribute and point geometry	Reciprocating Engine	Operational landfill-gas energy project (official map scope; September 2024 data release)	project owner: Archaea Energy, LLC | project developer: INGENCO | landfill owner: Coastal Environmental Partnership, NC	2.69 MW total capacity; 1.418 mmscfd total LFG flow to project	landfill gas energy; source category: Electricity; source end user(s): Duke Energy	7/16/2007	ArcGIS OBJECTID 82; GHGRP cross-reference 1003035; service geometry 35.162960000000055,-77.22611999999998
us-epa-lmop	2a0e72df08e32f34	406	Rapid City Landfill	United States	SD	Pennington, SD	44.026	-103.198	EPA LMOP-published latitude/longitude attribute and point geometry	Boiler	Operational landfill-gas energy project (official map scope; September 2024 data release)	landfill owner: City of Rapid City, SD	0.36 mmscfd total LFG flow to project	landfill gas energy; source category: Direct; source end user(s): City of Rapid City, SD	1/1/2014	ArcGIS OBJECTID 406; GHGRP cross-reference 1004676; service geometry 44.02600000000007,-103.19799999999998
us-epa-lmop	2a765c26245eff3e	237	Ottawa County Farms Landfill	United States	MI	Ottawa, MI	43.0502	-85.95682	EPA LMOP-published latitude/longitude attribute and point geometry	Reciprocating Engine	Operational landfill-gas energy project (official map scope; September 2024 data release)	project developer: Granger Energy | landfill owner: Republic Services, Inc.	5.17 MW total capacity; 2.86 mmscfd total LFG flow to project	landfill gas energy; source category: Electricity; source end user(s): Consumers Energy	6/21/1994	ArcGIS OBJECTID 237; GHGRP cross-reference 1007027; service geometry 43.050200000000075,-85.95681999999994
us-epa-lmop	2a8aabf5e7e1265a	383	Courtney Ridge Landfill, LLC	United States	MO	Jackson, MO	39.141087	-94.388472	EPA LMOP-published latitude/longitude attribute and point geometry	Direct Thermal	Operational landfill-gas energy project (official map scope; September 2024 data release)	project developer: Lafarge North America Inc. | landfill owner: Republic Services, Inc.	2.55 mmscfd total LFG flow to project	landfill gas energy; source category: Direct; source end user(s): Central Plains Cement (Eagle Materials)	5/1/2009	ArcGIS OBJECTID 383; GHGRP cross-reference 1007631; service geometry 39.14108700000003,-94.38847199999998
us-epa-lmop	2ad0048e503ddeff	72	Collier County Landfill	United States	FL	Collier, FL	26.1634	-81.6585	EPA LMOP-published latitude/longitude attribute and point geometry	Reciprocating Engine	Operational landfill-gas energy project (official map scope; September 2024 data release)	project developer: WM Renewable Energy, LLC | landfill owner: Collier County, FL	3.02 MW total capacity; 1.75 mmscfd total LFG flow to project	landfill gas energy; source category: Electricity; source end user(s): Orlando Utilities Commission (OUC)	5/6/2011	ArcGIS OBJECTID 72; GHGRP cross-reference 1007855; service geometry 26.163400000000024,-81.65849999999995
us-epa-lmop	2b1e9d1b288437e4	190	Lopez Canyon SLF	United States	CA	Los Angeles, CA	34.29028	-118.39111	EPA LMOP-published latitude/longitude attribute and point geometry	Reciprocating Engine	Operational landfill-gas energy project (official map scope; September 2024 data release)	project owner: Fortistar Methane Group | project developer: Cambrian Energy | landfill owner: City of Los Angeles, Bureau of Sanitation, CA	2.49 MW total capacity; 1.15 mmscfd total LFG flow to project	landfill gas energy; source category: Electricity; source end user(s): Target Corporation	1/5/1999	ArcGIS OBJECTID 190; GHGRP cross-reference 1006107; service geometry 34.29028000000005,-118.39110999999997
us-epa-lmop	2b78e5738c8db7a5	136	Hancock County Sanitary LF	United States	OH	Hancock, OH	41.1125	-83.6785	EPA LMOP-published latitude/longitude attribute and point geometry	Reciprocating Engine	Operational landfill-gas energy project (official map scope; September 2024 data release)	project developer: Granger Energy | landfill owner: Hancock County, OH	3.2 MW total capacity; 1.584 mmscfd total LFG flow to project	landfill gas energy; source category: Electricity; source end user(s): Hancock-Wood Electric Cooperative	8/27/2014	ArcGIS OBJECTID 136; GHGRP cross-reference 1003638; service geometry 41.11250000000007,-83.67849999999999
us-epa-lmop	2bbacaf12f42be61	314	Virginia Beach Landfill No. 2	United States	VA	Virginia Beach city, VA	36.785	-76.205	EPA LMOP-published latitude/longitude attribute and point geometry	Reciprocating Engine	Operational landfill-gas energy project (official map scope; September 2024 data release)	project owner: Archaea Energy, LLC | project developer: INGENCO | landfill owner: City of Virginia Beach, VA	0.27 MW total capacity; 0.287 mmscfd total LFG flow to project	landfill gas energy; source category: Electricity; source end user(s): PJM Interconnection, LLC	11/23/2001	ArcGIS OBJECTID 314; GHGRP cross-reference 1006561; service geometry 36.785000000000025,-76.20499999999998
us-epa-lmop	2bcc2eaada05d86e	157	Woodland RDF	United States	IL	Kane, IL	41.98077	-88.269	EPA LMOP-published latitude/longitude attribute and point geometry	Reciprocating Engine	Operational landfill-gas energy project (official map scope; September 2024 data release)	project owner: WM Illinois Renewable Energy, LLC | project developer: WM Illinois Renewable Energy, LLC | landfill owner: WM	2.25 MW total capacity; 1.15 mmscfd total LFG flow to project	landfill gas energy; source category: Electricity; source end user(s): Commonwealth Edison Company (ComEd)	1/1/1992	ArcGIS OBJECTID 157; GHGRP cross-reference 1006335; service geometry 41.980770000000064,-88.26899999999995
us-epa-lmop	2c46c2c20f149451	468	Coastal Plains RDF	United States	TX	Galveston, TX	29.424167	-95.190834	EPA LMOP-published latitude/longitude attribute and point geometry	Vehicle Fuel	Operational landfill-gas energy project (official map scope; September 2024 data release)	project owner: Montauk Renewables | project developer: Montauk Renewables | landfill owner: WM	0.879 mmscfd total LFG flow to project	landfill gas energy; source category: Renewable Natural Gas	9/30/2020	ArcGIS OBJECTID 468; GHGRP cross-reference 1003646; service geometry 29.424167000000068,-95.19083399999994
us-epa-lmop	2c5812782c94402d	243	Blackfoot Landfill	United States	IN	Pike, IN	38.33	-87.15	EPA LMOP-published latitude/longitude attribute and point geometry	Reciprocating Engine	Operational landfill-gas energy project (official map scope; September 2024 data release)	project owner: CenterPoint Energy | project developer: Energy Systems Group, LLC | landfill owner: WM	1.12 MW total capacity; 0.5 mmscfd total LFG flow to project	landfill gas energy; source category: Electricity; source end user(s): CenterPoint Energy	1/1/2009	ArcGIS OBJECTID 243; GHGRP cross-reference 1001639; service geometry 38.33000000000004,-87.14999999999998
us-epa-lmop	2d0a23ba43389988	120	County Line LF	United States	IN	Fulton, IN	41.16767	-86.23489	EPA LMOP-published latitude/longitude attribute and point geometry	Reciprocating Engine	Operational landfill-gas energy project (official map scope; September 2024 data release)	project owner: Archaea Energy, LLC; Zimmerman Energy, LLC | project developer: Aria Energy, LLC; Republic Services, Inc. | landfill owner: Republic Services, Inc.	6.04 MW total capacity; 3.024 mmscfd total LFG flow to project	landfill gas energy; source category: Electricity; source end user(s): Northern Indiana Public Service Company (NIPSCO); Wabash Valley Power Alliance	12/10/2014	ArcGIS OBJECTID 120; GHGRP cross-reference 1007024; service geometry 41.167670000000044,-86.23488999999995
us-epa-lmop	2d31bc9fbb0b9afe	272	Santa Maria Regional Landfill	United States	CA	Santa Barbara, CA	34.9525	-120.3831	EPA LMOP-published latitude/longitude attribute and point geometry	Cogeneration; Reciprocating Engine	Operational landfill-gas energy project (official map scope; September 2024 data release)	project developer: Janechek & Associates | landfill owner: City of Santa Maria, CA	1.16 MW total capacity; 0.647 mmscfd total LFG flow to project	landfill gas energy; source category: Electricity; source end user(s): Marian Medical Center; Pacific Gas and Electric Company (PG&E)	8/15/2007	ArcGIS OBJECTID 272; GHGRP cross-reference 1004882; service geometry 34.95250000000004,-120.38309999999996
us-epa-lmop	2d3e2a1318a94f61	105	Earthmovers LF	United States	IN	Elkhart, IN	41.62324	-85.97372	EPA LMOP-published latitude/longitude attribute and point geometry	Reciprocating Engine	Operational landfill-gas energy project (official map scope; September 2024 data release)	project developer: Wabash Valley Power Alliance | landfill owner: WM	2.72 MW total capacity; 1.222 mmscfd total LFG flow to project	landfill gas energy; source category: Electricity; source end user(s): Wabash Valley Power Alliance	10/26/2010	ArcGIS OBJECTID 105; GHGRP cross-reference 1007588; service geometry 41.62324000000007,-85.97371999999996
us-epa-lmop	2de66fb6b66acd14	498	Oklahoma City Landfill	United States	OK	Oklahoma, OK	35.4455	-97.64	EPA LMOP-published latitude/longitude attribute and point geometry	Vehicle Fuel	Operational landfill-gas energy project (official map scope; September 2024 data release)	project owner: Archaea Energy, LLC | project developer: Aria Energy, LLC; Timberline Energy, LLC | landfill owner: Waste Connections Inc. - Central Region	2.674 mmscfd total LFG flow to project	landfill gas energy; source category: Renewable Natural Gas; source end user(s): Westar Energy	5/1/2008	ArcGIS OBJECTID 498; GHGRP cross-reference 1007624; service geometry 35.44550000000004,-97.63999999999999
us-epa-lmop	2e451ceebe5a1b7b	59	Zemel Road Landfill	United States	FL	Charlotte, FL	26.794446	-81.960278	EPA LMOP-published latitude/longitude attribute and point geometry	Reciprocating Engine	Operational landfill-gas energy project (official map scope; September 2024 data release)	project owner: Fortistar Methane Group | project developer: Lime Energy Asset Development | landfill owner: Charlotte County Solid Waste, FL	0.35 MW total capacity; 0.186 mmscfd total LFG flow to project	landfill gas energy; source category: Electricity; source end user(s): Orlando Utilities Commission (OUC)	10/14/2011	ArcGIS OBJECTID 59; GHGRP cross-reference 1001909; service geometry 26.79444600000005,-81.96027799999996
us-epa-lmop	2f60f0fc6af6efda	330	Beecher Landfill	United States	IL	Will, IL	41.3915	-87.6388	EPA LMOP-published latitude/longitude attribute and point geometry	Reciprocating Engine	Operational landfill-gas energy project (official map scope; September 2024 data release)	project owner: Will County Energy | project developer: Will County Energy | landfill owner: WM	0.56 MW total capacity; 0.207 mmscfd total LFG flow to project	landfill gas energy; source category: Electricity; source end user(s): Commonwealth Edison Company (ComEd)	6/1/2006	ArcGIS OBJECTID 330; GHGRP cross-reference 1003744; service geometry 41.391500000000065,-87.63879999999995
us-epa-lmop	30241cd569f5493a	385	Rumble Landfill #2	United States	MO	Jackson, MO	39.1405	-94.4	EPA LMOP-published latitude/longitude attribute and point geometry	Greenhouse	Operational landfill-gas energy project (official map scope; September 2024 data release)	project developer: WM | landfill owner: WM	0.009 mmscfd total LFG flow to project	landfill gas energy; source category: Direct; source end user(s): Fort Osage School District's Career and Technology Center	1/1/1998	ArcGIS OBJECTID 385; GHGRP cross-reference 1003871; service geometry 39.14050000000003,-94.39999999999998
us-epa-lmop	305427134041cbda	167	Alliance SLF	United States	PA	Lackawanna, PA	41.398	-75.735	EPA LMOP-published latitude/longitude attribute and point geometry	Gas Turbine	Operational landfill-gas energy project (official map scope; September 2024 data release)	project owner: Archaea Energy, LLC | project developer: PEI Power; WM | landfill owner: WM	0.27 MW total capacity; 0.131 mmscfd total LFG flow to project	landfill gas energy; source category: Electricity; source end user(s): PEI Power; PJM Interconnection, LLC	1/31/2010	ArcGIS OBJECTID 167; GHGRP cross-reference 1007645; service geometry 41.398000000000025,-75.73499999999996
us-epa-lmop	305db82fc899e2b3	195	Mahoning LF	United States	OH	Mahoning, OH	40.914603	-80.585632	EPA LMOP-published latitude/longitude attribute and point geometry	Reciprocating Engine	Operational landfill-gas energy project (official map scope; September 2024 data release)	project owner: WM Renewable Energy, LLC | project developer: WM Renewable Energy, LLC | landfill owner: WM	3.17 MW total capacity; 1.6 mmscfd total LFG flow to project	landfill gas energy; source category: Electricity; source end user(s): City of Oberlin, OH	2/15/2013	ArcGIS OBJECTID 195; GHGRP cross-reference 1007756; service geometry 40.91460300000006,-80.58563199999998
us-epa-lmop	3077fbe4e184657d	194	Pine Tree Acres LF Inc.	United States	MI	Macomb, MI	42.7649	-82.7456	EPA LMOP-published latitude/longitude attribute and point geometry	Reciprocating Engine	Operational landfill-gas energy project (official map scope; September 2024 data release)	project owner: Energy Power Partners | project developer: Aria Energy, LLC; WM Renewable Energy, LLC | landfill owner: WM	14.79 MW total capacity; 8.339 mmscfd total LFG flow to project	landfill gas energy; source category: Electricity; source end user(s): DTE Energy; Consumers Energy	7/24/2001	ArcGIS OBJECTID 194; GHGRP cross-reference 1007745; service geometry 42.76490000000007,-82.74559999999997
us-epa-lmop	321c941b42813b9a	359	Columbus County, ARS	United States	NC	Columbus, NC	34.2941	-78.7543	EPA LMOP-published latitude/longitude attribute and point geometry	Greenhouse	Operational landfill-gas energy project (official map scope; September 2024 data release)	project owner: Columbus County, NC | project developer: Appalachian State University Energy Center; Cape Fear Resource Conservation and Development; Carlson Environmental Consultants, PC; Columbus County, NC | landfill owner: Columbus County, NC	0.03 mmscfd total LFG flow to project	landfill gas energy; source category: Direct; source end user(s): Southeastern Community College	12/1/2013	ArcGIS OBJECTID 359; GHGRP cross-reference not provided; service geometry 34.29410000000007,-78.75429999999994
us-epa-lmop	326787d21404e6b7	486	Apex Sanitary Landfill	United States	OH	Jefferson, OH	40.435	-80.91	EPA LMOP-published latitude/longitude attribute and point geometry	Vehicle Fuel	Operational landfill-gas energy project (official map scope; September 2024 data release)	project owner: Montauk Renewables | project developer: Montauk Renewables | landfill owner: Apex Environmental LLC	3.47 mmscfd total LFG flow to project	landfill gas energy; source category: Renewable Natural Gas; source end user(s): Utica Gas Services, LLC	8/14/2018	ArcGIS OBJECTID 486; GHGRP cross-reference 1006777; service geometry 40.43500000000006,-80.90999999999997
us-epa-lmop	368e8dc79d6c8132	95	Glacier Ridge Landfill LLC	United States	WI	Dodge, WI	43.465	-88.555	EPA LMOP-published latitude/longitude attribute and point geometry	Microturbine	Operational landfill-gas energy project (official map scope; September 2024 data release)	landfill owner: GFL Environmental USA Inc.	0.3 MW total capacity; 0.187 mmscfd total LFG flow to project	landfill gas energy; source category: Electricity; source end user(s): Alliant Energy	5/1/2004	ArcGIS OBJECTID 95; GHGRP cross-reference 1007195; service geometry 43.46500000000003,-88.55499999999995
us-epa-lmop	36da4f13813f02c6	490	Roosevelt Regional MSW Landfill	United States	WA	Klickitat, WA	45.805	-120.174	EPA LMOP-published latitude/longitude attribute and point geometry	Vehicle Fuel	Operational landfill-gas energy project (official map scope; September 2024 data release)	project owner: Public Utility District No. 1 of Klickitat County | project developer: Public Utility District No. 1 of Klickitat County | landfill owner: Republic Services, Inc.	8.54 mmscfd total LFG flow to project	landfill gas energy; source category: Renewable Natural Gas; source end user(s): BP Products North America; Port of Seattle; Puget Sound Energy	11/1/2018	ArcGIS OBJECTID 490; GHGRP cross-reference 1003676; service geometry 45.805000000000064,-120.17399999999998
us-epa-lmop	372b08817815e466	14	Geneva Landfill	United States	OH	Ashtabula, OH	41.793893	-80.905227	EPA LMOP-published latitude/longitude attribute and point geometry	Reciprocating Engine	Operational landfill-gas energy project (official map scope; September 2024 data release)	project owner: WM Renewable Energy, LLC | project developer: WM Renewable Energy, LLC | landfill owner: WM	2.3 MW total capacity; 1.2 mmscfd total LFG flow to project	landfill gas energy; source category: Electricity; source end user(s): City of Oberlin, OH	4/1/2013	ArcGIS OBJECTID 14; GHGRP cross-reference 1003392; service geometry 41.793893000000025,-80.90522699999997
us-epa-lmop	379742980ae88243	533	Billings City Landfill	United States	MT	Yellowstone, MT	45.7254	-108.545	EPA LMOP-published latitude/longitude attribute and point geometry	Vehicle Fuel	Operational landfill-gas energy project (official map scope; September 2024 data release)	project developer: LFG Technologies, Inc.; Montana-Dakota Utilities Co. | landfill owner: City of Billings, MT	0.895 mmscfd total LFG flow to project	landfill gas energy; source category: Renewable Natural Gas; source end user(s): Montana-Dakota Utilities Co.	12/7/2010	ArcGIS OBJECTID 533; GHGRP cross-reference 1000477; service geometry 45.725400000000036,-108.54499999999996
us-epa-lmop	37b1bcdb4b3ad135	108	Lake View LF	United States	PA	Erie, PA	42.0619	-80.0178	EPA LMOP-published latitude/longitude attribute and point geometry	Reciprocating Engine	Operational landfill-gas energy project (official map scope; September 2024 data release)	project owner: WM Renewable Energy, LLC | project developer: Bio Energy Partners | landfill owner: WM	4.52 MW total capacity; 2.05 mmscfd total LFG flow to project	landfill gas energy; source category: Electricity; source end user(s): Constellation	1/1/1997	ArcGIS OBJECTID 108; GHGRP cross-reference 1007649; service geometry 42.06190000000004,-80.01779999999997
us-epa-lmop	37eb3fdc5427ed02	158	Hatch Hill LF	United States	ME	Kennebec, ME	44.3228	-69.7087	EPA LMOP-published latitude/longitude attribute and point geometry	Cogeneration	Operational landfill-gas energy project (official map scope; September 2024 data release)	project owner: City of Augusta, ME | project developer: City of Augusta, ME | landfill owner: City of Augusta, ME	0.55 MW total capacity	landfill gas energy; source category: Electricity; source end user(s): Central Maine Power (CMP)	1/1/2019	ArcGIS OBJECTID 158; GHGRP cross-reference not provided; service geometry 44.32280000000003,-69.70869999999996
us-epa-lmop	389966b15e849dc1	483	Hamm SLF	United States	KS	Jefferson, KS	39.0465	-95.2626	EPA LMOP-published latitude/longitude attribute and point geometry	Vehicle Fuel	Operational landfill-gas energy project (official map scope; September 2024 data release)	project owner: LS Power | project developer: Renewable Power Producers | landfill owner: Hamm, Inc.	3.047 mmscfd total LFG flow to project	landfill gas energy; source category: Renewable Natural Gas; source end user(s): BP Products North America	7/31/2017	ArcGIS OBJECTID 483; GHGRP cross-reference 1005117; service geometry 39.04650000000004,-95.26259999999996
us-epa-lmop	38b6f67d4802907f	212	Bi-County LF	United States	TN	Montgomery, TN	36.5387	-87.5448	EPA LMOP-published latitude/longitude attribute and point geometry	Reciprocating Engine	Operational landfill-gas energy project (official map scope; September 2024 data release)	project owner: ENERGYneering Solutions, Inc (ESI) | project developer: Bi-County Gas Producers, LLC | landfill owner: Bi-County Solid Waste Management Systems, TN	1.3 MW total capacity	landfill gas energy; source category: Electricity; source end user(s): Tennessee Valley Authority (TVA)	7/26/2011	ArcGIS OBJECTID 212; GHGRP cross-reference 1005281; service geometry 36.53870000000006,-87.54479999999995
us-epa-lmop	38bdff45c4a295d5	382	Springhill Regional Landfill	United States	FL	Jackson, FL	30.92104	-85.42854	EPA LMOP-published latitude/longitude attribute and point geometry	Leachate Evaporation	Operational landfill-gas energy project (official map scope; September 2024 data release)	project owner: WM | project developer: WM | landfill owner: WM	0.34 mmscfd total LFG flow to project	landfill gas energy; source category: Direct	6/30/2022	ArcGIS OBJECTID 382; GHGRP cross-reference 1007898; service geometry 30.921040000000062,-85.42853999999994
us-epa-lmop	38c6bfb697e111f9	473	Rumpke SLF, Inc.	United States	OH	Hamilton, OH	39.2745	-84.59822	EPA LMOP-published latitude/longitude attribute and point geometry	Vehicle Fuel	Operational landfill-gas energy project (official map scope; September 2024 data release)	project owner: Montauk Renewables | project developer: GSF Energy, LLC; Montauk Renewables | landfill owner: Rumpke	9.36 mmscfd total LFG flow to project	landfill gas energy; source category: Renewable Natural Gas; source end user(s): Duke Energy; Los Angeles Department of Water & Power (LADWP); Rumpke; Shell Energy North America	1/1/1986	ArcGIS OBJECTID 473; GHGRP cross-reference 1004856; service geometry 39.274500000000046,-84.59821999999997
us-epa-lmop	390d1fd2d2838d71	467	Galveston County LF	United States	TX	Galveston, TX	29.3881	-95.0559	EPA LMOP-published latitude/longitude attribute and point geometry	Vehicle Fuel	Operational landfill-gas energy project (official map scope; September 2024 data release)	project owner: Montauk Renewables | project developer: Montauk Renewables | landfill owner: Republic Services, Inc.	2.15 mmscfd total LFG flow to project	landfill gas energy; source category: Renewable Natural Gas; source end user(s): OPAL Fuels Inc.	10/2/2019	ArcGIS OBJECTID 467; GHGRP cross-reference 1005894; service geometry 29.388100000000065,-95.05589999999995
us-epa-lmop	3a225549bf1e85c2	420	Champ Landfill	United States	MO	St. Louis, MO	38.743	-90.46	EPA LMOP-published latitude/longitude attribute and point geometry	Boiler	Operational landfill-gas energy project (official map scope; September 2024 data release)	landfill owner: Waste Connections Inc. - Central Region	0.3 mmscfd total LFG flow to project	landfill gas energy; source category: Direct; source end user(s): Pattonville High School, MO	1/1/1997	ArcGIS OBJECTID 420; GHGRP cross-reference 1008252; service geometry 38.74300000000005,-90.45999999999998
us-epa-lmop	3a581cc42eb9ea21	208	Central Sanitary Landfill, Inc.	United States	MI	Montcalm, MI	43.33783	-85.52274	EPA LMOP-published latitude/longitude attribute and point geometry	Reciprocating Engine	Operational landfill-gas energy project (official map scope; September 2024 data release)	project developer: North American Natural Resources, Inc. (NANR) | landfill owner: Republic Services, Inc.	2.2 MW total capacity; 1.41 mmscfd total LFG flow to project	landfill gas energy; source category: Electricity; source end user(s): Consumers Energy	1/1/2018	ArcGIS OBJECTID 208; GHGRP cross-reference 1006990; service geometry 43.337830000000054,-85.52273999999994
us-epa-lmop	3afe232e2e5e0bc4	171	Lanchester LF	United States	PA	Lancaster, PA	40.1067	-75.9456	EPA LMOP-published latitude/longitude attribute and point geometry	Reciprocating Engine	Operational landfill-gas energy project (official map scope; September 2024 data release)	project owner: EDL Energy | project developer: Granger Energy | landfill owner: Chester County Solid Waste Authority, PA	3.2 MW total capacity; 1.58 mmscfd total LFG flow to project	landfill gas energy; source category: Electricity; source end user(s): EDL Energy; PPL Corporation	6/1/2006	ArcGIS OBJECTID 171; GHGRP cross-reference 1002391; service geometry 40.106700000000046,-75.94559999999996
us-epa-lmop	3b4a44af413bc721	211	Uwharrie Environmental Regional LF; Montgomery County Landfill	United States	NC	Montgomery, NC	35.330883	-79.963404	EPA LMOP-published latitude/longitude attribute and point geometry	Reciprocating Engine	Operational landfill-gas energy project (official map scope; September 2024 data release)	project owner: DTE Vantage | project developer: DTE Vantage | landfill owner: Republic Services, Inc.	4.01 MW total capacity; 2.1 mmscfd total LFG flow to project	landfill gas energy; source category: Electricity; source end user(s): Duke Energy Progress	7/28/2014	ArcGIS OBJECTID 211; GHGRP cross-reference 1004831; service geometry 35.33088300000003,-79.96340399999997
us-epa-lmop	3ba9aaa61f2c0f7a	207	Mill Seat LF	United States	NY	Monroe, NY	43.06504	-77.9328	EPA LMOP-published latitude/longitude attribute and point geometry	Reciprocating Engine	Operational landfill-gas energy project (official map scope; September 2024 data release)	project owner: WM Renewable Energy, LLC | project developer: WM Renewable Energy, LLC | landfill owner: Monroe County, NY	5.86 MW total capacity; 3.16 mmscfd total LFG flow to project	landfill gas energy; source category: Electricity; source end user(s): Constellation	7/1/2007	ArcGIS OBJECTID 207; GHGRP cross-reference 1002951; service geometry 43.06504000000007,-77.93279999999999
us-epa-lmop	3d38aaf189b3086c	164	Fighting Creek Farm Landfill	United States	ID	Kootenai, ID	47.534	-116.934	EPA LMOP-published latitude/longitude attribute and point geometry	Reciprocating Engine	Operational landfill-gas energy project (official map scope; September 2024 data release)	project developer: Kootenai Electric Cooperative | landfill owner: County of Kootenai	1.45 MW total capacity; 0.76 mmscfd total LFG flow to project	landfill gas energy; source category: Electricity; source end user(s): Avista Utilities	3/1/2012	ArcGIS OBJECTID 164; GHGRP cross-reference 1006763; service geometry 47.53400000000005,-116.93399999999997
us-epa-lmop	3e955cda1f1c581a	386	Jackson County Landfill	United States	NC	Jackson, NC	35.371	-83.261	EPA LMOP-published latitude/longitude attribute and point geometry	Direct Thermal	Operational landfill-gas energy project (official map scope; September 2024 data release)	project owner: Jackson County, NC | project developer: Jackson County Green Energy Park, NC | landfill owner: Jackson County, NC	0.036 mmscfd total LFG flow to project	landfill gas energy; source category: Direct; source end user(s): Jackson County Green Energy Park, NC	10/6/2006	ArcGIS OBJECTID 386; GHGRP cross-reference not provided; service geometry 35.37100000000004,-83.26099999999997
us-epa-lmop	3ecc9b94a200d7dd	301	Turnkey Recycling and Environmental Enterprise (TREE)	United States	NH	Strafford, NH	43.2448	-70.9695	EPA LMOP-published latitude/longitude attribute and point geometry	Reciprocating Engine	Operational landfill-gas energy project (official map scope; September 2024 data release)	project owner: WM Renewable Energy, LLC | project developer: Bio Energy Partners | landfill owner: WM	1.26 MW total capacity; 0.679 mmscfd total LFG flow to project	landfill gas energy; source category: Electricity; source end user(s): New Hampshire Electric Cooperative, Inc.	1/1/1992	ArcGIS OBJECTID 301; GHGRP cross-reference 1007879; service geometry 43.244800000000055,-70.96949999999998
us-epa-lmop	3ee61394543ad9ae	417	Wellford LF	United States	SC	Spartanburg, SC	34.99667	-82.13861	EPA LMOP-published latitude/longitude attribute and point geometry	Boiler	Operational landfill-gas energy project (official map scope; September 2024 data release)	project developer: Spartanburg County Public Works Department, SC | landfill owner: Spartanburg County Public Works Department, SC	0.72 mmscfd total LFG flow to project	landfill gas energy; source category: Direct; source end user(s): Milliken & Company	6/22/2011	ArcGIS OBJECTID 417; GHGRP cross-reference 1004251; service geometry 34.99667000000005,-82.13860999999997
us-epa-lmop	3f2422bc5558461b	451	NTMWD 121 Regional Disposal Facility	United States	TX	Collin, TX	33.295432	-96.518814	EPA LMOP-published latitude/longitude attribute and point geometry	Vehicle Fuel	Operational landfill-gas energy project (official map scope; September 2024 data release)	project owner: Morrow Renewables, LLC | project developer: Morrow Renewables, LLC | landfill owner: North Texas Municipal Water District, TX	8.32 mmscfd total LFG flow to project	landfill gas energy; source category: Renewable Natural Gas; source end user(s): Atmos Pipeline-Texas; Clean Energy Renewables	12/15/2017	ArcGIS OBJECTID 451; GHGRP cross-reference 1004377; service geometry 33.29543200000006,-96.51881399999996
us-epa-lmop	3f8f4aea5c29bb7f	442	Seneca Landfill Inc.	United States	PA	Butler, PA	40.8117	-80.0783	EPA LMOP-published latitude/longitude attribute and point geometry	Vehicle Fuel	Operational landfill-gas energy project (official map scope; September 2024 data release)	project owner: Seneca Landfill, Inc. | project developer: Keystone Renewable Energy, LLC | landfill owner: Seneca Landfill, Inc.	2.6 mmscfd total LFG flow to project	landfill gas energy; source category: Renewable Natural Gas; source end user(s): Peoples Natural Gas	2/1/2011	ArcGIS OBJECTID 442; GHGRP cross-reference 1002035; service geometry 40.81170000000003,-80.07829999999996
us-epa-lmop	3fadcf9cd7a4e349	98	Douglas County Recycling and Disposal Facility LF	United States	NE	Douglas, NE	41.385	-96.241	EPA LMOP-published latitude/longitude attribute and point geometry	Reciprocating Engine	Operational landfill-gas energy project (official map scope; September 2024 data release)	project developer: Omaha Public Power District | landfill owner: WM	5.58 MW total capacity; 3.09 mmscfd total LFG flow to project	landfill gas energy; source category: Electricity; source end user(s): Omaha Public Power District	4/5/2002	ArcGIS OBJECTID 98; GHGRP cross-reference 1007835; service geometry 41.38500000000005,-96.24099999999999
us-epa-lmop	3fafdffb222ac57d	78	West Contra Costa SLF	United States	CA	Contra Costa, CA	37.96778	-122.37639	EPA LMOP-published latitude/longitude attribute and point geometry	Reciprocating Engine	Operational landfill-gas energy project (official map scope; September 2024 data release)	project owner: Republic Services, Inc. | project developer: West County Energy Recovery Corp. | landfill owner: Republic Services, Inc.	2.15 MW total capacity	landfill gas energy; source category: Electricity; source end user(s): Alameda Municipal Power	1/1/1985	ArcGIS OBJECTID 78; GHGRP cross-reference 1005195; service geometry 37.96778000000006,-122.37638999999996
us-epa-lmop	3fb3ddaea54ec8de	84	Cumberland County SWC	United States	NJ	Cumberland, NJ	39.45	-75.0996	EPA LMOP-published latitude/longitude attribute and point geometry	Reciprocating Engine; Cogeneration	Operational landfill-gas energy project (official map scope; September 2024 data release)	project owner: Energy Power Partners | project developer: PPL Corporation; Energy Power Partners | landfill owner: Cumberland County Improvement Authority, NJ	2.87 MW total capacity; 1.58 mmscfd total LFG flow to project	landfill gas energy; source category: Electricity; source end user(s): PJM Interconnection, LLC; Cumberland County Improvement Authority, NJ	11/1/2008	ArcGIS OBJECTID 84; GHGRP cross-reference 1002702; service geometry 39.450000000000045,-75.09959999999995
us-epa-lmop	3fc6dec5b44662ab	502	Juniper Ridge Landfill	United States	ME	Penobscot, ME	44.9813	-68.7247	EPA LMOP-published latitude/longitude attribute and point geometry	Vehicle Fuel	Operational landfill-gas energy project (official map scope; September 2024 data release)	project owner: Archaea Energy, LLC | project developer: Archaea Energy, LLC | landfill owner: State of Maine	4.3 mmscfd total LFG flow to project	landfill gas energy; source category: Renewable Natural Gas	6/9/2024	ArcGIS OBJECTID 502; GHGRP cross-reference 1005253; service geometry 44.98130000000003,-68.72469999999998
us-epa-lmop	40041f994072defc	372	I-66 Landfill	United States	VA	Fairfax, VA	38.852	-77.381	EPA LMOP-published latitude/longitude attribute and point geometry	Direct Thermal	Operational landfill-gas energy project (official map scope; September 2024 data release)	project owner: County of Fairfax, VA | project developer: County of Fairfax, VA | landfill owner: County of Fairfax, VA	0.024 mmscfd total LFG flow to project	landfill gas energy; source category: Direct; source end user(s): County of Fairfax, VA	1/1/2009	ArcGIS OBJECTID 372; GHGRP cross-reference 1006057; service geometry 38.85200000000003,-77.38099999999997
us-epa-lmop	4012c00942dda122	2	Vasco Road SLF	United States	CA	Alameda, CA	37.75333	-121.72333	EPA LMOP-published latitude/longitude attribute and point geometry	Reciprocating Engine	Operational landfill-gas energy project (official map scope; September 2024 data release)	project developer: Ameresco, Inc. | landfill owner: Republic Services, Inc.	3.87 MW total capacity; 2.01 mmscfd total LFG flow to project	landfill gas energy; source category: Electricity; source end user(s): Silicon Valley Power, City of Santa Clara, CA	2/22/2014	ArcGIS OBJECTID 2; GHGRP cross-reference 1007040; service geometry 37.75333000000006,-121.72332999999998
us-epa-lmop	40183083c7a95aa9	257	Robeson County LF	United States	NC	Robeson, NC	34.79	-78.908	EPA LMOP-published latitude/longitude attribute and point geometry	Reciprocating Engine	Operational landfill-gas energy project (official map scope; September 2024 data release)	project owner: Robeson County, NC | landfill owner: Robeson County, NC	1.06 MW total capacity; 0.482 mmscfd total LFG flow to project	landfill gas energy; source category: Electricity; source end user(s): North Carolina Electric Membership Corporation	1/13/2012	ArcGIS OBJECTID 257; GHGRP cross-reference 1003481; service geometry 34.79000000000008,-78.90799999999996
us-epa-lmop	410d0a0114b9de7c	70	Clinton County Regional Landfill	United States	NY	Clinton, NY	44.691	-73.594	EPA LMOP-published latitude/longitude attribute and point geometry	Reciprocating Engine	Operational landfill-gas energy project (official map scope; September 2024 data release)	project owner: Casella Waste Systems, Inc. | project developer: Casella Waste Systems, Inc.; Innovative Energy Systems, LLC | landfill owner: Clinton County, NY	6.1 MW total capacity; 2.86 mmscfd total LFG flow to project	landfill gas energy; source category: Electricity; source end user(s): New York State Electric & Gas Corporation (NYSEG)	10/21/2008	ArcGIS OBJECTID 70; GHGRP cross-reference 1005259; service geometry 44.69100000000003,-73.59399999999994
us-epa-lmop	41dbfe8a28613c7b	285	Seneca Meadows SWMF	United States	NY	Seneca, NY	42.91795	-76.84716	EPA LMOP-published latitude/longitude attribute and point geometry	Reciprocating Engine	Operational landfill-gas energy project (official map scope; September 2024 data release)	project owner: Archaea Energy, LLC | project developer: Aria Energy, LLC; Innovative Energy Systems, LLC | landfill owner: Waste Connections, Inc.	13.23 MW total capacity; 6.459 mmscfd total LFG flow to project	landfill gas energy; source category: Electricity; source end user(s): New York State Electric & Gas Corporation (NYSEG)	3/1/1996	ArcGIS OBJECTID 285; GHGRP cross-reference 1004042; service geometry 42.917950000000076,-76.84715999999997
us-epa-lmop	42bf94db12c021f8	489	City of Charleston Landfill	United States	WV	Kanawha, WV	38.31279	-81.61854	EPA LMOP-published latitude/longitude attribute and point geometry	Vehicle Fuel	Operational landfill-gas energy project (official map scope; September 2024 data release)	project owner: Tallarico Energy | project developer: Tallarico Energy | landfill owner: City of Charleston, WV	0.677 mmscfd total LFG flow to project	landfill gas energy; source category: Renewable Natural Gas; source end user(s): Mountaineer Gas Company	2/1/2018	ArcGIS OBJECTID 489; GHGRP cross-reference 1002359; service geometry 38.312790000000064,-81.61853999999994
us-epa-lmop	42f3df2b39cc5012	431	Winnebago County Sunnyview Landfill	United States	WI	Winnebago, WI	44.08261	-88.54592	EPA LMOP-published latitude/longitude attribute and point geometry	Boiler	Operational landfill-gas energy project (official map scope; September 2024 data release)	landfill owner: Winnebago County, WI	0.122 mmscfd total LFG flow to project	landfill gas energy; source category: Direct; source end user(s): Winnebago County Highway Building	1/1/2006	ArcGIS OBJECTID 431; GHGRP cross-reference 1007224; service geometry 44.082610000000045,-88.54591999999997
us-epa-lmop	430cd23d73008ee8	361	Waters Landfill	United States	MI	Crawford, MI	44.855	-84.68	EPA LMOP-published latitude/longitude attribute and point geometry	Leachate Evaporation	Operational landfill-gas energy project (official map scope; September 2024 data release)	project owner: WM | project developer: WM | landfill owner: WM	0.325 mmscfd total LFG flow to project	landfill gas energy; source category: Direct; source end user(s): City Env. Services, Inc. of Waters	1/1/2006	ArcGIS OBJECTID 361; GHGRP cross-reference 1007720; service geometry 44.855000000000075,-84.67999999999995
us-epa-lmop	440d0775438a9e1b	541	Riverview Land Preserve	United States	MI	Wayne, MI	42.15621	-83.21208	EPA LMOP-published latitude/longitude attribute and point geometry	Vehicle Fuel	Operational landfill-gas energy project (official map scope; September 2024 data release)	project owner: Riverview Land Preserve | project developer: Riverview Land Preserve | landfill owner: City of Riverview, MI	0.14 mmscfd total LFG flow to project	landfill gas energy; source category: Renewable Natural Gas; source end user(s): Riverview Land Preserve	4/1/2013	ArcGIS OBJECTID 541; GHGRP cross-reference 1003601; service geometry 42.156210000000044,-83.21207999999996
us-epa-lmop	44bcd3f24a3936bb	65	Northern Oaks Recycling & Disposal Facility	United States	MI	Clare, MI	43.993	-84.798	EPA LMOP-published latitude/longitude attribute and point geometry	Reciprocating Engine	Operational landfill-gas energy project (official map scope; September 2024 data release)	project developer: WM Renewable Energy, LLC | landfill owner: WM	0.81 MW total capacity; 0.374 mmscfd total LFG flow to project	landfill gas energy; source category: Electricity; source end user(s): Consumers Energy	12/1/2010	ArcGIS OBJECTID 65; GHGRP cross-reference 1007729; service geometry 43.99300000000005,-84.79799999999994
us-epa-lmop	44c2925e1204ea2e	444	Foothills Environmental Landfill	United States	NC	Caldwell, NC	35.915	-81.593	EPA LMOP-published latitude/longitude attribute and point geometry	Vehicle Fuel	Operational landfill-gas energy project (official map scope; September 2024 data release)	project owner: Duke Energy; Environmental Energy Solutions, LLC (Evensol); Pacolet Milliken | project developer: Environmental Energy Solutions, LLC (Evensol) | landfill owner: Republic Services, Inc.	3.96 mmscfd total LFG flow to project	landfill gas energy; source category: Renewable Natural Gas	9/12/2023	ArcGIS OBJECTID 444; GHGRP cross-reference 1007044; service geometry 35.91500000000008,-81.59299999999996
us-epa-lmop	462d20766eb65cc6	487	Johnson County LF	United States	KS	Johnson, KS	39.04226	-94.79455	EPA LMOP-published latitude/longitude attribute and point geometry	Vehicle Fuel	Operational landfill-gas energy project (official map scope; September 2024 data release)	project owner: Archaea Energy, LLC | project developer: Archaea Energy, LLC | landfill owner: WM		landfill gas energy; source category: Renewable Natural Gas	9/1/2001	ArcGIS OBJECTID 487; GHGRP cross-reference 1004065; service geometry 39.042260000000056,-94.79454999999996
us-epa-lmop	467efb9d25fb0e41	495	Stony Hollow Landfill Inc.	United States	OH	Montgomery, OH	39.6966	-84.2544	EPA LMOP-published latitude/longitude attribute and point geometry	Vehicle Fuel	Operational landfill-gas energy project (official map scope; September 2024 data release)	project developer: DTE Vantage | landfill owner: WM	1.75 mmscfd total LFG flow to project	landfill gas energy; source category: Renewable Natural Gas; source end user(s): DTE Energy; Los Angeles Department of Water & Power (LADWP); Shell Energy North America	5/1/2003	ArcGIS OBJECTID 495; GHGRP cross-reference 1007811; service geometry 39.696600000000046,-84.25439999999998
us-epa-lmop	46a0be5041d34b50	143	Martinsville SLF	United States	VA	Henry, VA	36.718	-79.846	EPA LMOP-published latitude/longitude attribute and point geometry	Reciprocating Engine	Operational landfill-gas energy project (official map scope; September 2024 data release)	project developer: Dominion Energy, Inc. | landfill owner: City of Martinsville, VA	0.44 MW total capacity; 0.2 mmscfd total LFG flow to project	landfill gas energy; source category: Electricity; source end user(s): City of Martinsville, VA	2/29/2012	ArcGIS OBJECTID 143; GHGRP cross-reference 1004565; service geometry 36.718000000000075,-79.84599999999995
us-epa-lmop	46dadb678be4d99f	531	Liberty Landfill	United States	IN	White, IN	40.886	-86.7	EPA LMOP-published latitude/longitude attribute and point geometry	Vehicle Fuel	Operational landfill-gas energy project (official map scope; September 2024 data release)	project developer: Kinetrex Energy | landfill owner: WM		landfill gas energy; source category: Renewable Natural Gas	10/3/2023	ArcGIS OBJECTID 531; GHGRP cross-reference 1007812; service geometry 40.88600000000008,-86.69999999999999
us-epa-lmop	46ebc1293e22b79f	33	Columbia SLF	United States	MO	Boone, MO	39.0144	-92.2541	EPA LMOP-published latitude/longitude attribute and point geometry	Reciprocating Engine; Cogeneration	Operational landfill-gas energy project (official map scope; September 2024 data release)	project owner: City of Columbia, MO | project developer: City of Columbia, MO; Sexton Energy LLC; Burns & McDonnell | landfill owner: City of Columbia, MO	1.73 MW total capacity; 1.031 mmscfd total LFG flow to project	landfill gas energy; source category: Electricity; source end user(s): City of Columbia, MO	6/16/2008	ArcGIS OBJECTID 33; GHGRP cross-reference 1003969; service geometry 39.01440000000008,-92.25409999999994
us-epa-lmop	471989f238f8d883	509	Seneca Meadows SWMF	United States	NY	Seneca, NY	42.91795	-76.84716	EPA LMOP-published latitude/longitude attribute and point geometry	Vehicle Fuel	Operational landfill-gas energy project (official map scope; September 2024 data release)	project owner: Archaea Energy, LLC | project developer: Aria Energy, LLC; Innovative Energy Systems, LLC | landfill owner: Waste Connections, Inc.	7.611 mmscfd total LFG flow to project	landfill gas energy; source category: Renewable Natural Gas; source end user(s): BP Products North America	3/3/2014	ArcGIS OBJECTID 509; GHGRP cross-reference 1004042; service geometry 42.917950000000076,-76.84715999999997
us-epa-lmop	4793db1f2548a183	51	Fulton SLF	United States	MO	Callaway, MO	38.8159	-92.0141	EPA LMOP-published latitude/longitude attribute and point geometry	Reciprocating Engine	Operational landfill-gas energy project (official map scope; September 2024 data release)	landfill owner: City of Fulton, MO	0.225 MW total capacity	landfill gas energy; source category: Electricity; source end user(s): Callaway Electric Cooperative	8/31/2011	ArcGIS OBJECTID 51; GHGRP cross-reference not provided; service geometry 38.815900000000056,-92.01409999999998
us-epa-lmop	47f357604ff37169	358	Clay County SLF	United States	MN	Clay, MN	46.8357	-96.412	EPA LMOP-published latitude/longitude attribute and point geometry	Boiler	Operational landfill-gas energy project (official map scope; September 2024 data release)	project owner: Clay County, MN | project developer: Clay County, MN | landfill owner: Clay County, MN		landfill gas energy; source category: Direct; source end user(s): Clay County, MN	1/1/2022	ArcGIS OBJECTID 358; GHGRP cross-reference not provided; service geometry 46.83570000000003,-96.41199999999998
us-epa-lmop	482459f41a990b54	478	Carter Valley Landfill	United States	TN	Hawkins, TN	36.5417	-82.7917	EPA LMOP-published latitude/longitude attribute and point geometry	Vehicle Fuel	Operational landfill-gas energy project (official map scope; September 2024 data release)	project owner: Tennessee Renewable Group LLC | project developer: Tennessee Renewable Group LLC | landfill owner: Republic Services, Inc.		landfill gas energy; source category: Renewable Natural Gas; source end user(s): East Tennessee Natural Gas Company; General Gas Pipeline	4/1/2009	ArcGIS OBJECTID 478; GHGRP cross-reference 1002649; service geometry 36.54170000000005,-82.79169999999993
us-epa-lmop	4879a05efa32d505	426	City of Victoria Landfill	United States	TX	Victoria, TX	28.6934	-96.9067	EPA LMOP-published latitude/longitude attribute and point geometry	Direct Thermal	Operational landfill-gas energy project (official map scope; September 2024 data release)	project owner: Kinder Morgan | project developer: Renovar Energy Corp. | landfill owner: City of Victoria, TX	1.44 mmscfd total LFG flow to project	landfill gas energy; source category: Direct; source end user(s): INEOS Nitriles	3/27/2014	ArcGIS OBJECTID 426; GHGRP cross-reference 1007802; service geometry 28.693400000000054,-96.90669999999994
us-epa-lmop	48bf173040ec935d	425	Laubscher Meadows LF	United States	IN	Vanderburgh, IN	38.0411	-87.6485	EPA LMOP-published latitude/longitude attribute and point geometry	Boiler	Operational landfill-gas energy project (official map scope; September 2024 data release)	project developer: Ameresco, Inc. | landfill owner: Republic Services, Inc.	1.54 mmscfd total LFG flow to project	landfill gas energy; source category: Direct; source end user(s): Mead Johnson Nutritionals/Bristol-Myers Squibb	5/29/2009	ArcGIS OBJECTID 425; GHGRP cross-reference 1003626; service geometry 38.04110000000003,-87.64849999999996
us-epa-lmop	4a24de82d507291c	419	Champ Landfill	United States	MO	St. Louis, MO	38.743	-90.46	EPA LMOP-published latitude/longitude attribute and point geometry	Direct Thermal	Operational landfill-gas energy project (official map scope; September 2024 data release)	landfill owner: Waste Connections Inc. - Central Region		landfill gas energy; source category: Direct; source end user(s): Breckenridge Ready-Mix	1/1/1983	ArcGIS OBJECTID 419; GHGRP cross-reference 1008252; service geometry 38.74300000000005,-90.45999999999998
us-epa-lmop	4aab36bd5c957f0a	282	Commonwealth Environmental Systems (CES) LF	United States	PA	Schuylkill, PA	40.675	-76.375	EPA LMOP-published latitude/longitude attribute and point geometry	Gas Turbine	Operational landfill-gas energy project (official map scope; September 2024 data release)	project developer: UGI Development Company | landfill owner: CES	11 MW total capacity; 6.48 mmscfd total LFG flow to project	landfill gas energy; source category: Electricity; source end user(s): PJM Interconnection, LLC	1/22/2009	ArcGIS OBJECTID 282; GHGRP cross-reference 1004413; service geometry 40.67500000000007,-76.37499999999994
us-epa-lmop	4c0748646ec10bfe	166	Alliance SLF; Keystone Sanitary Landfill, Inc.	United States	PA	Lackawanna, PA	41.427	-75.608	EPA LMOP-published latitude/longitude attribute and point geometry	Steam Turbine	Operational landfill-gas energy project (official map scope; September 2024 data release)	project owner: Archaea Energy, LLC | project developer: PEI Power | landfill owner: WM; Keystone Sanitary Landfill, Inc.	6.75 MW total capacity; 4.346 mmscfd total LFG flow to project	landfill gas energy; source category: Electricity; source end user(s): Laminations Inc; PEI Power; PPL Corporation	7/28/1998	ArcGIS OBJECTID 166; GHGRP cross-reference 1007645; 1006261; service geometry 41.42700000000008,-75.60799999999995
us-epa-lmop	4c16465bfb3141bb	281	Pine Grove Landfill Inc.	United States	PA	Schuylkill, PA	40.56754	-76.40548	EPA LMOP-published latitude/longitude attribute and point geometry	Cogeneration	Operational landfill-gas energy project (official map scope; September 2024 data release)	project owner: Archaea Energy, LLC | project developer: INGENCO | landfill owner: WM		landfill gas energy; source category: Electricity; source end user(s): Guilford Technical Textiles; PJM Interconnection, LLC	3/1/2008	ArcGIS OBJECTID 281; GHGRP cross-reference 1007616; service geometry 40.567540000000065,-76.40547999999995
us-epa-lmop	4c8cbee317eb313a	147	SR247 MSW Landfill	United States	GA	Houston, GA	32.399561	-83.55573	EPA LMOP-published latitude/longitude attribute and point geometry	Reciprocating Engine	Operational landfill-gas energy project (official map scope; September 2024 data release)	project developer: PowerSecure | landfill owner: Houston County Board of Commissioners, GA	1.72 MW total capacity; 0.953 mmscfd total LFG flow to project	landfill gas energy; source category: Electricity; source end user(s): Flint Energies	1/11/2011	ArcGIS OBJECTID 147; GHGRP cross-reference 1003983; service geometry 32.39956100000006,-83.55572999999998
us-epa-lmop	4cfd7db1fa61becb	376	Valley Trail Recycling & Disposal Facility	United States	WI	Green Lake, WI	43.95983	-88.90632	EPA LMOP-published latitude/longitude attribute and point geometry	Boiler	Operational landfill-gas energy project (official map scope; September 2024 data release)	project developer: WM | landfill owner: WM	0.38 mmscfd total LFG flow to project	landfill gas energy; source category: Direct; source end user(s): Darling International	12/1/1998	ArcGIS OBJECTID 376; GHGRP cross-reference 1007704; service geometry 43.95983000000007,-88.90631999999994
us-epa-lmop	4d26c0bd2081590d	268	Forward Landfill	United States	CA	San Joaquin, CA	37.874624	-121.1833	EPA LMOP-published latitude/longitude attribute and point geometry	Reciprocating Engine	Operational landfill-gas energy project (official map scope; September 2024 data release)	project developer: Ameresco, Inc. | landfill owner: Republic Services, Inc.	3.54 MW total capacity; 1.84 mmscfd total LFG flow to project	landfill gas energy; source category: Electricity; source end user(s): Silicon Valley Power, City of Santa Clara, CA	10/22/2014	ArcGIS OBJECTID 268; GHGRP cross-reference 1004010; service geometry 37.87462400000004,-121.18329999999997
us-epa-lmop	4d3fbadd9f60fff6	32	Bavarian Trucking Company LF	United States	KY	Boone, KY	38.8631	-84.656	EPA LMOP-published latitude/longitude attribute and point geometry	Reciprocating Engine	Operational landfill-gas energy project (official map scope; September 2024 data release)	project owner: East Kentucky Power Cooperative (EKPC) | project developer: East Kentucky Power Cooperative (EKPC) | landfill owner: Bavarian Waste Services, Inc.	3.72 MW total capacity; 2.24 mmscfd total LFG flow to project	landfill gas energy; source category: Electricity; source end user(s): East Kentucky Power Cooperative (EKPC)	9/22/2003	ArcGIS OBJECTID 32; GHGRP cross-reference 1005950; service geometry 38.86310000000003,-84.65599999999995
us-epa-lmop	4dc95acc53dc9bf5	213	Security Recycling and Disposal LF	United States	TX	Montgomery, TX	30.3292	-95.2692	EPA LMOP-published latitude/longitude attribute and point geometry	Reciprocating Engine	Operational landfill-gas energy project (official map scope; September 2024 data release)	project owner: Montauk Renewables | landfill owner: WM	0.01 MW total capacity; 0.006 mmscfd total LFG flow to project	landfill gas energy; source category: Electricity; source end user(s): Entergy	5/1/2003	ArcGIS OBJECTID 213; GHGRP cross-reference 1007895; service geometry 30.32920000000007,-95.26919999999996
us-epa-lmop	4ddc94317d32df3d	216	Clover Flat Landfill	United States	CA	Napa, CA	38.5848	-122.534	EPA LMOP-published latitude/longitude attribute and point geometry	Reciprocating Engine	Operational landfill-gas energy project (official map scope; September 2024 data release)	project owner: Vista Corporation | project developer: WSP USA | landfill owner: Clover Flat Resource Recovery Park	0.75 MW total capacity; 0.293 mmscfd total LFG flow to project	landfill gas energy; source category: Electricity; source end user(s): Pacific Gas and Electric Company (PG&E)	12/31/2014	ArcGIS OBJECTID 216; GHGRP cross-reference 1013696; service geometry 38.58480000000003,-122.53399999999999
us-epa-lmop	4e430dd3eedfb450	435	Timberlane Landfill	United States	LA	Allen, LA	30.8669	-92.607	EPA LMOP-published latitude/longitude attribute and point geometry	Vehicle Fuel	Operational landfill-gas energy project (official map scope; September 2024 data release)	project owner: Air Liquide Biogas | project developer: Air Liquide Biogas | landfill owner: Waste Connections, Inc.	0.928 mmscfd total LFG flow to project	landfill gas energy; source category: Renewable Natural Gas; source end user(s): Tennessee Gas Pipeline Company, L.L.C.	4/30/2019	ArcGIS OBJECTID 435; GHGRP cross-reference 1006064; service geometry 30.866900000000044,-92.60699999999997
us-epa-lmop	4e5dbe83512ed456	363	Cumberland County Ann Street Landfill	United States	NC	Cumberland, NC	35.067907	-78.861852	EPA LMOP-published latitude/longitude attribute and point geometry	Boiler	Operational landfill-gas energy project (official map scope; September 2024 data release)	project owner: Cumberland County, NC | project developer: DTE Vantage | landfill owner: Cumberland County, NC	0.606 mmscfd total LFG flow to project	landfill gas energy; source category: Direct; source end user(s): Cargill	12/1/1997	ArcGIS OBJECTID 363; GHGRP cross-reference 1001627; service geometry 35.06790700000005,-78.86185199999994
us-epa-lmop	4f1c7af64c91b7a1	475	McCarty Road LF	United States	TX	Harris, TX	29.827501	-95.243334	EPA LMOP-published latitude/longitude attribute and point geometry	Vehicle Fuel	Operational landfill-gas energy project (official map scope; September 2024 data release)	project owner: Montauk Renewables | project developer: Montauk Renewables | landfill owner: Republic Services, Inc.	5.127 mmscfd total LFG flow to project	landfill gas energy; source category: Renewable Natural Gas; source end user(s): CenterPoint Energy	3/1/1986	ArcGIS OBJECTID 475; GHGRP cross-reference 1006899; service geometry 29.82750100000004,-95.24333399999995
us-epa-lmop	4fafa4178389224a	233	Orange County SLF	United States	FL	Orange, FL	28.481	-81.2083	EPA LMOP-published latitude/longitude attribute and point geometry	Steam Turbine	Operational landfill-gas energy project (official map scope; September 2024 data release)	project owner: Orlando Utilities Commission (OUC) | project developer: Orange County Utilities, Solid Waste Division, FL; Orlando Utilities Commission (OUC) | landfill owner: Orange County Utilities, Solid Waste Division, FL	8 MW total capacity; 3.96 mmscfd total LFG flow to project	landfill gas energy; source category: Electricity; source end user(s): Orlando Utilities Commission (OUC)	4/1/1998	ArcGIS OBJECTID 233; GHGRP cross-reference 1008215; service geometry 28.48100000000005,-81.20829999999995
us-epa-lmop	4fba43430ae69b67	262	People's Landfill, Inc.; Tay Mouth Landfill	United States	MI	Saginaw, MI	43.275	-83.862	EPA LMOP-published latitude/longitude attribute and point geometry	Reciprocating Engine	Operational landfill-gas energy project (official map scope; September 2024 data release)	project owner: North American Power Systems | project developer: North American Natural Resources, Inc. (NANR) | landfill owner: WM; Republic Services, Inc.	2.93 MW total capacity	landfill gas energy; source category: Electricity; source end user(s): Consumers Energy	1/1/1995	ArcGIS OBJECTID 262; GHGRP cross-reference 1003133; service geometry 43.275000000000034,-83.86199999999997
us-epa-lmop	4ffa27fb88322e09	328	Newland Park SLF	United States	MD	Wicomico, MD	38.385	-75.6336	EPA LMOP-published latitude/longitude attribute and point geometry	Reciprocating Engine	Operational landfill-gas energy project (official map scope; September 2024 data release)	project owner: Archaea Energy, LLC | project developer: INGENCO | landfill owner: Wicomico County, MD	1.83 MW total capacity; 0.938 mmscfd total LFG flow to project	landfill gas energy; source category: Electricity; source end user(s): PJM Interconnection, LLC	4/23/2007	ArcGIS OBJECTID 328; GHGRP cross-reference 1007029; service geometry 38.38500000000005,-75.63359999999994
us-epa-lmop	502bee2a8ff5cf14	398	Muskegon County SWF	United States	MI	Muskegon, MI	43.2351	-85.9905	EPA LMOP-published latitude/longitude attribute and point geometry	Boiler	Operational landfill-gas energy project (official map scope; September 2024 data release)	project developer: Muskegon County, MI | landfill owner: Muskegon County, MI	0.11 mmscfd total LFG flow to project	landfill gas energy; source category: Direct; source end user(s): Sun Chemical Company	11/1/2008	ArcGIS OBJECTID 398; GHGRP cross-reference 1007751; service geometry 43.235100000000045,-85.99049999999994
us-epa-lmop	508509c3c53ed32a	350	Macon Bibb Walker Road MSWL	United States	GA	Bibb, GA	32.7995	-83.6107	EPA LMOP-published latitude/longitude attribute and point geometry	Direct Thermal	Operational landfill-gas energy project (official map scope; September 2024 data release)	project developer: Cherokee Brick & Tile | landfill owner: Macon-Bibb, GA	0.74 mmscfd total LFG flow to project	landfill gas energy; source category: Direct; source end user(s): Cherokee Brick & Tile	1/1/1986	ArcGIS OBJECTID 350; GHGRP cross-reference 1011793; service geometry 32.79950000000002,-83.61069999999995
us-epa-lmop	50bf0c259e3c524d	178	New Milford LF	United States	CT	Litchfield, CT	41.55082	-73.41766	EPA LMOP-published latitude/longitude attribute and point geometry	Reciprocating Engine	Operational landfill-gas energy project (official map scope; September 2024 data release)	project developer: WM Renewable Energy, LLC | landfill owner: WM	0.69 MW total capacity; 0.39 mmscfd total LFG flow to project	landfill gas energy; source category: Electricity; source end user(s): Eversource	5/15/2008	ArcGIS OBJECTID 178; GHGRP cross-reference 1008010; service geometry 41.550820000000044,-73.41765999999996
us-epa-lmop	50f0233b299ec5b3	409	Salem County SLF	United States	NJ	Salem, NJ	39.5869	-75.3785	EPA LMOP-published latitude/longitude attribute and point geometry	Direct Thermal	Operational landfill-gas energy project (official map scope; September 2024 data release)	project developer: DCO Energy, LLC; Marina Energy | landfill owner: Salem County Improvement Authority, NJ	0.003 mmscfd total LFG flow to project	landfill gas energy; source category: Direct; source end user(s): Samuel H. Jones Glass Education Center (GEC)	10/17/2010	ArcGIS OBJECTID 409; GHGRP cross-reference 1007261; service geometry 39.58690000000007,-75.37849999999997
us-epa-lmop	510f700877b0359c	325	Weber County LF	United States	UT	Weber, UT	41.218	-111.99	EPA LMOP-published latitude/longitude attribute and point geometry	Stirling Cycle Engine	Operational landfill-gas energy project (official map scope; September 2024 data release)	landfill owner: Weber County, UT	0.006 MW total capacity; 0.007 mmscfd total LFG flow to project	landfill gas energy; source category: Electricity	9/30/2023	ArcGIS OBJECTID 325; GHGRP cross-reference 1011009; service geometry 41.218000000000075,-111.98999999999995
us-epa-lmop	5161da87da6dfb3d	127	Valley Trail Recycling & Disposal Facility	United States	WI	Green Lake, WI	43.95983	-88.90632	EPA LMOP-published latitude/longitude attribute and point geometry	Reciprocating Engine	Operational landfill-gas energy project (official map scope; September 2024 data release)	project owner: WM Renewable Energy, LLC | project developer: Alliant Energy | landfill owner: WM	1.66 MW total capacity; 0.89 mmscfd total LFG flow to project	landfill gas energy; source category: Electricity; source end user(s): Alliant Energy	8/1/2001	ArcGIS OBJECTID 127; GHGRP cross-reference 1007704; service geometry 43.95983000000007,-88.90631999999994
us-epa-lmop	52d3017917bb32b8	343	National Serv-All LF	United States	IN	Allen, IN	41.03109	-85.21634	EPA LMOP-published latitude/longitude attribute and point geometry	Boiler	Operational landfill-gas energy project (official map scope; September 2024 data release)	project owner: Toro Energy, Inc. | project developer: Toro Energy, Inc. | landfill owner: Republic Services, Inc.	2.52 mmscfd total LFG flow to project	landfill gas energy; source category: Direct; source end user(s): General Motors Company	5/1/2002	ArcGIS OBJECTID 343; GHGRP cross-reference 1007520; service geometry 41.03109000000006,-85.21633999999995
us-epa-lmop	53bbcc4c6f56577d	375	Middle Peninsula Landfill	United States	VA	Gloucester, VA	37.5202	-76.6201	EPA LMOP-published latitude/longitude attribute and point geometry	Leachate Evaporation	Operational landfill-gas energy project (official map scope; September 2024 data release)	project owner: WM | project developer: WM | landfill owner: WM	0.2 mmscfd total LFG flow to project	landfill gas energy; source category: Direct	12/31/2023	ArcGIS OBJECTID 375; GHGRP cross-reference 1007635; service geometry 37.520200000000045,-76.62009999999998
us-epa-lmop	5516ab4be11c8c64	239	Autumn Hills Recycling & Disposal Facility	United States	MI	Ottawa, MI	42.781	-85.9207	EPA LMOP-published latitude/longitude attribute and point geometry	Cogeneration	Operational landfill-gas energy project (official map scope; September 2024 data release)	project developer: North American Natural Resources, Inc. (NANR) | landfill owner: WM	3 MW total capacity; 1.67 mmscfd total LFG flow to project	landfill gas energy; source category: Electricity; source end user(s): Zeeland Farm Services	1/1/2006	ArcGIS OBJECTID 239; GHGRP cross-reference 1006132; service geometry 42.78100000000006,-85.92069999999995
us-epa-lmop	559c77aefd6f3d11	434	Monroeville LF	United States	PA	Allegheny, PA	40.405	-79.79	EPA LMOP-published latitude/longitude attribute and point geometry	Vehicle Fuel	Operational landfill-gas energy project (official map scope; September 2024 data release)	project owner: Montauk Renewables | project developer: Montauk Renewables | landfill owner: WM	2.67 mmscfd total LFG flow to project	landfill gas energy; source category: Renewable Natural Gas; source end user(s): Peoples Natural Gas	10/29/2004	ArcGIS OBJECTID 434; GHGRP cross-reference 1007585; service geometry 40.40500000000003,-79.78999999999996
us-epa-lmop	55addb8bfe8e4617	184	Savage Canyon LF	United States	CA	Los Angeles, CA	33.9799	-118.0171	EPA LMOP-published latitude/longitude attribute and point geometry	Cogeneration	Operational landfill-gas energy project (official map scope; September 2024 data release)	project developer: J&A Whittier, LLC | landfill owner: City of Whittier, CA	1.26 MW total capacity; 0.699 mmscfd total LFG flow to project	landfill gas energy; source category: Electricity; source end user(s): PIH Health Hospital - Whittier	8/1/2006	ArcGIS OBJECTID 184; GHGRP cross-reference 1005782; service geometry 33.97990000000004,-118.01709999999997
us-epa-lmop	56d1d80811792ec5	271	Ox Mountain SLF	United States	CA	San Mateo, CA	37.499	-122.412	EPA LMOP-published latitude/longitude attribute and point geometry	Reciprocating Engine	Operational landfill-gas energy project (official map scope; September 2024 data release)	project developer: Ameresco, Inc. | landfill owner: Republic Services, Inc.	10.58 MW total capacity; 4.768 mmscfd total LFG flow to project	landfill gas energy; source category: Electricity; source end user(s): Alameda Municipal Power; City of Palo Alto, CA	4/1/2009	ArcGIS OBJECTID 271; GHGRP cross-reference 1007112; service geometry 37.49900000000008,-122.41199999999998
us-epa-lmop	5729bbc0c71d252b	209	Johnson Canyon SLF	United States	CA	Monterey, CA	36.53167	-121.40667	EPA LMOP-published latitude/longitude attribute and point geometry	Reciprocating Engine	Operational landfill-gas energy project (official map scope; September 2024 data release)	project owner: Ameresco, Inc. | project developer: Ameresco, Inc. | landfill owner: Salinas Valley Solid Waste Authority, CA	1.24 MW total capacity; 0.729 mmscfd total LFG flow to project	landfill gas energy; source category: Electricity; source end user(s): City of Palo Alto, CA	5/12/2013	ArcGIS OBJECTID 209; GHGRP cross-reference 1007128; service geometry 36.53167000000008,-121.40666999999996
us-epa-lmop	57c7e5362103a430	23	West Camden Sanitary Landfill	United States	TN	Benton, TN	36.0545	-88.1375	EPA LMOP-published latitude/longitude attribute and point geometry	Reciprocating Engine	Operational landfill-gas energy project (official map scope; September 2024 data release)	project owner: WM Renewable Energy, LLC | project developer: WM Renewable Energy, LLC | landfill owner: WM	4.23 MW total capacity; 1.96 mmscfd total LFG flow to project	landfill gas energy; source category: Electricity; source end user(s): Tennessee Valley Authority (TVA)	12/31/2012	ArcGIS OBJECTID 23; GHGRP cross-reference 1007889; service geometry 36.054500000000075,-88.13749999999999
us-epa-lmop	58576da4f2ac067a	111	I-95 Landfill	United States	VA	Fairfax, VA	38.68809	-77.23734	EPA LMOP-published latitude/longitude attribute and point geometry	Reciprocating Engine	Operational landfill-gas energy project (official map scope; September 2024 data release)	project owner: Energy Power Partners | project developer: Aria Energy, LLC | landfill owner: County of Fairfax, VA	2.77 MW total capacity; 1.74 mmscfd total LFG flow to project	landfill gas energy; source category: Electricity; source end user(s): Dominion Energy Virginia	1/1/1991	ArcGIS OBJECTID 111; GHGRP cross-reference 1002110; service geometry 38.688090000000045,-77.23733999999996
us-epa-lmop	585d64de7fc504b3	306	Midshore I - Regional Solid Waste Facility	United States	MD	Talbot, MD	38.74714	-76.01961	EPA LMOP-published latitude/longitude attribute and point geometry	Stirling Cycle Engine	Operational landfill-gas energy project (official map scope; September 2024 data release)	landfill owner: Maryland Environmental Service	0.006 MW total capacity; 0.001 mmscfd total LFG flow to project	landfill gas energy; source category: Electricity; source end user(s): Maryland Environmental Service	9/16/2022	ArcGIS OBJECTID 306; GHGRP cross-reference 1005718; service geometry 38.74714000000006,-76.01960999999994
us-epa-lmop	587e8118365ac159	423	SPSA Regional LF	United States	VA	Suffolk city, VA	36.759	-76.522	EPA LMOP-published latitude/longitude attribute and point geometry	Boiler	Operational landfill-gas energy project (official map scope; September 2024 data release)	project owner: Mas Energy, LLC | project developer: Biogas Energy Solutions, LLC | landfill owner: Southeastern Public Service Authority, VA	0.5 mmscfd total LFG flow to project	landfill gas energy; source category: Direct; source end user(s): Solenis	8/1/2001	ArcGIS OBJECTID 423; GHGRP cross-reference 1014304; service geometry 36.75900000000007,-76.52199999999993
us-epa-lmop	5900b220d87daa09	500	East Oak SLF	United States	OK	Oklahoma, OK	35.50373	-97.41513	EPA LMOP-published latitude/longitude attribute and point geometry	Vehicle Fuel	Operational landfill-gas energy project (official map scope; September 2024 data release)	project owner: WM | landfill owner: WM	2.23 mmscfd total LFG flow to project	landfill gas energy; source category: Renewable Natural Gas	5/31/2022	ArcGIS OBJECTID 500; GHGRP cross-reference 1007801; service geometry 35.503730000000076,-97.41512999999998
us-epa-lmop	590b77722b3f4cc6	540	St. Landry Parish LF	United States	LA	St. Landry, LA	30.68627	-92.06458	EPA LMOP-published latitude/longitude attribute and point geometry	Vehicle Fuel	Operational landfill-gas energy project (official map scope; September 2024 data release)	project developer: St. Landry Parish Solid Waste Disposal District, LA | landfill owner: St. Landry Parish Solid Waste Disposal District, LA	0.27 mmscfd total LFG flow to project	landfill gas energy; source category: Renewable Natural Gas; source end user(s): St. Landry Parish Solid Waste Disposal District, LA; Waste Connections, Inc.	4/13/2012	ArcGIS OBJECTID 540; GHGRP cross-reference 1006238; service geometry 30.686270000000036,-92.06457999999998
us-epa-lmop	5aab659d2c831030	401	Eagle Valley RDF; Oakland Heights Development Landfill	United States	MI	Oakland, MI	42.70846	-83.24873	EPA LMOP-published latitude/longitude attribute and point geometry	Boiler	Operational landfill-gas energy project (official map scope; September 2024 data release)	project owner: WM Renewable Energy, LLC | project developer: Toro Energy, Inc. | landfill owner: WM; Republic Services, Inc.	1.68 mmscfd total LFG flow to project	landfill gas energy; source category: Direct; source end user(s): General Motors Company	1/1/1999	ArcGIS OBJECTID 401; GHGRP cross-reference 1003259; 1003686; service geometry 42.70846000000006,-83.24872999999997
us-epa-lmop	5abf5e677d7e4c9e	102	Trail Ridge Landfill Inc.	United States	FL	Duval, FL	30.2246	-82.0447	EPA LMOP-published latitude/longitude attribute and point geometry	Reciprocating Engine	Operational landfill-gas energy project (official map scope; September 2024 data release)	project owner: Energy Power Partners | project developer: Aria Energy, LLC | landfill owner: City of Jacksonville, FL	3.84 MW total capacity; 1.985 mmscfd total LFG flow to project	landfill gas energy; source category: Electricity; source end user(s): JEA	12/18/2008	ArcGIS OBJECTID 102; GHGRP cross-reference 1007897; service geometry 30.224600000000066,-82.04469999999998
us-epa-lmop	5ae0e1cdc0a3b449	230	Ontario County SLF	United States	NY	Ontario, NY	42.8591	-77.0804	EPA LMOP-published latitude/longitude attribute and point geometry	Reciprocating Engine	Operational landfill-gas energy project (official map scope; September 2024 data release)	project owner: Archaea Energy, LLC | project developer: Aria Energy, LLC; Innovative Energy Systems, LLC | landfill owner: Ontario County, NY	9.48 MW total capacity; 5.149 mmscfd total LFG flow to project	landfill gas energy; source category: Electricity; source end user(s): New York State Electric & Gas Corporation (NYSEG)	10/15/2003	ArcGIS OBJECTID 230; GHGRP cross-reference 1005257; service geometry 42.85910000000007,-77.08039999999994
us-epa-lmop	5c8bb3f9fb6a89f9	332	Central Disposal Landfill	United States	IA	Winnebago, IA	43.382	-93.572	EPA LMOP-published latitude/longitude attribute and point geometry	Reciprocating Engine	Operational landfill-gas energy project (official map scope; September 2024 data release)	project developer: WM Renewable Energy, LLC | landfill owner: WM	1.56 MW total capacity; 0.875 mmscfd total LFG flow to project	landfill gas energy; source category: Electricity; source end user(s): Dairyland Power Cooperative	3/18/2006	ArcGIS OBJECTID 332; GHGRP cross-reference 1007673; service geometry 43.38200000000006,-93.57199999999995
us-epa-lmop	5cc614c71d73d710	388	Glen's Sanitary Landfill Inc.	United States	MI	Leelanau, MI	44.78978	-85.841	EPA LMOP-published latitude/longitude attribute and point geometry	Leachate Evaporation	Operational landfill-gas energy project (official map scope; September 2024 data release)	project developer: WM | landfill owner: WM	0.434 mmscfd total LFG flow to project	landfill gas energy; source category: Direct; source end user(s): Glen's Sanitary Landfill Inc.	1/1/2009	ArcGIS OBJECTID 388; GHGRP cross-reference 1003257; service geometry 44.789780000000064,-85.84099999999995
us-epa-lmop	5ce345ba45cce5c9	357	Northern Oaks Recycling & Disposal Facility	United States	MI	Clare, MI	43.993	-84.798	EPA LMOP-published latitude/longitude attribute and point geometry	Leachate Evaporation	Operational landfill-gas energy project (official map scope; September 2024 data release)	project owner: WM | project developer: WM | landfill owner: WM	0.513 mmscfd total LFG flow to project	landfill gas energy; source category: Direct; source end user(s): Northern Oaks Recycling & Disposal Facility	1/1/2008	ArcGIS OBJECTID 357; GHGRP cross-reference 1007729; service geometry 43.99300000000005,-84.79799999999994
us-epa-lmop	5dbb2f41381a8155	465	Benson Valley LF	United States	KY	Franklin, KY	38.13136	-84.9807	EPA LMOP-published latitude/longitude attribute and point geometry	Other	Operational landfill-gas energy project (official map scope; September 2024 data release)	project owner: Ameresco, Inc. | project developer: Ameresco, Inc. | landfill owner: Republic Services, Inc.		landfill gas energy; source category: Renewable Natural Gas	8/31/2023	ArcGIS OBJECTID 465; GHGRP cross-reference 1003413; service geometry 38.13136000000003,-84.98069999999996
us-epa-lmop	5dc9da8a7712b1f8	240	Rumpke/Pendleton County LF	United States	KY	Pendleton, KY	38.732	-84.41	EPA LMOP-published latitude/longitude attribute and point geometry	Reciprocating Engine	Operational landfill-gas energy project (official map scope; September 2024 data release)	project owner: East Kentucky Power Cooperative (EKPC) | project developer: East Kentucky Power Cooperative (EKPC) | landfill owner: Rumpke	2.35 MW total capacity; 1.23 mmscfd total LFG flow to project	landfill gas energy; source category: Electricity; source end user(s): East Kentucky Power Cooperative (EKPC)	2/1/2007	ArcGIS OBJECTID 240; GHGRP cross-reference 1005271; service geometry 38.73200000000003,-84.40999999999997
us-epa-lmop	5de69ebf271ffe91	267	San Marcos LF	United States	CA	San Diego, CA	33.07833	-117.165	EPA LMOP-published latitude/longitude attribute and point geometry	Reciprocating Engine	Operational landfill-gas energy project (official map scope; September 2024 data release)	project owner: Fortistar Methane Group | project developer: Fortistar Methane Group | landfill owner: County of San Diego, CA	2 MW total capacity; 1.12 mmscfd total LFG flow to project	landfill gas energy; source category: Electricity	5/1/1989	ArcGIS OBJECTID 267; GHGRP cross-reference 1006215; service geometry 33.07833000000005,-117.16499999999996
us-epa-lmop	5dfc7da0a7e0c8fe	67	Athens-Clarke County Landfill	United States	GA	Clarke, GA	33.929	-83.2627	EPA LMOP-published latitude/longitude attribute and point geometry	Reciprocating Engine	Operational landfill-gas energy project (official map scope; September 2024 data release)	project owner: Archaea Energy, LLC | project developer: C2i Methane Partners | landfill owner: Unified Government of Athens-Clarke County (ACCUG)	0.61 MW total capacity; 0.328 mmscfd total LFG flow to project	landfill gas energy; source category: Electricity; source end user(s): Georgia Energy Cooperative	10/4/2013	ArcGIS OBJECTID 67; GHGRP cross-reference 1006056; service geometry 33.92900000000003,-83.26269999999994
us-epa-lmop	5f0e5a183d64ed1b	91	Sand Valley Landfill	United States	AL	DeKalb, AL	34.342	-85.862	EPA LMOP-published latitude/longitude attribute and point geometry	Reciprocating Engine	Operational landfill-gas energy project (official map scope; September 2024 data release)	project owner: EDL Energy | project developer: EDL Energy | landfill owner: Republic Services, Inc.	3.72 MW total capacity; 2.27 mmscfd total LFG flow to project	landfill gas energy; source category: Electricity; source end user(s): Tennessee Valley Authority (TVA)	11/26/2013	ArcGIS OBJECTID 91; GHGRP cross-reference 1006304; service geometry 34.34200000000004,-85.86199999999997
us-epa-lmop	5f250cb9ad805a0d	133	Chicopee Landfill (WMI)	United States	MA	Hampden, MA	42.1659	-72.538	EPA LMOP-published latitude/longitude attribute and point geometry	Reciprocating Engine	Operational landfill-gas energy project (official map scope; September 2024 data release)	project developer: Ameresco, Inc. | landfill owner: WM	2.45 MW total capacity; 1.218 mmscfd total LFG flow to project	landfill gas energy; source category: Electricity; source end user(s): Chicopee Electric Light	2/21/2004	ArcGIS OBJECTID 133; GHGRP cross-reference 1007669; service geometry 42.16590000000008,-72.53799999999995
us-epa-lmop	5f7fb77975963c2b	384	Rumble Landfill #2	United States	MO	Jackson, MO	39.1405	-94.4	EPA LMOP-published latitude/longitude attribute and point geometry	Direct Thermal	Operational landfill-gas energy project (official map scope; September 2024 data release)	project owner: WM | project developer: Lafarge North America Inc.; WM | landfill owner: WM	0.491 mmscfd total LFG flow to project	landfill gas energy; source category: Direct; source end user(s): Central Plains Cement (Eagle Materials)	9/1/2005	ArcGIS OBJECTID 384; GHGRP cross-reference 1003871; service geometry 39.14050000000003,-94.39999999999998
us-epa-lmop	5f8e99b8c68f8568	356	Prairie Bluff Sanitary Landfill	United States	MS	Chickasaw, MS	33.9585	-88.9921	EPA LMOP-published latitude/longitude attribute and point geometry	Leachate Evaporation	Operational landfill-gas energy project (official map scope; September 2024 data release)	project owner: WM | project developer: WM | landfill owner: WM	0.325 mmscfd total LFG flow to project	landfill gas energy; source category: Direct; source end user(s): Prairie Bluff Sanitary Landfill	7/1/2009	ArcGIS OBJECTID 356; GHGRP cross-reference 1007891; service geometry 33.95850000000007,-88.99209999999994
us-epa-lmop	5faaa7764951df96	480	City of Edinburg Landfill	United States	TX	Hidalgo, TX	26.397651	-98.125471	EPA LMOP-published latitude/longitude attribute and point geometry	Vehicle Fuel	Operational landfill-gas energy project (official map scope; September 2024 data release)	project owner: Morrow Renewables, LLC | project developer: Morrow Renewables, LLC | landfill owner: City of Edinburg, TX	3.04 mmscfd total LFG flow to project	landfill gas energy; source category: Renewable Natural Gas; source end user(s): Clean Energy Renewables	5/3/2016	ArcGIS OBJECTID 480; GHGRP cross-reference 1007276; service geometry 26.397651000000053,-98.12547099999995
us-epa-lmop	600d70f3f6a489a1	283	Central Kentucky Landfill	United States	KY	Scott, KY	38.346693	-84.545753	EPA LMOP-published latitude/longitude attribute and point geometry	Reciprocating Engine	Operational landfill-gas energy project (official map scope; September 2024 data release)	landfill owner: Waste Services of the Bluegrass	0.11 MW total capacity; 0.084 mmscfd total LFG flow to project	landfill gas energy; source category: Electricity; source end user(s): Toyota	11/23/2015	ArcGIS OBJECTID 283; GHGRP cross-reference 1008022; service geometry 38.34669300000007,-84.54575299999999
us-epa-lmop	601688be22e2e23a	538	Monterey Peninsula SLF	United States	CA	Monterey, CA	36.71333	-121.76667	EPA LMOP-published latitude/longitude attribute and point geometry	Vehicle Fuel	Operational landfill-gas energy project (official map scope; September 2024 data release)	landfill owner: Monterey Regional Waste Management District, CA		landfill gas energy; source category: Renewable Natural Gas	12/31/2020	ArcGIS OBJECTID 538; GHGRP cross-reference 1004550; service geometry 36.71333000000004,-121.76666999999998
us-epa-lmop	603a70923220cc31	113	Flathead County Landfill	United States	MT	Flathead, MT	48.3117	-114.344	EPA LMOP-published latitude/longitude attribute and point geometry	Reciprocating Engine	Operational landfill-gas energy project (official map scope; September 2024 data release)	project owner: Flathead Electric Cooperative, Inc. | project developer: Flathead Electric Cooperative, Inc. | landfill owner: Flathead County Solid Waste District, MT	1.34 MW total capacity; 0.66 mmscfd total LFG flow to project	landfill gas energy; source category: Electricity; source end user(s): Flathead Electric Cooperative, Inc.	6/26/2009	ArcGIS OBJECTID 113; GHGRP cross-reference 1007460; service geometry 48.31170000000003,-114.344
us-epa-lmop	6090c21528278cc0	165	La Crosse County Landfill	United States	WI	La Crosse, WI	43.878	-91.157	EPA LMOP-published latitude/longitude attribute and point geometry	Cogeneration	Operational landfill-gas energy project (official map scope; September 2024 data release)	project owner: GL Biogas I, LLC; Gundersen Health System | project developer: GL Biogas I, LLC; Gundersen Health System | landfill owner: La Crosse County Solid Waste, WI	0.49 MW total capacity; 0.293 mmscfd total LFG flow to project	landfill gas energy; source category: Electricity; source end user(s): Gundersen Health System; Xcel Energy	3/12/2012	ArcGIS OBJECTID 165; GHGRP cross-reference 1000536; service geometry 43.87800000000004,-91.15699999999998
us-epa-lmop	61aca4d5ab15589a	277	City of Santa Cruz SLF	United States	CA	Santa Cruz, CA	36.97602	-122.10608	EPA LMOP-published latitude/longitude attribute and point geometry	Reciprocating Engine	Operational landfill-gas energy project (official map scope; September 2024 data release)	project developer: Fortistar Methane Group | landfill owner: City of Santa Cruz, CA	1.6 MW total capacity	landfill gas energy; source category: Electricity; source end user(s): Sacramento Municipal Utility District (SMUD)	11/23/2009	ArcGIS OBJECTID 277; GHGRP cross-reference 1000339; service geometry 36.97602000000006,-122.10607999999996
us-epa-lmop	62666faa2e16b70d	430	Old Dixie Highway MSW Landfill	United States	GA	Whitfield, GA	34.6516	-84.945	EPA LMOP-published latitude/longitude attribute and point geometry	Boiler	Operational landfill-gas energy project (official map scope; September 2024 data release)	project owner: Dalton-Whitfield Regional Solid Waste Management Authority (DWRSWMA), GA | project developer: Dalton-Whitfield Regional Solid Waste Management Authority (DWRSWMA), GA | landfill owner: Dalton-Whitfield Regional Solid Waste Management Authority (DWRSWMA), GA	0.58 mmscfd total LFG flow to project	landfill gas energy; source category: Direct; source end user(s): Trinseo, LLC	6/12/2008	ArcGIS OBJECTID 430; GHGRP cross-reference 1002863; service geometry 34.65160000000003,-84.94499999999994
us-epa-lmop	62b2c7de02f9f802	135	Bethel LF	United States	VA	Hampton city, VA	37.07201	-76.42704	EPA LMOP-published latitude/longitude attribute and point geometry	Reciprocating Engine	Operational landfill-gas energy project (official map scope; September 2024 data release)	project developer: WM Renewable Energy, LLC | landfill owner: WM	4.45 MW total capacity; 2.44 mmscfd total LFG flow to project	landfill gas energy; source category: Electricity; source end user(s): Constellation	4/18/2008	ArcGIS OBJECTID 135; GHGRP cross-reference 1007689; service geometry 37.072010000000034,-76.42703999999998
us-epa-lmop	62ce0d6cbad6f2d2	410	Sampson County LF	United States	NC	Sampson, NC	34.9634	-78.4486	EPA LMOP-published latitude/longitude attribute and point geometry	Leachate Evaporation	Operational landfill-gas energy project (official map scope; September 2024 data release)	project owner: APTIM | project developer: APTIM | landfill owner: Sampson County, NC	0.225 mmscfd total LFG flow to project	landfill gas energy; source category: Direct; source end user(s): Sampson County LF	9/15/2012	ArcGIS OBJECTID 410; GHGRP cross-reference 1004255; service geometry 34.963400000000036,-78.44859999999994
us-epa-lmop	62f9c7361fec58e0	461	Dubuque Metropolitan SLF	United States	IA	Dubuque, IA	42.45501	-90.77686	EPA LMOP-published latitude/longitude attribute and point geometry	Vehicle Fuel	Operational landfill-gas energy project (official map scope; September 2024 data release)	project owner: Black Hills Corporation | project developer: Enerdyne Power Systems, Inc. | landfill owner: Dubuque Metropolitan Area Solid Waste Agency, IA	0.385 mmscfd total LFG flow to project	landfill gas energy; source category: Renewable Natural Gas; source end user(s): American Natural Gas; Black Hills Corporation; Constellation	10/15/2021	ArcGIS OBJECTID 461; GHGRP cross-reference 1000473; service geometry 42.45501000000007,-90.77685999999994
us-epa-lmop	63356962a4e86bda	220	Plainville LF	United States	MA	Norfolk, MA	42.0392	-71.292	EPA LMOP-published latitude/longitude attribute and point geometry	Reciprocating Engine	Operational landfill-gas energy project (official map scope; September 2024 data release)	project owner: Lorusso Corporation | project developer: DTE Vantage | landfill owner: Republic Services, Inc.	0.92 MW total capacity; 0.528 mmscfd total LFG flow to project	landfill gas energy; source category: Electricity; source end user(s): Plainville Generating Company	3/1/2003	ArcGIS OBJECTID 220; GHGRP cross-reference 1004557; service geometry 42.03920000000005,-71.29199999999997
us-epa-lmop	6338a4835bc74a94	347	J.J. Brunner LF	United States	PA	Beaver, PA	40.72	-80.1703	EPA LMOP-published latitude/longitude attribute and point geometry	Leachate Evaporation	Operational landfill-gas energy project (official map scope; September 2024 data release)	landfill owner: Joseph J. Brunner, Inc.		landfill gas energy; source category: Direct; source end user(s): J.J. Brunner LF	12/1/2015	ArcGIS OBJECTID 347; GHGRP cross-reference not provided; service geometry 40.72000000000003,-80.17029999999994
us-epa-lmop	63836dd35a3afeb8	289	Potrero Hills SLF	United States	CA	Solano, CA	38.22333	-121.97778	EPA LMOP-published latitude/longitude attribute and point geometry	Reciprocating Engine	Operational landfill-gas energy project (official map scope; September 2024 data release)	project owner: DTE Vantage | project developer: DTE Vantage | landfill owner: Waste Connections, Inc.	6.72 MW total capacity; 3.23 mmscfd total LFG flow to project	landfill gas energy; source category: Electricity; source end user(s): Pacific Gas and Electric Company (PG&E)	4/30/2016	ArcGIS OBJECTID 289; GHGRP cross-reference 1007345; service geometry 38.22333000000003,-121.97777999999994
us-epa-lmop	639bcdf86d493326	126	Middle Peninsula Landfill	United States	VA	Gloucester, VA	37.5202	-76.6201	EPA LMOP-published latitude/longitude attribute and point geometry	Reciprocating Engine	Operational landfill-gas energy project (official map scope; September 2024 data release)	project developer: WM Renewable Energy, LLC | landfill owner: WM	5.79 MW total capacity; 3.02 mmscfd total LFG flow to project	landfill gas energy; source category: Electricity; source end user(s): Constellation	9/1/2009	ArcGIS OBJECTID 126; GHGRP cross-reference 1007635; service geometry 37.520200000000045,-76.62009999999998
us-epa-lmop	6413dfbda3ae52c8	187	Burbank LF Site No. 3	United States	CA	Los Angeles, CA	34.21018	-118.31192	EPA LMOP-published latitude/longitude attribute and point geometry	Microturbine	Operational landfill-gas energy project (official map scope; September 2024 data release)	project developer: Burbank Water & Power | landfill owner: City of Burbank, CA	0.55 MW total capacity	landfill gas energy; source category: Electricity; source end user(s): Burbank Water & Power	4/1/2005	ArcGIS OBJECTID 187; GHGRP cross-reference 1007600; service geometry 34.21018000000004,-118.31191999999999
us-epa-lmop	6421c92571af244a	101	City of Durham SLF	United States	NC	Durham, NC	36.02604	-78.85641	EPA LMOP-published latitude/longitude attribute and point geometry	Reciprocating Engine	Operational landfill-gas energy project (official map scope; September 2024 data release)	project owner: Biogas Energy Solutions, LLC | project developer: Methane Power, LLC | landfill owner: City of Durham, NC	1.8 MW total capacity; 0.82 mmscfd total LFG flow to project	landfill gas energy; source category: Electricity; source end user(s): Duke Energy	12/15/2009	ArcGIS OBJECTID 101; GHGRP cross-reference 1007078; service geometry 36.02604000000008,-78.85640999999998
us-epa-lmop	64398cce622e3fa8	307	Westside RDF	United States	TX	Tarrant, TX	32.727169	-97.534517	EPA LMOP-published latitude/longitude attribute and point geometry	Reciprocating Engine	Operational landfill-gas energy project (official map scope; September 2024 data release)	project developer: WM Renewable Energy, LLC | landfill owner: WM	1.82 MW total capacity; 0.96 mmscfd total LFG flow to project	landfill gas energy; source category: Electricity; source end user(s): Electric Reliability Council of Texas [ERCOT]	3/15/2010	ArcGIS OBJECTID 307; GHGRP cross-reference 1007840; service geometry 32.72716900000006,-97.53451699999994
us-epa-lmop	65301dd7b7502d6b	92	Seminole Road MSW Landfill	United States	GA	DeKalb, GA	33.6552	-84.2525	EPA LMOP-published latitude/longitude attribute and point geometry	Reciprocating Engine	Operational landfill-gas energy project (official map scope; September 2024 data release)	project developer: DeKalb County Sanitation, GA | landfill owner: DeKalb County Sanitation, GA	2.06 MW total capacity; 1.147 mmscfd total LFG flow to project	landfill gas energy; source category: Electricity; source end user(s): Georgia Power Company	10/12/2006	ArcGIS OBJECTID 92; GHGRP cross-reference 1005638; service geometry 33.655200000000036,-84.25249999999994
us-epa-lmop	6549f598281db48a	501	Outagamie County LF	United States	WI	Outagamie, WI	44.2872	-88.3487	EPA LMOP-published latitude/longitude attribute and point geometry	Vehicle Fuel	Operational landfill-gas energy project (official map scope; September 2024 data release)	project owner: Terreva Renewables | project developer: Terreva Renewables | landfill owner: Outagamie County, WI		landfill gas energy; source category: Renewable Natural Gas	3/1/2023	ArcGIS OBJECTID 501; GHGRP cross-reference 1007075; service geometry 44.28720000000004,-88.34869999999995
us-epa-lmop	655c647fa4dd5222	369	EBR Parish North Landfill	United States	LA	East Baton Rouge, LA	30.599	-91.234	EPA LMOP-published latitude/longitude attribute and point geometry	Boiler	Operational landfill-gas energy project (official map scope; September 2024 data release)	project developer: Siemens Building Technologies, Inc.; Sustainable Energy Solutions LLC | landfill owner: City of Baton Rouge, LA; East Baton Rouge Parish, LA	1.16 mmscfd total LFG flow to project	landfill gas energy; source category: Direct; source end user(s): ExxonMobil Baton Rouge Polyolefins	7/10/2010	ArcGIS OBJECTID 369; GHGRP cross-reference 1005493; service geometry 30.599000000000046,-91.23399999999998
us-epa-lmop	662d2ab8d11cbf40	62	Shoosmith SLF	United States	VA	Chesterfield, VA	37.3512	-77.4956	EPA LMOP-published latitude/longitude attribute and point geometry	Reciprocating Engine	Operational landfill-gas energy project (official map scope; September 2024 data release)	project owner: INGENCO | project developer: INGENCO | landfill owner: Shoosmith Brothers	5.9 MW total capacity; 3.161 mmscfd total LFG flow to project	landfill gas energy; source category: Electricity; source end user(s): PJM Interconnection, LLC	6/25/2004	ArcGIS OBJECTID 62; GHGRP cross-reference 1007088; service geometry 37.35120000000006,-77.49559999999997
us-epa-lmop	66d483c9e86405d9	235	American Environmental Landfill	United States	OK	Osage, OK	36.158803	-96.190532	EPA LMOP-published latitude/longitude attribute and point geometry	Reciprocating Engine	Operational landfill-gas energy project (official map scope; September 2024 data release)	project owner: Montauk Renewables | project developer: Montauk Renewables | landfill owner: American Environmental Landfill, Inc.	1.94 MW total capacity; 1.14 mmscfd total LFG flow to project	landfill gas energy; source category: Electricity; source end user(s): Oklahoma Municipal Power Authority	4/17/2013	ArcGIS OBJECTID 235; GHGRP cross-reference 1002552; service geometry 36.158803000000034,-96.19053199999996
us-epa-lmop	670eeff8a8b61221	215	Finley Buttes Regional Landfill	United States	OR	Morrow, OR	45.7447	-119.623	EPA LMOP-published latitude/longitude attribute and point geometry	Cogeneration	Operational landfill-gas energy project (official map scope; September 2024 data release)	project owner: Archaea Energy, LLC | project developer: Finley BioEnergy LLC | landfill owner: Waste Connections, Inc.	4.25 MW total capacity; 2.105 mmscfd total LFG flow to project	landfill gas energy; source category: Electricity; source end user(s): Cascade Specialties; PacifiCorp	12/15/2007	ArcGIS OBJECTID 215; GHGRP cross-reference 1004516; service geometry 45.74470000000008,-119.62299999999999
us-epa-lmop	678c850fa95ca278	76	Acme LF	United States	CA	Contra Costa, CA	38.034	-122.09056	EPA LMOP-published latitude/longitude attribute and point geometry	Microturbine	Operational landfill-gas energy project (official map scope; September 2024 data release)	project developer: Bulldog Power | landfill owner: Acme Fill Corporation	0.28 MW total capacity; 0.216 mmscfd total LFG flow to project	landfill gas energy; source category: Electricity	8/1/2003	ArcGIS OBJECTID 76; GHGRP cross-reference not provided; service geometry 38.03400000000005,-122.09055999999998
us-epa-lmop	68207c3e74289c04	311	Austin Community RDF	United States	TX	Travis, TX	30.34522	-97.61395	EPA LMOP-published latitude/longitude attribute and point geometry	Reciprocating Engine	Operational landfill-gas energy project (official map scope; September 2024 data release)	project developer: WM Renewable Energy, LLC | landfill owner: WM	3.42 MW total capacity; 1.84 mmscfd total LFG flow to project	landfill gas energy; source category: Electricity; source end user(s): Electric Reliability Council of Texas [ERCOT]	9/1/2007	ArcGIS OBJECTID 311; GHGRP cross-reference 1007894; service geometry 30.34522000000004,-97.61394999999999
us-epa-lmop	6836d5f4e849ec72	459	Glacier Ridge Landfill LLC	United States	WI	Dodge, WI	43.465	-88.555	EPA LMOP-published latitude/longitude attribute and point geometry	Vehicle Fuel	Operational landfill-gas energy project (official map scope; September 2024 data release)	project owner: Air Liquide Biogas | project developer: Air Liquide Biogas | landfill owner: GFL Environmental USA Inc.	2.46 mmscfd total LFG flow to project	landfill gas energy; source category: Renewable Natural Gas; source end user(s): Guardian Pipeline	10/31/2020	ArcGIS OBJECTID 459; GHGRP cross-reference 1007195; service geometry 43.46500000000003,-88.55499999999995
us-epa-lmop	6922be61f0d877dd	305	Jones Crossroads Landfill	United States	DE	Sussex, DE	38.596	-75.439	EPA LMOP-published latitude/longitude attribute and point geometry	Reciprocating Engine	Operational landfill-gas energy project (official map scope; September 2024 data release)	project developer: Ameresco, Inc. | landfill owner: Delaware Solid Waste Authority	3.19 MW total capacity; 1.7 mmscfd total LFG flow to project	landfill gas energy; source category: Electricity; source end user(s): Constellation	10/24/2006	ArcGIS OBJECTID 305; GHGRP cross-reference 1002183; service geometry 38.59600000000006,-75.43899999999996
us-epa-lmop	69a713a12d8ae986	367	Douglas County Recycling and Disposal Facility LF	United States	NE	Douglas, NE	41.385	-96.241	EPA LMOP-published latitude/longitude attribute and point geometry	Leachate Evaporation	Operational landfill-gas energy project (official map scope; September 2024 data release)	project owner: WM | project developer: WM | landfill owner: WM	0.272 mmscfd total LFG flow to project	landfill gas energy; source category: Direct; source end user(s): WM	1/1/2020	ArcGIS OBJECTID 367; GHGRP cross-reference 1007835; service geometry 41.38500000000005,-96.24099999999999
us-epa-lmop	6a96db23cf480d34	392	South Side Landfill Inc.	United States	IN	Marion, IN	39.72794	-86.20847	EPA LMOP-published latitude/longitude attribute and point geometry	Greenhouse	Operational landfill-gas energy project (official map scope; September 2024 data release)	project developer: Granger Energy | landfill owner: 600 Land, Inc.	0.3 mmscfd total LFG flow to project	landfill gas energy; source category: Direct; source end user(s): Crossroads Greenhouse	1/1/1989	ArcGIS OBJECTID 392; GHGRP cross-reference 1002683; service geometry 39.727940000000046,-86.20846999999998
us-epa-lmop	6b643fac8346ecc3	517	New Bath Landfill	United States	NY	Steuben, NY	42.318	-77.382	EPA LMOP-published latitude/longitude attribute and point geometry	Vehicle Fuel	Operational landfill-gas energy project (official map scope; September 2024 data release)	project developer: Waga Energy Inc. | landfill owner: Steuben County, NY	1.44 mmscfd total LFG flow to project	landfill gas energy; source category: Renewable Natural Gas	3/15/2024	ArcGIS OBJECTID 517; GHGRP cross-reference 1003028; service geometry 42.31800000000004,-77.38199999999995
us-epa-lmop	6bd8d50411105ef5	368	Trail Ridge Landfill Inc.	United States	FL	Duval, FL	30.2246	-82.0447	EPA LMOP-published latitude/longitude attribute and point geometry	Leachate Evaporation	Operational landfill-gas energy project (official map scope; September 2024 data release)	landfill owner: City of Jacksonville, FL	0.069 mmscfd total LFG flow to project	landfill gas energy; source category: Direct; source end user(s): WM	12/31/2022	ArcGIS OBJECTID 368; GHGRP cross-reference 1007897; service geometry 30.224600000000066,-82.04469999999998
us-epa-lmop	6c5deb0ebc2315db	253	Raleigh County SWA Landfill	United States	WV	Raleigh, WV	37.8167	-81.1631	EPA LMOP-published latitude/longitude attribute and point geometry	Reciprocating Engine	Operational landfill-gas energy project (official map scope; September 2024 data release)	project developer: Seven Islands Environmental Solutions LLC | landfill owner: Raleigh County, WV	1.16 MW total capacity; 0.313 mmscfd total LFG flow to project	landfill gas energy; source category: Electricity; source end user(s): American Electric Power	3/15/2017	ArcGIS OBJECTID 253; GHGRP cross-reference 1007785; service geometry 37.816700000000026,-81.16309999999999
us-epa-lmop	6dacc00afde8610f	327	Liberty Landfill	United States	IN	White, IN	40.886	-86.7	EPA LMOP-published latitude/longitude attribute and point geometry	Reciprocating Engine	Operational landfill-gas energy project (official map scope; September 2024 data release)	project developer: Wabash Valley Power Alliance | landfill owner: WM	10.3 MW total capacity; 5.416 mmscfd total LFG flow to project	landfill gas energy; source category: Electricity; source end user(s): Wabash Valley Power Alliance	8/1/2005	ArcGIS OBJECTID 327; GHGRP cross-reference 1007812; service geometry 40.88600000000008,-86.69999999999999
us-epa-lmop	6de840bfcc6c32ed	336	Fitchburg-Westminster LF	United States	MA	Worcester, MA	42.53596	-71.85388	EPA LMOP-published latitude/longitude attribute and point geometry	Reciprocating Engine	Operational landfill-gas energy project (official map scope; September 2024 data release)	project developer: WM Renewable Energy, LLC | landfill owner: City of Fitchburg, MA; WM	4.2 MW total capacity; 2.16 mmscfd total LFG flow to project	landfill gas energy; source category: Electricity; source end user(s): New England Power Pool (NEPOOL)	8/1/2007	ArcGIS OBJECTID 336; GHGRP cross-reference 1007753; service geometry 42.535960000000046,-71.85387999999995
us-epa-lmop	6debad37fa54f17a	234	NEWSVT Landfill	United States	VT	Orleans, VT	44.908583	-72.2215	EPA LMOP-published latitude/longitude attribute and point geometry	Reciprocating Engine	Operational landfill-gas energy project (official map scope; September 2024 data release)	project owner: Washington Electric Cooperative | project developer: Washington Electric Cooperative | landfill owner: Casella Waste Systems, Inc.	5.7 MW total capacity; 2.7 mmscfd total LFG flow to project	landfill gas energy; source category: Electricity; source end user(s): Washington Electric Cooperative	6/24/2005	ArcGIS OBJECTID 234; GHGRP cross-reference 1005261; service geometry 44.90858300000008,-72.22149999999993
us-epa-lmop	6e725e94dca86bdd	154	Johnston County MSW LF	United States	NC	Johnston, NC	35.5117	-78.4295	EPA LMOP-published latitude/longitude attribute and point geometry	Reciprocating Engine	Operational landfill-gas energy project (official map scope; September 2024 data release)	project owner: Archaea Energy, LLC | project developer: C2i Methane Partners | landfill owner: Johnston County, NC	1.02 MW total capacity; 0.484 mmscfd total LFG flow to project	landfill gas energy; source category: Electricity; source end user(s): Duke Energy Progress	6/19/2013	ArcGIS OBJECTID 154; GHGRP cross-reference 1004252; service geometry 35.511700000000076,-78.42949999999996
us-epa-lmop	6ef964cabc5ef0b2	192	Evergreen Landfill, Inc.	United States	GA	Lowndes, GA	30.808	-83.3625	EPA LMOP-published latitude/longitude attribute and point geometry	Reciprocating Engine	Operational landfill-gas energy project (official map scope; September 2024 data release)	project owner: EDL Energy | project developer: Energy Systems Group, LLC | landfill owner: WM	3.66 MW total capacity; 2.18 mmscfd total LFG flow to project	landfill gas energy; source category: Electricity; source end user(s): Green Power EMC	12/31/2013	ArcGIS OBJECTID 192; GHGRP cross-reference 1001636; service geometry 30.80800000000005,-83.36249999999995
us-epa-lmop	6f1bc54d230001ba	488	Turkey Creek Landfill	United States	TX	Johnson, TX	32.3562	-97.202	EPA LMOP-published latitude/longitude attribute and point geometry	Vehicle Fuel	Operational landfill-gas energy project (official map scope; September 2024 data release)	project owner: Morrow Renewables, LLC | project developer: Morrow Renewables, LLC | landfill owner: Waste Connections, Inc.	3.34 mmscfd total LFG flow to project	landfill gas energy; source category: Renewable Natural Gas; source end user(s): Anew Climate, LLC; EagleRidge Midstream, LLC	9/1/2011	ArcGIS OBJECTID 488; GHGRP cross-reference 1006465; service geometry 32.35620000000006,-97.20199999999994
us-epa-lmop	6fd3c4b884c96985	222	Grand Central SLF	United States	PA	Northampton, PA	40.8581	-75.2619	EPA LMOP-published latitude/longitude attribute and point geometry	Gas Turbine	Operational landfill-gas energy project (official map scope; September 2024 data release)	project owner: Green Knight Economic Development Corporation | project developer: Green Knight Economic Development Corporation; WM | landfill owner: WM	5.31 MW total capacity; 4.432 mmscfd total LFG flow to project	landfill gas energy; source category: Electricity; source end user(s): Exelon Power	3/1/2001	ArcGIS OBJECTID 222; GHGRP cross-reference 1003460; service geometry 40.858100000000036,-75.26189999999997
us-epa-lmop	700064102892ca8f	274	Sunnyvale LF	United States	CA	Santa Clara, CA	37.4184	-122.00776	EPA LMOP-published latitude/longitude attribute and point geometry	Reciprocating Engine	Operational landfill-gas energy project (official map scope; September 2024 data release)	project developer: City of Sunnyvale, CA | landfill owner: City of Sunnyvale, CA	0.44 MW total capacity; 0.33 mmscfd total LFG flow to project	landfill gas energy; source category: Electricity; source end user(s): City of Sunnyvale WWTP	1/1/1998	ArcGIS OBJECTID 274; GHGRP cross-reference 1003386; service geometry 37.41840000000008,-122.00775999999996
us-epa-lmop	701b3c6e95df510e	466	Franklin County SLF	United States	OH	Franklin, OH	39.84186	-83.10904	EPA LMOP-published latitude/longitude attribute and point geometry	Vehicle Fuel	Operational landfill-gas energy project (official map scope; September 2024 data release)	project owner: Archaea Energy, LLC; Solid Waste Authority of Central Ohio, OH | project developer: Aria Energy, LLC | landfill owner: Solid Waste Authority of Central Ohio, OH	8 mmscfd total LFG flow to project	landfill gas energy; source category: Renewable Natural Gas; source end user(s): Sacramento Municipal Utility District (SMUD); BP Products North America	2/1/2014	ArcGIS OBJECTID 466; GHGRP cross-reference 1003787; service geometry 39.841860000000054,-83.10903999999994
us-epa-lmop	704932dafd6be44d	75	Acme LF	United States	CA	Contra Costa, CA	38.034	-122.09056	EPA LMOP-published latitude/longitude attribute and point geometry	Cogeneration	Operational landfill-gas energy project (official map scope; September 2024 data release)	project developer: Acme Fill Corporation | landfill owner: Acme Fill Corporation	1.9 MW total capacity	landfill gas energy; source category: Electricity; source end user(s): Central Contra Costa Sanitary District	1/1/1999	ArcGIS OBJECTID 75; GHGRP cross-reference not provided; service geometry 38.03400000000005,-122.09055999999998
us-epa-lmop	70638cc029c27f8f	317	Moretown Landfill Inc.	United States	VT	Washington, VT	44.311	-72.7025	EPA LMOP-published latitude/longitude attribute and point geometry	Reciprocating Engine	Operational landfill-gas energy project (official map scope; September 2024 data release)	project owner: Energy Power Partners | landfill owner: WM	1.32 MW total capacity; 0.73 mmscfd total LFG flow to project	landfill gas energy; source category: Electricity; source end user(s): Green Mountain Power Corporation	12/1/2008	ArcGIS OBJECTID 317; GHGRP cross-reference 1004320; service geometry 44.311000000000035,-72.70249999999999
us-epa-lmop	70cd99f440fe9314	335	Southbridge Recycling & Disposal Park	United States	MA	Worcester, MA	42.10691	-72.0324	EPA LMOP-published latitude/longitude attribute and point geometry	Reciprocating Engine	Operational landfill-gas energy project (official map scope; September 2024 data release)	project owner: Casella Waste Systems, Inc. | project developer: Casella Waste Systems, Inc. | landfill owner: Town of Southbridge, MA	1.41 MW total capacity; 0.705 mmscfd total LFG flow to project	landfill gas energy; source category: Electricity; source end user(s): Nextera Energy	1/3/2012	ArcGIS OBJECTID 335; GHGRP cross-reference 1005254; service geometry 42.10691000000003,-72.03239999999994
us-epa-lmop	719813d31d8addeb	248	Cranston Sanitary Landfill	United States	RI	Providence, RI	41.7357	-71.4617	EPA LMOP-published latitude/longitude attribute and point geometry	Reciprocating Engine	Operational landfill-gas energy project (official map scope; September 2024 data release)	project developer: Highland Power Co. | landfill owner: A. Capuano Brothers, Inc.	0.5 MW total capacity	landfill gas energy; source category: Electricity	1/1/1996	ArcGIS OBJECTID 248; GHGRP cross-reference not provided; service geometry 41.735700000000065,-71.46169999999995
us-epa-lmop	72790ac980d5ad95	532	Prairie View RDF	United States	IL	Will, IL	41.34	-88.13	EPA LMOP-published latitude/longitude attribute and point geometry	Vehicle Fuel	Operational landfill-gas energy project (official map scope; September 2024 data release)	project owner: Will County, IL | project developer: Will County, IL | landfill owner: Will County, IL	0.44 mmscfd total LFG flow to project	landfill gas energy; source category: Renewable Natural Gas; source end user(s): U.S. Venture	12/2/2022	ArcGIS OBJECTID 532; GHGRP cross-reference 1006176; service geometry 41.34000000000003,-88.12999999999994
us-epa-lmop	7283199f8d54e343	181	Chiquita Canyon SLF	United States	CA	Los Angeles, CA	34.42806	-118.64661	EPA LMOP-published latitude/longitude attribute and point geometry	Gas Turbine	Operational landfill-gas energy project (official map scope; September 2024 data release)	project developer: Ameresco, Inc. | landfill owner: Waste Connections, Inc.	5.96 MW total capacity; 3.866 mmscfd total LFG flow to project	landfill gas energy; source category: Electricity; source end user(s): Southern California Public Power Authority (SCPPA)	11/23/2010	ArcGIS OBJECTID 181; GHGRP cross-reference 1002992; service geometry 34.42806000000007,-118.64660999999995
us-epa-lmop	734e05a97250cca8	61	SECCRA Community Landfill	United States	PA	Chester, PA	39.86729	-75.84115	EPA LMOP-published latitude/longitude attribute and point geometry	Reciprocating Engine	Operational landfill-gas energy project (official map scope; September 2024 data release)	project owner: Southeastern Chester County Refuse Authority (SECCRA), PA | project developer: Southeastern Chester County Refuse Authority (SECCRA), PA | landfill owner: Southeastern Chester County Refuse Authority (SECCRA), PA	0.72 MW total capacity; 0.296 mmscfd total LFG flow to project	landfill gas energy; source category: Electricity; source end user(s): PJM Interconnection, LLC	1/15/2007	ArcGIS OBJECTID 61; GHGRP cross-reference 1009925; service geometry 39.867290000000025,-75.84114999999997
us-epa-lmop	735589b060357c5b	37	Taunton SLF	United States	MA	Bristol, MA	41.9223	-71.0836	EPA LMOP-published latitude/longitude attribute and point geometry	Reciprocating Engine	Operational landfill-gas energy project (official map scope; September 2024 data release)	project owner: Fortistar Methane Group | project developer: NEO Corporation | landfill owner: WM	1.4 MW total capacity; 0.8 mmscfd total LFG flow to project	landfill gas energy; source category: Electricity; source end user(s): Taunton Municipal Lighting Plant	9/1/1997	ArcGIS OBJECTID 37; GHGRP cross-reference 1003532; service geometry 41.922300000000064,-71.08359999999993
us-epa-lmop	73a29181f535983e	227	Golden Triangle Regional Landfill	United States	MS	Oktibbeha, MS	33.5283	-88.6724	EPA LMOP-published latitude/longitude attribute and point geometry	Reciprocating Engine	Operational landfill-gas energy project (official map scope; September 2024 data release)	project owner: Golden Triangle Regional Solid Waste Management Authority (GTR Solid Waste), MS | project developer: Golden Triangle Regional Solid Waste Management Authority (GTR Solid Waste), MS | landfill owner: Golden Triangle Regional Solid Waste Management Authority (GTR Solid Waste), MS	0.67 MW total capacity; 0.37 mmscfd total LFG flow to project	landfill gas energy; source category: Electricity; source end user(s): Tennessee Valley Authority (TVA)	9/30/2011	ArcGIS OBJECTID 227; GHGRP cross-reference 1005964; service geometry 33.52830000000006,-88.67239999999998
us-epa-lmop	73bc1427f9213c26	421	St. Lucie County Baling and Recycling Facility	United States	FL	St. Lucie, FL	27.390834	-80.395557	EPA LMOP-published latitude/longitude attribute and point geometry	Boiler	Operational landfill-gas energy project (official map scope; September 2024 data release)	project developer: CPL Systems, Inc.; Tropicana | landfill owner: St. Lucie County, FL	0.22 mmscfd total LFG flow to project	landfill gas energy; source category: Direct; source end user(s): Tropicana	8/22/2005	ArcGIS OBJECTID 421; GHGRP cross-reference 1007219; service geometry 27.39083400000004,-80.39555699999994
us-epa-lmop	73e9581426d53068	266	West Miramar SLF; North Miramar SLF	United States	CA	San Diego, CA	32.856	-117.162	EPA LMOP-published latitude/longitude attribute and point geometry	Cogeneration; Reciprocating Engine	Operational landfill-gas energy project (official map scope; September 2024 data release)	project owner: Fortistar Methane Group | project developer: Minnesota Methane LLC; Fortistar Methane Group | landfill owner: United States Navy; City of San Diego, CA	9.6 MW total capacity; 6.14 mmscfd total LFG flow to project	landfill gas energy; source category: Electricity; source end user(s): City of San Diego Metro Biosolids Center; San Diego Gas & Electric Company; Marine Corp Air Station Miramar (MCASM)	6/30/1997	ArcGIS OBJECTID 266; GHGRP cross-reference 1005061; 1007558; service geometry 32.85600000000005,-117.16199999999998
us-epa-lmop	73e982eb776f8aa1	26	Conestoga LF; Lanchester LF	United States	PA	Berks; Lancaster, PA	40.1067	-75.9456	EPA LMOP-published latitude/longitude attribute and point geometry	Reciprocating Engine	Operational landfill-gas energy project (official map scope; September 2024 data release)	project developer: Granger Energy | landfill owner: Republic Services, Inc.; Chester County Solid Waste Authority, PA	3.2 MW total capacity	landfill gas energy; source category: Electricity; source end user(s): L&S Sweeteners	12/6/2013	ArcGIS OBJECTID 26; GHGRP cross-reference 1002556; 1002391; service geometry 40.106700000000046,-75.94559999999996
us-epa-lmop	748a2309b1f05c4f	203	City of Midland Sanitary LF	United States	MI	Midland, MI	43.62637	-84.17153	EPA LMOP-published latitude/longitude attribute and point geometry	Cogeneration	Operational landfill-gas energy project (official map scope; September 2024 data release)	landfill owner: City of Midland Utilities Dept., MI	0.945 MW total capacity; 0.525 mmscfd total LFG flow to project	landfill gas energy; source category: Electricity; source end user(s): City of Midland Utilities Dept., MI	3/31/2011	ArcGIS OBJECTID 203; GHGRP cross-reference 1003865; service geometry 43.626370000000065,-84.17152999999996
us-epa-lmop	75b1a1ecf640c385	284	Osceola Landfill	United States	FL	Seminole, FL	28.79278	-81.0882	EPA LMOP-published latitude/longitude attribute and point geometry	Reciprocating Engine	Operational landfill-gas energy project (official map scope; September 2024 data release)	project owner: Energy Power Partners | project developer: Aria Energy, LLC | landfill owner: Seminole County Board of Commissioners, FL	2.43 MW total capacity; 1.197 mmscfd total LFG flow to project	landfill gas energy; source category: Electricity; source end user(s): Seminole Electric Cooperative, Inc.	12/30/2007	ArcGIS OBJECTID 284; GHGRP cross-reference 1000349; service geometry 28.79278000000005,-81.08819999999997
us-epa-lmop	75efcb23194e448c	265	West Miramar SLF	United States	CA	San Diego, CA	32.856	-117.162	EPA LMOP-published latitude/longitude attribute and point geometry	Reciprocating Engine	Operational landfill-gas energy project (official map scope; September 2024 data release)	project owner: Fortistar Methane Group | project developer: Minnesota Methane LLC | landfill owner: United States Navy	3.3 MW total capacity	landfill gas energy; source category: Electricity; source end user(s): City of San Diego North City Water Reclamation Plant	3/1/1999	ArcGIS OBJECTID 265; GHGRP cross-reference 1005061; service geometry 32.85600000000005,-117.16199999999998
us-epa-lmop	761c0239eabdfcf5	60	Superior Landfill & Recycling Center	United States	GA	Chatham, GA	32.025	-81.28	EPA LMOP-published latitude/longitude attribute and point geometry	Reciprocating Engine	Operational landfill-gas energy project (official map scope; September 2024 data release)	project developer: WM Renewable Energy, LLC | landfill owner: WM	5.52 MW total capacity; 3.06 mmscfd total LFG flow to project	landfill gas energy; source category: Electricity; source end user(s): Georgia Power Company	12/31/2009	ArcGIS OBJECTID 60; GHGRP cross-reference 1003569; service geometry 32.025000000000034,-81.27999999999997
us-epa-lmop	7693161697c78320	506	Noble Road LF	United States	OH	Richland, OH	40.97586	-82.48737	EPA LMOP-published latitude/longitude attribute and point geometry	Vehicle Fuel	Operational landfill-gas energy project (official map scope; September 2024 data release)	project developer: Fortistar Methane Group | landfill owner: Rumpke	1.97 mmscfd total LFG flow to project	landfill gas energy; source category: Renewable Natural Gas; source end user(s): OPAL Fuels Inc.	3/3/2022	ArcGIS OBJECTID 506; GHGRP cross-reference 1004850; service geometry 40.97586000000007,-82.48736999999994
us-epa-lmop	772026a4bfa786f6	223	Eagle Valley RDF	United States	MI	Oakland, MI	42.72265	-83.25478	EPA LMOP-published latitude/longitude attribute and point geometry	Reciprocating Engine	Operational landfill-gas energy project (official map scope; September 2024 data release)	project owner: WM Renewable Energy, LLC | project developer: WM Renewable Energy, LLC | landfill owner: WM	2.58 MW total capacity; 1.24 mmscfd total LFG flow to project	landfill gas energy; source category: Electricity; source end user(s): DTE Energy	9/22/2011	ArcGIS OBJECTID 223; GHGRP cross-reference 1003259; service geometry 42.722650000000044,-83.25477999999998
us-epa-lmop	7766a8222bd37f6a	470	Twin Chimneys Landfill	United States	SC	Greenville, SC	34.54	-82.312	EPA LMOP-published latitude/longitude attribute and point geometry	Vehicle Fuel	Operational landfill-gas energy project (official map scope; September 2024 data release)	project owner: Enerdyne Power Systems, Inc. | project developer: Enerdyne Power Systems, Inc. | landfill owner: Greenville County, SC	1.5 mmscfd total LFG flow to project	landfill gas energy; source category: Renewable Natural Gas; source end user(s): Greenwood Commissioners of Public Works (CPW)	3/31/2023	ArcGIS OBJECTID 470; GHGRP cross-reference 1004041; service geometry 34.54000000000008,-82.31199999999995
us-epa-lmop	7814b447b7b41981	324	Wayne County LF	United States	NC	Wayne, NC	35.2908	-78.0647	EPA LMOP-published latitude/longitude attribute and point geometry	Reciprocating Engine	Operational landfill-gas energy project (official map scope; September 2024 data release)	project owner: Biogas Energy Solutions, LLC | project developer: Methane Power, LLC | landfill owner: Wayne County, NC	1.08 MW total capacity; 0.499 mmscfd total LFG flow to project	landfill gas energy; source category: Electricity; source end user(s): Duke Energy Progress	12/31/2010	ArcGIS OBJECTID 324; GHGRP cross-reference 1005274; service geometry 35.29080000000005,-78.06469999999996
us-epa-lmop	7997cad383daf0f5	510	North Shelby Landfill	United States	TN	Shelby, TN	35.327	-89.945	EPA LMOP-published latitude/longitude attribute and point geometry	Vehicle Fuel	Operational landfill-gas energy project (official map scope; September 2024 data release)	project owner: Archaea Energy, LLC | project developer: Clean Energy Renewables | landfill owner: Republic Services, Inc.	1.8 mmscfd total LFG flow to project	landfill gas energy; source category: Renewable Natural Gas; source end user(s): Memphis Light, Gas and Water (MLGW)	9/30/2014	ArcGIS OBJECTID 510; GHGRP cross-reference 1006303; service geometry 35.327000000000055,-89.94499999999994
us-epa-lmop	7a010f37e41ec415	318	Ann Arbor SLF Phase I & II	United States	MI	Washtenaw, MI	42.2278	-83.6997	EPA LMOP-published latitude/longitude attribute and point geometry	Reciprocating Engine	Operational landfill-gas energy project (official map scope; September 2024 data release)	project owner: Energy Power Partners | project developer: DTE Vantage | landfill owner: City of Ann Arbor, MI	0.4 MW total capacity; 0.28 mmscfd total LFG flow to project	landfill gas energy; source category: Electricity; source end user(s): DTE Energy	4/22/1998	ArcGIS OBJECTID 318; GHGRP cross-reference 1006178; service geometry 42.22780000000006,-83.69969999999995
us-epa-lmop	7a4d14c4e1bb2a83	264	Trans-Jordan LF	United States	UT	Salt Lake, UT	40.55862	-112.053	EPA LMOP-published latitude/longitude attribute and point geometry	Reciprocating Engine	Operational landfill-gas energy project (official map scope; September 2024 data release)	project owner: EDL Energy | project developer: Granger Energy | landfill owner: Trans-Jordan Cities, UT	4.43 MW total capacity; 2.25 mmscfd total LFG flow to project	landfill gas energy; source category: Electricity; source end user(s): Murray City Power	4/1/2009	ArcGIS OBJECTID 264; GHGRP cross-reference 1003864; service geometry 40.558620000000076,-112.05299999999994
us-epa-lmop	7ae45ab88942064c	258	Janesville City/Rock County Landfill	United States	WI	Rock, WI	42.7046	-89.0218	EPA LMOP-published latitude/longitude attribute and point geometry	Reciprocating Engine	Operational landfill-gas energy project (official map scope; September 2024 data release)	project developer: Ameresco, Inc. | landfill owner: City of Janesville, WI	0.9 MW total capacity; 0.615 mmscfd total LFG flow to project	landfill gas energy; source category: Electricity; source end user(s): Alliant Energy	11/1/2004	ArcGIS OBJECTID 258; GHGRP cross-reference 1004328; service geometry 42.70460000000003,-89.02179999999998
us-epa-lmop	7b447e6d1a45fa25	151	Dry Creek Landfill	United States	OR	Jackson, OR	42.382	-122.773	EPA LMOP-published latitude/longitude attribute and point geometry	Reciprocating Engine	Operational landfill-gas energy project (official map scope; September 2024 data release)	project owner: Oregon Environmental Industries (OEI) | project developer: Oregon Environmental Industries (OEI) | landfill owner: Rogue Disposal & Recycling	1.61 MW total capacity; 1.085 mmscfd total LFG flow to project	landfill gas energy; source category: Electricity; source end user(s): PacifiCorp	5/15/2007	ArcGIS OBJECTID 151; GHGRP cross-reference 1005652; service geometry 42.38200000000006,-122.77299999999997
us-epa-lmop	7b56e76fbb841b29	298	St. Lucie County Baling and Recycling Facility	United States	FL	St. Lucie, FL	27.390834	-80.395557	EPA LMOP-published latitude/longitude attribute and point geometry	Cogeneration	Operational landfill-gas energy project (official map scope; September 2024 data release)	landfill owner: St. Lucie County, FL	1 MW total capacity; 0.59 mmscfd total LFG flow to project	landfill gas energy; source category: Electricity; source end user(s): Tropicana	5/1/2013	ArcGIS OBJECTID 298; GHGRP cross-reference 1007219; service geometry 27.39083400000004,-80.39555699999994
us-epa-lmop	7b579e4a7063da19	63	Prairie Bluff Sanitary Landfill	United States	MS	Chickasaw, MS	33.9585	-88.9921	EPA LMOP-published latitude/longitude attribute and point geometry	Reciprocating Engine	Operational landfill-gas energy project (official map scope; September 2024 data release)	project owner: WM Renewable Energy, LLC | project developer: WM Renewable Energy, LLC | landfill owner: WM	1.1 MW total capacity; 0.476 mmscfd total LFG flow to project	landfill gas energy; source category: Electricity; source end user(s): Tennessee Valley Authority (TVA)	10/24/2012	ArcGIS OBJECTID 63; GHGRP cross-reference 1007891; service geometry 33.95850000000007,-88.99209999999994
us-epa-lmop	7b6e07de7e80c683	424	Atlantic Waste Disposal Inc.	United States	VA	Sussex, VA	37.06925	-77.18108	EPA LMOP-published latitude/longitude attribute and point geometry	Leachate Evaporation	Operational landfill-gas energy project (official map scope; September 2024 data release)	project owner: WM | project developer: WM | landfill owner: WM	2.88 mmscfd total LFG flow to project	landfill gas energy; source category: Direct; source end user(s): WM	12/31/2021	ArcGIS OBJECTID 424; GHGRP cross-reference 1003826; service geometry 37.06925000000007,-77.18107999999995
us-epa-lmop	7b9b5e016ba02651	13	Arecibo Landfill	United States	PR	Arecibo, PR	18.465776	-66.621264	EPA LMOP-published latitude/longitude attribute and point geometry	Reciprocating Engine	Operational landfill-gas energy project (official map scope; September 2024 data release)	project owner: Landfill Gas Technologies, LLC | project developer: Green Fuels Corp.; Landfill Gas Technologies, LLC | landfill owner: Municipality of Arecibo	0.075 MW total capacity; 0.02 mmscfd total LFG flow to project	landfill gas energy; source category: Electricity; source end user(s): Landfill Gas Technologies, LLC	5/30/2014	ArcGIS OBJECTID 13; GHGRP cross-reference 1005158; service geometry 18.465776000000062,-66.62126399999994
us-epa-lmop	7ba49a1cd5156a80	183	Sunshine Canyon Landfill	United States	CA	Los Angeles, CA	34.32352	-118.50294	EPA LMOP-published latitude/longitude attribute and point geometry	Gas Turbine	Operational landfill-gas energy project (official map scope; September 2024 data release)	project owner: Archaea Energy, LLC | project developer: Aria Energy, LLC; DTE Vantage | landfill owner: Republic Services, Inc.	18.83 MW total capacity; 11.474 mmscfd total LFG flow to project	landfill gas energy; source category: Electricity; source end user(s): Pacific Gas and Electric Company (PG&E)	9/1/2014	ArcGIS OBJECTID 183; GHGRP cross-reference 1003679; service geometry 34.32352000000003,-118.50293999999997
us-epa-lmop	7be8369c9d0e51d9	396	Sioux Falls Regional Sanitary Landfill (SFRSL)	United States	SD	Minnehaha, SD	43.5005	-96.93	EPA LMOP-published latitude/longitude attribute and point geometry	Boiler	Operational landfill-gas energy project (official map scope; September 2024 data release)	project owner: City of Sioux Falls, SD | project developer: City of Sioux Falls, SD; POET | landfill owner: City of Sioux Falls, SD	0.6 mmscfd total LFG flow to project	landfill gas energy; source category: Direct; source end user(s): POET	2/28/2009	ArcGIS OBJECTID 396; GHGRP cross-reference 1002656; service geometry 43.500500000000045,-96.92999999999995
us-epa-lmop	7c30b173ede6d101	163	King George Landfill Inc.	United States	VA	King George, VA	38.26964	-77.30596	EPA LMOP-published latitude/longitude attribute and point geometry	Gas Turbine; Cogeneration	Operational landfill-gas energy project (official map scope; September 2024 data release)	project developer: WM Renewable Energy, LLC | landfill owner: King George County, VA	10.8 MW total capacity; 7.42 mmscfd total LFG flow to project	landfill gas energy; source category: Electricity; source end user(s): Constellation; King George County, VA	5/1/2010	ArcGIS OBJECTID 163; GHGRP cross-reference 1007674; service geometry 38.26964000000004,-77.30595999999997
us-epa-lmop	7cfdfe65fd3884b5	273	Tajiguas SLF	United States	CA	Santa Barbara, CA	34.47694	-120.12417	EPA LMOP-published latitude/longitude attribute and point geometry	Cogeneration	Operational landfill-gas energy project (official map scope; September 2024 data release)	project developer: Mustang Renewable Power Ventures | landfill owner: Santa Barbara County, CA		landfill gas energy; source category: Electricity; source end user(s): ReSource Center	7/16/2021	ArcGIS OBJECTID 273; GHGRP cross-reference 1002634; service geometry 34.47694000000007,-120.12416999999999
us-epa-lmop	7d062acad245e37a	89	Davis County Landfill	United States	UT	Davis, UT	41.114	-111.931	EPA LMOP-published latitude/longitude attribute and point geometry	Reciprocating Engine	Operational landfill-gas energy project (official map scope; September 2024 data release)	project owner: Nodal Power | project developer: Nodal Power | landfill owner: Wasatch Integrated Waste Management District, UT	1.3 MW total capacity; 0.864 mmscfd total LFG flow to project	landfill gas energy; source category: Electricity; source end user(s): Nodal Power	1/1/2023	ArcGIS OBJECTID 89; GHGRP cross-reference 1007282; service geometry 41.11400000000003,-111.93099999999998
us-epa-lmop	7d1ec1ab7f480f19	10	Anderson Regional Landfill	United States	SC	Anderson, SC	34.5752	-82.458	EPA LMOP-published latitude/longitude attribute and point geometry	Reciprocating Engine	Operational landfill-gas energy project (official map scope; September 2024 data release)	project owner: Santee Cooper | project developer: Santee Cooper | landfill owner: Waste Connections, Inc.	0.97 MW total capacity; 0.58 mmscfd total LFG flow to project	landfill gas energy; source category: Electricity; source end user(s): Santee Cooper	10/1/2008	ArcGIS OBJECTID 10; GHGRP cross-reference 1002813; service geometry 34.57520000000005,-82.45799999999997
us-epa-lmop	7d3c4bb50aa9f329	340	Yolo County Central LF	United States	CA	Yolo, CA	38.59028	-121.69222	EPA LMOP-published latitude/longitude attribute and point geometry	Reciprocating Engine	Operational landfill-gas energy project (official map scope; September 2024 data release)	project owner: Yolo County, CA | project developer: NEO Corporation | landfill owner: Yolo County, CA	2.2 MW total capacity; 1.361 mmscfd total LFG flow to project	landfill gas energy; source category: Electricity; source end user(s): Sacramento Municipal Utility District (SMUD)	3/1/1997	ArcGIS OBJECTID 340; GHGRP cross-reference 1011371; service geometry 38.590280000000064,-121.69221999999996
us-epa-lmop	7d5f19e6c69eafe1	27	Conestoga LF; Lanchester LF	United States	PA	Berks; Lancaster, PA	40.1067	-75.9456	EPA LMOP-published latitude/longitude attribute and point geometry	Cogeneration	Operational landfill-gas energy project (official map scope; September 2024 data release)	project developer: Dart Corporation | landfill owner: Republic Services, Inc.; Chester County Solid Waste Authority, PA	11.4 MW total capacity	landfill gas energy; source category: Electricity; source end user(s): Dart Corporation	12/2/2011	ArcGIS OBJECTID 27; GHGRP cross-reference 1002556; 1002391; service geometry 40.106700000000046,-75.94559999999996
us-epa-lmop	7e3c227e8950d235	74	Mesquite Creek LF	United States	TX	Comal, TX	29.732474	-98.020419	EPA LMOP-published latitude/longitude attribute and point geometry	Reciprocating Engine	Operational landfill-gas energy project (official map scope; September 2024 data release)	project owner: WM Renewable Energy, LLC | project developer: WM Renewable Energy, LLC | landfill owner: WM	2.36 MW total capacity; 1.3 mmscfd total LFG flow to project	landfill gas energy; source category: Electricity; source end user(s): New Braunfels Municipal Utility	12/31/2010	ArcGIS OBJECTID 74; GHGRP cross-reference 1007893; service geometry 29.732474000000025,-98.02041899999995
us-epa-lmop	7ec05d2b35b0a9b4	360	Acme LF	United States	CA	Contra Costa, CA	38.034	-122.09056	EPA LMOP-published latitude/longitude attribute and point geometry	Boiler	Operational landfill-gas energy project (official map scope; September 2024 data release)	project developer: Acme Fill Corporation | landfill owner: Acme Fill Corporation	1.5 mmscfd total LFG flow to project	landfill gas energy; source category: Direct; source end user(s): Central Contra Costa Sanitary District	1/1/1982	ArcGIS OBJECTID 360; GHGRP cross-reference not provided; service geometry 38.03400000000005,-122.09055999999998
us-epa-lmop	802063b657f70305	515	Westside Recycling and Disposal Facility	United States	MI	St. Joseph, MI	41.91555	-85.692	EPA LMOP-published latitude/longitude attribute and point geometry	Vehicle Fuel	Operational landfill-gas energy project (official map scope; September 2024 data release)	project owner: DTE Vantage | project developer: Biogas Energy, LP | landfill owner: WM	1.684 mmscfd total LFG flow to project	landfill gas energy; source category: Renewable Natural Gas; source end user(s): DTE Energy; Los Angeles Department of Water & Power (LADWP); Shell Energy North America	1/1/1999	ArcGIS OBJECTID 515; GHGRP cross-reference 1007831; service geometry 41.91555000000005,-85.69199999999995
us-epa-lmop	807ac7c8c75cfe9b	259	Morehead Landfill Inc.	United States	KY	Rowan, KY	38.189024	-83.542983	EPA LMOP-published latitude/longitude attribute and point geometry	Reciprocating Engine	Operational landfill-gas energy project (official map scope; September 2024 data release)	project owner: North American Bio Fuels | project developer: North American Bio Fuels | landfill owner: WM	0.94 MW total capacity; 0.47 mmscfd total LFG flow to project	landfill gas energy; source category: Electricity; source end user(s): Fleming-Mason Energy	10/9/2019	ArcGIS OBJECTID 259; GHGRP cross-reference 1001642; service geometry 38.189024000000074,-83.54298299999994
us-epa-lmop	80ea0847d49c8a49	142	Old Dominion LF	United States	VA	Henrico, VA	37.508	-77.376	EPA LMOP-published latitude/longitude attribute and point geometry	Reciprocating Engine	Operational landfill-gas energy project (official map scope; September 2024 data release)	project developer: Fortistar Methane Group | landfill owner: Republic Services, Inc.	0.28 MW total capacity; 0.185 mmscfd total LFG flow to project	landfill gas energy; source category: Electricity; source end user(s): Old Dominion Electric Cooperative	1/4/2012	ArcGIS OBJECTID 142; GHGRP cross-reference 1006252; service geometry 37.50800000000004,-77.37599999999998
us-epa-lmop	8168ca712a238c81	148	Alpha Ridge SLF	United States	MD	Howard, MD	39.305776	-76.898803	EPA LMOP-published latitude/longitude attribute and point geometry	Reciprocating Engine	Operational landfill-gas energy project (official map scope; September 2024 data release)	project developer: Pepco Energy Services, Inc. | landfill owner: Howard County, MD	0.19 MW total capacity; 0.087 mmscfd total LFG flow to project	landfill gas energy; source category: Electricity; source end user(s): Howard County, MD; PJM Interconnection, LLC	9/21/2012	ArcGIS OBJECTID 148; GHGRP cross-reference 1007291; service geometry 39.30577600000004,-76.89880299999999
us-epa-lmop	81a98974a5dab3d1	362	Crow Wing County SLF	United States	MN	Crow Wing, MN	46.4305	-94.0683	EPA LMOP-published latitude/longitude attribute and point geometry	Boiler	Operational landfill-gas energy project (official map scope; September 2024 data release)	project developer: Crow Wing County, MN | landfill owner: Crow Wing County, MN	0.04 mmscfd total LFG flow to project	landfill gas energy; source category: Direct; source end user(s): Crow Wing County SLF (new)	10/1/2009	ArcGIS OBJECTID 362; GHGRP cross-reference 1004863; service geometry 46.43050000000005,-94.06829999999997
us-epa-lmop	8228709317c2e5d5	462	Greentree Landfill	United States	PA	Elk, PA	41.2953	-78.6469	EPA LMOP-published latitude/longitude attribute and point geometry	Electricity	Operational landfill-gas energy project (official map scope; September 2024 data release)	project owner: Fortistar Methane Group | project developer: American Exploration; EDF Renewable Energy | landfill owner: Noble Environmental	4.384 mmscfd total LFG flow to project	landfill gas energy; source category: Renewable Natural Gas; source end user(s): Shell Energy North America	7/1/2007	ArcGIS OBJECTID 462; GHGRP cross-reference 1001643; service geometry 41.295300000000054,-78.64689999999996
us-epa-lmop	82a00bdb76f5a437	485	Jefferson Parish SLF; River Birch Landfill	United States	LA	Jefferson, LA	29.932	-90.258	EPA LMOP-published latitude/longitude attribute and point geometry	Vehicle Fuel	Operational landfill-gas energy project (official map scope; September 2024 data release)	project owner: Renewable Energy of Jefferson, LLC | project developer: River Birch, Inc. | landfill owner: Jefferson Parish Department of Environmental Affairs, LA; River Birch, Inc.	8.09 mmscfd total LFG flow to project	landfill gas energy; source category: Renewable Natural Gas; source end user(s): Atmos Energy Corporation	6/1/2010	ArcGIS OBJECTID 485; GHGRP cross-reference 1002587; 1005717; service geometry 29.932000000000073,-90.25799999999998
us-epa-lmop	831ec2583523a8b9	210	Monterey Peninsula SLF	United States	CA	Monterey, CA	36.71333	-121.76667	EPA LMOP-published latitude/longitude attribute and point geometry	Reciprocating Engine; Cogeneration	Operational landfill-gas energy project (official map scope; September 2024 data release)	project developer: Biogas Energy Solutions, LLC | landfill owner: Monterey Regional Waste Management District, CA	5.044 MW total capacity; 2 mmscfd total LFG flow to project	landfill gas energy; source category: Electricity; source end user(s): Monterey Regional Waste Management District, CA	1/1/1983	ArcGIS OBJECTID 210; GHGRP cross-reference 1004550; service geometry 36.71333000000004,-121.76666999999998
us-epa-lmop	83246f9674ee1475	522	New River Regional LF	United States	FL	Union, FL	30.0932	-82.2052	EPA LMOP-published latitude/longitude attribute and point geometry	Vehicle Fuel	Operational landfill-gas energy project (official map scope; September 2024 data release)	project developer: Fortistar Methane Group | landfill owner: New River Solid Waste Association, FL		landfill gas energy; source category: Renewable Natural Gas; source end user(s): OPAL Fuels Inc.	1/5/2023	ArcGIS OBJECTID 522; GHGRP cross-reference 1005630; service geometry 30.093200000000024,-82.20519999999993
us-epa-lmop	83337b3a39e62f1e	229	Onslow County LF	United States	NC	Onslow, NC	34.7872	-77.5309	EPA LMOP-published latitude/longitude attribute and point geometry	Reciprocating Engine	Operational landfill-gas energy project (official map scope; September 2024 data release)	project developer: Enerdyne Power Systems, Inc. | landfill owner: Onslow County Solid Waste Department, NC	1.22 MW total capacity; 0.65 mmscfd total LFG flow to project	landfill gas energy; source category: Electricity; source end user(s): Duke Energy Progress	11/20/2013	ArcGIS OBJECTID 229; GHGRP cross-reference 1001953; service geometry 34.78720000000004,-77.53089999999997
us-epa-lmop	83462ef7477e2f98	244	Western Regional SLF	United States	CA	Placer, CA	38.83583	-121.34472	EPA LMOP-published latitude/longitude attribute and point geometry	Reciprocating Engine	Operational landfill-gas energy project (official map scope; September 2024 data release)	project owner: Energy 2001, Inc. | project developer: APTIM; Energy 2001, Inc. | landfill owner: Western Placer Waste Management Authority, CA	3.12 MW total capacity; 1.8 mmscfd total LFG flow to project	landfill gas energy; source category: Electricity; source end user(s): Marin Clean Energy (MCE)	7/1/2004	ArcGIS OBJECTID 244; GHGRP cross-reference 1006501; service geometry 38.835830000000044,-121.34471999999994
us-epa-lmop	84c7fc7a5fec5a53	310	Toa Baja LF	United States	PR	Toa Baja, PR	18.421713	-66.204524	EPA LMOP-published latitude/longitude attribute and point geometry	Reciprocating Engine	Operational landfill-gas energy project (official map scope; September 2024 data release)	project owner: Landfill Gas Technologies, LLC | project developer: Green Fuels Corp.; Landfill Gas Technologies, LLC | landfill owner: Municipality of Toa Baja, PR	2.4 MW total capacity; 1.224 mmscfd total LFG flow to project	landfill gas energy; source category: Electricity; source end user(s): Electric Energy Authority (AEE) / Puerto Rico Electric Power Authority (PREPA)	7/21/2017	ArcGIS OBJECTID 310; GHGRP cross-reference 1005166; service geometry 18.421713000000068,-66.20452399999994
us-epa-lmop	8569a081b29b4463	144	Hernando County Northwest Landfill	United States	FL	Hernando, FL	28.66735	-82.486788	EPA LMOP-published latitude/longitude attribute and point geometry	Reciprocating Engine	Operational landfill-gas energy project (official map scope; September 2024 data release)	project owner: Archaea Energy, LLC | project developer: Timberline Energy, LLC | landfill owner: Hernando County, FL	1.43 MW total capacity; 0.729 mmscfd total LFG flow to project	landfill gas energy; source category: Electricity; source end user(s): Seminole Electric Cooperative, Inc.	10/7/2008	ArcGIS OBJECTID 144; GHGRP cross-reference 1002008; service geometry 28.667350000000056,-82.48678799999999
us-epa-lmop	864efdabe177f8f0	201	Edison Township SLF; Industrial Land Reclaiming (ILR) LF; Middlesex County LF	United States	NJ	Middlesex, NJ	40.4688	-74.3961	EPA LMOP-published latitude/longitude attribute and point geometry	Combined Cycle	Operational landfill-gas energy project (official map scope; September 2024 data release)	project developer: National Energy Resource Corporation (NERC) | landfill owner: Edison Township; Industrial Land Reclaiming; Middlesex County Utilities Authority, NJ	20 MW total capacity; 7.56 mmscfd total LFG flow to project	landfill gas energy; source category: Electricity; source end user(s): Public Service Electric & Gas Company (PSE&G)	1/1/2001	ArcGIS OBJECTID 201; GHGRP cross-reference 1007298; service geometry 40.468800000000044,-74.39609999999993
us-epa-lmop	865bdd4d7904f08f	322	Carleton Farms Landfill	United States	MI	Wayne, MI	42.09394	-83.42973	EPA LMOP-published latitude/longitude attribute and point geometry	Reciprocating Engine	Operational landfill-gas energy project (official map scope; September 2024 data release)	project owner: Energy Power Partners; Sumpter Energy Associates | project developer: Aria Energy, LLC; Sumpter Energy Associates | landfill owner: Republic Services, Inc.	8.6 MW total capacity; 5.62 mmscfd total LFG flow to project	landfill gas energy; source category: Electricity; source end user(s): DTE Energy	7/1/1998	ArcGIS OBJECTID 322; GHGRP cross-reference 1007521; service geometry 42.09394000000003,-83.42972999999995
us-epa-lmop	87c7b821b051145b	449	Granger Wood Street Landfill	United States	MI	Clinton, MI	42.76355	-84.55778	EPA LMOP-published latitude/longitude attribute and point geometry	Vehicle Fuel	Operational landfill-gas energy project (official map scope; September 2024 data release)	project owner: EDL Energy | project developer: EDL Energy | landfill owner: Granger Waste Management Corp.	0.435 mmscfd total LFG flow to project	landfill gas energy; source category: Renewable Natural Gas; source end user(s): BP Products North America; Consumers Energy	12/31/2021	ArcGIS OBJECTID 449; GHGRP cross-reference 1006737; service geometry 42.763550000000066,-84.55777999999998
us-epa-lmop	889e3f8ef0f51646	292	Sonoma County Central Disposal Site	United States	CA	Sonoma, CA	38.29694	-122.74222	EPA LMOP-published latitude/longitude attribute and point geometry	Reciprocating Engine	Operational landfill-gas energy project (official map scope; September 2024 data release)	project owner: Sonoma County, CA | project developer: Aria Energy, LLC | landfill owner: Sonoma County, CA	2.16 MW total capacity; 1.376 mmscfd total LFG flow to project	landfill gas energy; source category: Electricity; source end user(s): Sonoma County Water Agency	3/1/1994	ArcGIS OBJECTID 292; GHGRP cross-reference 1004123; service geometry 38.29694000000006,-122.74221999999997
us-epa-lmop	89b672f912fd7be3	275	All Purpose Landfill	United States	CA	Santa Clara, CA	37.41639	-121.97056	EPA LMOP-published latitude/longitude attribute and point geometry	Microturbine	Operational landfill-gas energy project (official map scope; September 2024 data release)	project owner: Ameresco, Inc. | project developer: Ameresco, Inc. | landfill owner: City of Santa Clara, CA	0.4 MW total capacity; 0.197 mmscfd total LFG flow to project	landfill gas energy; source category: Electricity; source end user(s): Silicon Valley Power, City of Santa Clara, CA	12/18/2009	ArcGIS OBJECTID 275; GHGRP cross-reference 1004335; service geometry 37.416390000000035,-121.97055999999998
us-epa-lmop	8a2da9b3265a1bec	81	South Barrington Landfill	United States	IL	Cook, IL	42.0816	-88.13	EPA LMOP-published latitude/longitude attribute and point geometry	Reciprocating Engine	Operational landfill-gas energy project (official map scope; September 2024 data release)	project owner: Fortistar Methane Group | landfill owner: Republic Services, Inc.	1.6 MW total capacity; 0.6 mmscfd total LFG flow to project	landfill gas energy; source category: Electricity; source end user(s): Commonwealth Edison Company (ComEd)	1/1/1997	ArcGIS OBJECTID 81; GHGRP cross-reference 1007702; service geometry 42.08160000000004,-88.12999999999994
us-epa-lmop	8a79fe80688c0135	521	Northeast Mississippi Regional Landfill	United States	MS	Tippah, MS	34.9477	-88.93775	EPA LMOP-published latitude/longitude attribute and point geometry	Vehicle Fuel	Operational landfill-gas energy project (official map scope; September 2024 data release)	project developer: Air Liquide Biogas | landfill owner: Northeast Mississippi Solid Waste Management Authority	1.55 mmscfd total LFG flow to project	landfill gas energy; source category: Renewable Natural Gas; source end user(s): Kinder Morgan	4/19/2018	ArcGIS OBJECTID 521; GHGRP cross-reference 1005282; service geometry 34.947700000000054,-88.93774999999994
us-epa-lmop	8a976495f36db6f5	377	Hanover 301 LF	United States	VA	Hanover, VA	37.7532	-77.3564	EPA LMOP-published latitude/longitude attribute and point geometry	Direct Thermal	Operational landfill-gas energy project (official map scope; September 2024 data release)	project developer: Hanover County, VA | landfill owner: Hanover County, VA	0.015 mmscfd total LFG flow to project	landfill gas energy; source category: Direct; source end user(s): Hanover County, VA	6/15/2008	ArcGIS OBJECTID 377; GHGRP cross-reference not provided; service geometry 37.75320000000005,-77.35639999999995
us-epa-lmop	8ad744e841343c67	206	High Acres LF and Recycling Center	United States	NY	Monroe, NY	43.08695	-77.37943	EPA LMOP-published latitude/longitude attribute and point geometry	Reciprocating Engine	Operational landfill-gas energy project (official map scope; September 2024 data release)	project owner: WM Renewable Energy, LLC | project developer: Bio Energy Partners; WM Renewable Energy, LLC | landfill owner: WM	8.38 MW total capacity; 4.31 mmscfd total LFG flow to project	landfill gas energy; source category: Electricity; source end user(s): Constellation	1/1/1991	ArcGIS OBJECTID 206; GHGRP cross-reference 1007648; service geometry 43.08695000000006,-77.37942999999996
us-epa-lmop	8ae2dbd53aba152d	122	Gaston County LF	United States	NC	Gaston, NC	35.3886	-81.1718	EPA LMOP-published latitude/longitude attribute and point geometry	Reciprocating Engine	Operational landfill-gas energy project (official map scope; September 2024 data release)	project owner: Gaston County, NC | project developer: Gaston County, NC | landfill owner: Gaston County, NC	2.61 MW total capacity; 1.21 mmscfd total LFG flow to project	landfill gas energy; source category: Electricity; source end user(s): Duke Energy	8/31/2011	ArcGIS OBJECTID 122; GHGRP cross-reference 1005137; service geometry 35.388600000000054,-81.17179999999996
us-epa-lmop	8b8aac91249d4596	345	Maplewood Recycling & Waste Disposal	United States	VA	Amelia, VA	37.307	-78.0634	EPA LMOP-published latitude/longitude attribute and point geometry	Leachate Evaporation	Operational landfill-gas energy project (official map scope; September 2024 data release)	project owner: WM | project developer: WM | landfill owner: WM	0.78 mmscfd total LFG flow to project	landfill gas energy; source category: Direct	1/1/2022	ArcGIS OBJECTID 345; GHGRP cross-reference 1007610; service geometry 37.30700000000007,-78.06339999999994
us-epa-lmop	8bfafc9f68191940	507	Sarpy County SLF	United States	NE	Sarpy, NE	41.0993	-96.1628	EPA LMOP-published latitude/longitude attribute and point geometry	Vehicle Fuel	Operational landfill-gas energy project (official map scope; September 2024 data release)	project owner: BioResource Development, LLC | project developer: BioResource Development, LLC | landfill owner: Sarpy County, NE	1.02 mmscfd total LFG flow to project	landfill gas energy; source category: Renewable Natural Gas; source end user(s): Black Hills Corporation	7/12/2018	ArcGIS OBJECTID 507; GHGRP cross-reference 1001935; service geometry 41.09930000000003,-96.16279999999995
us-epa-lmop	8c5417b3708452e4	390	Lycoming County Landfill	United States	PA	Lycoming, PA	41.1519	-76.9194	EPA LMOP-published latitude/longitude attribute and point geometry	Boiler	Operational landfill-gas energy project (official map scope; September 2024 data release)	project owner: Lycoming County Resource Management Services, PA | project developer: Lycoming County Resource Management Services, PA | landfill owner: Lycoming County Resource Management Services, PA	0.003 mmscfd total LFG flow to project	landfill gas energy; source category: Direct; source end user(s): Lycoming County Resource Management Services, PA	1/1/2003	ArcGIS OBJECTID 390; GHGRP cross-reference 1004218; service geometry 41.15190000000007,-76.91939999999994
us-epa-lmop	8cd1aea7ca0c86a6	464	Blue Ridge LF	United States	TX	Fort Bend, TX	29.5559	-95.4419	EPA LMOP-published latitude/longitude attribute and point geometry	Vehicle Fuel	Operational landfill-gas energy project (official map scope; September 2024 data release)	project owner: Morrow Energy | project developer: Morrow Energy | landfill owner: Republic Services, Inc.	13.26 mmscfd total LFG flow to project	landfill gas energy; source category: Renewable Natural Gas; source end user(s): Anew Climate, LLC; L'Oreal USA	11/30/2018	ArcGIS OBJECTID 464; GHGRP cross-reference 1005891; service geometry 29.555900000000065,-95.44189999999998
us-epa-lmop	8d3c16341f4a79ee	319	Arbor Hills Landfill	United States	MI	Washtenaw, MI	42.40684	-83.55579	EPA LMOP-published latitude/longitude attribute and point geometry	Combined Cycle; Gas Turbine	Operational landfill-gas energy project (official map scope; September 2024 data release)	project owner: Fortistar Methane Group | project developer: Fortistar Methane Group | landfill owner: GFL Environmental USA Inc.	13.49 MW total capacity; 9.71 mmscfd total LFG flow to project	landfill gas energy; source category: Electricity; source end user(s): DTE Energy	1/1/1996	ArcGIS OBJECTID 319; GHGRP cross-reference 1008034; service geometry 42.406840000000045,-83.55578999999994
us-epa-lmop	8d85bdb6b0f57e7f	456	Dane County LF #2-Rodefeld	United States	WI	Dane, WI	43.045	-89.254	EPA LMOP-published latitude/longitude attribute and point geometry	Vehicle Fuel	Operational landfill-gas energy project (official map scope; September 2024 data release)	project owner: Dane County Waste & Renewables, WI | project developer: BIOFerm Energy Systems | landfill owner: Dane County Waste & Renewables, WI	2.16 mmscfd total LFG flow to project	landfill gas energy; source category: Renewable Natural Gas; source end user(s): ANR Pipeline Company; Kwik Trip	4/23/2019	ArcGIS OBJECTID 456; GHGRP cross-reference 1006096; service geometry 43.04500000000007,-89.25399999999996
us-epa-lmop	8daf6a9518c962fb	418	Cedar Hill Landfill	United States	AL	St. Clair, AL	33.68345	-86.25272	EPA LMOP-published latitude/longitude attribute and point geometry	Leachate Evaporation	Operational landfill-gas energy project (official map scope; September 2024 data release)	project owner: WM | project developer: Advanced Disposal Services; WM | landfill owner: WM	0.574 mmscfd total LFG flow to project	landfill gas energy; source category: Direct; source end user(s): WM	1/1/2020	ArcGIS OBJECTID 418; GHGRP cross-reference 1001633; service geometry 33.68345000000005,-86.25271999999995
us-epa-lmop	8e5712768cc6a46f	334	Winnebago County Sunnyview Landfill	United States	WI	Winnebago, WI	44.08261	-88.54592	EPA LMOP-published latitude/longitude attribute and point geometry	Cogeneration	Operational landfill-gas energy project (official map scope; September 2024 data release)	project developer: Winnebago County, WI | landfill owner: Winnebago County, WI	0.53 MW total capacity; 0.173 mmscfd total LFG flow to project	landfill gas energy; source category: Electricity; source end user(s): Winnebago Sheriffs Office; Wisconsin Public Service Corporation	4/1/2007	ArcGIS OBJECTID 334; GHGRP cross-reference 1007224; service geometry 44.082610000000045,-88.54591999999997
us-epa-lmop	8e77da68c9f3920e	45	Buncombe County New Landfill	United States	NC	Buncombe, NC	35.7272	-82.644	EPA LMOP-published latitude/longitude attribute and point geometry	Reciprocating Engine	Operational landfill-gas energy project (official map scope; September 2024 data release)	project owner: Buncombe County Department of Solid Waste, NC | project developer: Buncombe County Department of Solid Waste, NC | landfill owner: Buncombe County Department of Solid Waste, NC	1.17 MW total capacity; 0.344 mmscfd total LFG flow to project	landfill gas energy; source category: Electricity; source end user(s): Duke Energy Progress	11/21/2011	ArcGIS OBJECTID 45; GHGRP cross-reference 1001775; service geometry 35.72720000000004,-82.64399999999995
us-epa-lmop	8e7c4d644dfa83ed	50	C&C Landfill	United States	MI	Calhoun, MI	42.36108	-85.0087	EPA LMOP-published latitude/longitude attribute and point geometry	Reciprocating Engine; Gas Turbine	Operational landfill-gas energy project (official map scope; September 2024 data release)	project owner: Fortistar Methane Group | project developer: Gas Recovery Systems, LLC | landfill owner: Republic Services, Inc.	3.02 MW total capacity; 2.353 mmscfd total LFG flow to project	landfill gas energy; source category: Electricity; source end user(s): Consumers Energy	1/1/1995	ArcGIS OBJECTID 50; GHGRP cross-reference 1003620; service geometry 42.36108000000007,-85.00869999999998
us-epa-lmop	8e9af93aac68b31d	119	Orange Avenue Disposal Inc.	United States	CA	Fresno, CA	36.68694	-119.76306	EPA LMOP-published latitude/longitude attribute and point geometry	Reciprocating Engine	Operational landfill-gas energy project (official map scope; September 2024 data release)	project developer: Caglia Environmental | landfill owner: Caglia Environmental	0.22 MW total capacity	landfill gas energy; source category: Electricity; source end user(s): Cedar Avenue Recycling and Transfer Station (CARTS)	11/30/2015	ArcGIS OBJECTID 119; GHGRP cross-reference not provided; service geometry 36.68694000000005,-119.76305999999994
us-epa-lmop	8f0049cca2fa87f2	432	Cranberry Creek Landfill LLC	United States	WI	Wood, WI	44.40918	-89.85482	EPA LMOP-published latitude/longitude attribute and point geometry	Boiler	Operational landfill-gas energy project (official map scope; September 2024 data release)	landfill owner: WM	1.22 mmscfd total LFG flow to project	landfill gas energy; source category: Direct; source end user(s): Ocean Spray Cranberries, Inc.	10/15/2005	ArcGIS OBJECTID 432; GHGRP cross-reference 1001845; service geometry 44.40918000000005,-89.85481999999996
us-epa-lmop	8f1052285b075b18	269	Foothill Sanitary Landfill, Inc.	United States	CA	San Joaquin, CA	38.0371	-120.94489	EPA LMOP-published latitude/longitude attribute and point geometry	Reciprocating Engine	Operational landfill-gas energy project (official map scope; September 2024 data release)	project developer: Ameresco, Inc. | landfill owner: San Joaquin County, CA	3.36 MW total capacity; 1.58 mmscfd total LFG flow to project	landfill gas energy; source category: Electricity; source end user(s): Silicon Valley Power, City of Santa Clara, CA	4/24/2014	ArcGIS OBJECTID 269; GHGRP cross-reference 1007198; service geometry 38.037100000000066,-120.94488999999999
us-epa-lmop	8f23b54afe9126bc	224	Eagle Valley RDF	United States	MI	Oakland, MI	42.72265	-83.25478	EPA LMOP-published latitude/longitude attribute and point geometry	Reciprocating Engine	Operational landfill-gas energy project (official map scope; September 2024 data release)	project developer: General Motors Company | landfill owner: WM	5.67 MW total capacity; 3.15 mmscfd total LFG flow to project	landfill gas energy; source category: Electricity; source end user(s): General Motors Company	5/1/2014	ArcGIS OBJECTID 224; GHGRP cross-reference 1003259; service geometry 42.722650000000044,-83.25477999999998
us-epa-lmop	8fbc6efba9254b84	69	Granger Grand River LF	United States	MI	Clinton, MI	42.7896	-84.6935	EPA LMOP-published latitude/longitude attribute and point geometry	Reciprocating Engine	Operational landfill-gas energy project (official map scope; September 2024 data release)	project developer: Granger Energy | landfill owner: Granger Waste Management Corp.	0.86 MW total capacity; 0.488 mmscfd total LFG flow to project	landfill gas energy; source category: Electricity; source end user(s): Lansing Board of Water & Light	4/10/1991	ArcGIS OBJECTID 69; GHGRP cross-reference 1002720; service geometry 42.789600000000064,-84.69349999999997
us-epa-lmop	90620387f1ba1b85	326	Denver Regional Landfill (North); Front Range Landfill; Denver Regional Landfill (South)	United States	CO	Weld, CO	40.02918	-105.02982	EPA LMOP-published latitude/longitude attribute and point geometry	Reciprocating Engine	Operational landfill-gas energy project (official map scope; September 2024 data release)	project owner: Archaea Energy, LLC; Timberline Energy, LLC | project developer: Aria Energy, LLC; Timberline Energy, LLC | landfill owner: Republic Services, Inc.; Waste Connections Inc. - Central Region	1.62 MW total capacity; 1.27 mmscfd total LFG flow to project	landfill gas energy; source category: Electricity; source end user(s): United Power Cooperative	10/1/2011	ArcGIS OBJECTID 326; GHGRP cross-reference 1007700; 1003911; 1005633; service geometry 40.02918000000005,-105.02981999999997
us-epa-lmop	90cfd49b70e08ae6	28	Southeast Berrien County Landfill	United States	MI	Berrien, MI	41.81354	-86.32723	EPA LMOP-published latitude/longitude attribute and point geometry	Reciprocating Engine	Operational landfill-gas energy project (official map scope; September 2024 data release)	project owner: North American Natural Resources, Inc. (NANR) | project developer: North American Natural Resources, Inc. (NANR) | landfill owner: SE Berrien County Landfill Authority	4.32 MW total capacity; 2.09 mmscfd total LFG flow to project	landfill gas energy; source category: Electricity; source end user(s): Holland Board of Public Works	6/1/2009	ArcGIS OBJECTID 28; GHGRP cross-reference 1004025; service geometry 41.813540000000046,-86.32722999999999
us-epa-lmop	90deeffe007bc0e8	123	Citizens Disposal Landfill	United States	MI	Genesee, MI	42.91468	-83.72249	EPA LMOP-published latitude/longitude attribute and point geometry	Cogeneration	Operational landfill-gas energy project (official map scope; September 2024 data release)	project developer: Granger Energy | landfill owner: Republic Services, Inc.	6 MW total capacity; 3.45 mmscfd total LFG flow to project	landfill gas energy; source category: Electricity; source end user(s): Consumers Energy; Michigan Public Power Agency (MPPA)	7/1/1994	ArcGIS OBJECTID 123; GHGRP cross-reference 1004976; service geometry 42.91468000000003,-83.72248999999994
us-epa-lmop	91bf5137112887fe	308	WI Taylor County Disposal, LLC	United States	GA	Taylor, GA	32.462263	-84.371526	EPA LMOP-published latitude/longitude attribute and point geometry	Reciprocating Engine	Operational landfill-gas energy project (official map scope; September 2024 data release)	project developer: EDL Energy | landfill owner: GFL Environmental USA Inc.	3.49 MW total capacity; 2.11 mmscfd total LFG flow to project	landfill gas energy; source category: Electricity; source end user(s): Green Power EMC	10/1/2003	ArcGIS OBJECTID 308; GHGRP cross-reference 1007124; service geometry 32.462263000000064,-84.37152599999996
us-epa-lmop	91ceeba48480584d	402	J.E.D. Solid Waste Management Facility	United States	FL	Osceola, FL	28.064	-81.098	EPA LMOP-published latitude/longitude attribute and point geometry	Leachate Evaporation	Operational landfill-gas energy project (official map scope; September 2024 data release)	landfill owner: Waste Connections, Inc.	0.129 mmscfd total LFG flow to project	landfill gas energy; source category: Direct; source end user(s): Waste Connections, Inc.	1/1/2020	ArcGIS OBJECTID 402; GHGRP cross-reference 1004752; service geometry 28.064000000000078,-81.09799999999996
us-epa-lmop	923890a669eab047	145	Four Hills Landfill	United States	NH	Hillsborough, NH	42.728	-71.518	EPA LMOP-published latitude/longitude attribute and point geometry	Reciprocating Engine	Operational landfill-gas energy project (official map scope; September 2024 data release)	project owner: Energy Power Partners | project developer: PPL Corporation | landfill owner: City of Nashua, NH	1.63 MW total capacity; 1.03 mmscfd total LFG flow to project	landfill gas energy; source category: Electricity; source end user(s): City of Nashua, NH	3/8/1996	ArcGIS OBJECTID 145; GHGRP cross-reference 1004751; service geometry 42.728000000000065,-71.51799999999997
us-epa-lmop	928e694aebb10ba5	399	Newport News City Landfill No. 2	United States	VA	Newport News city, VA	37.1475	-76.539	EPA LMOP-published latitude/longitude attribute and point geometry	Boiler	Operational landfill-gas energy project (official map scope; September 2024 data release)	landfill owner: City of Newport News, VA	0.34 mmscfd total LFG flow to project	landfill gas energy; source category: Direct; source end user(s): Denbigh Community Center; Mary Passage Middle School	6/30/2013	ArcGIS OBJECTID 399; GHGRP cross-reference 1005783; service geometry 37.147500000000036,-76.53899999999999
us-epa-lmop	93078d693224ded7	294	Wellford LF	United States	SC	Spartanburg, SC	34.99667	-82.13861	EPA LMOP-published latitude/longitude attribute and point geometry	Reciprocating Engine	Operational landfill-gas energy project (official map scope; September 2024 data release)	project developer: Lockhart Power Company | landfill owner: Spartanburg County Public Works Department, SC	0.03 MW total capacity; 0.014 mmscfd total LFG flow to project	landfill gas energy; source category: Electricity; source end user(s): Duke Energy	5/31/2011	ArcGIS OBJECTID 294; GHGRP cross-reference 1004251; service geometry 34.99667000000005,-82.13860999999997
us-epa-lmop	93de8553ef9264d8	42	Brunswick Waste Management Facility	United States	VA	Brunswick, VA	36.745	-77.8035	EPA LMOP-published latitude/longitude attribute and point geometry	Reciprocating Engine	Operational landfill-gas energy project (official map scope; September 2024 data release)	project owner: Archaea Energy, LLC | project developer: INGENCO | landfill owner: Republic Services, Inc.	5.12 MW total capacity; 2.531 mmscfd total LFG flow to project	landfill gas energy; source category: Electricity; source end user(s): PJM Interconnection, LLC	12/6/2007	ArcGIS OBJECTID 42; GHGRP cross-reference 1007680; service geometry 36.74500000000006,-77.80349999999999
us-epa-lmop	9414592aa8be4103	393	South Side Landfill Inc.	United States	IN	Marion, IN	39.72794	-86.20847	EPA LMOP-published latitude/longitude attribute and point geometry	Boiler	Operational landfill-gas energy project (official map scope; September 2024 data release)	project developer: Granger Energy | landfill owner: 600 Land, Inc.	0.72 mmscfd total LFG flow to project	landfill gas energy; source category: Direct; source end user(s): Vertellus	6/30/2009	ArcGIS OBJECTID 393; GHGRP cross-reference 1002683; service geometry 39.727940000000046,-86.20846999999998
us-epa-lmop	94ce92e5ae98d047	140	Twin Bridges RDF	United States	IN	Hendricks, IN	39.75	-86.5	EPA LMOP-published latitude/longitude attribute and point geometry	Reciprocating Engine	Operational landfill-gas energy project (official map scope; September 2024 data release)	project developer: Wabash Valley Power Alliance; WM Renewable Energy, LLC | landfill owner: WM	6.72 MW total capacity; 3.012 mmscfd total LFG flow to project	landfill gas energy; source category: Electricity; source end user(s): Wabash Valley Power Alliance	9/1/1994	ArcGIS OBJECTID 140; GHGRP cross-reference 1007638; service geometry 39.75000000000006,-86.49999999999994
us-epa-lmop	955e9e75da6a652b	520	Arlington LF	United States	TX	Tarrant, TX	32.8	-97.108334	EPA LMOP-published latitude/longitude attribute and point geometry	Vehicle Fuel	Operational landfill-gas energy project (official map scope; September 2024 data release)	project owner: Kinder Morgan | landfill owner: City of Arlington, TX	3.57 mmscfd total LFG flow to project	landfill gas energy; source category: Renewable Natural Gas	12/1/2019	ArcGIS OBJECTID 520; GHGRP cross-reference 1002645; service geometry 32.80000000000007,-97.10833399999996
us-epa-lmop	957cb0860e29a8a6	242	Land Recovery Landfill	United States	WA	Pierce, WA	46.971	-122.2905	EPA LMOP-published latitude/longitude attribute and point geometry	Reciprocating Engine	Operational landfill-gas energy project (official map scope; September 2024 data release)	project owner: Archaea Energy, LLC | project developer: Biofuels Washington, LLC | landfill owner: Waste Connections, Inc.	3.68 MW total capacity; 2.07 mmscfd total LFG flow to project	landfill gas energy; source category: Electricity; source end user(s): Puget Sound Energy	1/1/2014	ArcGIS OBJECTID 242; GHGRP cross-reference 1004679; service geometry 46.97100000000006,-122.29049999999995
us-epa-lmop	95d79b85bd105a8c	221	Quarry Hills Soils LF	United States	MA	Norfolk, MA	42.2417	-71.04503	EPA LMOP-published latitude/longitude attribute and point geometry	Reciprocating Engine	Operational landfill-gas energy project (official map scope; September 2024 data release)	project developer: Quarry Energy Corp. | landfill owner: Quarry Hills Associates Inc.	0.3 MW total capacity	landfill gas energy; source category: Electricity; source end user(s): Harvard University	3/30/2009	ArcGIS OBJECTID 221; GHGRP cross-reference not provided; service geometry 42.24170000000004,-71.04502999999994
us-epa-lmop	960e3448ae8ac3db	130	Enoree Landfill	United States	SC	Greenville, SC	34.80122	-82.1847	EPA LMOP-published latitude/longitude attribute and point geometry	Reciprocating Engine	Operational landfill-gas energy project (official map scope; September 2024 data release)	project owner: Greenville Gas Producers, LLC | project developer: Greenville Gas Producers, LLC | landfill owner: Greenville County, SC	0.88 MW total capacity; 0.56 mmscfd total LFG flow to project	landfill gas energy; source category: Electricity; source end user(s): Duke Energy	8/8/2008	ArcGIS OBJECTID 130; GHGRP cross-reference 1004074; service geometry 34.80122000000006,-82.18469999999996
us-epa-lmop	961e98fdf9133965	524	Mallard Ridge Landfill Inc.	United States	WI	Walworth, WI	42.64412	-88.7218	EPA LMOP-published latitude/longitude attribute and point geometry	Other	Operational landfill-gas energy project (official map scope; September 2024 data release)	project developer: Air Liquide Biogas | landfill owner: GFL Environmental USA Inc.	2.88 mmscfd total LFG flow to project	landfill gas energy; source category: Renewable Natural Gas; source end user(s): Guardian Pipeline	4/30/2022	ArcGIS OBJECTID 524; GHGRP cross-reference 1002038; service geometry 42.64412000000004,-88.72179999999997
us-epa-lmop	966afcbed8c6746a	255	Richland County Landfill	United States	SC	Richland, SC	34.1042	-80.782	EPA LMOP-published latitude/longitude attribute and point geometry	Gas Turbine; Reciprocating Engine	Operational landfill-gas energy project (official map scope; September 2024 data release)	project developer: Santee Cooper | landfill owner: WM	2.01 MW total capacity; 1.26 mmscfd total LFG flow to project	landfill gas energy; source category: Electricity; source end user(s): Santee Cooper	2/28/2006	ArcGIS OBJECTID 255; GHGRP cross-reference 1007706; service geometry 34.10420000000005,-80.78199999999998
us-epa-lmop	9673b666a73545ec	445	Laurel Highlands LF	United States	PA	Cambria, PA	40.4321	-78.876	EPA LMOP-published latitude/longitude attribute and point geometry	Vehicle Fuel	Operational landfill-gas energy project (official map scope; September 2024 data release)	project owner: Montauk Renewables | project developer: Air Liquide Biogas; Leaf Clean Energy | landfill owner: WM	0.995 mmscfd total LFG flow to project	landfill gas energy; source category: Renewable Natural Gas; source end user(s): Peoples Natural Gas	7/1/2006	ArcGIS OBJECTID 445; GHGRP cross-reference 1007586; service geometry 40.43210000000005,-78.87599999999998
us-epa-lmop	967a6b8bc74f42ca	315	Arden LF	United States	PA	Washington, PA	40.2083	-80.2647	EPA LMOP-published latitude/longitude attribute and point geometry	Reciprocating Engine	Operational landfill-gas energy project (official map scope; September 2024 data release)	project owner: WM Renewable Energy, LLC | project developer: WM Renewable Energy, LLC | landfill owner: WM	4.49 MW total capacity; 2.3 mmscfd total LFG flow to project	landfill gas energy; source category: Electricity; source end user(s): Constellation	1/30/2009	ArcGIS OBJECTID 315; GHGRP cross-reference 1003456; service geometry 40.208300000000065,-80.26469999999995
us-epa-lmop	98a84b1b986e1e81	499	Southeast OKC Landfill	United States	OK	Oklahoma, OK	35.3972	-97.4592	EPA LMOP-published latitude/longitude attribute and point geometry	Vehicle Fuel	Operational landfill-gas energy project (official map scope; September 2024 data release)	project owner: Archaea Energy, LLC; CEFARI RNG OKC, LLC | project developer: Aria Energy, LLC | landfill owner: Republic Services, Inc.	3.86 mmscfd total LFG flow to project	landfill gas energy; source category: Renewable Natural Gas; source end user(s): BP Products North America	9/24/2018	ArcGIS OBJECTID 499; GHGRP cross-reference 1005729; service geometry 35.397200000000055,-97.45919999999995
us-epa-lmop	9943be1b864e4d3a	20	Lamar Landfill; Prairie View Regional Waste Facility	United States	MO	Barton, MO	37.551	-94.311	EPA LMOP-published latitude/longitude attribute and point geometry	Reciprocating Engine	Operational landfill-gas energy project (official map scope; September 2024 data release)	landfill owner: City of Lamar, MO; Republic Services, Inc.	2.8 MW total capacity; 1.57 mmscfd total LFG flow to project	landfill gas energy; source category: Electricity; source end user(s): Missouri Public Utility Alliance	6/30/2010	ArcGIS OBJECTID 20; GHGRP cross-reference 1007632; service geometry 37.551000000000045,-94.31099999999998
us-epa-lmop	9a21de4e80651b98	134	Granby SLF	United States	MA	Hampshire, MA	42.2214	-72.5459	EPA LMOP-published latitude/longitude attribute and point geometry	Reciprocating Engine	Operational landfill-gas energy project (official map scope; September 2024 data release)	project developer: Industrial Power Services Corporation | landfill owner: WM	0.42 MW total capacity; 0.42 mmscfd total LFG flow to project	landfill gas energy; source category: Electricity; source end user(s): Constellation	10/15/2001	ArcGIS OBJECTID 134; GHGRP cross-reference 1007685; service geometry 42.221400000000074,-72.54589999999996
us-epa-lmop	9accc2a4e1b8b180	180	BKK Landfill-Phases I & II	United States	CA	Los Angeles, CA	34.0353	-117.913	EPA LMOP-published latitude/longitude attribute and point geometry	Steam Turbine	Operational landfill-gas energy project (official map scope; September 2024 data release)	project owner: Fortistar Methane Group | landfill owner: BKK Corporation	6 MW total capacity	landfill gas energy; source category: Electricity; source end user(s): Anaheim Public Utilities	1/1/1992	ArcGIS OBJECTID 180; GHGRP cross-reference 1011449; service geometry 34.03530000000006,-117.91299999999995
us-epa-lmop	9b4329e9dba72770	400	Newton County Landfill	United States	IN	Newton, IN	40.9263	-87.3487	EPA LMOP-published latitude/longitude attribute and point geometry	Direct Thermal	Operational landfill-gas energy project (official map scope; September 2024 data release)	project developer: Republic Services, Inc. | landfill owner: Republic Services, Inc.	1.49 mmscfd total LFG flow to project	landfill gas energy; source category: Direct; source end user(s): Urban Forest Recyclers	1/1/2010	ArcGIS OBJECTID 400; GHGRP cross-reference 1003691; service geometry 40.926300000000026,-87.34869999999995
us-epa-lmop	9be344cc44cfd907	366	Oakridge Landfill Inc.	United States	SC	Dorchester, SC	33.135913	-80.3963	EPA LMOP-published latitude/longitude attribute and point geometry	Leachate Evaporation	Operational landfill-gas energy project (official map scope; September 2024 data release)	project owner: WM | project developer: WM | landfill owner: WM	0.96 mmscfd total LFG flow to project	landfill gas energy; source category: Direct; source end user(s): WM	5/3/2018	ArcGIS OBJECTID 366; GHGRP cross-reference 1007582; service geometry 33.13591300000007,-80.39629999999994
us-epa-lmop	9c4f7a47c53d7a3b	137	Hardin County Landfill	United States	KY	Hardin, KY	37.7361	-85.6994	EPA LMOP-published latitude/longitude attribute and point geometry	Reciprocating Engine	Operational landfill-gas energy project (official map scope; September 2024 data release)	project owner: East Kentucky Power Cooperative (EKPC) | project developer: East Kentucky Power Cooperative (EKPC) | landfill owner: Hardin County Fiscal Court, KY	1.33 MW total capacity; 0.644 mmscfd total LFG flow to project	landfill gas energy; source category: Electricity; source end user(s): East Kentucky Power Cooperative (EKPC)	1/31/2006	ArcGIS OBJECTID 137; GHGRP cross-reference 1007240; service geometry 37.73610000000008,-85.69939999999997
us-epa-lmop	9c6c8c32328d1ca9	24	Berkeley County Subtitle D LF	United States	SC	Berkeley, SC	33.1325	-80.04275	EPA LMOP-published latitude/longitude attribute and point geometry	Reciprocating Engine	Operational landfill-gas energy project (official map scope; September 2024 data release)	project owner: Santee Cooper | project developer: Berkeley County Water and Sanitation Authority, SC; Santee Cooper | landfill owner: Berkeley County Water and Sanitation Authority, SC	0.3 MW total capacity; 0.25 mmscfd total LFG flow to project	landfill gas energy; source category: Electricity; source end user(s): Santee Cooper	2/1/2011	ArcGIS OBJECTID 24; GHGRP cross-reference 1003478; service geometry 33.13250000000005,-80.04274999999996
us-epa-lmop	9ca401e6f234bcfa	438	Boyd County Sanitary Landfill	United States	KY	Boyd, KY	38.3718	-82.747	EPA LMOP-published latitude/longitude attribute and point geometry	Other	Operational landfill-gas energy project (official map scope; September 2024 data release)	project owner: Archaea Energy, LLC | project developer: Big Run Power Producers, LLC | landfill owner: Rumpke	1.68 mmscfd total LFG flow to project	landfill gas energy; source category: Renewable Natural Gas	5/13/2021	ArcGIS OBJECTID 438; GHGRP cross-reference 1007094; service geometry 38.371800000000064,-82.74699999999996
us-epa-lmop	9d7bccdeb61b2dfa	455	Skyline LF	United States	TX	Dallas, TX	32.549	-96.68	EPA LMOP-published latitude/longitude attribute and point geometry	Vehicle Fuel	Operational landfill-gas energy project (official map scope; September 2024 data release)	project owner: WM Renewable Energy, LLC | project developer: WM Renewable Energy, LLC | landfill owner: WM	6.98 mmscfd total LFG flow to project	landfill gas energy; source category: Renewable Natural Gas; source end user(s): Atmos Energy Corporation	2/1/2020	ArcGIS OBJECTID 455; GHGRP cross-reference 1007852; service geometry 32.549000000000035,-96.67999999999995
us-epa-lmop	9dcb60078f8e711c	199	Baseline Landfill	United States	FL	Marion, FL	29.123	-82.06	EPA LMOP-published latitude/longitude attribute and point geometry	Reciprocating Engine	Operational landfill-gas energy project (official map scope; September 2024 data release)	project owner: G2 Energy, LLC | project developer: G2 Energy, LLC | landfill owner: Marion County, FL	1.47 MW total capacity; 0.765 mmscfd total LFG flow to project	landfill gas energy; source category: Electricity; source end user(s): Gainesville Regional Utilities (GRU)	1/26/2009	ArcGIS OBJECTID 199; GHGRP cross-reference 1006881; service geometry 29.123000000000047,-82.05999999999995
us-epa-lmop	9dec92ce54fafc04	36	Bristol Integrated Solid Waste Management Facility	United States	VA	Bristol city, VA	36.6035	-82.1543	EPA LMOP-published latitude/longitude attribute and point geometry	Reciprocating Engine	Operational landfill-gas energy project (official map scope; September 2024 data release)	project owner: Archaea Energy, LLC | project developer: INGENCO | landfill owner: City of Bristol, VA	0.65 MW total capacity; 0.488 mmscfd total LFG flow to project	landfill gas energy; source category: Electricity; source end user(s): Tennessee Valley Authority (TVA)	12/18/2015	ArcGIS OBJECTID 36; GHGRP cross-reference 1004848; service geometry 36.603500000000054,-82.15429999999998
us-epa-lmop	9defdab0cacfbac4	156	Settler's Hill Recycling & Disposal Facility	United States	IL	Kane, IL	41.86965	-88.28543	EPA LMOP-published latitude/longitude attribute and point geometry	Gas Turbine	Operational landfill-gas energy project (official map scope; September 2024 data release)	project owner: WM Illinois Renewable Energy, LLC | project developer: Bio Energy Partners | landfill owner: Kane County Department of Environmental Management	3.44 MW total capacity; 2.69 mmscfd total LFG flow to project	landfill gas energy; source category: Electricity; source end user(s): City of Geneva Municipal Utility	1/1/1988	ArcGIS OBJECTID 156; GHGRP cross-reference 1002493; service geometry 41.869650000000036,-88.28542999999996
us-epa-lmop	9e1d6c123b0a4dad	354	Charles City County SLF	United States	VA	Charles City, VA	37.43919	-77.13331	EPA LMOP-published latitude/longitude attribute and point geometry	Leachate Evaporation	Operational landfill-gas energy project (official map scope; September 2024 data release)	project owner: Archaea Energy, LLC | project developer: Archaea Energy, LLC | landfill owner: WM	0.07 mmscfd total LFG flow to project	landfill gas energy; source category: Direct	12/31/2022	ArcGIS OBJECTID 354; GHGRP cross-reference 1007583; service geometry 37.43919000000005,-77.13330999999994
us-epa-lmop	9ea0563e8a067504	380	Southeast Hillsborough County LF	United States	FL	Hillsborough, FL	27.77639	-82.187501	EPA LMOP-published latitude/longitude attribute and point geometry	Leachate Evaporation	Operational landfill-gas energy project (official map scope; September 2024 data release)	landfill owner: Hillsborough County Public Utilities/Solid Waste Management Dept., FL		landfill gas energy; source category: Direct; source end user(s): Hillsborough County Public Utilities/Solid Waste Management Dept., FL	2/28/2022	ArcGIS OBJECTID 380; GHGRP cross-reference 1003560; service geometry 27.77639000000005,-82.18750099999994
us-epa-lmop	9eb84ffd89adfabd	403	Autumn Hills Recycling & Disposal Facility	United States	MI	Ottawa, MI	42.781	-85.9207	EPA LMOP-published latitude/longitude attribute and point geometry	Boiler	Operational landfill-gas energy project (official map scope; September 2024 data release)	project developer: North American Natural Resources, Inc. (NANR) | landfill owner: WM	0.5 mmscfd total LFG flow to project	landfill gas energy; source category: Direct; source end user(s): Zeeland Farm Services	1/1/2005	ArcGIS OBJECTID 403; GHGRP cross-reference 1006132; service geometry 42.78100000000006,-85.92069999999995
us-epa-lmop	9f1ddab5774a3a0a	99	Roseburg LF	United States	OR	Douglas, OR	43.1859	-123.379	EPA LMOP-published latitude/longitude attribute and point geometry	Reciprocating Engine	Operational landfill-gas energy project (official map scope; September 2024 data release)	project developer: Roseburg LFG Energy | landfill owner: Douglas County, OR	0.89 MW total capacity; 0.434 mmscfd total LFG flow to project	landfill gas energy; source category: Electricity; source end user(s): Pacific Power	12/14/2011	ArcGIS OBJECTID 99; GHGRP cross-reference 1005384; service geometry 43.18590000000006,-123.37899999999996
us-epa-lmop	9f21228e06cadfbd	482	Jefferson Davis Parish Landfill	United States	LA	Jefferson Davis, LA	30.27083	-92.865	EPA LMOP-published latitude/longitude attribute and point geometry	Vehicle Fuel	Operational landfill-gas energy project (official map scope; September 2024 data release)	project owner: Morrow Energy | project developer: Morrow Renewables, LLC | landfill owner: Jefferson Davis Parish Sanitary Landfill Commission, LA	1.96 mmscfd total LFG flow to project	landfill gas energy; source category: Renewable Natural Gas; source end user(s): Anew Climate, LLC; Gulf South Pipeline	4/1/2008	ArcGIS OBJECTID 482; GHGRP cross-reference 1002476; service geometry 30.270830000000046,-92.86499999999995
us-epa-lmop	a09777aa2033dccf	512	Greenwood Farms Landfill	United States	TX	Smith, TX	32.369167	-95.182501	EPA LMOP-published latitude/longitude attribute and point geometry	Vehicle Fuel	Operational landfill-gas energy project (official map scope; September 2024 data release)	project owner: Morrow Renewables, LLC | project developer: Morrow Renewables, LLC | landfill owner: City of Tyler, TX	1.93 mmscfd total LFG flow to project	landfill gas energy; source category: Renewable Natural Gas; source end user(s): Anew Climate, LLC; Gulf South Pipeline; L'Oreal USA	4/22/2009	ArcGIS OBJECTID 512; GHGRP cross-reference 1005895; service geometry 32.36916700000006,-95.18250099999995
us-epa-lmop	a0c59b1fba5eaff2	413	Pine Grove Landfill Inc.	United States	PA	Schuylkill, PA	40.56754	-76.40548	EPA LMOP-published latitude/longitude attribute and point geometry	Direct Thermal	Operational landfill-gas energy project (official map scope; September 2024 data release)	project owner: Archaea Energy, LLC | project developer: INGENCO | landfill owner: WM	0.77 mmscfd total LFG flow to project	landfill gas energy; source category: Direct; source end user(s): Guilford Technical Textiles	3/1/2008	ArcGIS OBJECTID 413; GHGRP cross-reference 1007616; service geometry 40.567540000000065,-76.40547999999995
us-epa-lmop	a1307a09aa07f2ad	88	Davis County Landfill	United States	UT	Davis, UT	41.114	-111.931	EPA LMOP-published latitude/longitude attribute and point geometry	Reciprocating Engine	Operational landfill-gas energy project (official map scope; September 2024 data release)	project developer: Ameresco, Inc. | landfill owner: Wasatch Integrated Waste Management District, UT	2.25 MW total capacity; 1.45 mmscfd total LFG flow to project	landfill gas energy; source category: Electricity; source end user(s): Hill Air Force Base	1/13/2005	ArcGIS OBJECTID 88; GHGRP cross-reference 1007282; service geometry 41.11400000000003,-111.93099999999998
us-epa-lmop	a171e2803494a09f	182	Mission Hills	United States	CA	Los Angeles, CA	34.1073	-118.4876	EPA LMOP-published latitude/longitude attribute and point geometry	Combined Cycle	Operational landfill-gas energy project (official map scope; September 2024 data release)	project owner: SCS Engineers | project developer: GSF Energy, LLC | landfill owner: American Golf Corp.; Barclay Hollander	7.5 MW total capacity; 2.88 mmscfd total LFG flow to project	landfill gas energy; source category: Electricity; source end user(s): UCLA Facilities Management	1/1/1984	ArcGIS OBJECTID 182; GHGRP cross-reference not provided; service geometry 34.107300000000066,-118.48759999999999
us-epa-lmop	a197b380cd9c6935	217	Cherry Island Landfill	United States	DE	New Castle, DE	39.7308	-75.52	EPA LMOP-published latitude/longitude attribute and point geometry	Cogeneration	Operational landfill-gas energy project (official map scope; September 2024 data release)	project owner: Cummins Power Generation | project developer: Cummins Power Generation | landfill owner: Delaware Solid Waste Authority	2.35 MW total capacity; 0.408 mmscfd total LFG flow to project	landfill gas energy; source category: Electricity; source end user(s): Croda Atlas Point	8/1/2013	ArcGIS OBJECTID 217; GHGRP cross-reference 1002010; service geometry 39.730800000000045,-75.51999999999998
us-epa-lmop	a21593fdf189b112	48	Pine Ridge Landfill	United States	GA	Butts, GA	33.240017	-84.118684	EPA LMOP-published latitude/longitude attribute and point geometry	Reciprocating Engine	Operational landfill-gas energy project (official map scope; September 2024 data release)	project owner: I Squared Capital | project developer: Mas Energy, LLC | landfill owner: Republic Services, Inc.	4.05 MW total capacity; 1.968 mmscfd total LFG flow to project	landfill gas energy; source category: Electricity; source end user(s): Georgia Power Company	7/22/2016	ArcGIS OBJECTID 48; GHGRP cross-reference 1002478; service geometry 33.24001700000008,-84.11868399999997
us-epa-lmop	a21f191ebe52015a	53	Cape May County MUA Secure Landfill	United States	NJ	Cape May, NJ	39.2294	-74.7749	EPA LMOP-published latitude/longitude attribute and point geometry	Reciprocating Engine	Operational landfill-gas energy project (official map scope; September 2024 data release)	project owner: Cape May County Municipal Utilities Authority, NJ | project developer: Cape May County Municipal Utilities Authority, NJ | landfill owner: Cape May County Municipal Utilities Authority, NJ	0.54 MW total capacity; 0.296 mmscfd total LFG flow to project	landfill gas energy; source category: Electricity; source end user(s): PJM Interconnection, LLC	4/20/2007	ArcGIS OBJECTID 53; GHGRP cross-reference 1004200; service geometry 39.229400000000055,-74.77489999999995
us-epa-lmop	a2fd08c9a0be60d8	12	Denver Arapahoe Disposal Site (DADS)	United States	CO	Arapahoe, CO	39.66	-104.69	EPA LMOP-published latitude/longitude attribute and point geometry	Reciprocating Engine	Operational landfill-gas energy project (official map scope; September 2024 data release)	project developer: WM Renewable Energy, LLC | landfill owner: City and County of Denver, CO	2.51 MW total capacity; 1.55 mmscfd total LFG flow to project	landfill gas energy; source category: Electricity; source end user(s): Xcel Energy - Denver District Cooling	9/1/2008	ArcGIS OBJECTID 12; GHGRP cross-reference 1007709; service geometry 39.660000000000025,-104.68999999999994
us-epa-lmop	a360d8ba255c4640	188	Calabasas SLF	United States	CA	Los Angeles, CA	34.14862	-118.70953	EPA LMOP-published latitude/longitude attribute and point geometry	Gas Turbine	Operational landfill-gas energy project (official map scope; September 2024 data release)	project owner: Sanitation Districts of Los Angeles County, CA | project developer: Sanitation Districts of Los Angeles County, CA | landfill owner: Sanitation Districts of Los Angeles County, CA	5.32 MW total capacity; 4.659 mmscfd total LFG flow to project	landfill gas energy; source category: Electricity; source end user(s): Sanitation Districts of Los Angeles County, CA	7/12/2010	ArcGIS OBJECTID 188; GHGRP cross-reference 1003599; service geometry 34.14862000000005,-118.70952999999997
us-epa-lmop	a39de8bff29fc880	276	Buena Vista Drive SLF	United States	CA	Santa Cruz, CA	36.91738	-121.81142	EPA LMOP-published latitude/longitude attribute and point geometry	Reciprocating Engine	Operational landfill-gas energy project (official map scope; September 2024 data release)	project developer: Ameresco, Inc. | landfill owner: Santa Cruz County, CA	1.99 MW total capacity; 1.37 mmscfd total LFG flow to project	landfill gas energy; source category: Electricity; source end user(s): Alameda Municipal Power; City of Palo Alto, CA	2/2/2006	ArcGIS OBJECTID 276; GHGRP cross-reference 1006221; service geometry 36.91738000000004,-121.81141999999994
us-epa-lmop	a4ecbe74b8eca877	107	Erie County SLF	United States	OH	Erie, OH	41.344	-82.6035	EPA LMOP-published latitude/longitude attribute and point geometry	Reciprocating Engine	Operational landfill-gas energy project (official map scope; September 2024 data release)	project developer: Bio-Gas Technologies, Ltd. | landfill owner: Erie County, OH	1.81 MW total capacity; 0.99 mmscfd total LFG flow to project	landfill gas energy; source category: Electricity; source end user(s): American Municipal Power, Inc.; City of Oberlin, OH	4/7/2010	ArcGIS OBJECTID 107; GHGRP cross-reference 1006103; service geometry 41.34400000000005,-82.60349999999994
us-epa-lmop	a6d6b16e6f44313a	87	Davidson County LF	United States	NC	Davidson, NC	35.8324	-80.1756	EPA LMOP-published latitude/longitude attribute and point geometry	Reciprocating Engine	Operational landfill-gas energy project (official map scope; September 2024 data release)	project owner: DTE Vantage | project developer: DTE Vantage | landfill owner: Davidson County, NC	1.4 MW total capacity; 0.67 mmscfd total LFG flow to project	landfill gas energy; source category: Electricity; source end user(s): Duke Energy	12/1/2010	ArcGIS OBJECTID 87; GHGRP cross-reference 1004204; service geometry 35.832400000000064,-80.17559999999997
us-epa-lmop	a6e1c45cd7385da0	339	University of California at Davis SLF	United States	CA	Yolo, CA	38.52972	-121.80556	EPA LMOP-published latitude/longitude attribute and point geometry	Cogeneration	Operational landfill-gas energy project (official map scope; September 2024 data release)	project developer: CleanWorld; University of California at Davis | landfill owner: University of California at Davis	0.14 MW total capacity	landfill gas energy; source category: Electricity; source end user(s): University of California at Davis	4/22/2014	ArcGIS OBJECTID 339; GHGRP cross-reference not provided; service geometry 38.529720000000054,-121.80555999999996
us-epa-lmop	a7440c5fd8942e10	484	Outer Loop RDF	United States	KY	Jefferson, KY	38.13577	-85.71612	EPA LMOP-published latitude/longitude attribute and point geometry	Vehicle Fuel	Operational landfill-gas energy project (official map scope; September 2024 data release)	project owner: WM Renewable Energy, LLC | project developer: WM Renewable Energy, LLC | landfill owner: WM	5.72 mmscfd total LFG flow to project	landfill gas energy; source category: Renewable Natural Gas; source end user(s): Texas Gas Transmission LLC; WM	6/5/2018	ArcGIS OBJECTID 484; GHGRP cross-reference 1007901; service geometry 38.135770000000036,-85.71611999999999
us-epa-lmop	a7caeece292b1132	170	Frey Farm-Creswell LF	United States	PA	Lancaster, PA	39.955047	-76.446215	EPA LMOP-published latitude/longitude attribute and point geometry	Reciprocating Engine; Cogeneration	Operational landfill-gas energy project (official map scope; September 2024 data release)	project owner: NextEra Energy Resources, LLC; Energy Power Partners | project developer: Lancaster County Solid Waste Management Authority, PA; PPL Corporation | landfill owner: Lancaster County Solid Waste Management Authority, PA	1.96 MW total capacity; 0.99 mmscfd total LFG flow to project	landfill gas energy; source category: Electricity; source end user(s): PJM Interconnection, LLC; Turkey Hill Dairy	2/1/2006	ArcGIS OBJECTID 170; GHGRP cross-reference 1003521; service geometry 39.955047000000036,-76.44621499999994
us-epa-lmop	a7ed30185375da97	159	Pheasant Run Recycling and Disposal Facility	United States	WI	Kenosha, WI	42.58275	-88.04383	EPA LMOP-published latitude/longitude attribute and point geometry	Reciprocating Engine	Operational landfill-gas energy project (official map scope; September 2024 data release)	project owner: WM Renewable Energy, LLC | project developer: Bio Energy Partners | landfill owner: WM	4.86 MW total capacity; 2.59 mmscfd total LFG flow to project	landfill gas energy; source category: Electricity; source end user(s): We Energies	1/1/1992	ArcGIS OBJECTID 159; GHGRP cross-reference 1007726; service geometry 42.58275000000003,-88.04382999999996
us-epa-lmop	a835274a6e9ca775	494	Loess Hills Regional SLF	United States	IA	Mills, IA	41.022	-95.639	EPA LMOP-published latitude/longitude attribute and point geometry	Other	Operational landfill-gas energy project (official map scope; September 2024 data release)	project developer: ENERGYneering Solutions, Inc (ESI) | landfill owner: Waste Connections Inc. - Central Region	2.16 mmscfd total LFG flow to project	landfill gas energy; source category: Renewable Natural Gas; source end user(s): BP Products North America	9/29/2023	ArcGIS OBJECTID 494; GHGRP cross-reference 1003990; service geometry 41.02200000000005,-95.63899999999995
us-epa-lmop	a8c147b0bf23a25c	374	Frederick County Regional Landfill	United States	VA	Frederick, VA	39.1416	-78.0988	EPA LMOP-published latitude/longitude attribute and point geometry	Direct Thermal	Operational landfill-gas energy project (official map scope; September 2024 data release)	project owner: County of Frederick, VA | project developer: County of Frederick, VA | landfill owner: County of Frederick, VA	0.022 mmscfd total LFG flow to project	landfill gas energy; source category: Direct; source end user(s): Frederick County SLF	1/1/2002	ArcGIS OBJECTID 374; GHGRP cross-reference 1004247; service geometry 39.14160000000004,-78.09879999999998
us-epa-lmop	ab1065801c9e8f5e	138	East Windsor LF	United States	CT	Hartford, CT	41.8689	-72.5645	EPA LMOP-published latitude/longitude attribute and point geometry	Reciprocating Engine	Operational landfill-gas energy project (official map scope; September 2024 data release)	project developer: Manchester Methane | landfill owner: Manchester Methane	3.2 MW total capacity	landfill gas energy; source category: Electricity; source end user(s): Eversource	5/1/2007	ArcGIS OBJECTID 138; GHGRP cross-reference not provided; service geometry 41.86890000000005,-72.56449999999995
us-epa-lmop	ac16a49472a9c3a3	407	Sandy Hill SLF	United States	MD	Prince George's, MD	39.016	-76.791	EPA LMOP-published latitude/longitude attribute and point geometry	Boiler	Operational landfill-gas energy project (official map scope; September 2024 data release)	project owner: Toro Energy, Inc. | project developer: Toro Energy, Inc. | landfill owner: Prince George's County, MD	0.817 mmscfd total LFG flow to project	landfill gas energy; source category: Direct; source end user(s): NASA Goddard Space Flight Center	1/15/2003	ArcGIS OBJECTID 407; GHGRP cross-reference 1007573; service geometry 39.016000000000076,-76.79099999999994
us-epa-lmop	ac22ba629d857c19	161	Kent County - South Kent LF	United States	MI	Kent, MI	42.78271	-85.67065	EPA LMOP-published latitude/longitude attribute and point geometry	Reciprocating Engine	Operational landfill-gas energy project (official map scope; September 2024 data release)	project owner: EDL Energy | project developer: Granger Energy | landfill owner: Kent County Department of Public Works, MI	2.73 MW total capacity; 1.24 mmscfd total LFG flow to project	landfill gas energy; source category: Electricity; source end user(s): Consumers Energy	3/23/2009	ArcGIS OBJECTID 161; GHGRP cross-reference 1003464; service geometry 42.782710000000066,-85.67064999999997
us-epa-lmop	ac484f8fef05ab0c	112	Fajardo Municipal Landfill	United States	PR	Fajardo, PR	18.291343	-65.679315	EPA LMOP-published latitude/longitude attribute and point geometry	Reciprocating Engine	Operational landfill-gas energy project (official map scope; September 2024 data release)	project owner: Landfill Gas Technologies, LLC | project developer: Landfill Gas Technologies, LLC | landfill owner: Municipality of Fajardo, PR	1.18 MW total capacity; 0.658 mmscfd total LFG flow to project	landfill gas energy; source category: Electricity; source end user(s): Electric Energy Authority (AEE) / Puerto Rico Electric Power Authority (PREPA)	10/1/2016	ArcGIS OBJECTID 112; GHGRP cross-reference 1007084; service geometry 18.29134300000004,-65.67931499999997
us-epa-lmop	ac52fc0e3330950f	427	Sycamore Ridge Landfill & Victory Landfill	United States	IN	Vigo, IN	39.3055	-87.3315	EPA LMOP-published latitude/longitude attribute and point geometry	Direct Thermal	Operational landfill-gas energy project (official map scope; September 2024 data release)	project developer: Meridian Brick LLC | landfill owner: Republic Services, Inc.	0.327 mmscfd total LFG flow to project	landfill gas energy; source category: Direct; source end user(s): Meridian Brick LLC	5/19/2008	ArcGIS OBJECTID 427; GHGRP cross-reference 1004476; service geometry 39.30550000000005,-87.33149999999995
us-epa-lmop	acbbf4019a4c42a1	441	Butler County Landfill Inc.	United States	NE	Butler, NE	41.2613	-97.0423	EPA LMOP-published latitude/longitude attribute and point geometry	Vehicle Fuel	Operational landfill-gas energy project (official map scope; September 2024 data release)	project owner: Archaea Energy, LLC | project developer: Aria Energy, LLC | landfill owner: Waste Connections Inc. - Central Region	1.15 mmscfd total LFG flow to project	landfill gas energy; source category: Renewable Natural Gas; source end user(s): Black Hills Corporation; Constellation	7/26/2019	ArcGIS OBJECTID 441; GHGRP cross-reference 1000191; service geometry 41.26130000000006,-97.04229999999995
us-epa-lmop	ad126bee26c1ef63	476	Atascocita RDF	United States	TX	Harris, TX	29.958334	-95.238334	EPA LMOP-published latitude/longitude attribute and point geometry	Vehicle Fuel	Operational landfill-gas energy project (official map scope; September 2024 data release)	project owner: Montauk Renewables | project developer: Montauk Renewables | landfill owner: WM	7.879 mmscfd total LFG flow to project	landfill gas energy; source category: Renewable Natural Gas; source end user(s): Houston Pipe Line Company LP	5/2/2018	ArcGIS OBJECTID 476; GHGRP cross-reference 1007800; service geometry 29.958334000000036,-95.23833399999995
us-epa-lmop	ad15071a7c5099ff	474	Plumb Thicket Landfill	United States	KS	Harper, KS	37.373	-97.961	EPA LMOP-published latitude/longitude attribute and point geometry	Other	Operational landfill-gas energy project (official map scope; September 2024 data release)	project developer: Waste Connections, Inc. | landfill owner: Waste Connections Inc. - Central Region	0.772 mmscfd total LFG flow to project	landfill gas energy; source category: Renewable Natural Gas	1/1/2022	ArcGIS OBJECTID 474; GHGRP cross-reference 1006796; service geometry 37.37300000000005,-97.96099999999996
us-epa-lmop	ae8cab280002ac2d	29	Orchard Hill SLF	United States	MI	Berrien, MI	42.17127	-86.28116	EPA LMOP-published latitude/longitude attribute and point geometry	Reciprocating Engine	Operational landfill-gas energy project (official map scope; September 2024 data release)	project owner: EDL Energy | project developer: Granger Energy | landfill owner: Landfill Management Co.	3.21 MW total capacity; 1.622 mmscfd total LFG flow to project	landfill gas energy; source category: Electricity; source end user(s): Michigan Public Power Agency (MPPA)	2/1/2013	ArcGIS OBJECTID 29; GHGRP cross-reference 1002684; service geometry 42.17127000000005,-86.28115999999994
us-epa-lmop	afe464d592ffb938	38	Crapo Hill LF	United States	MA	Bristol, MA	41.725	-70.982	EPA LMOP-published latitude/longitude attribute and point geometry	Reciprocating Engine	Operational landfill-gas energy project (official map scope; September 2024 data release)	project owner: CommonWealth New Bedford Energy LLC | project developer: CommonWealth Resource Management Corporation | landfill owner: Greater New Bedford Regional Refuse Management District	2.5 MW total capacity; 1.6 mmscfd total LFG flow to project	landfill gas energy; source category: Electricity; source end user(s): Eversource	11/1/2005	ArcGIS OBJECTID 38; GHGRP cross-reference 1005039; service geometry 41.72500000000008,-70.98199999999997
us-epa-lmop	b0725b0976c3e12a	505	Prince William County Sanitary Landfill	United States	VA	Prince William, VA	38.638	-77.422	EPA LMOP-published latitude/longitude attribute and point geometry	Other	Operational landfill-gas energy project (official map scope; September 2024 data release)	project owner: OPAL Fuels Inc. | project developer: NEO Corporation; OPAL Fuels Inc. | landfill owner: Prince William County, Department of Public Works, VA	6.02 mmscfd total LFG flow to project	landfill gas energy; source category: Renewable Natural Gas; source end user(s): Washington Gas	6/30/2024	ArcGIS OBJECTID 505; GHGRP cross-reference 1004707; service geometry 38.638000000000034,-77.42199999999997
us-epa-lmop	b098cac2eaea7ca6	511	South Shelby Landfill	United States	TN	Shelby, TN	34.99809	-89.9189	EPA LMOP-published latitude/longitude attribute and point geometry	Vehicle Fuel	Operational landfill-gas energy project (official map scope; September 2024 data release)	project owner: Archaea Energy, LLC | project developer: Aria Energy, LLC | landfill owner: Republic Services, Inc.	6.46 mmscfd total LFG flow to project	landfill gas energy; source category: Renewable Natural Gas; source end user(s): BP Products North America	8/18/2020	ArcGIS OBJECTID 511; GHGRP cross-reference 1002466; service geometry 34.99809000000005,-89.91889999999995
us-epa-lmop	b160311c3fe56c7a	90	Clinton Landfill Inc.	United States	IL	De Witt, IL	40.114	-88.958	EPA LMOP-published latitude/longitude attribute and point geometry	Reciprocating Engine	Operational landfill-gas energy project (official map scope; September 2024 data release)	project owner: Wabash Valley Power Alliance | project developer: Greenfield Energy, LLC; Palmer Capital Corporation | landfill owner: GFL Environmental USA Inc.	2.56 MW total capacity; 1.36 mmscfd total LFG flow to project	landfill gas energy; source category: Electricity; source end user(s): Ameren Energy Marketing	1/1/2007	ArcGIS OBJECTID 90; GHGRP cross-reference 1007467; service geometry 40.11400000000003,-88.95799999999997
us-epa-lmop	b213d0a0e7a9aade	278	Central County Solid Waste Disposal Complex	United States	FL	Sarasota, FL	27.201577	-82.390646	EPA LMOP-published latitude/longitude attribute and point geometry	Reciprocating Engine	Operational landfill-gas energy project (official map scope; September 2024 data release)	project owner: Archaea Energy, LLC | project developer: Aria Energy, LLC; Innovative Energy Systems, LLC | landfill owner: Sarasota County, FL	3.79 MW total capacity; 1.964 mmscfd total LFG flow to project	landfill gas energy; source category: Electricity; source end user(s): JEA; City of Jacksonville, FL	2/12/2015	ArcGIS OBJECTID 278; GHGRP cross-reference 1002899; service geometry 27.201577000000043,-82.39064599999995
us-epa-lmop	b3b0107e1d1e5e53	513	Southern Alleghenies LF; Shade Landfill	United States	PA	Somerset, PA	40.12039	-78.80218	EPA LMOP-published latitude/longitude attribute and point geometry	Vehicle Fuel	Operational landfill-gas energy project (official map scope; September 2024 data release)	project owner: Montauk Renewables | project developer: Keystone Renewable Energy, LLC; Leaf Clean Energy | landfill owner: Noble Environmental; WM	1.447 mmscfd total LFG flow to project	landfill gas energy; source category: Renewable Natural Gas; source end user(s): Peoples Natural Gas	9/1/2007	ArcGIS OBJECTID 513; GHGRP cross-reference 1007718; 1007686; service geometry 40.12039000000004,-78.80217999999996
us-epa-lmop	b3d151c28a8779c2	19	Oak Grove Landfill	United States	GA	Barrow, GA	33.9659	-83.7728	EPA LMOP-published latitude/longitude attribute and point geometry	Reciprocating Engine	Operational landfill-gas energy project (official map scope; September 2024 data release)	project owner: I Squared Capital | project developer: Mas Energy, LLC | landfill owner: Republic Services, Inc.	3.77 MW total capacity; 2.07 mmscfd total LFG flow to project	landfill gas energy; source category: Electricity; source end user(s): Georgia Power Company	7/22/2016	ArcGIS OBJECTID 19; GHGRP cross-reference 1002477; service geometry 33.96590000000003,-83.77279999999996
us-epa-lmop	b3efd6569f01e747	337	Black Oak Landfill	United States	MO	Wright, MO	37.2398	-92.4585	EPA LMOP-published latitude/longitude attribute and point geometry	Reciprocating Engine	Operational landfill-gas energy project (official map scope; September 2024 data release)	project developer: Enerdyne Power Systems, Inc.; WCA Waste Corporation | landfill owner: GFL Environmental USA Inc.	1.92 MW total capacity; 1.26 mmscfd total LFG flow to project	landfill gas energy; source category: Electricity; source end user(s): Missouri Public Utility Alliance	10/31/2014	ArcGIS OBJECTID 337; GHGRP cross-reference 1005518; service geometry 37.23980000000006,-92.45849999999996
us-epa-lmop	b481dce2e2393e4f	523	Brickyard Disposal & Recycling Inc.	United States	IL	Vermilion, IL	40.09966	-87.6163	EPA LMOP-published latitude/longitude attribute and point geometry	Vehicle Fuel	Operational landfill-gas energy project (official map scope; September 2024 data release)	project developer: Ameresco, Inc. | landfill owner: Republic Services, Inc.		landfill gas energy; source category: Renewable Natural Gas	6/1/2024	ArcGIS OBJECTID 523; GHGRP cross-reference 1004026; service geometry 40.09966000000003,-87.61629999999997
us-epa-lmop	b5419d0c811b1017	66	Apex Regional LF	United States	NV	Clark, NV	36.374	-114.86518	EPA LMOP-published latitude/longitude attribute and point geometry	Gas Turbine	Operational landfill-gas energy project (official map scope; September 2024 data release)	project owner: Republic Services, Inc. | project developer: CC Landfill Energy | landfill owner: Republic Services, Inc.	4.33 MW total capacity; 3.37 mmscfd total LFG flow to project	landfill gas energy; source category: Electricity; source end user(s): NV Energy	5/1/2012	ArcGIS OBJECTID 66; GHGRP cross-reference 1004352; service geometry 36.374000000000024,-114.86517999999995
us-epa-lmop	b5938c3e3347311a	218	Cherry Island Landfill	United States	DE	New Castle, DE	39.7308	-75.52	EPA LMOP-published latitude/longitude attribute and point geometry	Cogeneration	Operational landfill-gas energy project (official map scope; September 2024 data release)	project owner: Cummins Power Generation | project developer: Cummins Power Generation | landfill owner: Delaware Solid Waste Authority	2.5 MW total capacity; 1.15 mmscfd total LFG flow to project	landfill gas energy; source category: Electricity; source end user(s): City of Wilmington WWTP	7/31/2016	ArcGIS OBJECTID 218; GHGRP cross-reference 1002010; service geometry 39.730800000000045,-75.51999999999998
us-epa-lmop	b63f720ab7c2127c	214	City of Decatur-Morgan County Regional MSW Landfill	United States	AL	Morgan, AL	34.6175	-87.10163	EPA LMOP-published latitude/longitude attribute and point geometry	Reciprocating Engine; Cogeneration	Operational landfill-gas energy project (official map scope; September 2024 data release)	project owner: EDL Energy; City of Decatur, AL | project developer: Granger Energy; City of Decatur, AL | landfill owner: City of Decatur, AL; Morgan County, AL	1.37 MW total capacity; 0.74 mmscfd total LFG flow to project	landfill gas energy; source category: Electricity; source end user(s): Tennessee Valley Authority (TVA)	8/2/2010	ArcGIS OBJECTID 214; GHGRP cross-reference 1010661; service geometry 34.617500000000064,-87.10162999999994
us-epa-lmop	b66d6b7492e2d4bd	414	Volunteer Regional Landfill	United States	TN	Scott, TN	36.551	-84.486	EPA LMOP-published latitude/longitude attribute and point geometry	Leachate Evaporation	Operational landfill-gas energy project (official map scope; September 2024 data release)	landfill owner: Waste Connections, Inc.	0.492 mmscfd total LFG flow to project	landfill gas energy; source category: Direct	10/8/2021	ArcGIS OBJECTID 414; GHGRP cross-reference 1003207; service geometry 36.551000000000045,-84.48599999999999
us-epa-lmop	b694086e0db7e114	174	Greater Lebanon Refuse Authority LF	United States	PA	Lebanon, PA	40.36401	-76.49443	EPA LMOP-published latitude/longitude attribute and point geometry	Reciprocating Engine	Operational landfill-gas energy project (official map scope; September 2024 data release)	project owner: Energy Power Partners | project developer: Greater Lebanon Refuse Authority, PA; PPL Corporation | landfill owner: Greater Lebanon Refuse Authority, PA	1.68 MW total capacity; 0.84 mmscfd total LFG flow to project	landfill gas energy; source category: Electricity; source end user(s): Metropolitan Edison Company	9/13/2007	ArcGIS OBJECTID 174; GHGRP cross-reference 1002786; service geometry 40.364010000000064,-76.49442999999997
us-epa-lmop	b6c146d8f5b74939	71	Jefferson City Sanitary Landfill	United States	MO	Cole, MO	38.5435	-92.1	EPA LMOP-published latitude/longitude attribute and point geometry	Cogeneration	Operational landfill-gas energy project (official map scope; September 2024 data release)	project developer: Ameresco, Inc. | landfill owner: Republic Services, Inc.	2.87 MW total capacity; 1.61 mmscfd total LFG flow to project	landfill gas energy; source category: Electricity; source end user(s): Columbia Water and Light; Jefferson City and Algoa Correctional Centers	3/31/2009	ArcGIS OBJECTID 71; GHGRP cross-reference 1003624; service geometry 38.54350000000005,-92.09999999999997
us-epa-lmop	b76faecf9f1ecb7b	295	Smiths Creek Landfill	United States	MI	St. Clair, MI	42.91743	-82.59168	EPA LMOP-published latitude/longitude attribute and point geometry	Reciprocating Engine	Operational landfill-gas energy project (official map scope; September 2024 data release)	project developer: DTE Vantage | landfill owner: St. Clair County, MI	2.81 MW total capacity; 1.37 mmscfd total LFG flow to project	landfill gas energy; source category: Electricity; source end user(s): DTE Energy	12/8/2011	ArcGIS OBJECTID 295; GHGRP cross-reference 1004497; service geometry 42.917430000000024,-82.59167999999994
us-epa-lmop	b7732865ae4cc36c	9	Anchorage Regional Landfill	United States	AK	Anchorage, AK	61.293281	-149.602138	EPA LMOP-published latitude/longitude attribute and point geometry	Reciprocating Engine	Operational landfill-gas energy project (official map scope; September 2024 data release)	project owner: Doyon Utilities, LLC | project developer: Doyon Utilities, LLC | landfill owner: Municipality of Anchorage, AK	4.78 MW total capacity; 2.156 mmscfd total LFG flow to project	landfill gas energy; source category: Electricity; source end user(s): Joint Base Elmendorf Richardson (JBER)	7/31/2012	ArcGIS OBJECTID 9; GHGRP cross-reference 1007341; service geometry 61.293281000000036,-149.60213799999997
us-epa-lmop	b7e3d4b407624d80	439	Bradley County LF	United States	TN	Bradley, TN	35.157	-84.966	EPA LMOP-published latitude/longitude attribute and point geometry	Other	Operational landfill-gas energy project (official map scope; September 2024 data release)	project owner: Fidem Energy, LLC | project developer: Fidem Energy, LLC | landfill owner: Bradley County, TN		landfill gas energy; source category: Renewable Natural Gas	11/30/2023	ArcGIS OBJECTID 439; GHGRP cross-reference 1003356; service geometry 35.15700000000004,-84.96599999999995
us-epa-lmop	b908f34ed4102ce2	118	Frederick County Regional Landfill	United States	VA	Frederick, VA	39.1416	-78.0988	EPA LMOP-published latitude/longitude attribute and point geometry	Reciprocating Engine	Operational landfill-gas energy project (official map scope; September 2024 data release)	project owner: County of Frederick, VA | project developer: County of Frederick, VA | landfill owner: County of Frederick, VA	0.95 MW total capacity; 0.457 mmscfd total LFG flow to project	landfill gas energy; source category: Electricity; source end user(s): PJM Interconnection, LLC	11/4/2010	ArcGIS OBJECTID 118; GHGRP cross-reference 1004247; service geometry 39.14160000000004,-78.09879999999998
us-epa-lmop	b9bb045d78104aba	125	Columbia Ridge LF	United States	OR	Gilliam, OR	45.639234	-120.217237	EPA LMOP-published latitude/longitude attribute and point geometry	Reciprocating Engine	Operational landfill-gas energy project (official map scope; September 2024 data release)	project owner: WM Renewable Energy, LLC | project developer: WM Renewable Energy, LLC | landfill owner: WM	10.42 MW total capacity; 5.4 mmscfd total LFG flow to project	landfill gas energy; source category: Electricity; source end user(s): Seattle City Light	12/15/2009	ArcGIS OBJECTID 125; GHGRP cross-reference 1007989; service geometry 45.639234000000044,-120.21723699999995
us-epa-lmop	bad1b5f8f6faa8ca	346	Hastings Sanitary Landfill	United States	MI	Barry, MI	42.681	-85.298	EPA LMOP-published latitude/longitude attribute and point geometry	Direct Thermal	Operational landfill-gas energy project (official map scope; September 2024 data release)	landfill owner: WM	0.012 mmscfd total LFG flow to project	landfill gas energy; source category: Direct	1/1/2013	ArcGIS OBJECTID 346; GHGRP cross-reference 1007721; service geometry 42.68100000000004,-85.29799999999994
us-epa-lmop	bb1b195f1305d41a	141	Springfield Road LF	United States	VA	Henrico, VA	37.67917	-77.5661	EPA LMOP-published latitude/longitude attribute and point geometry	Reciprocating Engine	Operational landfill-gas energy project (official map scope; September 2024 data release)	project owner: Archaea Energy, LLC | project developer: INGENCO | landfill owner: Henrico County, VA	0.84 MW total capacity; 0.457 mmscfd total LFG flow to project	landfill gas energy; source category: Electricity; source end user(s): PJM Interconnection, LLC	9/30/2010	ArcGIS OBJECTID 141; GHGRP cross-reference 1006071; service geometry 37.679170000000056,-77.56609999999995
us-epa-lmop	bbd5a323a64909f0	231	Olinda Alpha SLF	United States	CA	Orange, CA	33.93361	-117.84361	EPA LMOP-published latitude/longitude attribute and point geometry	Combined Cycle	Operational landfill-gas energy project (official map scope; September 2024 data release)	project owner: Broadrock Renewables LLC | project developer: Broadrock Renewables LLC | landfill owner: County of Orange - OC Waste & Recycling, CA	28.08 MW total capacity; 12.36 mmscfd total LFG flow to project	landfill gas energy; source category: Electricity; source end user(s): Anaheim Public Utilities	6/28/2012	ArcGIS OBJECTID 231; GHGRP cross-reference 1002320; service geometry 33.933610000000044,-117.84360999999996
us-epa-lmop	bc3be419b8885743	270	Cold Canyon LF Solid Waste Disposal Site	United States	CA	San Luis Obispo, CA	35.1873	-120.59579	EPA LMOP-published latitude/longitude attribute and point geometry	Reciprocating Engine	Operational landfill-gas energy project (official map scope; September 2024 data release)	project owner: Toro Energy, Inc. | project developer: Toro Energy, Inc. | landfill owner: Corral de Piedra Land Company	1.31 MW total capacity; 0.75 mmscfd total LFG flow to project	landfill gas energy; source category: Electricity; source end user(s): Pacific Gas and Electric Company (PG&E)	7/31/2013	ArcGIS OBJECTID 270; GHGRP cross-reference 1006322; service geometry 35.18730000000005,-120.59578999999997
us-epa-lmop	bd13f84fe91f8dce	391	Lena Road Class I Landfill	United States	FL	Manatee, FL	27.470055	-82.443497	EPA LMOP-published latitude/longitude attribute and point geometry	Direct Thermal	Operational landfill-gas energy project (official map scope; September 2024 data release)	landfill owner: Manatee County, FL	0.467 mmscfd total LFG flow to project	landfill gas energy; source category: Direct; source end user(s): Manatee County Southeast Water Reclamation Facility	7/31/2008	ArcGIS OBJECTID 391; GHGRP cross-reference 1004913; service geometry 27.47005500000006,-82.44349699999998
us-epa-lmop	bd79d4fec40b769e	16	Eastern Sanitary Landfill Solid Waste Management Facility (ESL)	United States	MD	Baltimore, MD	39.3948	-76.3964	EPA LMOP-published latitude/longitude attribute and point geometry	Reciprocating Engine	Operational landfill-gas energy project (official map scope; September 2024 data release)	project owner: Energy Power Partners | project developer: Energy Power Partners | landfill owner: Baltimore County, MD	2.71 MW total capacity; 1.42 mmscfd total LFG flow to project	landfill gas energy; source category: Electricity; source end user(s): Baltimore County, MD	9/1/2006	ArcGIS OBJECTID 16; GHGRP cross-reference 1004330; service geometry 39.39480000000003,-76.39639999999997
us-epa-lmop	bdb903eebabee976	471	Pine Hill Landfill	United States	TX	Gregg, TX	32.45	-94.832	EPA LMOP-published latitude/longitude attribute and point geometry	Vehicle Fuel	Operational landfill-gas energy project (official map scope; September 2024 data release)	project owner: Morrow Renewables, LLC | project developer: Morrow Renewables, LLC | landfill owner: Four-S Oil Company	1.64 mmscfd total LFG flow to project	landfill gas energy; source category: Renewable Natural Gas; source end user(s): Clean Energy Renewables; Gulf South Pipeline	7/20/2017	ArcGIS OBJECTID 471; GHGRP cross-reference 1006227; service geometry 32.450000000000045,-94.83199999999994
us-epa-lmop	bde1a2c31051d5c6	46	Burlington County SLF	United States	NJ	Burlington, NJ	40.076	-74.76	EPA LMOP-published latitude/longitude attribute and point geometry	Cogeneration	Operational landfill-gas energy project (official map scope; September 2024 data release)	project developer: Burlington County; Rutgers University | landfill owner: Burlington County Board of Chosen Freeholders	0.25 MW total capacity; 0.144 mmscfd total LFG flow to project	landfill gas energy; source category: Electricity; source end user(s): Rutgers EcoComplex	12/1/2002	ArcGIS OBJECTID 46; GHGRP cross-reference 1006969; service geometry 40.07600000000008,-74.75999999999993
us-epa-lmop	be1408a190ba6331	537	South Side Landfill Inc.	United States	IN	Marion, IN	39.72794	-86.20847	EPA LMOP-published latitude/longitude attribute and point geometry	Vehicle Fuel	Operational landfill-gas energy project (official map scope; September 2024 data release)	project owner: Indy High Btu LLC | project developer: EDL Energy | landfill owner: 600 Land, Inc.	2.98 mmscfd total LFG flow to project	landfill gas energy; source category: Renewable Natural Gas; source end user(s): Kinetrex Energy; United Parcel Service (UPS)	3/20/2020	ArcGIS OBJECTID 537; GHGRP cross-reference 1002683; service geometry 39.727940000000046,-86.20846999999998
us-epa-lmop	be65969d62db4893	225	Ocean County LF	United States	NJ	Ocean, NJ	40.025	-74.255	EPA LMOP-published latitude/longitude attribute and point geometry	Reciprocating Engine	Operational landfill-gas energy project (official map scope; September 2024 data release)	project owner: Energy Power Partners | project developer: Aria Energy, LLC | landfill owner: Ocean County Landfill Corp.	9.19 MW total capacity; 5.44 mmscfd total LFG flow to project	landfill gas energy; source category: Electricity; source end user(s): Jersey Central Power & Light (JCP&L); Public Service Electric & Gas Company (PSE&G)	2/1/1997	ArcGIS OBJECTID 225; GHGRP cross-reference 1002667; service geometry 40.025000000000034,-74.25499999999994
us-epa-lmop	beb6c2dca33f7aba	168	Munster LF	United States	IN	Lake, IN	41.532	-87.5068	EPA LMOP-published latitude/longitude attribute and point geometry	Reciprocating Engine	Operational landfill-gas energy project (official map scope; September 2024 data release)	project developer: Energy Systems Group, LLC | landfill owner: Town of Munster, IN	0.43 MW total capacity; 0.35 mmscfd total LFG flow to project	landfill gas energy; source category: Electricity; source end user(s): Northern Indiana Public Service Company (NIPSCO)	12/16/2012	ArcGIS OBJECTID 168; GHGRP cross-reference 1004021; service geometry 41.53200000000004,-87.50679999999994
us-epa-lmop	bf1039d55a8b02fe	114	Hanes Mill Road Landfill	United States	NC	Forsyth, NC	36.1869	-80.2806	EPA LMOP-published latitude/longitude attribute and point geometry	Gas Turbine	Operational landfill-gas energy project (official map scope; September 2024 data release)	project owner: DTE Vantage; Energy Power Partners | project developer: Aria Energy, LLC; DTE Vantage | landfill owner: City of Winston-Salem, NC	3.81 MW total capacity; 2.24 mmscfd total LFG flow to project	landfill gas energy; source category: Electricity; source end user(s): Duke Energy	7/1/1996	ArcGIS OBJECTID 114; GHGRP cross-reference 1003137; service geometry 36.18690000000004,-80.28059999999994
us-epa-lmop	bf61b5d46866f297	387	Lanchester LF	United States	PA	Lancaster, PA	40.1067	-75.9456	EPA LMOP-published latitude/longitude attribute and point geometry	Direct Thermal	Operational landfill-gas energy project (official map scope; September 2024 data release)	project owner: EDL Energy | project developer: Granger Energy | landfill owner: Chester County Solid Waste Authority, PA	5.472 mmscfd total LFG flow to project	landfill gas energy; source category: Direct; source end user(s): Dart Corporation; Advanced Food Products; L&S Sweeteners	12/15/2004	ArcGIS OBJECTID 387; GHGRP cross-reference 1002391; service geometry 40.106700000000046,-75.94559999999996
us-epa-lmop	c00ec71b52d1c6e9	11	Millersville SLF	United States	MD	Anne Arundel, MD	39.0945	-76.6656	EPA LMOP-published latitude/longitude attribute and point geometry	Reciprocating Engine	Operational landfill-gas energy project (official map scope; September 2024 data release)	project owner: Anne Arundel County Dept. of Public Works, Bureau of Waste Mmgt. Services, MD | project developer: Northeast Maryland Waste Disposal Authority, MD | landfill owner: Anne Arundel County Dept. of Public Works, Bureau of Waste Mmgt. Services, MD	2.67 MW total capacity; 1.59 mmscfd total LFG flow to project	landfill gas energy; source category: Electricity; source end user(s): PJM Interconnection, LLC	6/27/2012	ArcGIS OBJECTID 11; GHGRP cross-reference 1002002; service geometry 39.09450000000004,-76.66559999999998
us-epa-lmop	c02815c03bd2f56b	131	City of Greensboro White Street Landfill	United States	NC	Guilford, NC	36.107	-79.73	EPA LMOP-published latitude/longitude attribute and point geometry	Reciprocating Engine	Operational landfill-gas energy project (official map scope; September 2024 data release)	project owner: ReNew Petra | project developer: ReNew Petra | landfill owner: City of Greensboro, NC	1.19 MW total capacity; 0.66 mmscfd total LFG flow to project	landfill gas energy; source category: Electricity; source end user(s): Duke Energy	6/30/2019	ArcGIS OBJECTID 131; GHGRP cross-reference 1006978; service geometry 36.10700000000003,-79.72999999999996
us-epa-lmop	c040161fc542086d	437	Black Hawk County SLF (Area E)	United States	IA	Black Hawk, IA	42.414	-92.32758	EPA LMOP-published latitude/longitude attribute and point geometry	Other	Operational landfill-gas energy project (official map scope; September 2024 data release)	project developer: Pine Creek RNG | landfill owner: Black Hawk County SWM Commission, IA	1.728 mmscfd total LFG flow to project	landfill gas energy; source category: Renewable Natural Gas	8/29/2024	ArcGIS OBJECTID 437; GHGRP cross-reference 1000287; service geometry 42.414000000000044,-92.32757999999995
us-epa-lmop	c1b1f3e7408cb60a	121	Fulton County LF	United States	NY	Fulton, NY	43.0127	-74.4725	EPA LMOP-published latitude/longitude attribute and point geometry	Reciprocating Engine	Operational landfill-gas energy project (official map scope; September 2024 data release)	project owner: Archaea Energy, LLC | project developer: Innovative Energy Systems, LLC | landfill owner: Fulton County, NY	1.88 MW total capacity; 0.948 mmscfd total LFG flow to project	landfill gas energy; source category: Electricity; source end user(s): National Grid	6/4/2010	ArcGIS OBJECTID 121; GHGRP cross-reference 1004894; service geometry 43.01270000000005,-74.47249999999997
us-epa-lmop	c35b21808948d3d7	477	McCarty Road LF	United States	TX	Harris, TX	29.827501	-95.243334	EPA LMOP-published latitude/longitude attribute and point geometry	Vehicle Fuel	Operational landfill-gas energy project (official map scope; September 2024 data release)	project developer: Ameresco, Inc. | landfill owner: Republic Services, Inc.	3.383 mmscfd total LFG flow to project	landfill gas energy; source category: Renewable Natural Gas; source end user(s): U.S. Energy	5/31/2021	ArcGIS OBJECTID 477; GHGRP cross-reference 1006899; service geometry 29.82750100000004,-95.24333399999995
us-epa-lmop	c4f41dff21e322f5	177	Cedar Rapids Linn County Solid Waste Landfill #2	United States	IA	Linn, IA	42.09371	-91.55547	EPA LMOP-published latitude/longitude attribute and point geometry	Cogeneration	Operational landfill-gas energy project (official map scope; September 2024 data release)	landfill owner: Cedar Rapids-Linn County Solid Waste Agency	1.6 MW total capacity	landfill gas energy; source category: Electricity; source end user(s): Central Iowa Power Cooperative (CIPCO)	5/31/2013	ArcGIS OBJECTID 177; GHGRP cross-reference 1001949; service geometry 42.093710000000044,-91.55546999999996
us-epa-lmop	c502b724d92df4eb	408	Richland County Landfill	United States	SC	Richland, SC	34.1042	-80.782	EPA LMOP-published latitude/longitude attribute and point geometry	Leachate Evaporation	Operational landfill-gas energy project (official map scope; September 2024 data release)	project owner: WM | project developer: WM | landfill owner: WM	0.94 mmscfd total LFG flow to project	landfill gas energy; source category: Direct; source end user(s): WM	10/15/2016	ArcGIS OBJECTID 408; GHGRP cross-reference 1007706; service geometry 34.10420000000005,-80.78199999999998
us-epa-lmop	c503544d02e6cf96	256	Corona Disposal Site	United States	CA	Riverside, CA	33.8674	-117.5395	EPA LMOP-published latitude/longitude attribute and point geometry	Reciprocating Engine	Operational landfill-gas energy project (official map scope; September 2024 data release)	project developer: City of Corona, CA | landfill owner: Riverside County, CA	0.6 MW total capacity	landfill gas energy; source category: Electricity; source end user(s): Southern California Edison (SCE) Company	3/4/1986	ArcGIS OBJECTID 256; GHGRP cross-reference 1000369; service geometry 33.86740000000003,-117.53949999999998
us-epa-lmop	c55c7c5aa7bd410a	129	Green Valley Landfill	United States	KY	Greenup, KY	38.399	-82.811	EPA LMOP-published latitude/longitude attribute and point geometry	Reciprocating Engine	Operational landfill-gas energy project (official map scope; September 2024 data release)	project owner: East Kentucky Power Cooperative (EKPC) | project developer: East Kentucky Power Cooperative (EKPC) | landfill owner: Republic Services, Inc.	1.92 MW total capacity; 0.97 mmscfd total LFG flow to project	landfill gas energy; source category: Electricity; source end user(s): East Kentucky Power Cooperative (EKPC)	9/9/2003	ArcGIS OBJECTID 129; GHGRP cross-reference 1004483; service geometry 38.39900000000006,-82.81099999999998
us-epa-lmop	c59f6166ec2c66bb	321	Emerald Park Landfill LLC	United States	WI	Waukesha, WI	42.84951	-88.065	EPA LMOP-published latitude/longitude attribute and point geometry	Cogeneration	Operational landfill-gas energy project (official map scope; September 2024 data release)	project developer: Milwaukee Metropolitan Sewerage District, WI | landfill owner: GFL Environmental USA Inc.	3.11 MW total capacity; 0.753 mmscfd total LFG flow to project	landfill gas energy; source category: Electricity; source end user(s): Milwaukee Metropolitan Sewerage District, WI	12/31/2013	ArcGIS OBJECTID 321; GHGRP cross-reference 1007212; service geometry 42.849510000000066,-88.06499999999994
us-epa-lmop	c5e0e9c66f273992	351	Burlington County SLF	United States	NJ	Burlington, NJ	40.076	-74.76	EPA LMOP-published latitude/longitude attribute and point geometry	Greenhouse	Operational landfill-gas energy project (official map scope; September 2024 data release)	landfill owner: Burlington County Board of Chosen Freeholders	0.216 mmscfd total LFG flow to project	landfill gas energy; source category: Direct; source end user(s): Rutgers EcoComplex	1/1/1996	ArcGIS OBJECTID 351; GHGRP cross-reference 1006969; service geometry 40.07600000000008,-74.75999999999993
us-epa-lmop	c66e7e6a28247181	97	Dougherty County Fleming/Gaissert Road LF	United States	GA	Dougherty, GA	31.532784	-84.028353	EPA LMOP-published latitude/longitude attribute and point geometry	Cogeneration	Operational landfill-gas energy project (official map scope; September 2024 data release)	project owner: Marine Corps Logistics Base (MCLB) | project developer: Chevron Energy Solutions | landfill owner: Dougherty County Solid Waste Department, GA	0.59 MW total capacity; 0.334 mmscfd total LFG flow to project	landfill gas energy; source category: Electricity; source end user(s): Marine Corps Logistics Base (MCLB)	9/23/2011	ArcGIS OBJECTID 97; GHGRP cross-reference 1003887; service geometry 31.53278400000005,-84.02835299999998
us-epa-lmop	c6b55e253298f637	132	Richland Creek Road Landfill	United States	GA	Gwinnett, GA	34.127	-84.0353	EPA LMOP-published latitude/longitude attribute and point geometry	Reciprocating Engine	Operational landfill-gas energy project (official map scope; September 2024 data release)	project owner: I Squared Capital | project developer: Mas Energy, LLC | landfill owner: Republic Services, Inc.	6.09 MW total capacity; 3.4 mmscfd total LFG flow to project	landfill gas energy; source category: Electricity; source end user(s): Georgia Power Company	7/22/2016	ArcGIS OBJECTID 132; GHGRP cross-reference 1004487; service geometry 34.127000000000066,-84.03529999999995
us-epa-lmop	c74efd343c75251e	94	Camelot Landfill	United States	TX	Denton, TX	33.029167	-96.951	EPA LMOP-published latitude/longitude attribute and point geometry	Reciprocating Engine	Operational landfill-gas energy project (official map scope; September 2024 data release)	project developer: WM Renewable Energy, LLC | landfill owner: City of Farmers Branch, TX	2.66 MW total capacity; 1.4 mmscfd total LFG flow to project	landfill gas energy; source category: Electricity; source end user(s): CoServ Electric	2/1/2011	ArcGIS OBJECTID 94; GHGRP cross-reference 1007780; service geometry 33.02916700000003,-96.95099999999996
us-epa-lmop	c844da1730876e35	329	Land & Lakes/Willow Ranch Landfill	United States	IL	Will, IL	41.670518	-88.062795	EPA LMOP-published latitude/longitude attribute and point geometry	Reciprocating Engine	Operational landfill-gas energy project (official map scope; September 2024 data release)	project developer: Biogas Energy Solutions, LLC | landfill owner: Land and Lakes Company	0.4 MW total capacity	landfill gas energy; source category: Electricity; source end user(s): Commonwealth Edison Company (ComEd)	1/1/1998	ArcGIS OBJECTID 329; GHGRP cross-reference 1006349; service geometry 41.67051800000007,-88.06279499999994
us-epa-lmop	c8590af657205c79	115	Piedmont SLF	United States	NC	Forsyth, NC	36.1944	-80.0407	EPA LMOP-published latitude/longitude attribute and point geometry	Reciprocating Engine	Operational landfill-gas energy project (official map scope; September 2024 data release)	project owner: WM Renewable Energy, LLC | project developer: WM Renewable Energy, LLC | landfill owner: WM	3.09 MW total capacity; 0.74 mmscfd total LFG flow to project	landfill gas energy; source category: Electricity; source end user(s): Duke Energy	3/1/2011	ArcGIS OBJECTID 115; GHGRP cross-reference 1007456; service geometry 36.19440000000003,-80.04069999999996
us-epa-lmop	c87ae43141875771	529	Riverview Land Preserve	United States	MI	Wayne, MI	42.15621	-83.21208	EPA LMOP-published latitude/longitude attribute and point geometry	Vehicle Fuel	Operational landfill-gas energy project (official map scope; September 2024 data release)	project developer: DTE Vantage; Energy Power Partners | landfill owner: City of Riverview, MI		landfill gas energy; source category: Renewable Natural Gas	3/25/2024	ArcGIS OBJECTID 529; GHGRP cross-reference 1003601; service geometry 42.156210000000044,-83.21207999999996
us-epa-lmop	c94a03b72bb9ab0b	534	Altamont Landfill & Resource Recovery Facility	United States	CA	Alameda, CA	37.75	-121.65667	EPA LMOP-published latitude/longitude attribute and point geometry	Vehicle Fuel	Operational landfill-gas energy project (official map scope; September 2024 data release)	project developer: High Mountain Fuels | landfill owner: WM	1 mmscfd total LFG flow to project	landfill gas energy; source category: Renewable Natural Gas; source end user(s): WM	9/1/2009	ArcGIS OBJECTID 534; GHGRP cross-reference 1007699; service geometry 37.75000000000006,-121.65666999999996
us-epa-lmop	ca1e8a39a700f149	460	Douglas County Landfill	United States	NE	Douglas, NE	41.3357	-96.1101	EPA LMOP-published latitude/longitude attribute and point geometry	Vehicle Fuel	Operational landfill-gas energy project (official map scope; September 2024 data release)	project developer: BioResource Development, LLC | landfill owner: Douglas County, NE	0.659 mmscfd total LFG flow to project	landfill gas energy; source category: Renewable Natural Gas; source end user(s): Metropolitan Utilities District of Omaha; Tenaska	12/31/2015	ArcGIS OBJECTID 460; GHGRP cross-reference 1000522; service geometry 41.33570000000003,-96.11009999999999
us-epa-lmop	cab1aadf165b94c9	197	Northwest Regional MSW Landfill	United States	AZ	Maricopa, AZ	33.678	-112.481	EPA LMOP-published latitude/longitude attribute and point geometry	Reciprocating Engine	Operational landfill-gas energy project (official map scope; September 2024 data release)	project owner: WM Renewable Energy, LLC | project developer: WM Renewable Energy, LLC | landfill owner: WM	2.24 MW total capacity; 1.1 mmscfd total LFG flow to project	landfill gas energy; source category: Electricity; source end user(s): Arizona Public Service (APS)	8/1/2012	ArcGIS OBJECTID 197; GHGRP cross-reference 1000031; service geometry 33.678000000000054,-112.48099999999994
us-epa-lmop	cb67be52c839e344	245	Metro Park East Landfill	United States	IA	Polk, IA	41.600722	-93.345265	EPA LMOP-published latitude/longitude attribute and point geometry	Reciprocating Engine	Operational landfill-gas energy project (official map scope; September 2024 data release)	project owner: WM Renewable Energy, LLC | project developer: Bio Energy Partners; WM Renewable Energy, LLC | landfill owner: Metro Waste Authority, IA	9.89 MW total capacity; 4.75 mmscfd total LFG flow to project	landfill gas energy; source category: Electricity; source end user(s): Berkshire Hathaway Energy Company; Municipal Energy Agency of Nebraska (MEAN)	1/1/1993	ArcGIS OBJECTID 245; GHGRP cross-reference 1007727; service geometry 41.600722000000076,-93.34526499999998
us-epa-lmop	cba0a92de1b226b0	429	Wetzel County Landfill	United States	WV	Wetzel, WV	39.60502	-80.85639	EPA LMOP-published latitude/longitude attribute and point geometry	Boiler	Operational landfill-gas energy project (official map scope; September 2024 data release)	landfill owner: J.P. Mascaro & Sons	0.15 mmscfd total LFG flow to project	landfill gas energy; source category: Direct	1/1/2003	ArcGIS OBJECTID 429; GHGRP cross-reference 1011036; service geometry 39.605020000000025,-80.85638999999998
us-epa-lmop	cc5c7fa026670930	263	Salt Lake Valley LF	United States	UT	Salt Lake, UT	40.746	-112.042	EPA LMOP-published latitude/longitude attribute and point geometry	Reciprocating Engine	Operational landfill-gas energy project (official map scope; September 2024 data release)	project owner: DTE Vantage; Energy Power Partners | project developer: Aria Energy, LLC; DTE Vantage | landfill owner: Salt Lake City, UT; Salt Lake County, UT	2.93 MW total capacity; 1.518 mmscfd total LFG flow to project	landfill gas energy; source category: Electricity; source end user(s): Murray City Power	6/30/2006	ArcGIS OBJECTID 263; GHGRP cross-reference 1003471; service geometry 40.74600000000004,-112.04199999999997
us-epa-lmop	cc96805bcf5c3861	232	Frank R. Bowerman SLF	United States	CA	Orange, CA	33.72053	-117.70947	EPA LMOP-published latitude/longitude attribute and point geometry	Reciprocating Engine	Operational landfill-gas energy project (official map scope; September 2024 data release)	project owner: Bowerman Power LFG LLC; Montauk Renewables | project developer: Montauk Renewables | landfill owner: County of Orange - OC Waste & Recycling, CA	18.74 MW total capacity; 8.589 mmscfd total LFG flow to project	landfill gas energy; source category: Electricity; source end user(s): Anaheim Public Utilities	3/29/2016	ArcGIS OBJECTID 232; GHGRP cross-reference 1002107; service geometry 33.72053000000005,-117.70946999999995
us-epa-lmop	cceaa485ee20d667	405	PBCSWA RRF Site #7	United States	FL	Palm Beach, FL	26.763	-80.137436	EPA LMOP-published latitude/longitude attribute and point geometry	Direct Thermal	Operational landfill-gas energy project (official map scope; September 2024 data release)	project developer: Solid Waste Authority of Palm Beach County, FL | landfill owner: Solid Waste Authority of Palm Beach County, FL	1.32 mmscfd total LFG flow to project	landfill gas energy; source category: Direct; source end user(s): Solid Waste Authority of Palm Beach County, FL	8/1/2009	ArcGIS OBJECTID 405; GHGRP cross-reference 1007820; service geometry 26.763000000000034,-80.13743599999998
us-epa-lmop	cdd86c5807efea75	64	Five Oaks RDF	United States	IL	Christian, IL	39.54693	-89.29487	EPA LMOP-published latitude/longitude attribute and point geometry	Cogeneration	Operational landfill-gas energy project (official map scope; September 2024 data release)	project developer: WM Renewable Energy, LLC | landfill owner: WM	2.37 MW total capacity; 1.23 mmscfd total LFG flow to project	landfill gas energy; source category: Electricity; source end user(s): Ameren Energy Marketing; Buckley Growers Illinois	2/1/2008	ArcGIS OBJECTID 64; GHGRP cross-reference 1006251; service geometry 39.54693000000003,-89.29486999999995
us-epa-lmop	cf24571aeb343e6b	300	Lockwood Regional LF	United States	NV	Storey, NV	39.494	-119.615	EPA LMOP-published latitude/longitude attribute and point geometry	Reciprocating Engine	Operational landfill-gas energy project (official map scope; September 2024 data release)	project owner: WM Nevada Renewable Energy | project developer: WM Renewable Energy, LLC | landfill owner: WM	2.31 MW total capacity; 1.21 mmscfd total LFG flow to project	landfill gas energy; source category: Electricity; source end user(s): NV Energy	4/9/2012	ArcGIS OBJECTID 300; GHGRP cross-reference 1003260; service geometry 39.49400000000003,-119.61499999999995
us-epa-lmop	cf71bd204f3eae6a	103	Edgecombe County LF	United States	NC	Edgecombe, NC	35.822	-77.565	EPA LMOP-published latitude/longitude attribute and point geometry	Reciprocating Engine	Operational landfill-gas energy project (official map scope; September 2024 data release)	project developer: Edgecombe County, NC; S&ME, Inc. | landfill owner: Edgecombe County, NC	0.74 MW total capacity; 0.36 mmscfd total LFG flow to project	landfill gas energy; source category: Electricity; source end user(s): Edgecombe-Martin County Electric Membership Corporation	4/1/2014	ArcGIS OBJECTID 103; GHGRP cross-reference 1000554; service geometry 35.82200000000006,-77.56499999999994
us-epa-lmop	cfae236bbaaf09ab	8	Maplewood Recycling & Waste Disposal	United States	VA	Amelia, VA	37.307	-78.0634	EPA LMOP-published latitude/longitude attribute and point geometry	Reciprocating Engine	Operational landfill-gas energy project (official map scope; September 2024 data release)	project owner: Archaea Energy, LLC | project developer: INGENCO | landfill owner: WM	2.19 MW total capacity; 1.23 mmscfd total LFG flow to project	landfill gas energy; source category: Electricity; source end user(s): PJM Interconnection, LLC	8/28/2001	ArcGIS OBJECTID 8; GHGRP cross-reference 1007610; service geometry 37.30700000000007,-78.06339999999994
us-epa-lmop	d015840e8267c7a3	162	King and Queen Landfill	United States	VA	King and Queen, VA	37.665	-76.77	EPA LMOP-published latitude/longitude attribute and point geometry	Reciprocating Engine	Operational landfill-gas energy project (official map scope; September 2024 data release)	project owner: Archaea Energy, LLC | project developer: INGENCO | landfill owner: King and Queen County, VA	7.07 MW total capacity; 3.26 mmscfd total LFG flow to project	landfill gas energy; source category: Electricity; source end user(s): PJM Interconnection, LLC	12/7/2007	ArcGIS OBJECTID 162; GHGRP cross-reference 1006300; service geometry 37.66500000000008,-76.76999999999998
us-epa-lmop	d04b74e8fd488daa	508	City of Fort Smith Landfill	United States	AR	Sebastian, AR	35.2926	-94.3704	EPA LMOP-published latitude/longitude attribute and point geometry	Vehicle Fuel	Operational landfill-gas energy project (official map scope; September 2024 data release)	project owner: Cambrian Energy; Morrow Renewables, LLC | project developer: Cambrian Energy; Morrow Renewables, LLC | landfill owner: City of Fort Smith Department of Sanitation, AR	2.184 mmscfd total LFG flow to project	landfill gas energy; source category: Renewable Natural Gas; source end user(s): Anew Climate, LLC; Summit Utilities, Inc.	5/1/2006	ArcGIS OBJECTID 508; GHGRP cross-reference 1006026; service geometry 35.29260000000005,-94.37039999999996
us-epa-lmop	d085193db340ec15	17	Fort Hall Mine Landfill	United States	ID	Bannock, ID	42.782	-112.375	EPA LMOP-published latitude/longitude attribute and point geometry	Reciprocating Engine	Operational landfill-gas energy project (official map scope; September 2024 data release)	landfill owner: Bannock County, ID	1.22 MW total capacity; 0.52 mmscfd total LFG flow to project	landfill gas energy; source category: Electricity; source end user(s): Idaho Power Company	4/14/2014	ArcGIS OBJECTID 17; GHGRP cross-reference 1002699; service geometry 42.78200000000004,-112.37499999999994
us-epa-lmop	d0a8583a887f9365	469	Richfield Landfill	United States	MI	Genesee, MI	43.127376	-83.485555	EPA LMOP-published latitude/longitude attribute and point geometry	Vehicle Fuel	Operational landfill-gas energy project (official map scope; September 2024 data release)	project owner: Blue Skies Energy, LLC | project developer: Blue Skies Energy, LLC | landfill owner: Richfield Landfill, Inc.	2.03 mmscfd total LFG flow to project	landfill gas energy; source category: Renewable Natural Gas; source end user(s): Apple	11/1/2006	ArcGIS OBJECTID 469; GHGRP cross-reference 1003592; service geometry 43.12737600000003,-83.48555499999998
us-epa-lmop	d11288206c405bd5	226	Rochelle Municipal #2	United States	IL	Ogle, IL	41.926	-88.997	EPA LMOP-published latitude/longitude attribute and point geometry	Reciprocating Engine	Operational landfill-gas energy project (official map scope; September 2024 data release)	project owner: Archaea Energy, LLC | project developer: William Charles Energy, LLC | landfill owner: Waste Connections, Inc.	2.52 MW total capacity; 1.301 mmscfd total LFG flow to project	landfill gas energy; source category: Electricity; source end user(s): Rochelle Municipal Utilities	12/5/2011	ArcGIS OBJECTID 226; GHGRP cross-reference 1004936; service geometry 41.926000000000045,-88.99699999999996
us-epa-lmop	d1c067196a6a0ae7	525	Eco-Vista Landfill	United States	AR	Washington, AR	36.140147	-94.256073	EPA LMOP-published latitude/longitude attribute and point geometry	Vehicle Fuel	Operational landfill-gas energy project (official map scope; September 2024 data release)	landfill owner: WM		landfill gas energy; source category: Renewable Natural Gas; source end user(s): Enable Midstream Partners, LP; WM	5/24/2023	ArcGIS OBJECTID 525; GHGRP cross-reference 1003406; service geometry 36.14014700000007,-94.25607299999996
us-epa-lmop	d219accf64aa58b3	320	Orchard Ridge RDF	United States	WI	Waukesha, WI	43.188	-88.0765	EPA LMOP-published latitude/longitude attribute and point geometry	Gas Turbine	Operational landfill-gas energy project (official map scope; September 2024 data release)	project owner: WM Renewable Energy, LLC | project developer: WM Renewable Energy, LLC | landfill owner: WM	10.13 MW total capacity; 7.33 mmscfd total LFG flow to project	landfill gas energy; source category: Electricity; source end user(s): We Energies	1/1/1987	ArcGIS OBJECTID 320; GHGRP cross-reference 1006876; service geometry 43.188000000000045,-88.07649999999995
us-epa-lmop	d3d844ed0abe714b	152	Jay County LF	United States	IN	Jay, IN	40.376	-85.093	EPA LMOP-published latitude/longitude attribute and point geometry	Reciprocating Engine	Operational landfill-gas energy project (official map scope; September 2024 data release)	project developer: Wabash Valley Power Alliance | landfill owner: WM	1.9 MW total capacity; 0.852 mmscfd total LFG flow to project	landfill gas energy; source category: Electricity; source end user(s): Wabash Valley Power Alliance	4/5/2005	ArcGIS OBJECTID 152; GHGRP cross-reference 1007671; service geometry 40.37600000000003,-85.09299999999996
us-epa-lmop	d40d1950ccc68595	179	Livingston LF	United States	IL	Livingston, IL	40.93178	-88.65735	EPA LMOP-published latitude/longitude attribute and point geometry	Gas Turbine	Operational landfill-gas energy project (official map scope; September 2024 data release)	project owner: Hoosier Energy Rural Electric Cooperative, Inc. | project developer: Hoosier Energy Rural Electric Cooperative, Inc. | landfill owner: Republic Services, Inc.	9.17 MW total capacity; 6.86 mmscfd total LFG flow to project	landfill gas energy; source category: Electricity; source end user(s): PJM Interconnection, LLC	1/1/2001	ArcGIS OBJECTID 179; GHGRP cross-reference 1002249; service geometry 40.93178000000006,-88.65734999999995
us-epa-lmop	d4a6ee1b63a4d11c	496	Bethlehem Landfill	United States	PA	Northampton, PA	40.625	-75.307	EPA LMOP-published latitude/longitude attribute and point geometry	Vehicle Fuel	Operational landfill-gas energy project (official map scope; September 2024 data release)	project owner: Archaea Energy, LLC | project developer: Archaea Energy, LLC | landfill owner: Waste Connections, Inc.	4.83 mmscfd total LFG flow to project	landfill gas energy; source category: Renewable Natural Gas	8/20/2024	ArcGIS OBJECTID 496; GHGRP cross-reference 1003937; service geometry 40.62500000000006,-75.30699999999996
us-epa-lmop	d551606cb7b8d6c9	139	Carter Valley Landfill	United States	TN	Hawkins, TN	36.5417	-82.7917	EPA LMOP-published latitude/longitude attribute and point geometry	Reciprocating Engine	Operational landfill-gas energy project (official map scope; September 2024 data release)	project owner: Tennessee Renewable Group LLC | project developer: Tennessee Renewable Group LLC | landfill owner: Republic Services, Inc.	0.5 MW total capacity; 0.432 mmscfd total LFG flow to project	landfill gas energy; source category: Electricity; source end user(s): Holston Electric Cooperative, Inc.; Tennessee Valley Authority (TVA)	1/25/2012	ArcGIS OBJECTID 139; GHGRP cross-reference 1002649; service geometry 36.54170000000005,-82.79169999999993
us-epa-lmop	d5813b939ab9af41	452	Pine Bend Landfill	United States	MN	Dakota, MN	44.77917	-93.05711	EPA LMOP-published latitude/longitude attribute and point geometry	Vehicle Fuel	Operational landfill-gas energy project (official map scope; September 2024 data release)	project developer: Fortistar Methane Group | landfill owner: Republic Services, Inc.	1.32 mmscfd total LFG flow to project	landfill gas energy; source category: Renewable Natural Gas; source end user(s): OPAL Fuels Inc.	10/25/2022	ArcGIS OBJECTID 452; GHGRP cross-reference 1002059; service geometry 44.77917000000008,-93.05710999999997
us-epa-lmop	d9037e467349f499	299	Stafford County LF	United States	VA	Stafford, VA	38.385	-77.4125	EPA LMOP-published latitude/longitude attribute and point geometry	Reciprocating Engine	Operational landfill-gas energy project (official map scope; September 2024 data release)	project developer: Ameresco, Inc. | landfill owner: Rappahannock Regional Solid Waste Management Board, VA	0.43 MW total capacity; 0.233 mmscfd total LFG flow to project	landfill gas energy; source category: Electricity; source end user(s): Constellation	6/1/2009	ArcGIS OBJECTID 299; GHGRP cross-reference 1007096; service geometry 38.38500000000005,-77.41249999999997
us-epa-lmop	d94ca8eed8b228ca	516	American LF	United States	OH	Stark, OH	40.72	-81.264	EPA LMOP-published latitude/longitude attribute and point geometry	Vehicle Fuel	Operational landfill-gas energy project (official map scope; September 2024 data release)	project owner: WM Renewable Energy, LLC | project developer: WM Renewable Energy, LLC | landfill owner: WM	2.85 mmscfd total LFG flow to project	landfill gas energy; source category: Renewable Natural Gas; source end user(s): Enbridge Gas Ohio	4/1/2004	ArcGIS OBJECTID 516; GHGRP cross-reference 1007722; service geometry 40.72000000000003,-81.26399999999995
us-epa-lmop	d98242b10864daff	453	McCommas Bluff Landfill	United States	TX	Dallas, TX	32.684168	-96.718334	EPA LMOP-published latitude/longitude attribute and point geometry	Vehicle Fuel	Operational landfill-gas energy project (official map scope; September 2024 data release)	project owner: Energy Power Partners | project developer: Cambrian Energy; Clean Energy Renewables | landfill owner: City of Dallas, TX	11.3 mmscfd total LFG flow to project	landfill gas energy; source category: Renewable Natural Gas; source end user(s): Sacramento Municipal Utility District (SMUD); Shell Energy North America	1/1/2000	ArcGIS OBJECTID 453; GHGRP cross-reference 1006817; service geometry 32.68416800000006,-96.71833399999997
us-epa-lmop	da122e13a121e63f	378	Pecan Grove Sanitary Landfill	United States	MS	Harrison, MS	30.427	-89.2669	EPA LMOP-published latitude/longitude attribute and point geometry	Boiler	Operational landfill-gas energy project (official map scope; September 2024 data release)	project developer: Toro Energy, Inc. | landfill owner: WM	1.55 mmscfd total LFG flow to project	landfill gas energy; source category: Direct; source end user(s): EI DuPont de Nemours & Company	7/12/2005	ArcGIS OBJECTID 378; GHGRP cross-reference 1007890; service geometry 30.427000000000078,-89.26689999999996
us-epa-lmop	da5fa6e35475764c	331	CDT LF	United States	IL	Will, IL	41.500371	-88.144914	EPA LMOP-published latitude/longitude attribute and point geometry	Reciprocating Engine	Operational landfill-gas energy project (official map scope; September 2024 data release)	project developer: KMS Power Income Trust Fund | landfill owner: CDT Landfill Corporation	1.6 MW total capacity	landfill gas energy; source category: Electricity; source end user(s): Commonwealth Edison Company (ComEd)	1/1/1997	ArcGIS OBJECTID 331; GHGRP cross-reference not provided; service geometry 41.50037100000003,-88.14491399999997
us-epa-lmop	da97fbe95c1b1ba8	519	SPSA Regional LF	United States	VA	Suffolk city, VA	36.759	-76.522	EPA LMOP-published latitude/longitude attribute and point geometry	Vehicle Fuel	Operational landfill-gas energy project (official map scope; September 2024 data release)	project owner: Terreva Renewables | project developer: Terreva Renewables | landfill owner: Southeastern Public Service Authority, VA		landfill gas energy; source category: Renewable Natural Gas	8/31/2023	ArcGIS OBJECTID 519; GHGRP cross-reference 1014304; service geometry 36.75900000000007,-76.52199999999993
us-epa-lmop	db15a6f8db292f5c	290	Crossroads LF	United States	ME	Somerset, ME	44.71256	-69.8473	EPA LMOP-published latitude/longitude attribute and point geometry	Reciprocating Engine	Operational landfill-gas energy project (official map scope; September 2024 data release)	project developer: WM Renewable Energy, LLC | landfill owner: WM	2.72 MW total capacity; 1.33 mmscfd total LFG flow to project	landfill gas energy; source category: Electricity; source end user(s): New England Power Pool (NEPOOL)	3/6/2009	ArcGIS OBJECTID 290; GHGRP cross-reference 1007646; service geometry 44.71256000000005,-69.84729999999996
us-epa-lmop	db199cab4a750267	116	Mountain View Reclamation Landfill	United States	PA	Franklin, PA	39.7947	-77.8033	EPA LMOP-published latitude/longitude attribute and point geometry	Reciprocating Engine	Operational landfill-gas energy project (official map scope; September 2024 data release)	project owner: Archaea Energy, LLC | project developer: INGENCO | landfill owner: WM	3.28 MW total capacity; 1.794 mmscfd total LFG flow to project	landfill gas energy; source category: Electricity; source end user(s): PJM Interconnection, LLC	6/30/2003	ArcGIS OBJECTID 116; GHGRP cross-reference 1007935; service geometry 39.794700000000034,-77.80329999999998
us-epa-lmop	dc7dc8fd45059633	527	Sauk Trail Hills Landfill	United States	MI	Wayne, MI	42.2744	-83.4563	EPA LMOP-published latitude/longitude attribute and point geometry	Vehicle Fuel	Operational landfill-gas energy project (official map scope; September 2024 data release)	project owner: Archaea Energy, LLC | project developer: Clean Energy Renewables | landfill owner: Republic Services, Inc.	1.83 mmscfd total LFG flow to project	landfill gas energy; source category: Renewable Natural Gas; source end user(s): DTE Energy	8/20/2013	ArcGIS OBJECTID 527; GHGRP cross-reference 1003687; service geometry 42.27440000000007,-83.45629999999994
us-epa-lmop	dc7eb8198221f185	176	Adrian Landfill	United States	MI	Lenawee, MI	41.89059	-83.9924	EPA LMOP-published latitude/longitude attribute and point geometry	Reciprocating Engine	Operational landfill-gas energy project (official map scope; September 2024 data release)	project owner: Adrian Energy Associates; Energy Power Partners | project developer: Adrian Energy Associates; Aria Energy, LLC; DTE Vantage | landfill owner: Republic Services, Inc.	1.22 MW total capacity; 0.811 mmscfd total LFG flow to project	landfill gas energy; source category: Electricity; source end user(s): Consumers Energy	12/1/1994	ArcGIS OBJECTID 176; GHGRP cross-reference 1001991; service geometry 41.89059000000003,-83.99239999999998
us-epa-lmop	dce325ae2fdb80ff	110	Blue Ridge RDF	United States	KY	Estill, KY	37.7269	-83.9855	EPA LMOP-published latitude/longitude attribute and point geometry	Reciprocating Engine	Operational landfill-gas energy project (official map scope; September 2024 data release)	project developer: North American Natural Resources, Inc. (NANR) | landfill owner: WM	0.56 MW total capacity; 0.291 mmscfd total LFG flow to project	landfill gas energy; source category: Electricity; source end user(s): Jackson Energy Cooperative	11/1/2013	ArcGIS OBJECTID 110; GHGRP cross-reference 1004082; service geometry 37.72690000000006,-83.98549999999994
us-epa-lmop	dcfaf359aa53e6da	312	Wolf Creek Landfill, LLC	United States	GA	Twiggs, GA	32.770535	-83.437873	EPA LMOP-published latitude/longitude attribute and point geometry	Reciprocating Engine	Operational landfill-gas energy project (official map scope; September 2024 data release)	project owner: WM Renewable Energy, LLC | project developer: Sustainable Energy Solutions LLC | landfill owner: WM	2.18 MW total capacity; 1.16 mmscfd total LFG flow to project	landfill gas energy; source category: Electricity; source end user(s): Green Power EMC	12/12/2011	ArcGIS OBJECTID 312; GHGRP cross-reference 1003711; service geometry 32.77053500000005,-83.43787299999997
us-epa-lmop	dd0d7fbe7b536bb7	279	Saratoga Springs LF	United States	NY	Saratoga, NY	43.09	-73.7439	EPA LMOP-published latitude/longitude attribute and point geometry	Cogeneration	Operational landfill-gas energy project (official map scope; September 2024 data release)	project developer: City of Saratoga Springs, NY | landfill owner: City of Saratoga Springs, NY	1 MW total capacity	landfill gas energy; source category: Electricity; source end user(s): City of Saratoga Springs, NY	1/1/1998	ArcGIS OBJECTID 279; GHGRP cross-reference not provided; service geometry 43.09000000000003,-73.74389999999994
us-epa-lmop	dd3d133cb0fec9f0	472	Twin Oaks Landfill	United States	TX	Grimes, TX	30.598127	-96.144866	EPA LMOP-published latitude/longitude attribute and point geometry	Vehicle Fuel	Operational landfill-gas energy project (official map scope; September 2024 data release)	project owner: Morrow Energy | project developer: Morrow Energy | landfill owner: Brazos Valley SWMA, TX	0.046 mmscfd total LFG flow to project	landfill gas energy; source category: Renewable Natural Gas; source end user(s): Anew Climate, LLC	12/28/2022	ArcGIS OBJECTID 472; GHGRP cross-reference 1011032; service geometry 30.598127000000034,-96.14486599999998
us-epa-lmop	dd860dd0ed146685	535	Seneca Landfill Inc.	United States	PA	Butler, PA	40.8117	-80.0783	EPA LMOP-published latitude/longitude attribute and point geometry	Vehicle Fuel	Operational landfill-gas energy project (official map scope; September 2024 data release)	project owner: Lego-V, LP | project developer: InsightFuel; Lego-V, LP | landfill owner: Seneca Landfill, Inc.	0.14 mmscfd total LFG flow to project	landfill gas energy; source category: Renewable Natural Gas; source end user(s): Vogel Holding, Inc.	6/1/2018	ArcGIS OBJECTID 535; GHGRP cross-reference 1002035; service geometry 40.81170000000003,-80.07829999999996
us-epa-lmop	dda6680035b27c5d	58	Charles City County SLF	United States	VA	Charles City, VA	37.43919	-77.13331	EPA LMOP-published latitude/longitude attribute and point geometry	Reciprocating Engine	Operational landfill-gas energy project (official map scope; September 2024 data release)	project owner: Archaea Energy, LLC | project developer: INGENCO | landfill owner: WM	6.83 MW total capacity; 3.772 mmscfd total LFG flow to project	landfill gas energy; source category: Electricity; source end user(s): PJM Interconnection, LLC	3/1/2004	ArcGIS OBJECTID 58; GHGRP cross-reference 1007583; service geometry 37.43919000000005,-77.13330999999994
us-epa-lmop	ddbba41fe84e6e62	31	Nelson Gardens LF	United States	TX	Bexar, TX	29.342	-98.668	EPA LMOP-published latitude/longitude attribute and point geometry	Reciprocating Engine	Operational landfill-gas energy project (official map scope; September 2024 data release)	project owner: Nelson Gardens Energy, LLC | project developer: Greenfield Energy, LLC | landfill owner: City of San Antonio, TX	1.15 MW total capacity; 0.795 mmscfd total LFG flow to project	landfill gas energy; source category: Electricity; source end user(s): CPS Energy	4/1/2014	ArcGIS OBJECTID 31; GHGRP cross-reference 1011256; service geometry 29.34200000000004,-98.66799999999995
us-epa-lmop	de98f8f18c3b51d6	491	Alliance SLF; Keystone Sanitary Landfill, Inc.	United States	PA	Lackawanna, PA	41.427	-75.608	EPA LMOP-published latitude/longitude attribute and point geometry	Vehicle Fuel	Operational landfill-gas energy project (official map scope; September 2024 data release)	project owner: Archaea Energy, LLC | project developer: Archaea Energy, LLC | landfill owner: WM; Keystone Sanitary Landfill, Inc.	18.9 mmscfd total LFG flow to project	landfill gas energy; source category: Renewable Natural Gas; source end user(s): UGI Utilities, Inc.	12/30/2021	ArcGIS OBJECTID 491; GHGRP cross-reference 1007645; 1006261; service geometry 41.42700000000008,-75.60799999999995
us-epa-lmop	dee3d2506abdcf9a	463	Fort Bend Regional Landfill	United States	TX	Fort Bend, TX	29.3965	-95.7259	EPA LMOP-published latitude/longitude attribute and point geometry	Vehicle Fuel	Operational landfill-gas energy project (official map scope; September 2024 data release)	project owner: DTE Vantage | project developer: Enerdyne Power Systems, Inc.; Morrow Renewables, LLC | landfill owner: GFL Environmental USA Inc.	3.04 mmscfd total LFG flow to project	landfill gas energy; source category: Renewable Natural Gas; source end user(s): GHI Energy	6/2/2013	ArcGIS OBJECTID 463; GHGRP cross-reference 1002321; service geometry 29.39650000000006,-95.72589999999997
us-epa-lmop	df57949fbb0e38a7	106	Chaffee LF	United States	NY	Erie, NY	42.582	-78.505	EPA LMOP-published latitude/longitude attribute and point geometry	Reciprocating Engine	Operational landfill-gas energy project (official map scope; September 2024 data release)	project owner: WM Renewable Energy, LLC | project developer: WM Renewable Energy, LLC | landfill owner: WM	5.31 MW total capacity; 2.99 mmscfd total LFG flow to project	landfill gas energy; source category: Electricity; source end user(s): Constellation	8/1/2007	ArcGIS OBJECTID 106; GHGRP cross-reference 1007617; service geometry 42.58200000000005,-78.50499999999994
us-epa-lmop	df9e8fe76755e40b	296	Prairie View RDF	United States	IN	St. Joseph, IN	41.5005	-86.1725	EPA LMOP-published latitude/longitude attribute and point geometry	Reciprocating Engine	Operational landfill-gas energy project (official map scope; September 2024 data release)	project developer: Wabash Valley Power Alliance | landfill owner: WM	4.48 MW total capacity; 2.464 mmscfd total LFG flow to project	landfill gas energy; source category: Electricity; source end user(s): Wabash Valley Power Alliance	9/1/1994	ArcGIS OBJECTID 296; GHGRP cross-reference 1007833; service geometry 41.500500000000045,-86.17249999999996
us-epa-lmop	dfa8432260800cb4	55	City of Fargo Landfill	United States	ND	Cass, ND	46.8835	-96.8613	EPA LMOP-published latitude/longitude attribute and point geometry	Cogeneration	Operational landfill-gas energy project (official map scope; September 2024 data release)	landfill owner: City of Fargo, ND	0.8 MW total capacity; 0.116 mmscfd total LFG flow to project	landfill gas energy; source category: Electricity; source end user(s): City of Fargo Landfill; Minnkota Power Cooperative	1/1/2007	ArcGIS OBJECTID 55; GHGRP cross-reference 1001614; service geometry 46.883500000000026,-96.86129999999997
us-epa-lmop	e04776bc7211e77f	238	Autumn Hills Recycling & Disposal Facility	United States	MI	Ottawa, MI	42.781	-85.9207	EPA LMOP-published latitude/longitude attribute and point geometry	Reciprocating Engine	Operational landfill-gas energy project (official map scope; September 2024 data release)	project developer: North American Natural Resources, Inc. (NANR) | landfill owner: WM	1.8 MW total capacity	landfill gas energy; source category: Electricity; source end user(s): City of Zeeland Board of Public Works	8/26/2009	ArcGIS OBJECTID 238; GHGRP cross-reference 1006132; service geometry 42.78100000000006,-85.92069999999995
us-epa-lmop	e0b333507db61ed5	54	Oak Ridge RDF	United States	IN	Cass, IN	40.71977	-86.3462	EPA LMOP-published latitude/longitude attribute and point geometry	Reciprocating Engine	Operational landfill-gas energy project (official map scope; September 2024 data release)	project developer: Wabash Valley Power Alliance | landfill owner: WM	2.75 MW total capacity; 1.54 mmscfd total LFG flow to project	landfill gas energy; source category: Electricity; source end user(s): Wabash Valley Power Alliance	12/1/2003	ArcGIS OBJECTID 54; GHGRP cross-reference 1007581; service geometry 40.71977000000004,-86.34619999999995
us-epa-lmop	e123e20eaec83da4	304	Surry County LF 1 & LF 3	United States	NC	Surry, NC	36.4417	-80.5707	EPA LMOP-published latitude/longitude attribute and point geometry	Reciprocating Engine	Operational landfill-gas energy project (official map scope; September 2024 data release)	project owner: ReNew Petra | project developer: Barnabas Investment Group, LLC | landfill owner: Surry County, NC	0.73 MW total capacity; 0.309 mmscfd total LFG flow to project	landfill gas energy; source category: Electricity; source end user(s): Duke Energy	6/1/2013	ArcGIS OBJECTID 304; GHGRP cross-reference 1005535; service geometry 36.441700000000026,-80.57069999999999
us-epa-lmop	e14398308545bab5	542	Westmoreland Waste SLF LLC	United States	PA	Westmoreland, PA	40.1443	-79.8593	EPA LMOP-published latitude/longitude attribute and point geometry	Vehicle Fuel	Operational landfill-gas energy project (official map scope; September 2024 data release)	project owner: Noble Environmental | project developer: Noble Environmental | landfill owner: Noble Environmental	1.553 mmscfd total LFG flow to project	landfill gas energy; source category: Renewable Natural Gas; source end user(s): Noble Environmental	5/11/2020	ArcGIS OBJECTID 542; GHGRP cross-reference 1000291; service geometry 40.144300000000044,-79.85929999999996
us-epa-lmop	e22c8f914049434b	35	Brevard County Central Disposal Facility	United States	FL	Brevard, FL	28.3971	-80.8296	EPA LMOP-published latitude/longitude attribute and point geometry	Reciprocating Engine	Operational landfill-gas energy project (official map scope; September 2024 data release)	project owner: Energy Power Partners | project developer: Aria Energy, LLC | landfill owner: Brevard County, FL	3.38 MW total capacity; 1.353 mmscfd total LFG flow to project	landfill gas energy; source category: Electricity; source end user(s): Seminole Electric Cooperative, Inc.	5/1/2008	ArcGIS OBJECTID 35; GHGRP cross-reference 1005023; service geometry 28.397100000000023,-80.82959999999997
us-epa-lmop	e2966c7780e40d50	342	Langley Landfill	United States	SC	Aiken, SC	33.4928	-81.8415	EPA LMOP-published latitude/longitude attribute and point geometry	Direct Thermal	Operational landfill-gas energy project (official map scope; September 2024 data release)	landfill owner: Aiken County, SC	1.296 mmscfd total LFG flow to project	landfill gas energy; source category: Direct; source end user(s): Kentucky Tennessee Clay Company	1/1/2007	ArcGIS OBJECTID 342; GHGRP cross-reference not provided; service geometry 33.492800000000045,-81.84149999999994
us-epa-lmop	e29997cb4e106abb	528	Woodland Meadows Landfill	United States	MI	Wayne, MI	42.2652	-83.4315	EPA LMOP-published latitude/longitude attribute and point geometry	Vehicle Fuel	Operational landfill-gas energy project (official map scope; September 2024 data release)	project owner: Ameresco, Inc. | project developer: Ameresco, Inc. | landfill owner: WM	7.76 mmscfd total LFG flow to project	landfill gas energy; source category: Renewable Natural Gas; source end user(s): DTE Energy	4/23/2018	ArcGIS OBJECTID 528; GHGRP cross-reference 1003582; service geometry 42.26520000000005,-83.43149999999997
us-epa-lmop	e300eb86c3b6742d	1	Ada County Landfill	United States	ID	Ada, ID	43.698	-116.283	EPA LMOP-published latitude/longitude attribute and point geometry	Reciprocating Engine	Operational landfill-gas energy project (official map scope; September 2024 data release)	project owner: Biogas Development | project developer: G2 Energy, LLC | landfill owner: Ada County, ID	2.4 MW total capacity; 1.43 mmscfd total LFG flow to project	landfill gas energy; source category: Electricity; source end user(s): Idaho Power Company	7/31/2006	ArcGIS OBJECTID 1; GHGRP cross-reference 1003446; service geometry 43.698000000000036,-116.28299999999996
us-epa-lmop	e350b176074075f4	260	Timberline Trail Recycling & Disposal Facility	United States	WI	Rusk, WI	45.45417	-91.35838	EPA LMOP-published latitude/longitude attribute and point geometry	Cogeneration	Operational landfill-gas energy project (official map scope; September 2024 data release)	project owner: WM Renewable Energy, LLC | project developer: WM Renewable Energy, LLC | landfill owner: WM	2.09 MW total capacity; 1.183 mmscfd total LFG flow to project	landfill gas energy; source category: Electricity; source end user(s): Dairyland Power Cooperative	1/23/2006	ArcGIS OBJECTID 260; GHGRP cross-reference 1007705; service geometry 45.45417000000003,-91.35837999999995
us-epa-lmop	e4ca55127a9d7a3f	503	Upper Piedmont Regional Landfill	United States	NC	Person, NC	36.324	-78.832	EPA LMOP-published latitude/longitude attribute and point geometry	Vehicle Fuel	Operational landfill-gas energy project (official map scope; September 2024 data release)	project owner: Duke Energy; Environmental Energy Solutions, LLC (Evensol); Pacolet Milliken | project developer: Environmental Energy Solutions, LLC (Evensol) | landfill owner: Republic Services, Inc.		landfill gas energy; source category: Renewable Natural Gas	9/12/2023	ArcGIS OBJECTID 503; GHGRP cross-reference 1007984; service geometry 36.32400000000007,-78.83199999999994
us-epa-lmop	e4fc21b006291c3f	404	White Oaks Landfill	United States	LA	Ouachita, LA	32.49697	-91.98176	EPA LMOP-published latitude/longitude attribute and point geometry	Leachate Evaporation	Operational landfill-gas energy project (official map scope; September 2024 data release)	landfill owner: Waste Connections Inc. - Central Region	0.003 mmscfd total LFG flow to project	landfill gas energy; source category: Direct; source end user(s): Waste Connections, Inc.	1/1/2016	ArcGIS OBJECTID 404; GHGRP cross-reference 1003284; service geometry 32.49697000000003,-91.98175999999995
us-epa-lmop	e51d98c921a78167	109	Perdido LF	United States	FL	Escambia, FL	30.57654	-87.3897	EPA LMOP-published latitude/longitude attribute and point geometry	Reciprocating Engine	Operational landfill-gas energy project (official map scope; September 2024 data release)	project owner: Gulf Power Company | project developer: Gulf Power Company | landfill owner: Escambia County, FL	2.69 MW total capacity; 1.29 mmscfd total LFG flow to project	landfill gas energy; source category: Electricity; source end user(s): Gulf Power Company	10/7/2010	ArcGIS OBJECTID 109; GHGRP cross-reference 1005656; service geometry 30.57654000000008,-87.38969999999995
us-epa-lmop	e61c965f13526069	193	Lycoming County Landfill	United States	PA	Lycoming, PA	41.1519	-76.9194	EPA LMOP-published latitude/longitude attribute and point geometry	Cogeneration	Operational landfill-gas energy project (official map scope; September 2024 data release)	project owner: Energy Power Partners | project developer: PPL Corporation | landfill owner: Lycoming County Resource Management Services, PA	4.91 MW total capacity; 2.73 mmscfd total LFG flow to project	landfill gas energy; source category: Electricity; source end user(s): Federal Bureau of Prisons; Lycoming County Resource Management Services, PA; PPL Corporation	10/1/2012	ArcGIS OBJECTID 193; GHGRP cross-reference 1004218; service geometry 41.15190000000007,-76.91939999999994
us-epa-lmop	e66741e0c75e476b	52	Pennsauken SLF	United States	NJ	Camden, NJ	39.991	-75.0342	EPA LMOP-published latitude/longitude attribute and point geometry	Reciprocating Engine	Operational landfill-gas energy project (official map scope; September 2024 data release)	project owner: Energy Power Partners | project developer: PPL Corporation | landfill owner: Pollution Control Financing Authority of Camden County, NJ	0.96 MW total capacity; 0.57 mmscfd total LFG flow to project	landfill gas energy; source category: Electricity; source end user(s): Aluminum Shapes	12/31/2004	ArcGIS OBJECTID 52; GHGRP cross-reference 1000429; service geometry 39.99100000000004,-75.03419999999994
us-epa-lmop	e6d579b1b18703b1	30	Covel Gardens RDF	United States	TX	Bexar, TX	29.35008	-98.64631	EPA LMOP-published latitude/longitude attribute and point geometry	Reciprocating Engine	Operational landfill-gas energy project (official map scope; September 2024 data release)	project developer: EDL Energy | landfill owner: WM	4.25 MW total capacity; 2.67 mmscfd total LFG flow to project	landfill gas energy; source category: Electricity; source end user(s): CPS Energy	12/20/2005	ArcGIS OBJECTID 30; GHGRP cross-reference 1003439; service geometry 29.350080000000048,-98.64630999999997
us-epa-lmop	e70eb08ed8c75335	104	Union Mine Disposal Site	United States	CA	El Dorado, CA	38.648	-120.8298	EPA LMOP-published latitude/longitude attribute and point geometry	Microturbine	Operational landfill-gas energy project (official map scope; September 2024 data release)	project developer: El Dorado County, CA | landfill owner: El Dorado County, CA	0.21 MW total capacity; 0.115 mmscfd total LFG flow to project	landfill gas energy; source category: Electricity; source end user(s): El Dorado County, CA	1/1/2004	ArcGIS OBJECTID 104; GHGRP cross-reference not provided; service geometry 38.648000000000025,-120.82979999999998
us-epa-lmop	e719a6062abfca6f	15	Quarantine Road SLF	United States	MD	Baltimore city, MD	39.2085	-76.5549	EPA LMOP-published latitude/longitude attribute and point geometry	Cogeneration	Operational landfill-gas energy project (official map scope; September 2024 data release)	project developer: Ameresco Federal Solutions | landfill owner: City of Baltimore, MD	0.7 MW total capacity; 0.398 mmscfd total LFG flow to project	landfill gas energy; source category: Electricity; source end user(s): U.S. Coast Guard - Curtis Bay Shipyard	4/22/2009	ArcGIS OBJECTID 15; GHGRP cross-reference 1001568; service geometry 39.20850000000007,-76.55489999999998
us-epa-lmop	e7848879d5d79bdf	228	Ava Landfill	United States	NY	Oneida, NY	43.452965	-75.411583	EPA LMOP-published latitude/longitude attribute and point geometry	Reciprocating Engine	Operational landfill-gas energy project (official map scope; September 2024 data release)	project developer: WM Renewable Energy, LLC | landfill owner: Oneida-Herkimer Solid Waste Authority, NY	3.04 MW total capacity; 1.59 mmscfd total LFG flow to project	landfill gas energy; source category: Electricity; source end user(s): Constellation	5/1/2012	ArcGIS OBJECTID 228; GHGRP cross-reference 1003033; service geometry 43.45296500000006,-75.41158299999995
us-epa-lmop	e8233efc76c9b7a8	416	Seward County Landfill	United States	KS	Seward, KS	37.04836	-100.90394	EPA LMOP-published latitude/longitude attribute and point geometry	Boiler	Operational landfill-gas energy project (official map scope; September 2024 data release)	project developer: Seward County Landfill | landfill owner: Seward County, KS	0.1 mmscfd total LFG flow to project	landfill gas energy; source category: Direct; source end user(s): National Beef	6/1/2007	ArcGIS OBJECTID 416; GHGRP cross-reference 1011499; service geometry 37.04836000000006,-100.90393999999998
us-epa-lmop	e94741a9089fd1a8	428	North Wake County Landfill	United States	NC	Wake, NC	35.908	-78.58	EPA LMOP-published latitude/longitude attribute and point geometry	Boiler	Operational landfill-gas energy project (official map scope; September 2024 data release)	project owner: DTE Vantage | project developer: DTE Vantage | landfill owner: Wake County, NC	0.75 mmscfd total LFG flow to project	landfill gas energy; source category: Direct; source end user(s): Mallinckrodt Pharmaceuticals (SpecGx LLC)	11/1/1997	ArcGIS OBJECTID 428; GHGRP cross-reference 1005786; service geometry 35.90800000000007,-78.57999999999998
us-epa-lmop	e998118cb651fc66	185	BKK Landfill-Phases I & II	United States	CA	Los Angeles, CA	34.0353	-117.913	EPA LMOP-published latitude/longitude attribute and point geometry	Gas Turbine	Operational landfill-gas energy project (official map scope; September 2024 data release)	project owner: Fortistar Methane Group | landfill owner: BKK Corporation	4.9 MW total capacity	landfill gas energy; source category: Electricity; source end user(s): Pasadena Water and Power	1/1/1985	ArcGIS OBJECTID 185; GHGRP cross-reference 1011449; service geometry 34.03530000000006,-117.91299999999995
us-epa-lmop	eb47dd2dd1cddb8f	83	Oak Grove Landfill	United States	KS	Crawford, KS	37.62973	-94.64125	EPA LMOP-published latitude/longitude attribute and point geometry	Reciprocating Engine	Operational landfill-gas energy project (official map scope; September 2024 data release)	project developer: Enerdyne Power Systems, Inc. | landfill owner: GFL Environmental USA Inc.	1.82 MW total capacity; 0.959 mmscfd total LFG flow to project	landfill gas energy; source category: Electricity; source end user(s): Kansas City Board of Public Utilities	2/8/2010	ArcGIS OBJECTID 83; GHGRP cross-reference 1007990; service geometry 37.62973000000005,-94.64124999999996
us-epa-lmop	eb5ac314d909b7a5	458	DFW Recycling & Disposal Facility	United States	TX	Denton, TX	33.01615	-96.96316	EPA LMOP-published latitude/longitude attribute and point geometry	Vehicle Fuel	Operational landfill-gas energy project (official map scope; September 2024 data release)	landfill owner: WM		landfill gas energy; source category: Renewable Natural Gas	5/23/2024	ArcGIS OBJECTID 458; GHGRP cross-reference 1005834; service geometry 33.01615000000004,-96.96315999999996
us-epa-lmop	ec182604c6924f62	457	Live Oak LF	United States	GA	DeKalb, GA	33.6706	-84.3428	EPA LMOP-published latitude/longitude attribute and point geometry	Vehicle Fuel	Operational landfill-gas energy project (official map scope; September 2024 data release)	project owner: Air Liquide Biogas | project developer: Jacoby Energy Development, Inc. | landfill owner: WM	1.89 mmscfd total LFG flow to project	landfill gas energy; source category: Renewable Natural Gas; source end user(s): Southern Company Gas	3/1/2009	ArcGIS OBJECTID 457; GHGRP cross-reference 1006229; service geometry 33.670600000000036,-84.34279999999995
us-epa-lmop	ec6efd2a77b75d06	497	J.C. Elliott LF; Cefe Valenzuela Landfill	United States	TX	Nueces, TX	27.631846	-97.57999	EPA LMOP-published latitude/longitude attribute and point geometry	Other	Operational landfill-gas energy project (official map scope; September 2024 data release)	project owner: Morrow Energy | project developer: Morrow Energy | landfill owner: City of Corpus Christi, TX	1.7 mmscfd total LFG flow to project	landfill gas energy; source category: Renewable Natural Gas	4/10/2024	ArcGIS OBJECTID 497; GHGRP cross-reference 1002081; 1002085; service geometry 27.631846000000053,-97.57998999999995
us-epa-lmop	ec7abd6cccbe3734	348	Conestoga LF	United States	PA	Berks, PA	40.1806	-75.9144	EPA LMOP-published latitude/longitude attribute and point geometry	Direct Thermal	Operational landfill-gas energy project (official map scope; September 2024 data release)	project developer: Granger Energy | landfill owner: Republic Services, Inc.	3.6 mmscfd total LFG flow to project	landfill gas energy; source category: Direct; source end user(s): Advanced Food Products; Case New Holland; Dart Corporation; H.R. Ewell; L&S Sweeteners; Tyson Foods Incorporated; York Building Products	12/3/2008	ArcGIS OBJECTID 348; GHGRP cross-reference 1002556; service geometry 40.18060000000003,-75.91439999999994
us-epa-lmop	edb649852c85381b	49	Charlotte Motor Speedway Landfill V	United States	NC	Cabarrus, NC	35.3457	-80.6826	EPA LMOP-published latitude/longitude attribute and point geometry	Gas Turbine	Operational landfill-gas energy project (official map scope; September 2024 data release)	project owner: Fortistar Methane Group | project developer: Fortistar Methane Group | landfill owner: Republic Services, Inc.	9.08 MW total capacity; 5.351 mmscfd total LFG flow to project	landfill gas energy; source category: Electricity; source end user(s): Duke Energy	12/15/1999	ArcGIS OBJECTID 49; GHGRP cross-reference 1003099; service geometry 35.34570000000008,-80.68259999999998
us-epa-lmop	edc31456e78cf6ec	450	Wayne Township LF	United States	PA	Clinton, PA	41.1619	-77.345	EPA LMOP-published latitude/longitude attribute and point geometry	Vehicle Fuel	Operational landfill-gas energy project (official map scope; September 2024 data release)	project owner: Terreva Renewables | project developer: Terreva Renewables | landfill owner: Clinton County Solid Waste Authority, PA		landfill gas energy; source category: Renewable Natural Gas	4/1/2023	ArcGIS OBJECTID 450; GHGRP cross-reference 1007960; service geometry 41.16190000000006,-77.34499999999997
us-epa-lmop	ee1d539fa25595ff	205	Metro RDF	United States	WI	Milwaukee, WI	42.84951	-88.065	EPA LMOP-published latitude/longitude attribute and point geometry	Gas Turbine	Operational landfill-gas energy project (official map scope; September 2024 data release)	project owner: WM Renewable Energy, LLC | project developer: Bio Energy Partners | landfill owner: WM	2.68 MW total capacity; 2.168 mmscfd total LFG flow to project	landfill gas energy; source category: Electricity; source end user(s): We Energies	1/1/1986	ArcGIS OBJECTID 205; GHGRP cross-reference 1007725; service geometry 42.849510000000066,-88.06499999999994
us-epa-lmop	eeae59c11ab6423b	481	Medora SLF	United States	IN	Jackson, IN	38.8671	-86.1997	EPA LMOP-published latitude/longitude attribute and point geometry	Other	Operational landfill-gas energy project (official map scope; September 2024 data release)	project owner: Archaea Energy, LLC | project developer: Archaea Energy, LLC | landfill owner: Rumpke of Indiana, LLC		landfill gas energy; source category: Renewable Natural Gas	11/1/2023	ArcGIS OBJECTID 481; GHGRP cross-reference 1003240; service geometry 38.86710000000005,-86.19969999999995
us-epa-lmop	eedf04b0664b888e	349	Cerro Colorado LF	United States	NM	Bernalillo, NM	35.0105	-106.877	EPA LMOP-published latitude/longitude attribute and point geometry	Boiler	Operational landfill-gas energy project (official map scope; September 2024 data release)	landfill owner: City of Albuquerque, EHD, NM	0.432 mmscfd total LFG flow to project	landfill gas energy; source category: Direct; source end user(s): Bernalillo County Metropolitan Detention Center	6/13/2013	ArcGIS OBJECTID 349; GHGRP cross-reference 1004341; service geometry 35.010500000000036,-106.87699999999995
us-epa-lmop	ef3cc772a8f77ae9	200	Spruce Ridge Landfill	United States	MN	McLeod, MN	44.81586	-94.24837	EPA LMOP-published latitude/longitude attribute and point geometry	Reciprocating Engine	Operational landfill-gas energy project (official map scope; September 2024 data release)	project developer: WM Renewable Energy, LLC | landfill owner: WM	2.265 MW total capacity; 1.167 mmscfd total LFG flow to project	landfill gas energy; source category: Electricity; source end user(s): Glencoe Municipal Electric Utility	4/11/2008	ArcGIS OBJECTID 200; GHGRP cross-reference 1007742; service geometry 44.81586000000004,-94.24836999999997
us-epa-lmop	ef7b846a6f4c62e2	373	Franklin County Regional Landfill	United States	NY	Franklin, NY	44.9815	-74.3323	EPA LMOP-published latitude/longitude attribute and point geometry	Direct Thermal	Operational landfill-gas energy project (official map scope; September 2024 data release)	landfill owner: County of Franklin Solid Waste Management Authority	0.072 mmscfd total LFG flow to project	landfill gas energy; source category: Direct; source end user(s): Franklin County Regional Landfill	1/1/2008	ArcGIS OBJECTID 373; GHGRP cross-reference 1003031; service geometry 44.98150000000004,-74.33229999999998
us-epa-lmop	f089976cc34bcd3f	85	Cumberland County LF	United States	PA	Cumberland, PA	40.1344	-77.5039	EPA LMOP-published latitude/longitude attribute and point geometry	Reciprocating Engine	Operational landfill-gas energy project (official map scope; September 2024 data release)	project owner: Energy Power Partners | project developer: PPL Corporation | landfill owner: WM	5.76 MW total capacity; 3.17 mmscfd total LFG flow to project	landfill gas energy; source category: Electricity; source end user(s): Adams Electric Cooperative	6/26/2009	ArcGIS OBJECTID 85; GHGRP cross-reference 1004162; service geometry 40.13440000000003,-77.50389999999999
us-epa-lmop	f0f3f385f2c5727a	323	Wayne Disposal LF	United States	MI	Wayne, MI	42.2201	-83.53	EPA LMOP-published latitude/longitude attribute and point geometry	Stirling Cycle Engine	Operational landfill-gas energy project (official map scope; September 2024 data release)	project developer: EQ Energy Recovery, Inc. | landfill owner: US Ecology, Inc.	0.05 MW total capacity	landfill gas energy; source category: Electricity; source end user(s): DTE Energy	1/1/2002	ArcGIS OBJECTID 323; GHGRP cross-reference 1005269; service geometry 42.22010000000006,-83.52999999999997
us-epa-lmop	f173b160ce16f075	246	Three Rivers Regional Landfill	United States	MS	Pontotoc, MS	34.295073	-89.058313	EPA LMOP-published latitude/longitude attribute and point geometry	Reciprocating Engine; Cogeneration	Operational landfill-gas energy project (official map scope; September 2024 data release)	project developer: Three Rivers Regional Solid Waste Management Authority, MS | landfill owner: Three Rivers Regional Solid Waste Management Authority, MS	0.999 MW total capacity	landfill gas energy; source category: Electricity; source end user(s): Tennessee Valley Authority (TVA); Three Rivers Regional Solid Waste Management Authority, MS	2/7/2012	ArcGIS OBJECTID 246; GHGRP cross-reference 1002547; service geometry 34.29507300000006,-89.05831299999994
us-epa-lmop	f2fe0cdb15664175	436	Tessman Road Landfill	United States	TX	Bexar, TX	29.435834	-98.339168	EPA LMOP-published latitude/longitude attribute and point geometry	Vehicle Fuel	Operational landfill-gas energy project (official map scope; September 2024 data release)	project developer: EDL Energy | landfill owner: Republic Services, Inc.	5.86 mmscfd total LFG flow to project	landfill gas energy; source category: Renewable Natural Gas; source end user(s): CPS Energy; VIA Metropolitan Transit Authority	12/31/2021	ArcGIS OBJECTID 436; GHGRP cross-reference 1002471; service geometry 29.435834000000057,-98.33916799999997
us-epa-lmop	f3b84f6b6978319c	415	Sooner Landfill	United States	OK	Seminole, OK	35.18	-96.546	EPA LMOP-published latitude/longitude attribute and point geometry	Direct Thermal	Operational landfill-gas energy project (official map scope; September 2024 data release)	project developer: Wewoka Gas Producers, LLC | landfill owner: GFL Environmental USA Inc.	0.25 mmscfd total LFG flow to project	landfill gas energy; source category: Direct; source end user(s): Commercial Brick Corporation	10/17/2011	ArcGIS OBJECTID 415; GHGRP cross-reference 1002323; service geometry 35.180000000000064,-96.54599999999994
us-epa-lmop	f3dbe72fc535844d	291	Mostoller Landfill, Inc.	United States	PA	Somerset, PA	39.9719	-78.9897	EPA LMOP-published latitude/longitude attribute and point geometry	Reciprocating Engine	Operational landfill-gas energy project (official map scope; September 2024 data release)	project developer: Mostoller Landfill, Incorporated | landfill owner: WM	1.12 MW total capacity; 0.53 mmscfd total LFG flow to project	landfill gas energy; source category: Electricity; source end user(s): PenElec; Pennsylvania Department of Corrections	1/1/2012	ArcGIS OBJECTID 291; GHGRP cross-reference 1004164; service geometry 39.97190000000006,-78.98969999999997
us-epa-lmop	f4beed81c63307ec	355	Three Corners Landfill	United States	AL	Cherokee, AL	33.9962	-85.7254	EPA LMOP-published latitude/longitude attribute and point geometry	Leachate Evaporation	Operational landfill-gas energy project (official map scope; September 2024 data release)	project owner: WM | project developer: WM | landfill owner: WM	0.61 mmscfd total LFG flow to project	landfill gas energy; source category: Direct; source end user(s): WM	1/1/2020	ArcGIS OBJECTID 355; GHGRP cross-reference 1007796; service geometry 33.996200000000044,-85.72539999999998
us-epa-lmop	f5562baae496a249	443	Woolworth Road Landfill	United States	LA	Caddo, LA	32.38072	-93.90013	EPA LMOP-published latitude/longitude attribute and point geometry	Vehicle Fuel	Operational landfill-gas energy project (official map scope; September 2024 data release)	project owner: University of California | project developer: Mas Energy, LLC; University of California | landfill owner: City of Shreveport, LA	1.48 mmscfd total LFG flow to project	landfill gas energy; source category: Renewable Natural Gas; source end user(s): University of California	10/1/2018	ArcGIS OBJECTID 443; GHGRP cross-reference 1002511; service geometry 32.38072000000005,-93.90012999999999
us-epa-lmop	f55e8edeb74dc361	117	Blue Ridge Landfill	United States	PA	Franklin, PA	39.97204	-77.55683	EPA LMOP-published latitude/longitude attribute and point geometry	Reciprocating Engine	Operational landfill-gas energy project (official map scope; September 2024 data release)	project owner: Energy Power Partners | project developer: PPL Corporation | landfill owner: Waste Connections, Inc.	5.57 MW total capacity; 3.06 mmscfd total LFG flow to project	landfill gas energy; source category: Electricity; source end user(s): Borough of Chambersburg Electric Department, PA	1/1/2013	ArcGIS OBJECTID 117; GHGRP cross-reference 1003773; service geometry 39.97204000000005,-77.55682999999993
us-epa-lmop	f625907c90df5705	39	Broome County Landfill	United States	NY	Broome, NY	42.2368	-75.98338	EPA LMOP-published latitude/longitude attribute and point geometry	Reciprocating Engine	Operational landfill-gas energy project (official map scope; September 2024 data release)	landfill owner: Broome County, NY	2.5 MW total capacity; 1.53 mmscfd total LFG flow to project	landfill gas energy; source category: Electricity; source end user(s): New York State Electric & Gas Corporation (NYSEG); Consolidated Edison Company of New York (CECONY)	3/13/2004	ArcGIS OBJECTID 39; GHGRP cross-reference 1002436; service geometry 42.23680000000007,-75.98337999999995
us-epa-lmop	f673646788d812c4	25	Pioneer Crossing LF	United States	PA	Berks, PA	40.2736	-75.8139	EPA LMOP-published latitude/longitude attribute and point geometry	Reciprocating Engine	Operational landfill-gas energy project (official map scope; September 2024 data release)	project owner: Fortistar Methane Group | project developer: Access Energy, LLC; Green Gas Americas, Inc. | landfill owner: J.P. Mascaro & Sons	5.4 MW total capacity; 2.9 mmscfd total LFG flow to project	landfill gas energy; source category: Electricity; source end user(s): Constellation	10/6/2008	ArcGIS OBJECTID 25; GHGRP cross-reference 1011037; service geometry 40.273600000000044,-75.81389999999999
us-epa-lmop	f6b83a22596856c0	155	East Central SLF (ECSWC)	United States	MN	Kanabec, MN	45.84607	-93.35722	EPA LMOP-published latitude/longitude attribute and point geometry	Reciprocating Engine	Operational landfill-gas energy project (official map scope; September 2024 data release)	project developer: Southern Minnesota Municipal Power Agency (SMMPA) | landfill owner: East Central Solid Waste Comm.	0.87 MW total capacity; 0.46 mmscfd total LFG flow to project	landfill gas energy; source category: Electricity; source end user(s): Southern Minnesota Municipal Power Agency (SMMPA)	4/2/2012	ArcGIS OBJECTID 155; GHGRP cross-reference 1005860; service geometry 45.846070000000054,-93.35721999999998
us-epa-lmop	f75d203e8a9f2c6b	333	Winnebago County Sunnyview Landfill	United States	WI	Winnebago, WI	44.06	-88.565	EPA LMOP-published latitude/longitude attribute and point geometry	Reciprocating Engine	Operational landfill-gas energy project (official map scope; September 2024 data release)	project developer: Winnebago County, WI | landfill owner: Winnebago County, WI	0.75 MW total capacity; 0.245 mmscfd total LFG flow to project	landfill gas energy; source category: Electricity; source end user(s): Wisconsin Public Service Corporation	1/1/1989	ArcGIS OBJECTID 333; GHGRP cross-reference 1007224; service geometry 44.06000000000006,-88.56499999999994
us-epa-lmop	f78138d8081653dd	18	Glasgow Regional Landfill	United States	KY	Barren, KY	36.9857	-85.956	EPA LMOP-published latitude/longitude attribute and point geometry	Reciprocating Engine	Operational landfill-gas energy project (official map scope; September 2024 data release)	project owner: East Kentucky Power Cooperative (EKPC) | project developer: East Kentucky Power Cooperative (EKPC) | landfill owner: City of Glasgow, KY	0.47 MW total capacity; 0.26 mmscfd total LFG flow to project	landfill gas energy; source category: Electricity; source end user(s): Farmers Rural Electric Cooperative (FRECC)	1/1/2016	ArcGIS OBJECTID 18; GHGRP cross-reference 1005973; service geometry 36.985700000000065,-85.95599999999996
us-epa-lmop	f7a138c91177262d	86	Dane County LF #1-Verona	United States	WI	Dane, WI	42.9928	-89.5261	EPA LMOP-published latitude/longitude attribute and point geometry	Reciprocating Engine	Operational landfill-gas energy project (official map scope; September 2024 data release)	project developer: Dane County Waste & Renewables, WI | landfill owner: Dane County Waste & Renewables, WI	0.06 MW total capacity; 0.175 mmscfd total LFG flow to project	landfill gas energy; source category: Electricity; source end user(s): Alliant Energy	1/1/1995	ArcGIS OBJECTID 86; GHGRP cross-reference not provided; service geometry 42.992800000000045,-89.52609999999999
us-epa-lmop	f7c49973553ddc76	96	Camino Real Landfill	United States	NM	Dona Ana, NM	31.79	-106.592	EPA LMOP-published latitude/longitude attribute and point geometry	Reciprocating Engine	Operational landfill-gas energy project (official map scope; September 2024 data release)	project owner: Nodal Power | project developer: Four Peaks Energy | landfill owner: Waste Connections Inc. - Central Region	1.76 MW total capacity; 0.89 mmscfd total LFG flow to project	landfill gas energy; source category: Electricity; source end user(s): El Paso Electric (TX); Nodal Power	3/1/2008	ArcGIS OBJECTID 96; GHGRP cross-reference 1003362; service geometry 31.790000000000077,-106.59199999999998
us-epa-lmop	f7d2016e8e16f78b	202	Middlesex County LF; Edgeboro LF	United States	NJ	Middlesex, NJ	40.474167	-74.394833	EPA LMOP-published latitude/longitude attribute and point geometry	Reciprocating Engine	Operational landfill-gas energy project (official map scope; September 2024 data release)	project developer: NERC Renewable | landfill owner: Middlesex County Utilities Authority, NJ; Edgeboro International, Inc.	1.97 MW total capacity; 1.25 mmscfd total LFG flow to project	landfill gas energy; source category: Electricity; source end user(s): PJM Interconnection, LLC	7/1/2011	ArcGIS OBJECTID 202; GHGRP cross-reference 1007298; 1006390; service geometry 40.47416700000008,-74.39483299999995
us-epa-lmop	f812776476d9c317	352	Cape May County MUA Secure Landfill	United States	NJ	Cape May, NJ	39.2294	-74.7749	EPA LMOP-published latitude/longitude attribute and point geometry	Boiler	Operational landfill-gas energy project (official map scope; September 2024 data release)	project owner: Cape May County Municipal Utilities Authority, NJ | project developer: Biogas Energy Solutions, LLC | landfill owner: Cape May County Municipal Utilities Authority, NJ	0.432 mmscfd total LFG flow to project	landfill gas energy; source category: Direct; source end user(s): Woodbine Developmental Center	1/1/1998	ArcGIS OBJECTID 352; GHGRP cross-reference 1004200; service geometry 39.229400000000055,-74.77489999999995
us-epa-lmop	f84eea9c957709fd	422	Turnkey Recycling and Environmental Enterprise (TREE)	United States	NH	Strafford, NH	43.2448	-70.9695	EPA LMOP-published latitude/longitude attribute and point geometry	Boiler	Operational landfill-gas energy project (official map scope; September 2024 data release)	project owner: WM Renewable Energy, LLC | landfill owner: WM	0.09 mmscfd total LFG flow to project	landfill gas energy; source category: Direct; source end user(s): Turnkey Recycling & Environmental Enterprises	1/1/1991	ArcGIS OBJECTID 422; GHGRP cross-reference 1007879; service geometry 43.244800000000055,-70.96949999999998
us-epa-lmop	f8630ac5cf088929	344	Allen County LF	United States	KS	Allen, KS	37.90316	-95.2808	EPA LMOP-published latitude/longitude attribute and point geometry	Direct Thermal	Operational landfill-gas energy project (official map scope; September 2024 data release)	landfill owner: Allen County, KS	0.05 mmscfd total LFG flow to project	landfill gas energy; source category: Direct; source end user(s): Allen County LF	1/1/2007	ArcGIS OBJECTID 344; GHGRP cross-reference 1007192; service geometry 37.90316000000007,-95.28079999999994
us-epa-lmop	f944b1c413f6a8e6	530	Valley LF	United States	PA	Westmoreland, PA	40.3881	-79.6742	EPA LMOP-published latitude/longitude attribute and point geometry	Vehicle Fuel	Operational landfill-gas energy project (official map scope; September 2024 data release)	project owner: Montauk Renewables | project developer: Montauk Renewables | landfill owner: WM	1.87 mmscfd total LFG flow to project	landfill gas energy; source category: Renewable Natural Gas; source end user(s): Equitrans Midstream Corporation	2/27/2004	ArcGIS OBJECTID 530; GHGRP cross-reference 1007692; service geometry 40.388100000000065,-79.67419999999998
us-epa-lmop	f981f7e8e0e6e2da	313	Union County Regional MSW Landfill	United States	SC	Union, SC	34.6125	-81.821	EPA LMOP-published latitude/longitude attribute and point geometry	Reciprocating Engine	Operational landfill-gas energy project (official map scope; September 2024 data release)	project developer: Lockhart Power Company | landfill owner: Republic Services, Inc.	1.92 MW total capacity; 0.924 mmscfd total LFG flow to project	landfill gas energy; source category: Electricity; source end user(s): Duke Energy	4/1/2015	ArcGIS OBJECTID 313; GHGRP cross-reference 1004485; service geometry 34.61250000000007,-81.82099999999997
us-epa-lmop	fa0eb9e539d7f796	186	Operating Industries, Inc. LF (OII)	United States	CA	Los Angeles, CA	34.031	-118.108	EPA LMOP-published latitude/longitude attribute and point geometry	Microturbine	Operational landfill-gas energy project (official map scope; September 2024 data release)	project developer: New Cure, Inc. | landfill owner: Operating Industries, Inc.	0.42 MW total capacity; 0.36 mmscfd total LFG flow to project	landfill gas energy; source category: Electricity; source end user(s): Operating Industries, Inc. LF (OII)	8/12/2002	ArcGIS OBJECTID 186; GHGRP cross-reference not provided; service geometry 34.03100000000006,-118.10799999999995
us-epa-lmop	fa522319e0052dd8	41	Rumpke Brown County Landfill	United States	OH	Brown, OH	38.8973	-83.9018	EPA LMOP-published latitude/longitude attribute and point geometry	Reciprocating Engine	Operational landfill-gas energy project (official map scope; September 2024 data release)	project owner: EDL Energy | project developer: EDL Energy | landfill owner: Rumpke	3 MW total capacity; 1.59 mmscfd total LFG flow to project	landfill gas energy; source category: Electricity; source end user(s): American Municipal Power, Inc.	7/13/2017	ArcGIS OBJECTID 41; GHGRP cross-reference 1002425; service geometry 38.89730000000003,-83.90179999999998
us-epa-lmop	fb23e2eadd993976	128	Springfield Sanitary Landfill	United States	MO	Greene, MO	37.385	-93.35	EPA LMOP-published latitude/longitude attribute and point geometry	Reciprocating Engine	Operational landfill-gas energy project (official map scope; September 2024 data release)	project owner: City of Springfield, MO | project developer: Aria Energy, LLC | landfill owner: City of Springfield, MO	0.41 MW total capacity; 0.173 mmscfd total LFG flow to project	landfill gas energy; source category: Electricity; source end user(s): City Utilities of Springfield, MO	5/10/2006	ArcGIS OBJECTID 128; GHGRP cross-reference 1002906; service geometry 37.38500000000005,-93.34999999999997
us-epa-lmop	fb3fc71e86669899	198	Redwood SLF	United States	CA	Marin, CA	38.1661	-122.57922	EPA LMOP-published latitude/longitude attribute and point geometry	Reciprocating Engine	Operational landfill-gas energy project (official map scope; September 2024 data release)	project developer: WM Renewable Energy, LLC | landfill owner: WM	2.54 MW total capacity; 1.35 mmscfd total LFG flow to project	landfill gas energy; source category: Electricity; source end user(s): Marin Clean Energy (MCE)	9/20/2017	ArcGIS OBJECTID 198; GHGRP cross-reference 1007668; service geometry 38.16610000000003,-122.57921999999996
us-epa-lmop	fb74fbb41ad4204d	338	Riverbend Landfill Company, Inc.	United States	OR	Yamhill, OR	45.161	-123.247	EPA LMOP-published latitude/longitude attribute and point geometry	Reciprocating Engine	Operational landfill-gas energy project (official map scope; September 2024 data release)	project developer: WM Renewable Energy, LLC | landfill owner: WM	3.25 MW total capacity; 1.82 mmscfd total LFG flow to project	landfill gas energy; source category: Electricity; source end user(s): McMinnville Power & Light	6/30/2010	ArcGIS OBJECTID 338; GHGRP cross-reference 1007687; service geometry 45.16100000000006,-123.24699999999996
us-epa-lmop	fb9237d691ca27b1	381	Indian River County LF Class I	United States	FL	Indian River, FL	27.578	-80.485	EPA LMOP-published latitude/longitude attribute and point geometry	Leachate Evaporation	Operational landfill-gas energy project (official map scope; September 2024 data release)	landfill owner: Indian River County Solid Waste Disposal District, FL		landfill gas energy; source category: Direct	3/31/2023	ArcGIS OBJECTID 381; GHGRP cross-reference 1002588; service geometry 27.57800000000003,-80.48499999999996
us-epa-lmop	fbea083bd06e799e	77	Keller Canyon LF	United States	CA	Contra Costa, CA	38.00472	-121.93611	EPA LMOP-published latitude/longitude attribute and point geometry	Reciprocating Engine	Operational landfill-gas energy project (official map scope; September 2024 data release)	project developer: Ameresco, Inc. | landfill owner: Republic Services, Inc.	2.84 MW total capacity; 1.45 mmscfd total LFG flow to project	landfill gas energy; source category: Electricity; source end user(s): Alameda Municipal Power; City of Palo Alto, CA	8/1/2009	ArcGIS OBJECTID 77; GHGRP cross-reference 1004011; service geometry 38.00472000000008,-121.93610999999999
us-epa-lmop	fc7651d6acab17e4	79	CID Recycling and Disposal Facility	United States	IL	Cook, IL	41.655	-87.578	EPA LMOP-published latitude/longitude attribute and point geometry	Gas Turbine	Operational landfill-gas energy project (official map scope; September 2024 data release)	project owner: WM Illinois Renewable Energy, LLC | project developer: Bio Energy Partners | landfill owner: WM	2.45 MW total capacity; 1.98 mmscfd total LFG flow to project	landfill gas energy; source category: Electricity; source end user(s): Commonwealth Edison Company (ComEd)	1/1/1988	ArcGIS OBJECTID 79; GHGRP cross-reference 1008012; service geometry 41.65500000000003,-87.57799999999997
us-epa-lmop	fd3d33c700f65f27	175	Lee County LF, LLC	United States	SC	Lee, SC	34.18	-80.2725	EPA LMOP-published latitude/longitude attribute and point geometry	Reciprocating Engine; Gas Turbine	Operational landfill-gas energy project (official map scope; September 2024 data release)	project owner: Santee Cooper | project developer: Santee Cooper | landfill owner: Republic Services, Inc.	1.52 MW total capacity; 1.135 mmscfd total LFG flow to project	landfill gas energy; source category: Electricity; source end user(s): Santee Cooper	3/1/2005	ArcGIS OBJECTID 175; GHGRP cross-reference 1002557; service geometry 34.180000000000064,-80.27249999999998
us-epa-lmop	fd5b13c89b182ff1	57	Catoosa County MSW LF	United States	GA	Catoosa, GA	34.8849	-85.1725	EPA LMOP-published latitude/longitude attribute and point geometry	Reciprocating Engine	Operational landfill-gas energy project (official map scope; September 2024 data release)	landfill owner: Catoosa County, GA	0.36 MW total capacity	landfill gas energy; source category: Electricity; source end user(s): Tennessee Valley Authority (TVA)	12/5/2011	ArcGIS OBJECTID 57; GHGRP cross-reference 1007502; service geometry 34.88490000000007,-85.17249999999996
us-epa-lmop	fd5f57f1b52c3021	124	Brent Run Landfill	United States	MI	Genesee, MI	43.176846	-83.838258	EPA LMOP-published latitude/longitude attribute and point geometry	Reciprocating Engine	Operational landfill-gas energy project (official map scope; September 2024 data release)	project developer: Granger Energy | landfill owner: GFL Environmental USA Inc.	5.4 MW total capacity; 3.204 mmscfd total LFG flow to project	landfill gas energy; source category: Electricity; source end user(s): Michigan Public Power Agency (MPPA)	10/1/1998	ArcGIS OBJECTID 124; GHGRP cross-reference 1002489; service geometry 43.17684600000007,-83.83825799999994
us-epa-lmop	fe7b172c898a0ff3	370	Elkhart County Landfill	United States	IN	Elkhart, IN	41.6335	-85.9775	EPA LMOP-published latitude/longitude attribute and point geometry	Boiler	Operational landfill-gas energy project (official map scope; September 2024 data release)	project developer: City of Elkhart, IN | landfill owner: Elkhart County, IN	0.135 mmscfd total LFG flow to project	landfill gas energy; source category: Direct; source end user(s): Elkhart County Correctional Complex	6/1/2007	ArcGIS OBJECTID 370; GHGRP cross-reference 1007332; service geometry 41.633500000000026,-85.97749999999996
us-epa-lmop	fe964e4482285512	394	ADS/McLean County LF #2	United States	IL	McLean, IL	40.472866	-89.037718	EPA LMOP-published latitude/longitude attribute and point geometry	Boiler	Operational landfill-gas energy project (official map scope; September 2024 data release)	landfill owner: Republic Services, Inc.	0.791 mmscfd total LFG flow to project	landfill gas energy; source category: Direct	1/1/2020	ArcGIS OBJECTID 394; GHGRP cross-reference 1002094; service geometry 40.47286600000007,-89.03771799999998
