stable_id	field	value	selection	source_id	source_title	source_url	source_sha256	source_class	source_document_date	source_capture_date	locator	scope	rights	date_precision	assertion_basis	related_evidence
wikidata-q116044260	operator	EAGLES consortium	held	enea-alfred-original-programme-2026	ENEA EAGLES and newcleo LEANDREA programme 19February2026	https://www.media.enea.it/en/press-releases-and-news/years-archive/year-2026/nuclear-eagles-and-newcleo-join-forces-on-leandrea.html	ad253c250d7989dfdb1d7315d040fcf498774af3fed744fc7605ab47b9e1c191	native_original_html	2026-02-19	2026-10-04	Native body, consortium partners and distinct LEANDREA will-operate paragraph	Partners/developers are explicitly identified, but an ALFRED operating institution is not named. SCK CEN will-operate statement is specific to LEANDREA and must not populate ALFRED.	Private source inspection; publisher rights retained; no redistribution grant inferred		programme development role; exact ALFRED operator unproven	
wikidata-q116044260	purpose	lead-cooled fast-reactor performance demonstration	selected	enea-alfred-original-programme-2026	ENEA EAGLES and newcleo LEANDREA programme 19February2026	https://www.media.enea.it/en/press-releases-and-news/years-archive/year-2026/nuclear-eagles-and-newcleo-join-forces-on-leandrea.html	ad253c250d7989dfdb1d7315d040fcf498774af3fed744fc7605ab47b9e1c191	native_original_html	2026-02-19	2026-10-04	Native body, shared roadmap and About EAGLES paragraphs	Intended ALFRED performance demonstration in Romania in the 19February2026 EAGLES roadmap. LEANDREA irradiation-test purpose and SCK CEN operating role belong to the Belgian facility and are not transferred.	Private source inspection; publisher rights retained; no redistribution grant inferred		explicit named demonstrator function in original programme announcement	
wikidata-q116044260	first_criticality		planned	enea-alfred-original-programme-2026	ENEA EAGLES and newcleo LEANDREA programme 19February2026	https://www.media.enea.it/en/press-releases-and-news/years-archive/year-2026/nuclear-eagles-and-newcleo-join-forces-on-leandrea.html	ad253c250d7989dfdb1d7315d040fcf498774af3fed744fc7605ab47b9e1c191	native_original_html	2026-02-19	2026-10-04	Native body, stepwise roadmap: LEANDREA then ALFRED, commercial deployment2039	Source describes ALFRED as a future demonstrator, not a completed critical event. No first-criticality date inferred from LEANDREA2034 or commercial2039 milestones; qualification is bounded to this dated announcement.	Private source inspection; publisher rights retained; no redistribution grant inferred		original forward-looking roadmap; actual event unestablished	
wikidata-q5695208	operator	Du Pont Company	selected	srs-hwctr-operational-dp991	HWCTR operational experience report DP-991	https://sti.srs.gov/fulltext/DP-991.pdf	04b8fe8ce49f5147f3c8658ae182035f2cbcb60e79da93868be3e94beb277632	native_original_pdf		2026-10-03	Original PDF physical page 3 / printed ii, Preface, operating responsibility paragraph	Historical operator for the Atomic Energy Commission during the HWCTR experimental programme; source does not describe a current licensee.	Private inspection only; publisher rights retained; no redistribution grant inferred		historical_operator	
wikidata-q5695208	purpose	fuel-assembly testing|reactor-component testing	selected	srs-hwctr-operational-dp991	HWCTR operational experience report DP-991	https://sti.srs.gov/fulltext/DP-991.pdf	04b8fe8ce49f5147f3c8658ae182035f2cbcb60e79da93868be3e94beb277632	native_original_pdf		2026-10-03	Original PDF physical page 3 / printed ii, Preface, first and operating-description paragraphs	Historical design purpose: candidate assemblies and components for heavy-water power reactors under representative flow, temperature and pressure conditions.	Private inspection only; publisher rights retained; no redistribution grant inferred		historical_design_purpose	
wikidata-q5695208	first_criticality	1962-03-03	selected	srs-hwctr-operational-dp991	HWCTR operational experience report DP-991	https://sti.srs.gov/fulltext/DP-991.pdf	04b8fe8ce49f5147f3c8658ae182035f2cbcb60e79da93868be3e94beb277632	native_original_pdf		2026-10-03	Original PDF physical page 55 / printed 51, Control and Safety Rod System, initial-critical paragraph	Actual initial criticality of HWCTR; explicitly distinguished from programme startup and final shutdown.	Private inspection only; publisher rights retained; no redistribution grant inferred	day	actual_initial_criticality	
wikidata-q104841682	operator	Phillips Petroleum Company on behalf of United States Atomic Energy Commission	selected	aec-materials-testing-reactor-original-irradiation-report	Original AEC MTR irradiation facility operator statement archived INL	https://inldigitallibrary.inl.gov/PRR/117207.pdf	48fca0f099de9b5c60bfbb5850515b5dc7a36a8b9a48c08e2bb427f4347f5553	native_original_pdf	1961-06-15	2026-10-03	PDF24 / printed24, MaterialsTestingReactor operated-for-Commission sentence	Historical June15,1961revision names contracted operator; no currentINLoperator/license or original1952operator-period inference.	Private source inspection; publisher rights retained; no redistribution grant inferred		explicit historical operator sentence	
wikidata-q104841682	purpose	fuel and material irradiation testing|radioisotope production	selected	aec-materials-testing-reactor-original-irradiation-report	Original AEC MTR irradiation facility operator statement archived INL	https://inldigitallibrary.inl.gov/PRR/117207.pdf	48fca0f099de9b5c60bfbb5850515b5dc7a36a8b9a48c08e2bb427f4347f5553	native_original_pdf	1961-06-15	2026-10-03	PDF24-25 / printed24-25, MTRcapsule/loop material irradiation and cobalt60production paragraphs	Actual MTR irradiation and isotope use; irradiation operation sinceMarch1952 is not substituted for explicit first-criticalityMarch31,1952 from dedicated original history.	Private source inspection; publisher rights retained; no redistribution grant inferred		explicit original Commission use statement	
wikidata-q104841682	first_criticality	1952-03-31	selected	inl-proving-principle-chapter8	INL Proving the Principle chapter 8	https://inl.gov/content/uploads/2024/05/Chapter-8_Low-1.pdf	7f38bbdabf99e29b665c1bb94c3a23dd84e145bf5d22a123e3e2f7bfc1c8dafd	native_original_pdf		2026-10-03	Original PDF physical page 3 / printed 66, first-criticality paragraph and caption	Actual initial criticality of the Materials Testing Reactor at the National Reactor Testing Station; not a material-test irradiation date.	Private inspection only; publisher rights retained; no redistribution grant inferred	day	actual_initial_criticality	
wikidata-q106041139	operator	Westinghouse Electric Corporation	selected	aec-wtr-issued-licence-amendment-1959	AEC2July1959 published actual issued WTR TR2 licence, order19June1959	https://www.govinfo.gov/content/pkg/FR-1959-07-02/pdf/FR-1959-07-02.pdf	c2c6a6b95cf90665991de57218fe31a4aa4d1033999b507603d5363059e7c7d5	native_original_pdf	1959-07-02	2026-10-04	Native PDF40 / printed5396, Docket50-22, Notice of Issuance and LicenseTR-2 paragraph2a	AEC notice says licenceTR-2 was issued by order19June1959 and explicitly licenses the corporation to possess and operate WTR at Waltz Mill. Historical licence-holder role; no current operating claim. February1959 annex is a proposed licence, not this issued licence.	Private source inspection; publisher rights retained; no redistribution grant inferred		explicit issued historical operating licence	"[{""source_id"":""aec-wtr-original-operating-licence-1959"",""original_url"":""https://www.govinfo.gov/content/pkg/FR-1959-02-18/pdf/FR-1959-02-18.pdf"",""sha256"":""4b5700e6c3a75b662eb75ac3418d3d3b4637de56349388b1abb2b0ac9bd0ed93"",""locator"":""Native PDF25-26 proposed licence annex"",""admissibility"":""Original proposed licensing text retained; expressly excluded as actual issued operating authority.""}]"
wikidata-q106041139	purpose	reactor-material and component testing	selected	aec-wtr-original-authors-1962	AEC Captain A Nelson Tardiff, Some Aspects of the WTR and SL1 Accidents, prepared9April1962	https://www.osti.gov/servlets/purl/4828615	3b57b4c5f47d0c6f6313279153fa96ba70129605a9c0157e5c2ec9881a6c85d3	native_original_pdf	1962-04-09	2026-10-04	Native PDF11 / printed3, II.A Background primary-function sentence	AEC author report prepared9April1962 explicitly describes WTR primary testing function. Reactor at Waltz Mill is distinguished from TurkishTR-2. Report compiles accident investigations; no independent new measurement claim.	Private source inspection; publisher rights retained; no redistribution grant inferred		explicit named-reactor primary function in original AEC report	"[{""source_id"":""aec-wtr-issued-licence-amendment-1959"",""original_url"":""https://www.govinfo.gov/content/pkg/FR-1959-07-02/pdf/FR-1959-07-02.pdf"",""sha256"":""c2c6a6b95cf90665991de57218fe31a4aa4d1033999b507603d5363059e7c7d5"",""locator"":""Native PDF40 printed5396, issuedLicenceTR2"",""admissibility"":""Actual issued operating authority; licensing event is not first criticality.""},{""source_id"":""aec-wtr-original-operating-licence-1959"",""original_url"":""https://www.govinfo.gov/content/pkg/FR-1959-02-18/pdf/FR-1959-02-18.pdf"",""sha256"":""4b5700e6c3a75b662eb75ac3418d3d3b4637de56349388b1abb2b0ac9bd0ed93"",""locator"":""Native PDF25-26 proposed licence annex"",""admissibility"":""Original proposed licensing text retained; expressly excluded as actual issued operating authority.""}]"
wikidata-q106041139	first_criticality		unknown	aec-wtr-original-authors-1962	AEC Captain A Nelson Tardiff, Some Aspects of the WTR and SL1 Accidents, prepared9April1962	https://www.osti.gov/servlets/purl/4828615	3b57b4c5f47d0c6f6313279153fa96ba70129605a9c0157e5c2ec9881a6c85d3	native_original_pdf	1962-04-09	2026-10-04	Native PDF10-12 / printed2-4, introduction and II.A-B historical operation narrative	Inspected AEC report confirms prior operation and accident3April1960 but supplies no initial-criticality date in these sections. Issued licence19June1959 is authorisation, not criticality; secondary July1959 assertion is not accepted. Unknown from inspected evidence, not a claim no source exists.	Private source inspection; publisher rights retained; no redistribution grant inferred		no initial-criticality event in inspected historical narrative	"[{""source_id"":""aec-wtr-issued-licence-amendment-1959"",""original_url"":""https://www.govinfo.gov/content/pkg/FR-1959-07-02/pdf/FR-1959-07-02.pdf"",""sha256"":""c2c6a6b95cf90665991de57218fe31a4aa4d1033999b507603d5363059e7c7d5"",""locator"":""Native PDF40 printed5396, issuedLicenceTR2"",""admissibility"":""Actual issued operating authority; licensing event is not first criticality.""},{""source_id"":""aec-wtr-original-operating-licence-1959"",""original_url"":""https://www.govinfo.gov/content/pkg/FR-1959-02-18/pdf/FR-1959-02-18.pdf"",""sha256"":""4b5700e6c3a75b662eb75ac3418d3d3b4637de56349388b1abb2b0ac9bd0ed93"",""locator"":""Native PDF25-26 proposed licence annex"",""admissibility"":""Original proposed licensing text retained; expressly excluded as actual issued operating authority.""}]"
wikidata-q865432	operator		composite	iaea-africa-original-research-reactors-2020	Research reactors in Africa,2020edition	https://www.iaea.org/sites/default/files/20/07/research-reactors-in-africa-2020.pdf	a3af0a5970f894ae9fa31ec5b93b0ffac159d22313e5640614fe3ba7e0588b69	native_original_pdf	2020	2026-10-04	Native individually inspected section specified in scope: Native PDF7 describes EsSalam15MWreactor inBirine and CRNBoperator, but baseline has separate BirineElSalamQ865432 and EsSalamQ3454314identities. Original alias/unitbridge forQ865432 unestablished; preserve bothidentities and leave this scalarblank.	Native PDF7 describes EsSalam15MWreactor inBirine and CRNBoperator, but baseline has separate BirineElSalamQ865432 and EsSalamQ3454314identities. Original alias/unitbridge forQ865432 unestablished; preserve bothidentities and leave this scalarblank.	Private original source inspection only; no redistribution or training grant inferred		Individual original-source unit/role/event review; no scalarfill until exact assertion supported.	
wikidata-q865432	purpose		composite	iaea-africa-original-research-reactors-2020	Research reactors in Africa,2020edition	https://www.iaea.org/sites/default/files/20/07/research-reactors-in-africa-2020.pdf	a3af0a5970f894ae9fa31ec5b93b0ffac159d22313e5640614fe3ba7e0588b69	native_original_pdf	2020	2026-10-04	Native individually inspected section specified in scope: Native PDF7 describes EsSalam15MWreactor inBirine and CRNBoperator, but baseline has separate BirineElSalamQ865432 and EsSalamQ3454314identities. Original alias/unitbridge forQ865432 unestablished; preserve bothidentities and leave this scalarblank.	Native PDF7 describes EsSalam15MWreactor inBirine and CRNBoperator, but baseline has separate BirineElSalamQ865432 and EsSalamQ3454314identities. Original alias/unitbridge forQ865432 unestablished; preserve bothidentities and leave this scalarblank.	Private original source inspection only; no redistribution or training grant inferred		Individual original-source unit/role/event review; no scalarfill until exact assertion supported.	
wikidata-q865432	first_criticality		composite	iaea-research-reactor-status-pub1201	IAEA Status of the Decommissioning of Nuclear Facilities around the World Pub1201	https://www-pub.iaea.org/MTCD/Publications/PDF/Pub1201_web.pdf	beef788ca543861294d7e91ba29156d3ea630ed19eef763f26663e34082e85a2	native_original_pdf	2004-08	2026-10-03	Individual source applicability review; no scalar event or operator value admitted.	IAEAoneAlgerianEsSalam heavywater15000kW1992/2row. BirineElSalam discovery alias must be reconciled with EsSalam stable identity before a separate date/count.	Private source inspection; publisher rights retained; no redistribution grant inferred		possible_duplicate_es_salam_identity	
wikidata-q3454314	first_criticality	1992-02	selected	iaea-research-reactor-status-pub1201	IAEA Status of the Decommissioning of Nuclear Facilities around the World Pub1201	https://www-pub.iaea.org/MTCD/Publications/PDF/Pub1201_web.pdf	beef788ca543861294d7e91ba29156d3ea630ed19eef763f26663e34082e85a2	native_original_pdf	2004-08	2026-10-03	PDF67 / annex printed2; Algeria / Es-Salam, Date of Criticality column	Heavy-water 15000kW unit; name/country/configuration identify Es-Salam. Birine discovery alias is not counted as a separate reactor.	Private source inspection; publisher rights retained; no redistribution grant inferred	month	explicit named inventory criticality row	
wikidata-q3421929	first_criticality	1989-03	selected	iaea-research-reactor-status-pub1201	IAEA Status of the Decommissioning of Nuclear Facilities around the World Pub1201	https://www-pub.iaea.org/MTCD/Publications/PDF/Pub1201_web.pdf	beef788ca543861294d7e91ba29156d3ea630ed19eef763f26663e34082e85a2	native_original_pdf	2004-08	2026-10-03	PDF67 / annex printed2; Algeria / NUR, Date of Criticality column	Named Algerian pool1000kW reactor; month only.	Private source inspection; publisher rights retained; no redistribution grant inferred	month	explicit named inventory criticality row	
wikidata-q5642030	first_criticality	1958-01-26	selected	ansto-hifar-moata-explainer	ansto-hifar-moata-explainer	https://www.ansto.gov.au/media/8250	6026b7d58d4c472314474dc069685ba4ec30040de7971e0c1bc2288c890c77b3	native_original_pdf		2026-10-03	Original PDF physical page 7, HIFAR history paragraph	Explicit initial criticality, distinct from 1958-04-18 ceremonial unveiling and 1960 routine operation. ARPANSA plan search agrees, but failed private captures are not declared successful evidence.	Private source inspection; original publisher rights retained; no redistribution grant inferred	day	Individually inspected original source assertion; role/event scope retained.	
wikidata-q9026367	first_criticality	1961-04-10	selected	ansto-moata-star-history	ansto-moata-star-history	https://apo.ansto.gov.au/server/api/core/bitstreams/32f0410b-9d77-4fb5-a164-e3855dc94289/content	e8bcebc20010d471b94f568f9dbcaa078fc7578e405f32ae143472573b6392ce	native_original_pdf		2026-10-03	Original PDF physical page 1 / printed page 50, Introduction, Moata first criticality at 05:50	Original ANSTO-authored 2012-online/2013-volume scientific paper, Crown Copyright/Elsevier rights retained; privately captured over verified TLS after HTTP/1.1 retry. Not date of 1962 formal opening.	Private source inspection; original publisher rights retained; no redistribution grant inferred	day	Individually inspected original source assertion; role/event scope retained.	
wikidata-q989491	purpose	medical radioisotope production|neutron-scattering research|neutron activation analysis|silicon neutron-transmutation doping	selected	ansto-opal-dedicated-public-facility	ANSTO public dedicated OPAL multi-purpose reactor facility page	https://www.ansto.gov.au/facilities/opal-multi-purpose-reactor	d9284522fb6f87540fc05c863b01ca0fcae51273e3e9d257122387dcfe2ae6f4	native_original_html		2026-10-03	Actual HTML main body: Who uses OPAL, primary uses four-item list; Benefits and scientific-research FAQ corroborate neutron beam scope.	Dedicated publicly accessible ANSTO facility page explicitly supports all four uses. Editorial paraphrase only; source body stays private. This replaces the publicly hosted primer bearing OFFICIAL: Sensitive. No classified-marked document is needed as the proposed public-field evidence.	Private source inspection; publisher rights retained; no source-body redistribution grant inferred		Individually inspected original source assertion; role/event scope retained.	
wikidata-q989491	first_criticality	2006-08-12	selected	ansto-opal-anniversary-2026	ansto-opal-anniversary-2026	https://www.ansto.gov.au/news/20-years-of-opal-reactor-powering-australian-science-medicine-and-innovation	0afd208a4320d0ed1236e91ace1fb7d09869fe9c8673e9a6cdf430b888daa0a4	native_original_html		2026-10-03	Opening anniversary paragraphs, explicit first criticality	Separate first criticality in 2006 from official opening/commissioning in 2007.	Private source inspection; original publisher rights retained; no redistribution grant inferred	day	Individually inspected original source assertion; role/event scope retained.	
wikidata-q352410	operator		held	iaea-original-astra-decommissioning-tecdoc1602	Innovative and adaptive technologies in decommissioning of nuclear facilities, IAEA-TECDOC-1602	https://www-pub.iaea.org/MTCD/Publications/PDF/TE_1602_web.pdf	c16388a4eb73e1f6f27faf3b3d25fee4c6c8e6f18f39e93dfe92ccebbb844687	native_original_pdf	2008-10	2026-10-04	Native individually inspected section specified in scope: Native PDF36-40 printed29-33 describes ARCSsite,managementshutdown and later NESdecommissioning/waste roles. Phases0/1underoperatinglicence do not explicitly nameoldreactor licenceholder; no wastefacilityoperator transferred toASTRA.	Native PDF36-40 printed29-33 describes ARCSsite,managementshutdown and later NESdecommissioning/waste roles. Phases0/1underoperatinglicence do not explicitly nameoldreactor licenceholder; no wastefacilityoperator transferred toASTRA.	Private original source inspection only; no redistribution or training grant inferred		Individual original-source unit/role/event review; no scalarfill until exact assertion supported.	
wikidata-q352410	purpose	industrial and medical radioisotope production|material irradiation|neutron activation analysis	selected	austria-original-cns-report-1999	Austrian national report under the Convention on Nuclear Safety, September1998	https://www.iaea.org/sites/default/files/austrian-report-1999.pdf	7401b50e3b8de38459ceb8114db672777738d5b1ea45e7ea19840e0191d975d4	native_original_pdf	1998-09	2026-10-04	Native PDF6, section7.4.2 ASTRA reactor paragraph	Historical actual uses reported September1998; filename1999 is not publicationdate.2008ASTRAoriginalchapter corroboratescommercialuse; no currentoperation claim, no wastefacilityoperator transferred to reactor.	Private original source inspection only; no redistribution or training grant inferred		explicit original national report named-reactor historical use statement	"[{""source_id"":""iaea-original-astra-decommissioning-tecdoc1602"",""original_url"":""https://www-pub.iaea.org/MTCD/Publications/PDF/TE_1602_web.pdf"",""sha256"":""c16388a4eb73e1f6f27faf3b3d25fee4c6c8e6f18f39e93dfe92ccebbb844687"",""admissibility"":""Original contextual corroboration only; event, role and unit scopes not expanded."",""locator"":""Native PDF37 / printed30 historical commercialactivation,medicalisotope andNTD uses.""}]"
wikidata-q352410	first_criticality	1960-09-29	selected	iaea-original-astra-decommissioning-tecdoc1602	Innovative and adaptive technologies in decommissioning of nuclear facilities, IAEA-TECDOC-1602	https://www-pub.iaea.org/MTCD/Publications/PDF/TE_1602_web.pdf	c16388a4eb73e1f6f27faf3b3d25fee4c6c8e6f18f39e93dfe92ccebbb844687	native_original_pdf	2008-10	2026-10-04	Native PDF36 / printed29, ASTRA authorpaper Introduction, reachedfirstcriticality sentence	Actual ASTRAfirstcriticality29September1960; finerday explicitly reported by original reactor-decommissioningauthors. Previous inventory1960-09 is preserved as corroborating monthprecision, not contradicted.	Private original source inspection only; no redistribution or training grant inferred	day	explicit original reactor-author firstcriticality date	"[{""source_id"":""iaea-research-reactor-status-pub1201"",""original_url"":""https://www-pub.iaea.org/MTCD/Publications/PDF/Pub1201_web.pdf"",""sha256"":""beef788ca543861294d7e91ba29156d3ea630ed19eef763f26663e34082e85a2"",""locator"":""PDF67 / annex printed2; Austria / ASTRA, Date of Criticality column"",""reported_value"":""1960-09"",""admissibility"":""Original inventory month precision remains valid; national reactor-author paper adds explicit day.""}]"
wikidata-q4781389	first_criticality	1961	selected	belgium-convention-nuclear-safety-7	Belgium seventh Convention on Nuclear Safety national report	https://www-ns.iaea.org/downloads/ni/safety_convention/7th-review-meeting/belgium-nr-7th-rm.pdf	6072e664ba9c5706a2a64762ac1e7e6d22437ade53ede039c988c96b6a4cfbfd	native_original_pdf		2026-10-03	Original PDF physical page 28 / printed 22, section II.B.2(b), BR2, first paragraph	National report explicitly states first criticality in 1961; beginning of operation in January 1963 is a separate event. Preserve year precision.	Private inspection only; publisher rights retained; no redistribution grant inferred	year	actual_initial_criticality	
wikidata-q14906437	operator		held	myrrha-project-official-phases	MYRRHA official project phases	https://www.myrrha.be/about-myrrha	1c212173100c9cf32620bfef5668df98a2f06ed516609a164d448a14e2e921d9	native_original_html		2026-10-03	Individual source applicability review; no scalar event or operator value admitted.	Government decision to build on SCKCEN site identifies project/site responsibility, not an actual licensed reactor operator.	Private inspection only; publisher rights retained; no redistribution grant inferred		planned_site_not_operator_role	
wikidata-q14906437	purpose	nuclear waste treatment|medical radioisotope production|fundamental nuclear research|fusion-material research	selected	myrrha-project-applications-official	MYRRHA project applications	https://www.myrrha.be/myrrha-applications	93732d1b3316fe40b10cf549b47aafcf34fb954626ae573fb25d546674a96fc8	native_original_html		2026-10-03	MYRRHA applications, Nuclear waste treatment, Nuclear medicine and Nuclear science sections	Planned multi-component MYRRHA research infrastructure. Accelerator isotope production and reactor commissioning have distinct timelines; no operational reactor or demonstrated waste-treatment outcome is asserted.	Private inspection only; publisher rights retained; no redistribution grant inferred		planned_multi_component_research_purpose	
wikidata-q14906437	first_criticality		not_applicable	myrrha-reactor-official-design	MYRRHA official reactor design	https://www.myrrha.be/about-myrrha/myrrha-reactor	a7a1dc8dcc2786eb0143eea9a10d0638484be4518f513ba70075e16f5476fa0e	native_original_html		2026-10-03	Individual source applicability review; no scalar event or operator value admitted.	Official design is by default subcritical; official phased plan schedules reactor commissioning2036. Neither commissioning nor subcritical operation is first criticality; critical-mode evidence remains separate.	Private inspection only; publisher rights retained; no redistribution grant inferred		not_applicable_to_published_default_ads_configuration	
wikidata-q12299625	operator		held	bulgaria-inrne-original-base-page	INRNE original Nuclear Scientific Experimental Base page	https://www.inrne.bas.bg/index.php/laboratories/nuclear-educational-and-experimental-base	240903f6521872b0d54640d2c687a2c3a62b7276c960cc99a1b2db4b4baf4522	native_original_html		2026-10-04	Native Nuclear Scientific Experimental Base entry, AboutUs and Scientists sections	The INRNE page names the imported Nuclear Scientific Experimental Base and lists radiochemistry/radioecology and radiation-safety staff. It does not identify an IRT unit operating institution.	Private source inspection; publisher rights retained; no redistribution grant inferred		Exact base identity inspected; staff affiliation is not operating authority	
wikidata-q12299625	purpose		held	bulgaria-inrne-original-base-page	INRNE original Nuclear Scientific Experimental Base page	https://www.inrne.bas.bg/index.php/laboratories/nuclear-educational-and-experimental-base	240903f6521872b0d54640d2c687a2c3a62b7276c960cc99a1b2db4b4baf4522	native_original_html		2026-10-04	Native Nuclear Scientific Experimental Base entry, AboutUs and Scientists sections	The named INRNE base page is a staff/institution entry. Department names do not establish the purpose of one research reactor or prove an IRT unit mapping for the imported base identity.	Private source inspection; publisher rights retained; no redistribution grant inferred		Exact base identity inspected; staff departments are not a unit-level reactor-use assertion	
wikidata-q12299625	first_criticality		composite	iaea-research-reactor-status-pub1201	IAEA Status of the Decommissioning of Nuclear Facilities around the World Pub1201	https://www-pub.iaea.org/MTCD/Publications/PDF/Pub1201_web.pdf	beef788ca543861294d7e91ba29156d3ea630ed19eef763f26663e34082e85a2	native_original_pdf	2004-08	2026-10-03	Individual source applicability review; no scalar event or operator value admitted.	IAEAIRT Sofia pool2000kW1961/9 is a named reactor; baseline nuclear research base identity is a site. No automatic site/unit date substitution.	Private source inspection; publisher rights retained; no redistribution grant inferred		research_base_to_unit_mapping_required	
cnsc-ca-slowpoke-dalhousie	first_criticality	1976-07	selected	iaea-research-reactor-status-pub1201	IAEA Status of the Decommissioning of Nuclear Facilities around the World Pub1201	https://www-pub.iaea.org/MTCD/Publications/PDF/Pub1201_web.pdf	beef788ca543861294d7e91ba29156d3ea630ed19eef763f26663e34082e85a2	native_original_pdf	2004-08	2026-10-03	PDF68 / annex printed3; Canada Slowpoke-2, Halifax, Date of Criticality column	Halifax20kW SLOWPOKE maps Dalhousie unit; no opening date substitution	Private source inspection; publisher rights retained; no redistribution grant inferred	month	explicit inventory criticality column	"[{""source_id"":""cnl-slowpoke-presentation-2019"",""original_url"":""https://www.researchgate.net/publication/334195332_COMPARISON_OF_SLOWPOKE-2_BURNUP_SIMULATIONS_AGAINST_REACTOR_PERIOD_MEASUREMENTS"",""sha256"":""3cdda68dee514aa7ac2acba60ffc090540ff6f374bf0a9e4a1de5a21fc84f82e"",""locator"":""Slide5 List of SLOWPOKE Facilities, Dalhousie University row"",""admissibility"":""unverified rendered original-page lead; not native original""}]"
cnsc-ca-maple-1	operator	Atomic Energy of Canada Limited	selected	cnsc-annual-report-2002-2003	CNSC annual report 2002–2003	https://publications.gc.ca/collections/Collection/CC171-2003E.pdf	f28299939d6eabff979987bfe5f8f4a27b67329f68a32dd3e16ba84f7f669dac	native_original_pdf		2026-10-03	Physical PDF14 / printed10, Non-Power Reactors in Canada table, AECL(MAPLE1) licensee row	Historical licensed commissioning operator as of2003-03-31. Distinguish MDS Nordion ownership/customer role and licensed AECL operation.	Private source inspection; original publisher/author rights retained; no redistribution grant inferred		Individually inspected original source assertion; role/event scope retained.	
cnsc-ca-maple-1	first_criticality	2000-02	selected	aecl-annual-report-2001-2002	AECL annual report 2001–2002	https://publications.gc.ca/collections/Collection/CC1-2002E.pdf	8df075422184170b703e5619388c7bd40673ddc51f187e346c558da1251c5c76	native_original_pdf		2026-10-03	Physical PDF28 / printed26, first-MAPLE sustained-chain-reaction paragraph	Explicit first sustained nuclear chain reaction in February2000. Preserve month precision; forecast full-service2003 is not a first-criticality date.	Private source inspection; original publisher/author rights retained; no redistribution grant inferred	month	Individually inspected original source assertion; role/event scope retained.	
cnsc-ca-maple-2	operator	Atomic Energy of Canada Limited	selected	cnsc-annual-report-2002-2003	CNSC annual report 2002–2003	https://publications.gc.ca/collections/Collection/CC171-2003E.pdf	f28299939d6eabff979987bfe5f8f4a27b67329f68a32dd3e16ba84f7f669dac	native_original_pdf		2026-10-03	Physical PDF14 / printed10, Non-Power Reactors in Canada table, AECL(MAPLE2) licensee row	Historical licensed commissioning operator as of2003-03-31, not a completed commercial-service assertion or current operator.	Private source inspection; original publisher/author rights retained; no redistribution grant inferred		Individually inspected original source assertion; role/event scope retained.	
cnsc-ca-maple-2	first_criticality		held	iaea-research-reactor-status-pub1201	IAEA Status of the Decommissioning of Nuclear Facilities around the World Pub1201	https://www-pub.iaea.org/MTCD/Publications/PDF/Pub1201_web.pdf	beef788ca543861294d7e91ba29156d3ea630ed19eef763f26663e34082e85a2	native_original_pdf	2004-08	2026-10-03	Individual source applicability review; no scalar event or operator value admitted.	IAEA2004MAPLE2row is ordered/firmlyplanned with empty criticality. This proves no supplied date in that snapshot, not never-critical status.	Private source inspection; publisher rights retained; no redistribution grant inferred		historical_inventory_has_no_actual_date	
cnsc-ca-mcmaster-nuclear-reactor	first_criticality	1959-04-04	selected	mcmaster-reactor-construction-history	Constructing the McMaster Nuclear Reactor	https://nuclear.mcmaster.ca/constructing-mnr/	2d76553353b817e634de9942e3b32a2ea6b35c5b66d625c32c75e61b640236c8	native_original_html		2026-10-03	Constructing MNR, completed control-room paragraph identifying initial criticality at 00:36 h on April 4th, 1959.	Actual first criticality, not the April 10 official opening. Preserve day precision; operator and purpose already known in baseline.	Private source inspection; original publisher rights retained; no redistribution grant inferred	day	Individually inspected original source assertion; role/event scope retained.	
cnsc-ca-slowpoke-mds-nordion	first_criticality		held	cnl-slowpoke-presentation-2019	J.E. Atfield CNL RRFM/IGORR 2019 author presentation CW-123214-001-000	https://www.researchgate.net/publication/334195332_COMPARISON_OF_SLOWPOKE-2_BURNUP_SIMULATIONS_AGAINST_REACTOR_PERIOD_MEASUREMENTS	3cdda68dee514aa7ac2acba60ffc090540ff6f374bf0a9e4a1de5a21fc84f82e	tool_rendered_author_page_lead		2026-10-03	Slide5 first-criticality table, AECL Tunney's Pasture→Kanata row, relocated event	1971-05 initial Tunney's Pasture event and1984-06 Kanata relocated event share a physical-unit history. Original MDS Nordion identity requires an explicit Kanata identity bridge before assigning any first-at-site date; do not manufacture a second independent device birth.	Private source inspection; original publisher/author rights retained; no redistribution grant inferred		Individually inspected original source assertion; role/event scope retained.	
wikidata-q5695490	operator	Atomic Energy of Canada Limited	selected	cnsc-nru-licensing-background	CNSC NRU licensing lessons, section II background	https://www.cnsc-ccsn.gc.ca/eng/resources/publications/reports/lessonslearned/ii/	3959a68c3bb53ccb9e997ef26f1ee5f3297e2e05262b14ae74e5577e493fc735	native_original_html		2026-10-03	Section II Background opening NRU operated-by-AECL paragraph	Explicit historical NRU operator around2006–2007 licensing events, not current2026 operation or operator of the1957 first-criticality event.	Private source inspection; original publisher/author rights retained; no redistribution grant inferred		Individually inspected original source assertion; role/event scope retained.	
wikidata-q5695490	purpose	Industrial and medical radioisotopes; neutron-physics research; nuclear-power engineering research and development.	selected	cnl-nru-legacy-2018	CNL legacy of NRU reactor documentary announcement	https://www.cnl.ca/legacy-of-nru-reactor-to-be-explored-in-new-documentary-film/	ac61e543aa50d0063e8b7ff73fa56a4318662d6deac673ffbd4ec4697f029105	native_original_html		2026-10-03	Main article 2018-03-12 opening historical paragraph describing three NRU functions over 60 years.	Editorial factual purpose summary; 1957-11-03 is explicitly an in-service date, not a criticality date in this source. No current or historical operator inferred from article authorship.	Private source inspection; original publisher rights retained; no redistribution grant inferred		Individually inspected original source assertion; role/event scope retained.	
wikidata-q5695490	first_criticality	1957-11	selected	cnsc-nru-licensing-history-appendix-d	CNSC NRU licensing lessons: Appendix D timeline	https://www.cnsc-ccsn.gc.ca/eng/resources/publications/reports/lessonslearned/d/	dfb18161fe76bc899635ce3a8bc416d1753607da4af2dada1ff2e2741fed176b	native_original_html		2026-10-03	Appendix D timeline row 11/x/1957, event NRU first criticality.	Source reports month only in MM/DD/YYYY format, confirmed by 9/14/1992 row. Do not infer November 3 from the separate CNL in-service date.	Private source inspection; original publisher rights retained; no redistribution grant inferred	month	Individually inspected original source assertion; role/event scope retained.	
wikidata-q1724378	operator	Atomic Energy of Canada Limited	selected	aecb-annual-report-1996-1997	AECB annual report 1996–1997	https://publications.gc.ca/collections/Collection/CC171-1997E.pdf	e48446dfe7ed6aa629094da2b1a528762459ebd9b789bffcf059d1a959a2a91e	native_original_pdf		2026-10-03	Physical PDF24 / printed16, Canada's First Research Reactor historical box	Explicit AECL takeover of NRX operation on1952-04-01; no attribution of1947 initial operation to AECL. Source names preceding institution AECB, a historical detail not imported into this proposal.	Private source inspection; original publisher/author rights retained; no redistribution grant inferred		Individually inspected original source assertion; role/event scope retained.	
wikidata-q1724378	purpose	Radioisotope production; fuel and material performance testing; neutron-beam research.	selected	cnl-zeep-physics-history-2023	CNL 3-D printed ZEEP reactor model: reactor physics history	https://www.cnl.ca/3-d-printed-zeep-reactor-model/	350895b4db786d588dee28accf14f3166c9323002a0c68033e8d2bca09aa0c61	native_original_html		2026-10-03	Main article reactor-role comparison paragraph identifying NRX isotope production, fuel/material testing and neutron beamlines.	Editorial factual purpose summary explicitly attributed to NRX, not its predecessor ZEEP.	Private source inspection; original publisher rights retained; no redistribution grant inferred		Individually inspected original source assertion; role/event scope retained.	
wikidata-q1724378	first_criticality	1947	selected	cnl-zeep-physics-history-2023	CNL 3-D printed ZEEP reactor model: reactor physics history	https://www.cnl.ca/3-d-printed-zeep-reactor-model/	350895b4db786d588dee28accf14f3166c9323002a0c68033e8d2bca09aa0c61	native_original_html		2026-10-03	Main article second historical paragraph, NRX first went critical in 1947.	Explicit first criticality with year precision. No July 22 date imported from a secondary or bulk registry without qualified source evidence.	Private source inspection; original publisher rights retained; no redistribution grant inferred	year	Individually inspected original source assertion; role/event scope retained.	
cnsc-ca-polytechnique-slowpoke-2	first_criticality	1976-05	selected	iaea-research-reactor-status-pub1201	IAEA Status of the Decommissioning of Nuclear Facilities around the World Pub1201	https://www-pub.iaea.org/MTCD/Publications/PDF/Pub1201_web.pdf	beef788ca543861294d7e91ba29156d3ea630ed19eef763f26663e34082e85a2	native_original_pdf	2004-08	2026-10-03	PDF68 / annex printed3; Canada Slowpoke-2, Montreal, Date of Criticality column	Montreal20kW SLOWPOKE maps Polytechnique unit; later fuel conversion excluded	Private source inspection; publisher rights retained; no redistribution grant inferred	month	explicit inventory criticality column	"[{""source_id"":""cnl-slowpoke-presentation-2019"",""original_url"":""https://www.researchgate.net/publication/334195332_COMPARISON_OF_SLOWPOKE-2_BURNUP_SIMULATIONS_AGAINST_REACTOR_PERIOD_MEASUREMENTS"",""sha256"":""3cdda68dee514aa7ac2acba60ffc090540ff6f374bf0a9e4a1de5a21fc84f82e"",""locator"":""Slide5 List of SLOWPOKE Facilities, École Polytechnique row"",""admissibility"":""unverified rendered original-page lead; not native original""}]"
wikidata-q7228576	operator	Atomic Energy of Canada Limited	selected	cnsc-pool-test-reactor-environmental-assessment	CNSC PTR environmental assessment 2004–2007	https://www.cnsc-ccsn.gc.ca/eng/resources/environmental-protection/environmental-assessments/ea-04-01-6315/	5502863f37cd35bb671f7435c26cc3dbc0d43750fdd6250a1f04671fae792e57	native_original_html		2026-10-03	Project Description paragraph requiring amendment of AECL operating licence for named PTR	Historical licensed operator/decommissioning applicant during2004–2007 assessment. Canadair builder is not substituted for licensed AECL.	Private source inspection; original publisher/author rights retained; no redistribution grant inferred		Individually inspected original source assertion; role/event scope retained.	
wikidata-q7228576	purpose	Reactivity measurements on irradiated fuel; fission-product cross sections; flux-detector testing and calibration.	selected	cnsc-joint-convention-2008-annex7	CNSC Canadian Joint Convention national report 2008 Annex7	https://www.cnsc-ccsn.gc.ca/eng/resources/publications/reports/jointconvention/oct2008/7/	21a3bbd81ed977b2ffe74a810080a092ffdf954a2441d103e7937e98c298f445	native_original_html		2026-10-03	Section7.5.1 Pool Test Reactor purpose paragraphs	Editorial summary distinguishes original irradiated-fuel measurements and later commercial self-powered flux-detector calibration.	Private source inspection; original publisher/author rights retained; no redistribution grant inferred		Individually inspected original source assertion; role/event scope retained.	
wikidata-q7228576	first_criticality	1957-11-29	selected	cns-ptr-commissioning-engineer-memoir-2011	J.T. Rogers, History Repeats: A Personal Reminiscence, CNS Bulletin32(3)	https://cns-snc.ca/wp-content/uploads/2022/01/CNS_Vol32No3_Final.pdf	621d408f6b441c90d119765b5494a355b5a7ce5106ac5c0afb598093023e9a76	native_original_pdf		2026-10-03	Physical PDF16 / printed14, Canadair Nuclear Division paragraph by J.T.Rogers	Firsthand retrospective account by the commissioning liaison engineer explicitly gives first criticality at12:05pm on29November1957. Personal historical testimony, not contemporary operating log or CNS corporate endorsement.	Private source inspection; original publisher/author rights retained; no redistribution grant inferred	day	Individually inspected original source assertion; role/event scope retained.	
cnsc-ca-rmc-slowpoke-2	first_criticality	1985-09	selected	rmc-slowpoke-facility-history	Royal Military College SLOWPOKE nuclear reactors in Canada	https://www.rmc-cmr.ca/en/chemistry-and-chemical-engineering/slowpoke-nuclear-reactors-canada	9262eceb0a6bffa036fcb7990c72527a262010be7317be6171db0212705045c4	native_original_html		2026-10-03	RMC SLOWPOKE-2 construction history paragraph, fuel received August 1985 and reactor went critical September 1985.	Actual first criticality with month precision. September 2021 refuelling is a different event; operator and purpose already known in baseline.	Private source inspection; original publisher rights retained; no redistribution grant inferred	month	Individually inspected original source assertion; role/event scope retained.	
cnsc-ca-slowpoke-src	first_criticality	1981	selected	iaea-research-reactor-status-pub1201	IAEA Status of the Decommissioning of Nuclear Facilities around the World Pub1201	https://www-pub.iaea.org/MTCD/Publications/PDF/Pub1201_web.pdf	beef788ca543861294d7e91ba29156d3ea630ed19eef763f26663e34082e85a2	native_original_pdf	2004-08	2026-10-03	PDF68 / annex printed3; Canada Slowpoke, Saskatchewan, Date of Criticality column	Native IAEA table March1981 and SRC commissioning March1981 versus unverified rendered presentation May1981 lead. Common year only; retain unresolved month contradiction.	Private source inspection; publisher rights retained; no redistribution grant inferred	year	explicit inventory criticality column	"[{""source_id"":""cnl-slowpoke-presentation-2019"",""original_url"":""https://www.researchgate.net/publication/334195332_COMPARISON_OF_SLOWPOKE-2_BURNUP_SIMULATIONS_AGAINST_REACTOR_PERIOD_MEASUREMENTS"",""sha256"":""3cdda68dee514aa7ac2acba60ffc090540ff6f374bf0a9e4a1de5a21fc84f82e"",""locator"":""Slide5 List of SLOWPOKE Facilities, Saskatchewan Research Council row"",""admissibility"":""unverified rendered original-page lead; not native original""},{""source_id"":""src-slowpoke-original-history"",""original_url"":""https://www.src.sk.ca/blog/how-slowpoke-2-reactor-paved-way-nuclear-research-canada"",""sha256"":""2b124bebd68c2f25b2ff7154313f478e69edc8e4bb2faf5316829c9b687f3382"",""locator"":""How did a SLOWPOKE end up at SRC, March1981commissioning and March25first commercial sample"",""admissibility"":""native operator original; commissioning is not explicit criticality day""}]"
cnsc-ca-slowpoke-tunneys-pasture	operator		held	cnsc-original-decommissioned-slowpokes	CNSC original shutdown and decommissioned reactors listing	https://www.cnsc-ccsn.gc.ca/eng/reactors/regulating-nuclear-reactors-power-plants/decommissioning-of-nuclear-facilities/shut-down-decommissioned-reactors/	e5f2f0004ea6f857e20b9a2774112fb69c857a3a435070d58fc6059610bba78c	native_original_html		2026-10-04	Native Decommissioned reactors list, SLOWPOKE Tunneys Pasture entry	The regulator confirms a decommissioned SLOWPOKE at Tunneys Pasture but supplies no operating institution in this entry. Do not assign Health Canada, AECL or the present site custodian from location or construction roles.	Private source inspection; publisher rights retained; no redistribution grant inferred		Exact regulator unit/location entry inspected; historical operator not specified	
cnsc-ca-slowpoke-tunneys-pasture	first_criticality	1971-05	selected	iaea-research-reactor-status-pub1201	IAEA Status of the Decommissioning of Nuclear Facilities around the World Pub1201	https://www-pub.iaea.org/MTCD/Publications/PDF/Pub1201_web.pdf	beef788ca543861294d7e91ba29156d3ea630ed19eef763f26663e34082e85a2	native_original_pdf	2004-08	2026-10-03	PDF68 / annex printed3; Canada Slowpoke-2, Ottawa, Date of Criticality column	Ottawa original site event only; Kanata1984relocated event is distinct. Tunneys site scope retained, no second physical birth manufactured.	Private source inspection; publisher rights retained; no redistribution grant inferred	month	explicit inventory criticality column	"[{""source_id"":""cnl-slowpoke-presentation-2019"",""original_url"":""https://www.researchgate.net/publication/334195332_COMPARISON_OF_SLOWPOKE-2_BURNUP_SIMULATIONS_AGAINST_REACTOR_PERIOD_MEASUREMENTS"",""sha256"":""3cdda68dee514aa7ac2acba60ffc090540ff6f374bf0a9e4a1de5a21fc84f82e"",""locator"":""Slide5 first-criticality table, AECL Tunney's Pasture→Kanata row, first event"",""admissibility"":""unverified rendered original-page lead; not native original""}]"
cnsc-ca-slowpoke-alberta	first_criticality	1977-04	selected	iaea-research-reactor-status-pub1201	IAEA Status of the Decommissioning of Nuclear Facilities around the World Pub1201	https://www-pub.iaea.org/MTCD/Publications/PDF/Pub1201_web.pdf	beef788ca543861294d7e91ba29156d3ea630ed19eef763f26663e34082e85a2	native_original_pdf	2004-08	2026-10-03	PDF68 / annex printed3; Canada Slowpoke, Alberta, Date of Criticality column	Alberta20kW SLOWPOKE matches named unit;1978opening excluded	Private source inspection; publisher rights retained; no redistribution grant inferred	month	explicit inventory criticality column	"[{""source_id"":""cnl-slowpoke-presentation-2019"",""original_url"":""https://www.researchgate.net/publication/334195332_COMPARISON_OF_SLOWPOKE-2_BURNUP_SIMULATIONS_AGAINST_REACTOR_PERIOD_MEASUREMENTS"",""sha256"":""3cdda68dee514aa7ac2acba60ffc090540ff6f374bf0a9e4a1de5a21fc84f82e"",""locator"":""Slide5 List of SLOWPOKE Facilities, University of Alberta row"",""admissibility"":""unverified rendered original-page lead; not native original""}]"
cnsc-ca-slowpoke-toronto	first_criticality		held	cnl-slowpoke-presentation-2019	J.E. Atfield CNL RRFM/IGORR 2019 author presentation CW-123214-001-000	https://www.researchgate.net/publication/334195332_COMPARISON_OF_SLOWPOKE-2_BURNUP_SIMULATIONS_AGAINST_REACTOR_PERIOD_MEASUREMENTS	3cdda68dee514aa7ac2acba60ffc090540ff6f374bf0a9e4a1de5a21fc84f82e	tool_rendered_author_page_lead		2026-10-03	Slide5 first-criticality table, Toronto SLOWPOKE1→2 row	1971-06 Toronto SLOWPOKE1 and1976-03 SLOWPOKE2 configuration events both reported; prototype Chalk River1970-05 is separate. Retain configuration/site events before deciding a scalar original generic Toronto identity date.	Private source inspection; original publisher/author rights retained; no redistribution grant inferred		Individually inspected original source assertion; role/event scope retained.	
wikidata-q9066953	operator	Atomic Energy of Canada Limited	selected	cnsc-joint-convention-2008-annex7	CNSC Canadian Joint Convention national report 2008 Annex7	https://www.cnsc-ccsn.gc.ca/eng/resources/publications/reports/jointconvention/oct2008/7/	21a3bbd81ed977b2ffe74a810080a092ffdf954a2441d103e7937e98c298f445	native_original_html		2026-10-03	Section7.1 AECL Whiteshell Laboratories, named WR-1 structure and decommissioning-licence paragraph	Historical licensed site operation/decommissioning covering named WR-1, report2008; licence authorised AECL until2008-12-31. No assertion of original1965 or current2026 operator.	Private source inspection; original publisher/author rights retained; no redistribution grant inferred		Individually inspected original source assertion; role/event scope retained.	
wikidata-q9066953	purpose	Nuclear reactor research; testing for the CANDU reactor fleet.	selected	cnl-wr1-decommissioning	WR-1 reactor decommissioning, CNL	https://www.cnl.ca/environmental-stewardship/wr-1-reactor-decommissioning/	5db4c8a11c2b069fd3fe3a1fb2e3e84e5649ef0f4c78fce999bc0277517f2b15	native_original_html		2026-10-03	WR-1 main historical paragraph	Editorial factual purpose summary; twenty years of research operation followed by 1985 shutdown.	Private source inspection; original publisher/author rights retained; no redistribution grant inferred		Individually inspected original source assertion; role/event scope retained.	
wikidata-q9066953	first_criticality	1965	selected	cnl-wr1-decommissioning	WR-1 reactor decommissioning, CNL	https://www.cnl.ca/environmental-stewardship/wr-1-reactor-decommissioning/	5db4c8a11c2b069fd3fe3a1fb2e3e84e5649ef0f4c78fce999bc0277517f2b15	native_original_html		2026-10-03	WR-1 main historical paragraph	Explicit first criticality; preserve year precision. General Electric is the builder, not inferred operator.	Private source inspection; original publisher/author rights retained; no redistribution grant inferred	year	Individually inspected original source assertion; role/event scope retained.	
wikidata-q8063012	first_criticality	1960	selected	cnl-zed2-facility	cnl-zed2-facility	https://www.cnl.ca/facilities/zed-2-research-reactor-2/	05c0e98d2a596f5f2fef02a17fb4e6f1c02dcb2d176c982f4fab1df359231590	native_original_html		2026-10-03	Opening ZED-2 facility paragraph	Explicit first criticality, preserve year-only precision. Existing CNL operator and reactor-physics/fuel-test purposes retained unchanged.	Private source inspection; original publisher rights retained; no redistribution grant inferred	year	Individually inspected original source assertion; role/event scope retained.	
wikidata-q970269	operator	Atomic Energy of Canada Limited	selected	aecb-info-source-2000	Government Info Source 2000: AECB AECL licensing program records	https://publications.gc.ca/collections/Collection/BT51-3-1-2000E.pdf	6665009e6fc33622041b4b3974a87a79bff8e894a58fb611bf4187fe90e98ebb	native_original_pdf		2026-10-03	Physical PDF78 / printed36, Atomic Energy of Canada Limited Licensing, AEB DRR060 description and ZEEP topic	Official licensing-record description explicitly groups ZEEP among AECL-operated facilities. Historical operator only, dates of operation unspecified by this record; not evidence AECL operated1945 first criticality or that ZEEP was operating in2000.	Private source inspection; original publisher/author rights retained; no redistribution grant inferred		Individually inspected original source assertion; role/event scope retained.	
wikidata-q970269	purpose	Reconfigurable reactor-physics experiments; physics foundation for NRX and heavy-water reactor designs.	selected	cnl-zeep-physics-history-2023	CNL 3-D printed ZEEP reactor model: reactor physics history	https://www.cnl.ca/3-d-printed-zeep-reactor-model/	350895b4db786d588dee28accf14f3166c9323002a0c68033e8d2bca09aa0c61	native_original_html		2026-10-03	Main article opening and reactor-role comparison paragraphs beginning NRX was used for isotope production.	Editorial factual purpose summary. ZEEP is a sensitive, reconfigurable physics instrument; do not copy its successor NRX high-power isotope-production purpose.	Private source inspection; original publisher rights retained; no redistribution grant inferred		Individually inspected original source assertion; role/event scope retained.	
wikidata-q970269	first_criticality	1945-09-05	selected	cnl-zeep-physics-history-2023	CNL 3-D printed ZEEP reactor model: reactor physics history	https://www.cnl.ca/3-d-printed-zeep-reactor-model/	350895b4db786d588dee28accf14f3166c9323002a0c68033e8d2bca09aa0c61	native_original_html		2026-10-03	Main article opening paragraph, first criticality on Sept. 5, 1945.	Actual first criticality of ZEEP. Later CNL authorship is historical evidence, not proof that CNL operated the 1945 event.	Private source inspection; original publisher rights retained; no redistribution grant inferred	day	Individually inspected original source assertion; role/event scope retained.	
wikidata-q61895252	first_criticality	1982-12	selected	iaea-pub1592-rez-original-reactor-papers	IAEA proceedings Pub1592 original NRI Rez reactor papers	https://www-pub.iaea.org/MTCD/Publications/PDF/Pub1592_web.pdf	c9708af5b89a69681f77889259ff0d6eed2e0f229f46524c2c7d9680d9254abb	native_original_pdf	2013-03	2026-10-03	PDF140 / printed131; J.Rychecky NRI Rez paper, Introduction	LR-O/LR-0 explicitly first critical in December1982; reactor unit, not site opening.	Private original-source inspection; publisher rights retained; no redistribution grant inferred	month	explicit original NRI reactor-author statement	
wikidata-q61895254	first_criticality	1957-09	selected	iaea-pub1592-rez-original-reactor-papers	IAEA proceedings Pub1592 original NRI Rez reactor papers	https://www-pub.iaea.org/MTCD/Publications/PDF/Pub1592_web.pdf	c9708af5b89a69681f77889259ff0d6eed2e0f229f46524c2c7d9680d9254abb	native_original_pdf	2013-03	2026-10-03	PDF140 / printed131; J.Rychecky NRI Rez paper, Introduction	Author binds LVR15 fuel lineage to original WWR unit first critical September1957. Original lineage event, not later reconstructed configuration first-criticality.	Private original-source inspection; publisher rights retained; no redistribution grant inferred	month	explicit original NRI reactor-author statement	
wikidata-q1155905	operator		composite	iaea-original-tecdoc1748-national-decommissioning-papers	Project experiences in research reactor ageing management, modernization and refurbishment, IAEA-TECDOC-1748	https://www-pub.iaea.org/MTCD/publications/PDF/TE-1748_web.pdf	75c5f56f5a4f480cbc6fc3f01ce0eed53c9908849a3daf742cb4033dd04374cc	native_original_pdf	2014-08	2026-10-04	Native individually inspected section specified in scope: Native PDF62 printed53 Congoauthorpaper explicitly distinguishes TRICOI and TRICOII with separate events. Baseline names RegionalCenterforNuclearStudies rather than a singleunit; no unique reactor-level role/use attached to centeridentity.	Native PDF62 printed53 Congoauthorpaper explicitly distinguishes TRICOI and TRICOII with separate events. Baseline names RegionalCenterforNuclearStudies rather than a singleunit; no unique reactor-level role/use attached to centeridentity.	IAEA copyright; native PDF5 permission requirement for reproduced text. Private inspection only, no redistribution/training grant inferred.		Individual original-source unit/role/event review; no scalarfill until exact assertion supported.	
wikidata-q1155905	purpose		composite	iaea-original-tecdoc1748-national-decommissioning-papers	Project experiences in research reactor ageing management, modernization and refurbishment, IAEA-TECDOC-1748	https://www-pub.iaea.org/MTCD/publications/PDF/TE-1748_web.pdf	75c5f56f5a4f480cbc6fc3f01ce0eed53c9908849a3daf742cb4033dd04374cc	native_original_pdf	2014-08	2026-10-04	Native individually inspected section specified in scope: Native PDF62 printed53 Congoauthorpaper explicitly distinguishes TRICOI and TRICOII with separate events. Baseline names RegionalCenterforNuclearStudies rather than a singleunit; no unique reactor-level role/use attached to centeridentity.	Native PDF62 printed53 Congoauthorpaper explicitly distinguishes TRICOI and TRICOII with separate events. Baseline names RegionalCenterforNuclearStudies rather than a singleunit; no unique reactor-level role/use attached to centeridentity.	IAEA copyright; native PDF5 permission requirement for reproduced text. Private inspection only, no redistribution/training grant inferred.		Individual original-source unit/role/event review; no scalarfill until exact assertion supported.	
wikidata-q1155905	first_criticality		composite	iaea-research-reactor-status-pub1201	IAEA Status of the Decommissioning of Nuclear Facilities around the World Pub1201	https://www-pub.iaea.org/MTCD/Publications/PDF/Pub1201_web.pdf	beef788ca543861294d7e91ba29156d3ea630ed19eef763f26663e34082e85a2	native_original_pdf	2004-08	2026-10-03	Individual source applicability review; no scalar event or operator value admitted.	IAEATRICO1June1959 andTRICO2March1972 are distinct units. Generic RegionalCenterforNuclearStudies cannot receive arbitrarily chosen reactor date.	Private source inspection; publisher rights retained; no redistribution grant inferred		multiple_units_at_research_centre	
wikidata-q17487565	purpose		unknown	eaea-original-role-author-2023	EAEA author contribution: Regulatory Framework and Planning for Decommissioning in Egypt	https://conferences.iaea.org/event/330/contributions/28262/	fa3f3561500b4c9c91a08e7d2772fb32913530cee794799db3092a35425d2c64	native_original_html		2026-10-04	Native individually inspected section specified in scope: Purpose remainsunknown frominspectedoriginal ETRR1/ETRR2operatoranddecommissioningparagraphs; no reactor-specific historicalscienceuse asserted there. No claim alloriginalsourcessearched or purpose unknowable.	Purpose remainsunknown frominspectedoriginal ETRR1/ETRR2operatoranddecommissioningparagraphs; no reactor-specific historicalscienceuse asserted there. No claim alloriginalsourcessearched or purpose unknowable.	Private original source inspection only; no redistribution or training grant inferred		Individual original-source unit/role/event review; no scalarfill until exact assertion supported.	
wikidata-q17487565	first_criticality	1961-02	selected	iaea-research-reactor-status-pub1201	IAEA Status of the Decommissioning of Nuclear Facilities around the World Pub1201	https://www-pub.iaea.org/MTCD/Publications/PDF/Pub1201_web.pdf	beef788ca543861294d7e91ba29156d3ea630ed19eef763f26663e34082e85a2	native_original_pdf	2004-08	2026-10-03	PDF70 / annex printed5; Egypt / ETRR-1, Date of Criticality column	Named tank2000kW original unit.	Private source inspection; publisher rights retained; no redistribution grant inferred	month	explicit named inventory criticality row	
wikidata-q18208218	operator	Egyptian Atomic Energy Authority (EAEA)	selected	eaea-original-role-author-2023	EAEA author contribution: Regulatory Framework and Planning for Decommissioning in Egypt	https://conferences.iaea.org/event/330/contributions/28262/	fa3f3561500b4c9c91a08e7d2772fb32913530cee794799db3092a35425d2c64	native_original_html		2026-10-04	Native Description, opening both-reactors-owned-and-operated sentence	EAEAauthor explicitly reports ETRR2operatinginstitution in2023conference context, withENRRA regulatoryrole distinguished. Historical reportedrole, no current2026licencecertificate. Same abstract1992commissioning statement is retained as conflicting contextual evidence and excluded from criticality.	Private original source inspection only; no redistribution or training grant inferred		explicit institutional owned-and-operated role in original EAEA author abstract	"[{""source_id"":""iaea-africa-original-research-reactors-2020"",""original_url"":""https://www.iaea.org/sites/default/files/20/07/research-reactors-in-africa-2020.pdf"",""sha256"":""a3af0a5970f894ae9fa31ec5b93b0ffac159d22313e5640614fe3ba7e0588b69"",""admissibility"":""Different event and conflicting abstractcommissioning1992 retained; not accepted as new criticality."",""locator"":""Native PDF11 / printed7 ETRR2 firstcriticality1997, not1992commissioning."",""reported_value"":""1997""}]"
wikidata-q18208218	purpose	radioisotope production|neutron activation analysis|neutron transmutation doping|material irradiation testing|neutron-beam research|education and training	selected	iaea-africa-original-research-reactors-2020	Research reactors in Africa,2020edition	https://www.iaea.org/sites/default/files/20/07/research-reactors-in-africa-2020.pdf	a3af0a5970f894ae9fa31ec5b93b0ffac159d22313e5640614fe3ba7e0588b69	native_original_pdf	2020	2026-10-04	Native PDF11-12 / printed7-8, ETRR2 productsservices and educationtraining sections	Actual described ETRR2 capabilities and uses in2020edition. Separate projected expansions are excluded. Purpose does not establish original operator licence or corroborate misdated1992commissioning claim.	Private original source inspection only; no redistribution or training grant inferred		explicit original named-reactor facility use and service descriptions	"[{""source_id"":""iaea-original-tecdoc1748-national-decommissioning-papers"",""original_url"":""https://www-pub.iaea.org/MTCD/publications/PDF/TE-1748_web.pdf"",""sha256"":""75c5f56f5a4f480cbc6fc3f01ce0eed53c9908849a3daf742cb4033dd04374cc"",""admissibility"":""Original contextual corroboration only; event, role and unit scopes not expanded."",""locator"":""Native PDF69 / printed60, ETRRII paper objectives:radioisotopes,training,R&D.""}]"
wikidata-q18208218	first_criticality	1997-11	selected	iaea-research-reactor-status-pub1201	IAEA Status of the Decommissioning of Nuclear Facilities around the World Pub1201	https://www-pub.iaea.org/MTCD/Publications/PDF/Pub1201_web.pdf	beef788ca543861294d7e91ba29156d3ea630ed19eef763f26663e34082e85a2	native_original_pdf	2004-08	2026-10-03	PDF70 / annex printed5; Egypt / ETRR-2 (INSAS), Date of Criticality column	Named pool22000kW unit; no November29 day inferred.	Private source inspection; publisher rights retained; no redistribution grant inferred	month	explicit named inventory criticality row	
wikidata-q65083710	first_criticality	1962-03-27	selected	vtt-fir1-decommissioning-history-2022	VTT-R-00090-22 FiR1 decommissioning experience and early history	https://publications.vtt.fi/julkaisut/muut/2022/VTT-R-00090-22.pdf	70e9c0a6314193623543aa63f6f38dce35ac083b2d3053b581b093a744855a5b	native_original_pdf	2022-01-31	2026-10-03	PDF7 / printed5 section1.1 Early history	VTT explicitly separates first criticality27March1962 from ceremonial start31August1962.	Private original-source inspection; publisher rights retained; no redistribution grant inferred	day	explicit original operator historical first-criticality statement	
wikidata-q16010268	operator	Commissariat à l'énergie atomique (CEA)	held	cea-neutronics-original-history-2015	CEA neutronique 2015 historical critical mockups	https://www.cea.fr/multimedia/Documents/publications/monographie-nucleaire/CEA_Monographie4_Neutronique_2015_Fr.pdf	4af3dfc5e97c2f6d092547ef432891dee8511682e689ce5f90ae0cd1f792ade0	native_original_pdf	2015	2026-10-04	Native PDF16 / printed16, Introduction Georges Vendryes and named critical-mockup list	ALIZE is explicitly named among mockups constructed and operated on CEA sites. Historical CEA programme/site association is supported, but the inspected collective sentence does not explicitly identify a unit-level operating/licensed institution. Keep the proposed institution held rather than infer role from publisher/site alone.	Private inspection; native PDF2 reproduction requires editorial agreement and attribution; no agreement or redistribution grant obtained.		named historical constructed-and-operated site association; exact institutional operator unproven	
wikidata-q16010268	purpose	naval nuclear-propulsion reactor development	selected	asnr-research-reactors-chapter5	IRSN research-reactor safety book chapter hosted by ASNR	https://recherche-expertise.asnr.fr/sites/default/files/documents/larecherche/publications-documentation/collection-ouvrages-irsn/RR-ReacteursRecherche_web-NB-Chapitre-5.pdf	b76fddf0ff31a346ea45129d82d77088f20a5611d9c6b5bc9cef07bda1ee0144	native_original_pdf		2026-10-03	Physical page4 / printed78, AQUILON and ALIZE naval-reactor paragraph	Historical stated experimental purpose; no current operation or specific naval core design inferred.	Private source inspection; original publisher rights retained; no redistribution grant inferred		Individually inspected original source assertion; role/event scope retained.	
wikidata-q16010268	first_criticality	1959	held	cea-research-reactors-2012-en	CEA research-reactor monograph 2012	https://www.cea.fr/english/Documents/scientific-and-economic-publications/nuclear-energy-monographs/CEA_Monograph9_Research-nuclear-reactor_2012_GB.pdf	71aff9bb852fa465a1a7a4d908abf09492cedd1206d490767c5272150a56606c	native_original_pdf	2012	2026-10-03	PDF/printed40 Table8, ALIZÉE / Saclay / light-water criticality tests, Divergence column	Name Alizé/ALIZÉE identifies historical Saclay critical experiment; year only. Sole known-error table assertion retained pending another original; not admitted.	Private source inspection; original publisher rights retained; no redistribution grant inferred	year	publisher table transcription pending corroboration	
wikidata-q16040210	operator	Commissariat à l'énergie atomique (CEA)	held	cea-neutronics-original-history-2015	CEA neutronique 2015 historical critical mockups	https://www.cea.fr/multimedia/Documents/publications/monographie-nucleaire/CEA_Monographie4_Neutronique_2015_Fr.pdf	4af3dfc5e97c2f6d092547ef432891dee8511682e689ce5f90ae0cd1f792ade0	native_original_pdf	2015	2026-10-04	Native PDF16 / printed16, Introduction Georges Vendryes and named critical-mockup list	AQUILON is explicitly named among mockups constructed and operated on CEA sites. Historical CEA programme/site association is supported, but the inspected collective sentence does not explicitly identify a unit-level operating/licensed institution. Keep the proposed institution held rather than infer role from publisher/site alone.	Private inspection; native PDF2 reproduction requires editorial agreement and attribution; no agreement or redistribution grant obtained.		named historical constructed-and-operated site association; exact institutional operator unproven	
wikidata-q16040210	purpose	natural-uranium reactor nuclear-data studies|naval nuclear-propulsion reactor development	selected	asnr-research-reactors-chapter5	IRSN research-reactor safety book chapter hosted by ASNR	https://recherche-expertise.asnr.fr/sites/default/files/documents/larecherche/publications-documentation/collection-ouvrages-irsn/RR-ReacteursRecherche_web-NB-Chapitre-5.pdf	b76fddf0ff31a346ea45129d82d77088f20a5611d9c6b5bc9cef07bda1ee0144	native_original_pdf		2026-10-03	Physical page4 / printed78, natural-uranium nuclear-data and AQUILON paragraphs	Separate early nuclear-data objective and later naval-development role explicitly named.	Private source inspection; original publisher rights retained; no redistribution grant inferred		Individually inspected original source assertion; role/event scope retained.	
wikidata-q16040210	first_criticality	1956-08-11	held	cea-research-reactors-2012-en	CEA research-reactor monograph 2012	https://www.cea.fr/english/Documents/scientific-and-economic-publications/nuclear-energy-monographs/CEA_Monograph9_Research-nuclear-reactor_2012_GB.pdf	71aff9bb852fa465a1a7a4d908abf09492cedd1206d490767c5272150a56606c	native_original_pdf	2012	2026-10-03	PDF/printed40 Table8, AQUILON / Saclay / heavy-water critical mockup, Divergence column	Publisher divergence date is reported day precision; operator role remains unresolved. Sole known-error table assertion retained pending another original; not admitted.	Private source inspection; original publisher rights retained; no redistribution grant inferred	day	publisher table transcription pending corroboration	
wikidata-q16040219	operator	Commissariat à l’énergie atomique et aux énergies alternatives (CEA)	selected	asnr-cabri-facility	ASNR official CABRI facility description	https://recherche-expertise.asnr.fr/recherche/reacteur-recherche-cabri	c2e634a411d71ad9ee030c8fc8d4c3e31f51392807faf65d3b4400d7ee69fba4	native_original_html		2026-10-03	Opening facility description, INB24 operated by CEA	ASNR facility page directly states licensed facility operator; ASNR funding/experiment role is separate.	Private source inspection; original publisher rights retained; no redistribution grant inferred		Individually inspected original source assertion; role/event scope retained.	
wikidata-q16040219	purpose	reactor-safety research|fuel-rod and cladding behavior during reactivity-injection accidents	selected	asnr-cabri-facility	ASNR official CABRI facility description	https://recherche-expertise.asnr.fr/recherche/reacteur-recherche-cabri	c2e634a411d71ad9ee030c8fc8d4c3e31f51392807faf65d3b4400d7ee69fba4	native_original_html		2026-10-03	Opening description and current-configuration paragraphs	Current stated CABRI purpose; historical fast-reactor sodium-loop use separately described in chapter5.	Private source inspection; original publisher rights retained; no redistribution grant inferred		Individually inspected original source assertion; role/event scope retained.	
wikidata-q16040219	first_criticality	1963-12	selected	asnr-research-reactors-chapter5	IRSN research-reactor safety book chapter hosted by ASNR	https://recherche-expertise.asnr.fr/sites/default/files/documents/larecherche/publications-documentation/collection-ouvrages-irsn/RR-ReacteursRecherche_web-NB-Chapitre-5.pdf	b76fddf0ff31a346ea45129d82d77088f20a5611d9c6b5bc9cef07bda1ee0144	native_original_pdf		2026-10-03	PDF page 6 / printed page 80, CABRI first-divergence paragraph	Explicit first divergence in December 1963; conflicts with CEA 2012 June 1963. Preserve month precision and contradiction; do not invent 24 December from secondary sources.	Private source inspection; original publisher rights retained; no redistribution grant inferred	month	Individually inspected original source assertion; role/event scope retained.	
wikidata-q30737822	purpose	naval nuclear-propulsion prototype studies	selected	cea-propulsion-history-2025	CEA propulsion history published 2025-07-07	https://www.cea.fr/Pages/actualites/defense/propulsion-nucleaire-atout-France.aspx	dfb253bd45ec357bd49542f9522519dfd4831131a5c96988369a2b6a29ad903e	native_original_html		2026-10-03	1974 CAP chronology row	Prototype for Rubis nuclear attack submarine programme.	Private source inspection; original publisher rights retained; no redistribution grant inferred		Individually inspected original source assertion; role/event scope retained.	
wikidata-q30737822	first_criticality	1974	selected	cea-propulsion-history-2025	CEA propulsion history published 2025-07-07	https://www.cea.fr/Pages/actualites/defense/propulsion-nucleaire-atout-France.aspx	dfb253bd45ec357bd49542f9522519dfd4831131a5c96988369a2b6a29ad903e	native_original_html		2026-10-03	Propulsion chronology, 1974 CAP divergence row	CAP named configuration, year precision; 2012 combined CAP/RNG date 1975-11-24 is not applicable to both units.	Private source inspection; original publisher rights retained; no redistribution grant inferred	year	Individually inspected original source assertion; role/event scope retained.	
wikidata-q16040227	operator	Commissariat à l'énergie atomique (CEA)	held	cea-neutronics-original-history-2015	CEA neutronique 2015 historical critical mockups	https://www.cea.fr/multimedia/Documents/publications/monographie-nucleaire/CEA_Monographie4_Neutronique_2015_Fr.pdf	4af3dfc5e97c2f6d092547ef432891dee8511682e689ce5f90ae0cd1f792ade0	native_original_pdf	2015	2026-10-04	Native PDF16 / printed16, Introduction Georges Vendryes and named critical-mockup list	CESAR is explicitly named among mockups constructed and operated on CEA sites. Historical CEA programme/site association is supported, but the inspected collective sentence does not explicitly identify a unit-level operating/licensed institution. Keep the proposed institution held rather than infer role from publisher/site alone.	Private inspection; native PDF2 reproduction requires editorial agreement and attribution; no agreement or redistribution grant obtained.		named historical constructed-and-operated site association; exact institutional operator unproven	
wikidata-q16040227	purpose	graphite-moderated reactor lattice studies|reactor temperature-coefficient and irradiated-fuel measurements	selected	cea-research-reactors-2012-fr	CEA research-reactor monograph 2012	https://www.cea.fr/multimedia/Documents/publications/monographie-nucleaire/CEA_Monographie9_Reacteurs-nucleaires-experimentaux_2012_Fr.pdf	552da6332a943902ce69053a343064528d421406e8688c2a782004aa8a24779e	native_original_pdf		2026-10-03	Physical/printed35, dedicated CESAR paragraph	Initial CESAR UNGG role; later CESAR II HTR configuration not collapsed into a birth event.	Private source inspection; original publisher rights retained; no redistribution grant inferred		Individually inspected original source assertion; role/event scope retained.	
wikidata-q16040227	first_criticality	1964-12	selected	iaea-research-reactor-status-pub1201	IAEA Status of the Decommissioning of Nuclear Facilities around the World Pub1201	https://www-pub.iaea.org/MTCD/Publications/PDF/Pub1201_web.pdf	beef788ca543861294d7e91ba29156d3ea630ed19eef763f26663e34082e85a2	native_original_pdf	2004-08	2026-10-03	PDF70 / annex printed5; France Cesar, Date of Criticality; CEA2012Table8 corroboration	IAEA2004 Cesar December1964 corroborates month, not independent day proof. Preserve only mutually supported precision; CEA exact day remains a separately qualified assertion.	Private source inspection; publisher rights retained; no redistribution grant inferred	month	two original publisher assertions; common precision	"[{""source_id"":""cea-research-reactors-2012-en"",""original_url"":""https://www.cea.fr/english/Documents/scientific-and-economic-publications/nuclear-energy-monographs/CEA_Monograph9_Research-nuclear-reactor_2012_GB.pdf"",""sha256"":""71aff9bb852fa465a1a7a4d908abf09492cedd1206d490767c5272150a56606c"",""locator"":""PDF/printed40 Table8; named reactor Divergence column"",""admissibility"":""Original table assertion; day not admitted; proven other table errors prevent blanket approval"",""reported_value"":""1964-12-01""}]"
wikidata-q16040230	operator		held	cea-original-research-reactor-monograph-2012	CEA authored Research Nuclear Reactors monograph 2012	https://www.cea.fr/english/Documents/scientific-and-economic-publications/nuclear-energy-monographs/CEA_Monograph9_Research-nuclear-reactor_2012_GB.pdf	71aff9bb852fa465a1a7a4d908abf09492cedd1206d490767c5272150a56606c	native_original_pdf	2012	2026-10-04	Native PDF34 / printed34 historical heavy-water reactors and native PDF40 historical table	The original CEA monograph names EL2 at Saclay and its historical experiments. A CEA publication/site association alone does not expressly identify its unit-level operating institution.	Private inspection only; CEA Saclay and Groupe Moniteur2012; reproduction subject to Editorial Board agreement and source acknowledgement; no redistribution grant inferred		Named-unit historical association inspected; operating role not borrowed from publisher, site or adjacent reactor	
wikidata-q16040230	purpose	radioisotope production|structural-material irradiation research	selected	asnr-research-reactors-chapter5	IRSN research-reactor safety book chapter hosted by ASNR	https://recherche-expertise.asnr.fr/sites/default/files/documents/larecherche/publications-documentation/collection-ouvrages-irsn/RR-ReacteursRecherche_web-NB-Chapitre-5.pdf	b76fddf0ff31a346ea45129d82d77088f20a5611d9c6b5bc9cef07bda1ee0144	native_original_pdf		2026-10-03	Physical pages4-5 / printed78-79, EL2 and EL3 paragraph	Source explicitly attributes both objectives to named EL2 and EL3; only original EL2 identity is enriched.	Private source inspection; original publisher rights retained; no redistribution grant inferred		Individually inspected original source assertion; role/event scope retained.	
wikidata-q16040230	first_criticality	1952	selected	iaea-research-reactor-status-pub1201	IAEA Status of the Decommissioning of Nuclear Facilities around the World Pub1201	https://www-pub.iaea.org/MTCD/Publications/PDF/Pub1201_web.pdf	beef788ca543861294d7e91ba29156d3ea630ed19eef763f26663e34082e85a2	native_original_pdf	2004-08	2026-10-03	PDF70 / annex printed5; France El-2, Date of Criticality; CEA2012Table8 corroboration	Monograph prose and table identify EL2; reported divergence, not an opening ceremony. Preserve only mutually supported precision; CEA exact day remains a separately qualified assertion.	Private source inspection; publisher rights retained; no redistribution grant inferred	year	two original publisher assertions; common precision	"[{""source_id"":""cea-research-reactors-2012-en"",""original_url"":""https://www.cea.fr/english/Documents/scientific-and-economic-publications/nuclear-energy-monographs/CEA_Monograph9_Research-nuclear-reactor_2012_GB.pdf"",""sha256"":""71aff9bb852fa465a1a7a4d908abf09492cedd1206d490767c5272150a56606c"",""locator"":""PDF/printed40 Table8; named reactor Divergence column"",""admissibility"":""Original table assertion; day not admitted; proven other table errors prevent blanket approval"",""reported_value"":""1952-10-27""}]"
wikidata-q16040238	operator	Commissariat à l’énergie atomique et aux énergies alternatives (CEA)	selected	asn-inb-list-2022	ASN official basic nuclear installation list at31May2022	https://reglementation-controle.asnr.fr/content/download/183774/file/CODEP-CLG-2022-026838.pdf	2a16cf88e64f414a85ecb60c0ebf5752be657619f149ec943438a5b9f71309b3	native_original_pdf		2026-10-03	Original PDF physical page6, dated31May2022, Exploitant column of row42 ÉOLE	Registered operator of shutdown installation asof31May2022; not an assertion of original1965 or current2026 licence.	Private original-source inspection; publisher/author rights retained, no bulk body redistribution grant inferred		Individually inspected original source assertion; role/event scope retained.	
wikidata-q16040238	purpose	reactor-core neutronics|reactivity-feedback measurements|neutronic-model validation	selected	asnr-research-reactors-chapter5	IRSN research-reactor safety book chapter hosted by ASNR	https://recherche-expertise.asnr.fr/sites/default/files/documents/larecherche/publications-documentation/collection-ouvrages-irsn/RR-ReacteursRecherche_web-NB-Chapitre-5.pdf	b76fddf0ff31a346ea45129d82d77088f20a5611d9c6b5bc9cef07bda1ee0144	native_original_pdf		2026-10-03	Physical page10 / printed84, dedicated EOLE paragraph	Explicit core-configuration experiments, Doppler/moderator feedback and RJH modelling-tool qualification.	Private source inspection; original publisher rights retained; no redistribution grant inferred		Individually inspected original source assertion; role/event scope retained.	
wikidata-q16040238	first_criticality	1965	selected	irsn-eole-minerve-safety-review-2011	IRSN28September2011 EOLE/MINERVE second safety-review synthesis	https://recherche-expertise.asnr.fr/sites/default/files/documents/expertise/rapports_gp/IRSN_Synthese-Rapport-Eole-Minerve_28112011.pdf	04af13c1f89537229e07d54cc992b1b6c211de6b2dbf92ea96dd938802653d74	native_original_pdf		2026-10-03	Physical/printed6, named EOLE paragraph explicitly says premiere divergence1965	Year precision from regulator-expert primary report; finer December2 inherited table date remains unconfirmed.	Private original-source inspection; publisher/author rights retained, no bulk body redistribution grant inferred	year	Individually inspected original source assertion; role/event scope retained.	
wikidata-q1438120	operator	Commissariat à l’énergie atomique et aux énergies alternatives (CEA)	selected	asn-inb-list-2022	ASN official basic nuclear installation list at31May2022	https://reglementation-controle.asnr.fr/content/download/183774/file/CODEP-CLG-2022-026838.pdf	2a16cf88e64f414a85ecb60c0ebf5752be657619f149ec943438a5b9f71309b3	native_original_pdf		2026-10-03	Original PDF physical page14, dated31May2022, Exploitant column of row92 PHEBUS	Registered operator of shutdown Cadarache PHEBUS asof31May2022; no active2022 reactor operation inferred.	Private original-source inspection; publisher/author rights retained, no bulk body redistribution grant inferred		Individually inspected original source assertion; role/event scope retained.	
wikidata-q1438120	purpose	pressurized-water-reactor cooling-accident research	selected	asnr-research-reactors-chapter5	IRSN research-reactor safety book chapter hosted by ASNR	https://recherche-expertise.asnr.fr/sites/default/files/documents/larecherche/publications-documentation/collection-ouvrages-irsn/RR-ReacteursRecherche_web-NB-Chapitre-5.pdf	b76fddf0ff31a346ea45129d82d77088f20a5611d9c6b5bc9cef07bda1ee0144	native_original_pdf		2026-10-03	Physical page8 / printed82, dedicated PHEBUS paragraph	Named Cadarache PHEBUS initial accident-research objective; commissioning year is not used as first criticality.	Private source inspection; original publisher rights retained; no redistribution grant inferred		Individually inspected original source assertion; role/event scope retained.	
wikidata-q1438120	first_criticality	1978-08	selected	iaea-research-reactor-status-pub1201	IAEA Status of the Decommissioning of Nuclear Facilities around the World Pub1201	https://www-pub.iaea.org/MTCD/Publications/PDF/Pub1201_web.pdf	beef788ca543861294d7e91ba29156d3ea630ed19eef763f26663e34082e85a2	native_original_pdf	2004-08	2026-10-03	PDF70 / annex printed5; France Phebus, Date of Criticality; CEA2012Table8 corroboration	IAEA2004 Phebus August1978 corroborates month; do not merge with CABRI. Preserve only mutually supported precision; CEA exact day remains a separately qualified assertion.	Private source inspection; publisher rights retained; no redistribution grant inferred	month	two original publisher assertions; common precision	"[{""source_id"":""cea-research-reactors-2012-en"",""original_url"":""https://www.cea.fr/english/Documents/scientific-and-economic-publications/nuclear-energy-monographs/CEA_Monograph9_Research-nuclear-reactor_2012_GB.pdf"",""sha256"":""71aff9bb852fa465a1a7a4d908abf09492cedd1206d490767c5272150a56606c"",""locator"":""PDF/printed40 Table8; named reactor Divergence column"",""admissibility"":""Original table assertion; day not admitted; proven other table errors prevent blanket approval"",""reported_value"":""1978-08-09""}]"
wikidata-q16040240	operator	Commissariat à l’énergie atomique et aux énergies alternatives (CEA)	selected	asn-inb-list-2022	ASN official basic nuclear installation list at31May2022	https://reglementation-controle.asnr.fr/content/download/183774/file/CODEP-CLG-2022-026838.pdf	2a16cf88e64f414a85ecb60c0ebf5752be657619f149ec943438a5b9f71309b3	native_original_pdf		2026-10-03	Original PDF physical page40, dated31May2022, Exploitant column of row41 HARMONIE	Historical operator label in declassified-facility list;8June1965 creation permission not criticality.	Private original-source inspection; publisher/author rights retained, no bulk body redistribution grant inferred		Individually inspected original source assertion; role/event scope retained.	
wikidata-q16040240	purpose	neutronic characterization of radiation-shielding materials for fast reactors	selected	asnr-research-reactors-chapter5	IRSN research-reactor safety book chapter hosted by ASNR	https://recherche-expertise.asnr.fr/sites/default/files/documents/larecherche/publications-documentation/collection-ouvrages-irsn/RR-ReacteursRecherche_web-NB-Chapitre-5.pdf	b76fddf0ff31a346ea45129d82d77088f20a5611d9c6b5bc9cef07bda1ee0144	native_original_pdf		2026-10-03	Physical page5 / printed79, HARMONIE bullet	Historical named shielding-material experiments; no operational design parameters reproduced.	Private source inspection; original publisher rights retained; no redistribution grant inferred		Individually inspected original source assertion; role/event scope retained.	
wikidata-q16040240	first_criticality	1965	selected	asnr-research-reactors-chapter5	IRSN research-reactor safety book chapter hosted by ASNR	https://recherche-expertise.asnr.fr/sites/default/files/documents/larecherche/publications-documentation/collection-ouvrages-irsn/RR-ReacteursRecherche_web-NB-Chapitre-5.pdf	b76fddf0ff31a346ea45129d82d77088f20a5611d9c6b5bc9cef07bda1ee0144	native_original_pdf		2026-10-03	Physical page5 / printed79, HARMONIE bullet explicitly says premiere divergence1965	Year precision from explicit narrative; finer August table precision remains unconfirmed.	Private source inspection; original publisher rights retained; no redistribution grant inferred	year	Individually inspected original source assertion; role/event scope retained.	
wikidata-q109040598	operator	Commissariat à l’énergie atomique et aux énergies alternatives (CEA)	selected	asn-inb-list-2022	ASN official basic nuclear installation list at31May2022	https://reglementation-controle.asnr.fr/content/download/183774/file/CODEP-CLG-2022-026838.pdf	2a16cf88e64f414a85ecb60c0ebf5752be657619f149ec943438a5b9f71309b3	native_original_pdf		2026-10-03	Original PDF physical page6, dated31May2022, Exploitant column of row40 OSIRIS-ISIS	Registered operator of explicitly named combined OSIRIS-ISIS installation asof31May2022; shared operator does not collapse independent reactor configurations or dates.	Private original-source inspection; publisher/author rights retained, no bulk body redistribution grant inferred		Individually inspected original source assertion; role/event scope retained.	
wikidata-q109040598	purpose	OSIRIS core-configuration validation|nuclear-engineering education and operator training	selected	asnr-research-reactors-chapter5	IRSN research-reactor safety book chapter hosted by ASNR	https://recherche-expertise.asnr.fr/sites/default/files/documents/larecherche/publications-documentation/collection-ouvrages-irsn/RR-ReacteursRecherche_web-NB-Chapitre-5.pdf	b76fddf0ff31a346ea45129d82d77088f20a5611d9c6b5bc9cef07bda1ee0144	native_original_pdf		2026-10-03	Physical pages6 and12 / printed80 and86, ISIS companion and dedicated training paragraphs	Original OSIRIS mock-up role and post-2004-2006 renovation teaching role retained as distinct historical phases; no claim of current operation.	Private source inspection; original publisher rights retained; no redistribution grant inferred		Individually inspected original source assertion; role/event scope retained.	
wikidata-q109040598	first_criticality	1966-04	selected	iaea-research-reactor-status-pub1201	IAEA Status of the Decommissioning of Nuclear Facilities around the World Pub1201	https://www-pub.iaea.org/MTCD/Publications/PDF/Pub1201_web.pdf	beef788ca543861294d7e91ba29156d3ea630ed19eef763f26663e34082e85a2	native_original_pdf	2004-08	2026-10-03	PDF70 / annex printed5; France Isis, Date of Criticality; CEA2012Table8 corroboration	IAEA2004 Isis April1966 corroborates month; distinguish OSIRIS. Preserve only mutually supported precision; CEA exact day remains a separately qualified assertion.	Private source inspection; publisher rights retained; no redistribution grant inferred	month	two original publisher assertions; common precision	"[{""source_id"":""cea-research-reactors-2012-en"",""original_url"":""https://www.cea.fr/english/Documents/scientific-and-economic-publications/nuclear-energy-monographs/CEA_Monograph9_Research-nuclear-reactor_2012_GB.pdf"",""sha256"":""71aff9bb852fa465a1a7a4d908abf09492cedd1206d490767c5272150a56606c"",""locator"":""PDF/printed40 Table8; named reactor Divergence column"",""admissibility"":""Original table assertion; day not admitted; proven other table errors prevent blanket approval"",""reported_value"":""1966-04-28""}]"
wikidata-q6305890	operator	Commissariat à l’énergie atomique et aux énergies alternatives (CEA)	selected	asn-inb-list-2022	ASN official basic nuclear installation list at31May2022	https://reglementation-controle.asnr.fr/content/download/183774/file/CODEP-CLG-2022-026838.pdf	2a16cf88e64f414a85ecb60c0ebf5752be657619f149ec943438a5b9f71309b3	native_original_pdf		2026-10-03	Original PDF physical page33, dated31May2022, Exploitant column of row172 REACTEUR JULES HOROWITZ (RJH)	Registered operator/licensee for installation under construction asof31May2022; no completed commissioning or current2026 operational status inferred.	Private original-source inspection; publisher/author rights retained, no bulk body redistribution grant inferred		Individually inspected original source assertion; role/event scope retained.	
wikidata-q6305890	purpose	planned fuel and materials irradiation research|planned medical radioisotope production	selected	asnr-research-reactors-chapter5	IRSN research-reactor safety book chapter hosted by ASNR	https://recherche-expertise.asnr.fr/sites/default/files/documents/larecherche/publications-documentation/collection-ouvrages-irsn/RR-ReacteursRecherche_web-NB-Chapitre-5.pdf	b76fddf0ff31a346ea45129d82d77088f20a5611d9c6b5bc9cef07bda1ee0144	native_original_pdf		2026-10-03	Physical pages15-16 / printed89-90, dedicated RJH objectives	Design objectives as described in2019 publication; planned purpose is explicit, no completed commissioning/current2026 operation inferred.	Private source inspection; original publisher rights retained; no redistribution grant inferred		Individually inspected original source assertion; role/event scope retained.	
wikidata-q6305890	first_criticality		planned	iaea-research-reactor-status-pub1201	IAEA Status of the Decommissioning of Nuclear Facilities around the World Pub1201	https://www-pub.iaea.org/MTCD/Publications/PDF/Pub1201_web.pdf	beef788ca543861294d7e91ba29156d3ea630ed19eef763f26663e34082e85a2	native_original_pdf	2004-08	2026-10-03	Individual source applicability review; no scalar event or operator value admitted.	IAEA2004JHR2008 andCEA2012JHR2016 rows explicitly under construction; projected dates cannot be actual first-criticality events.	Private source inspection; publisher rights retained; no redistribution grant inferred		historical_planned_dates_excluded	
wikidata-q16040221	operator	Commissariat à l'énergie atomique (CEA)	held	cea-neutronics-original-history-2015	CEA neutronique 2015 historical critical mockups	https://www.cea.fr/multimedia/Documents/publications/monographie-nucleaire/CEA_Monographie4_Neutronique_2015_Fr.pdf	4af3dfc5e97c2f6d092547ef432891dee8511682e689ce5f90ae0cd1f792ade0	native_original_pdf	2015	2026-10-04	Native PDF16 / printed16, Introduction Georges Vendryes and named critical-mockup list	MARIUS is explicitly named among mockups constructed and operated on CEA sites. Historical CEA programme/site association is supported, but the inspected collective sentence does not explicitly identify a unit-level operating/licensed institution. Keep the proposed institution held rather than infer role from publisher/site alone.	Private inspection; native PDF2 reproduction requires editorial agreement and attribution; no agreement or redistribution grant obtained.		named historical constructed-and-operated site association; exact institutional operator unproven	
wikidata-q16040221	purpose	graphite-moderated reactor-core neutronics|UNGG lattice and component qualification	selected	cea-research-reactors-2012-fr	CEA research-reactor monograph 2012	https://www.cea.fr/multimedia/Documents/publications/monographie-nucleaire/CEA_Monographie9_Reacteurs-nucleaires-experimentaux_2012_Fr.pdf	552da6332a943902ce69053a343064528d421406e8688c2a782004aa8a24779e	native_original_pdf		2026-10-03	Physical/printed35, dedicated MARIUS paragraph	Original Marcoule/Cadarache reactor research functions; transfer dates are separate from initial criticality.	Private source inspection; original publisher rights retained; no redistribution grant inferred		Individually inspected original source assertion; role/event scope retained.	
wikidata-q16040221	first_criticality	1960-01	selected	iaea-research-reactor-status-pub1201	IAEA Status of the Decommissioning of Nuclear Facilities around the World Pub1201	https://www-pub.iaea.org/MTCD/Publications/PDF/Pub1201_web.pdf	beef788ca543861294d7e91ba29156d3ea630ed19eef763f26663e34082e85a2	native_original_pdf	2004-08	2026-10-03	PDF70 / annex printed5; France Marius, Date of Criticality; CEA2012Table8 corroboration	First event predates later relocation; month only. Preserve only mutually supported precision; CEA exact day remains a separately qualified assertion.	Private source inspection; publisher rights retained; no redistribution grant inferred	month	two original publisher assertions; common precision	"[{""source_id"":""cea-research-reactors-2012-en"",""original_url"":""https://www.cea.fr/english/Documents/scientific-and-economic-publications/nuclear-energy-monographs/CEA_Monograph9_Research-nuclear-reactor_2012_GB.pdf"",""sha256"":""71aff9bb852fa465a1a7a4d908abf09492cedd1206d490767c5272150a56606c"",""locator"":""PDF/printed40 Table8; named reactor Divergence column"",""admissibility"":""Original table assertion; day not admitted; proven other table errors prevent blanket approval"",""reported_value"":""1960-01""}]"
wikidata-q16040244	operator	Commissariat à l’énergie atomique et aux énergies alternatives (CEA)	selected	asn-inb-list-2022	ASN official basic nuclear installation list at31May2022	https://reglementation-controle.asnr.fr/content/download/183774/file/CODEP-CLG-2022-026838.pdf	2a16cf88e64f414a85ecb60c0ebf5752be657619f149ec943438a5b9f71309b3	native_original_pdf		2026-10-03	Original PDF physical page5, dated31May2022, Exploitant column of row39 MASURCA	Registered operator of shutdown installation asof31May2022;14December1966 Authorisee le is permission, not a first-criticality cell.	Private original-source inspection; publisher/author rights retained, no bulk body redistribution grant inferred		Individually inspected original source assertion; role/event scope retained.	
wikidata-q16040244	purpose	fast-reactor core neutronics|nuclear-data and neutron-transport-code validation	selected	cea-research-reactors-2012-fr	CEA research-reactor monograph 2012	https://www.cea.fr/multimedia/Documents/publications/monographie-nucleaire/CEA_Monographie9_Reacteurs-nucleaires-experimentaux_2012_Fr.pdf	552da6332a943902ce69053a343064528d421406e8688c2a782004aa8a24779e	native_original_pdf		2026-10-03	Physical/printed55, dedicated MASURCA objectives section	Original author describes experimental zero-power cores and calculation/library validation, not inferred from grouped table.	Private source inspection; original publisher rights retained; no redistribution grant inferred		Individually inspected original source assertion; role/event scope retained.	
wikidata-q16040244	first_criticality	1966-12-14	selected	cea-research-reactors-2012-fr	CEA research-reactor monograph 2012	https://www.cea.fr/multimedia/Documents/publications/monographie-nucleaire/CEA_Monographie9_Reacteurs-nucleaires-experimentaux_2012_Fr.pdf	552da6332a943902ce69053a343064528d421406e8688c2a782004aa8a24779e	native_original_pdf		2026-10-03	Physical/printed55, dedicated MASURCA chapter opening explicitly gives first divergence14December1966	Dedicated author statement, not authorisation column. CEA2011 ECS physical8 and2017 report56 corroborate1966-12 only; they separately identify14December as the authorisation date and do not independently confirm the criticality day.	Private source inspection; original publisher rights retained; no redistribution grant inferred	day	Individually inspected original source assertion; role/event scope retained.	
wikidata-q16040246	operator	Commissariat à l’énergie atomique et aux énergies alternatives (CEA)	selected	asn-inb-list-2022	ASN official basic nuclear installation list at31May2022	https://reglementation-controle.asnr.fr/content/download/183774/file/CODEP-CLG-2022-026838.pdf	2a16cf88e64f414a85ecb60c0ebf5752be657619f149ec943438a5b9f71309b3	native_original_pdf		2026-10-03	Original PDF physical page15, dated31May2022, Exploitant column of row95 MINERVE	Registered operator of shutdown Cadarache installation asof31May2022; original1959 Fontenay identity and1977 relocation remain distinct.	Private original-source inspection; publisher/author rights retained, no bulk body redistribution grant inferred		Individually inspected original source assertion; role/event scope retained.	
wikidata-q16040246	purpose	material neutron-property characterization|reactor-core physics|nuclear-engineering education	selected	asnr-research-reactors-chapter5	IRSN research-reactor safety book chapter hosted by ASNR	https://recherche-expertise.asnr.fr/sites/default/files/documents/larecherche/publications-documentation/collection-ouvrages-irsn/RR-ReacteursRecherche_web-NB-Chapitre-5.pdf	b76fddf0ff31a346ea45129d82d77088f20a5611d9c6b5bc9cef07bda1ee0144	native_original_pdf		2026-10-03	Physical pages8-9 and12 / printed82-83 and86, MINERVE paragraphs and teaching row	Dedicated material/core purpose plus explicit teaching use; original Fontenay and later Cadarache phases not flattened into one date.	Private source inspection; original publisher rights retained; no redistribution grant inferred		Individually inspected original source assertion; role/event scope retained.	
wikidata-q16040246	first_criticality	1959	selected	irsn-eole-minerve-safety-review-2011	IRSN28September2011 EOLE/MINERVE second safety-review synthesis	https://recherche-expertise.asnr.fr/sites/default/files/documents/expertise/rapports_gp/IRSN_Synthese-Rapport-Eole-Minerve_28112011.pdf	04af13c1f89537229e07d54cc992b1b6c211de6b2dbf92ea96dd938802653d74	native_original_pdf		2026-10-03	Physical/printed7, named MINERVE first-divergence paragraph	Explicit initial1959 Fontenay event, followed by1977 Cadarache event after relocation. The finer1959-09-29 inherited table date is unconfirmed.	Private original-source inspection; publisher/author rights retained, no bulk body redistribution grant inferred	year	Individually inspected original source assertion; role/event scope retained.	
wikidata-q15968505	operator	Commissariat à l’énergie atomique et aux énergies alternatives (CEA)	selected	asn-inb-list-2022	ASN official basic nuclear installation list at31May2022	https://reglementation-controle.asnr.fr/content/download/183774/file/CODEP-CLG-2022-026838.pdf	2a16cf88e64f414a85ecb60c0ebf5752be657619f149ec943438a5b9f71309b3	native_original_pdf		2026-10-03	Original PDF physical page40, dated31May2022, Exploitant column of row19 MELUSINE	Historical operator label in declassified-facility list; no claim reactor or institution licence was active in2022.	Private original-source inspection; publisher/author rights retained, no bulk body redistribution grant inferred		Individually inspected original source assertion; role/event scope retained.	
wikidata-q15968505	purpose	material irradiation and radiation-damage research	selected	cea-research-reactors-2012-fr	CEA research-reactor monograph 2012	https://www.cea.fr/multimedia/Documents/publications/monographie-nucleaire/CEA_Monographie9_Reacteurs-nucleaires-experimentaux_2012_Fr.pdf	552da6332a943902ce69053a343064528d421406e8688c2a782004aa8a24779e	native_original_pdf		2026-10-03	Physical/printed36, material-testing-reactor paragraph naming MELUSINE and TRITON	Historical compact pool MTRs introduced for material-irradiation needs; no commissioning date inferred.	Private source inspection; original publisher rights retained; no redistribution grant inferred		Individually inspected original source assertion; role/event scope retained.	
wikidata-q15968505	first_criticality	1958-07	held	cea-research-reactors-2012-en	CEA research-reactor monograph 2012	https://www.cea.fr/english/Documents/scientific-and-economic-publications/nuclear-energy-monographs/CEA_Monograph9_Research-nuclear-reactor_2012_GB.pdf	71aff9bb852fa465a1a7a4d908abf09492cedd1206d490767c5272150a56606c	native_original_pdf	2012	2026-10-03	PDF/printed40 Table8, MÉLUSINE / Grenoble / pool irradiation reactor, Divergence column	CEAJuly1,1958 and IAEAJuly1958 are source assertions; contemporary actual-event chronology requires review because table has proven errors elsewhere. Sole known-error table assertion retained pending another original; not admitted.	Private source inspection; original publisher rights retained; no redistribution grant inferred	month	publisher table transcription pending corroboration	
wikidata-q16040248	operator	Commissariat à l’énergie atomique et aux énergies alternatives (CEA)	selected	asnr-research-reactors-chapter5	IRSN research-reactor safety book chapter hosted by ASNR	https://recherche-expertise.asnr.fr/sites/default/files/documents/larecherche/publications-documentation/collection-ouvrages-irsn/RR-ReacteursRecherche_web-NB-Chapitre-5.pdf	b76fddf0ff31a346ea45129d82d77088f20a5611d9c6b5bc9cef07bda1ee0144	native_original_pdf		2026-10-03	PDF page 20 / printed page 94, ORPHEE operator paragraph	Stated operator in historical book paragraph; not an assertion of operational status in October 2026.	Private source inspection; original publisher rights retained; no redistribution grant inferred		Individually inspected original source assertion; role/event scope retained.	
wikidata-q16040248	purpose	neutron-beam research on condensed matter	selected	asnr-research-reactors-chapter5	IRSN research-reactor safety book chapter hosted by ASNR	https://recherche-expertise.asnr.fr/sites/default/files/documents/larecherche/publications-documentation/collection-ouvrages-irsn/RR-ReacteursRecherche_web-NB-Chapitre-5.pdf	b76fddf0ff31a346ea45129d82d77088f20a5611d9c6b5bc9cef07bda1ee0144	native_original_pdf		2026-10-03	PDF page 20 / printed page 94, ORPHEE/RHF neutron research paragraphs	Stated beam-science purpose.	Private source inspection; original publisher rights retained; no redistribution grant inferred		Individually inspected original source assertion; role/event scope retained.	
wikidata-q16040248	first_criticality	1980-12-19	selected	cea-french-research-reactors-annual-report-2017	Club of French research-reactor operators2017 annual report hosted by CEA	https://www.cea.fr/cad/Documents/Activit%C3%A9s/Fission/RA2017-FR-BD.pdf	52d01b935301a4aa4d67d9e8feb6cc4e2e313608fc4a50fe81457eed3821e686	native_original_pdf		2026-10-03	Physical/printed12, dedicated ORPHEE presentation says built1976-1980 and diverged19December1980	Independent document from same operator source family explicitly binds construction-completion/start-up event; no independence across CEA editions claimed.	Private original-source inspection; publisher/author rights retained, no bulk body redistribution grant inferred	day	Individually inspected original source assertion; role/event scope retained.	
wikidata-q16040255	operator	Commissariat à l'énergie atomique (CEA)	held	cea-neutronics-original-history-2015	CEA neutronique 2015 historical critical mockups	https://www.cea.fr/multimedia/Documents/publications/monographie-nucleaire/CEA_Monographie4_Neutronique_2015_Fr.pdf	4af3dfc5e97c2f6d092547ef432891dee8511682e689ce5f90ae0cd1f792ade0	native_original_pdf	2015	2026-10-04	Native PDF16 / printed16, Introduction Georges Vendryes and named critical-mockup list	PROSERPINE is explicitly named among mockups constructed and operated on CEA sites. Historical CEA programme/site association is supported, but the inspected collective sentence does not explicitly identify a unit-level operating/licensed institution. Keep the proposed institution held rather than infer role from publisher/site alone.	Private inspection; native PDF2 reproduction requires editorial agreement and attribution; no agreement or redistribution grant obtained.		named historical constructed-and-operated site association; exact institutional operator unproven	
wikidata-q16040255	purpose	homogeneous-solution reactor studies|criticality-safety kinetics research	selected	cea-research-reactors-2012-fr	CEA research-reactor monograph 2012	https://www.cea.fr/multimedia/Documents/publications/monographie-nucleaire/CEA_Monographie9_Reacteurs-nucleaires-experimentaux_2012_Fr.pdf	552da6332a943902ce69053a343064528d421406e8688c2a782004aa8a24779e	native_original_pdf		2026-10-03	Physical/printed34, dedicated PROSERPINE paragraph	Explicit liquid-fuel reactor studies, kinetic parameters and criticality safety; generic editorial paraphrase only.	Private source inspection; original publisher rights retained; no redistribution grant inferred		Individually inspected original source assertion; role/event scope retained.	
wikidata-q16040255	first_criticality	1958-03	selected	cea-research-reactors-2012-fr	CEA research-reactor monograph 2012	https://www.cea.fr/multimedia/Documents/publications/monographie-nucleaire/CEA_Monographie9_Reacteurs-nucleaires-experimentaux_2012_Fr.pdf	552da6332a943902ce69053a343064528d421406e8688c2a782004aa8a24779e	native_original_pdf		2026-10-03	Physical/printed34, dedicated PROSERPINE initial experiments paragraph says diverge en mars1958	Initial-event narrative in founding-history context; month precision retained.	Private source inspection; original publisher rights retained; no redistribution grant inferred	month	Individually inspected original source assertion; role/event scope retained.	
wikidata-q16040258	purpose	naval nuclear-propulsion prototype development	selected	cea-propulsion-history-2025	CEA propulsion history published 2025-07-07	https://www.cea.fr/Pages/actualites/defense/propulsion-nucleaire-atout-France.aspx	dfb253bd45ec357bd49542f9522519dfd4831131a5c96988369a2b6a29ad903e	native_original_html		2026-10-03	1964 PAT chronology row	Land-based prototype; first-criticality day remains unconfirmed from table and known baseline operator retained.	Private source inspection; original publisher rights retained; no redistribution grant inferred		Individually inspected original source assertion; role/event scope retained.	
wikidata-q16040258	first_criticality	1964-08-14	held	cea-research-reactors-2012-en	CEA research-reactor monograph 2012	https://www.cea.fr/english/Documents/scientific-and-economic-publications/nuclear-energy-monographs/CEA_Monograph9_Research-nuclear-reactor_2012_GB.pdf	71aff9bb852fa465a1a7a4d908abf09492cedd1206d490767c5272150a56606c	native_original_pdf	2012	2026-10-03	PDF/printed40 Table8, PAT / Cadarache / pressurized-water test reactor, Divergence column	Prototype a terre row, separate from1975CAP/RNG; power explicitly unreleased. Sole known-error table assertion retained pending another original; not admitted.	Private source inspection; original publisher rights retained; no redistribution grant inferred	day	publisher table transcription pending corroboration	
wikidata-q3411701	operator	Commissariat à l’énergie atomique et aux énergies alternatives (CEA)	selected	asn-inb-list-2022	ASN official basic nuclear installation list at31May2022	https://reglementation-controle.asnr.fr/content/download/183774/file/CODEP-CLG-2022-026838.pdf	2a16cf88e64f414a85ecb60c0ebf5752be657619f149ec943438a5b9f71309b3	native_original_pdf		2026-10-03	Original PDF physical page3, dated31May2022, Exploitant column of row22 PEGASE-CASCAD	Registered operator of the named descendant PEGASE-CASCAD installation asof31May2022. Original reactor named in legacy-shutdown note, but later storage use and operator role are not claimed as original1963 operator/event.	Private original-source inspection; publisher/author rights retained, no bulk body redistribution grant inferred		Individually inspected original source assertion; role/event scope retained.	
wikidata-q3411701	purpose	full-scale fuel-element testing for graphite-gas reactors	selected	cea-research-reactors-2012-fr	CEA research-reactor monograph 2012	https://www.cea.fr/multimedia/Documents/publications/monographie-nucleaire/CEA_Monographie9_Reacteurs-nucleaires-experimentaux_2012_Fr.pdf	552da6332a943902ce69053a343064528d421406e8688c2a782004aa8a24779e	native_original_pdf		2026-10-03	Physical/printed36, dedicated PEGASE irradiation-reactor paragraph	Original reactor purpose distinguished from later PEGASE-CASCAD storage use.	Private source inspection; original publisher rights retained; no redistribution grant inferred		Individually inspected original source assertion; role/event scope retained.	
wikidata-q3411701	first_criticality	1963	selected	cea-research-reactors-2012-fr	CEA research-reactor monograph 2012	https://www.cea.fr/multimedia/Documents/publications/monographie-nucleaire/CEA_Monographie9_Reacteurs-nucleaires-experimentaux_2012_Fr.pdf	552da6332a943902ce69053a343064528d421406e8688c2a782004aa8a24779e	native_original_pdf		2026-10-03	Physical/printed36, dedicated PEGASE first construction/irradiation paragraph says a diverge en1963	Initial start-up narrative; year precision only, inherited April table precision unconfirmed.	Private source inspection; original publisher rights retained; no redistribution grant inferred	year	Individually inspected original source assertion; role/event scope retained.	
wikidata-q16040260	purpose	fast-neutron critical experiments for military research	selected	cea-research-reactors-2012-fr	CEA research-reactor monograph 2012	https://www.cea.fr/multimedia/Documents/publications/monographie-nucleaire/CEA_Monographie9_Reacteurs-nucleaires-experimentaux_2012_Fr.pdf	552da6332a943902ce69053a343064528d421406e8688c2a782004aa8a24779e	native_original_pdf		2026-10-03	Physical/printed36, named RACHEL paragraph	Only generic published research purpose, no design/operating parameters; baseline CEA Valduc operator retained.	Private source inspection; original publisher rights retained; no redistribution grant inferred		Individually inspected original source assertion; role/event scope retained.	
wikidata-q16040260	first_criticality	1961	held	cea-research-reactors-2012-en	CEA research-reactor monograph 2012	https://www.cea.fr/english/Documents/scientific-and-economic-publications/nuclear-energy-monographs/CEA_Monograph9_Research-nuclear-reactor_2012_GB.pdf	71aff9bb852fa465a1a7a4d908abf09492cedd1206d490767c5272150a56606c	native_original_pdf	2012	2026-10-03	PDF/printed40 Table8, RACHEL / Valduc / fast-neutron criticality tests, Divergence column	Named French zero-power experimental unit; year only. Sole known-error table assertion retained pending another original; not admitted.	Private source inspection; original publisher rights retained; no redistribution grant inferred	year	publisher table transcription pending corroboration	
wikidata-q999450	operator	Commissariat à l’énergie atomique et aux énergies alternatives (CEA)	selected	asn-inb-list-2022	ASN official basic nuclear installation list at31May2022	https://reglementation-controle.asnr.fr/content/download/183774/file/CODEP-CLG-2022-026838.pdf	2a16cf88e64f414a85ecb60c0ebf5752be657619f149ec943438a5b9f71309b3	native_original_pdf		2026-10-03	Original PDF physical page3, dated31May2022, Exploitant column of row25 RAPSODIE	Registered decommissioning operator asof31May2022; reactor shutdown1983 and decommissioning authority2021 are separate historical events.	Private original-source inspection; publisher/author rights retained, no bulk body redistribution grant inferred		Individually inspected original source assertion; role/event scope retained.	
wikidata-q999450	purpose	fast-reactor fuel and cladding irradiation research|end-of-life fuel safety experiments	selected	asnr-research-reactors-chapter5	IRSN research-reactor safety book chapter hosted by ASNR	https://recherche-expertise.asnr.fr/sites/default/files/documents/larecherche/publications-documentation/collection-ouvrages-irsn/RR-ReacteursRecherche_web-NB-Chapitre-5.pdf	b76fddf0ff31a346ea45129d82d77088f20a5611d9c6b5bc9cef07bda1ee0144	native_original_pdf		2026-10-03	Physical page5 / printed79, dedicated RAPSODIE paragraph	Explicit1967-1982 cladding-steel irradiation and1982 fuel end-of-life trials; date comes from separate preferred dedicated history.	Private source inspection; original publisher rights retained; no redistribution grant inferred		Individually inspected original source assertion; role/event scope retained.	
wikidata-q999450	first_criticality	1967-01-28	selected	cea-sodium-reactor-history	CEA sodium-reactor monograph	https://www.cea.fr/Documents/monographies/reacteurs-nucleaires-sodium-historique-bilan-fonctionnement.pdf	3c39db66d8a405c017bb57033980f80f0f1f10c9bb10a87e49429f4fb87df640	native_original_pdf		2026-10-03	PDF page 2, RAPSODIE history first-divergence paragraph	Explicit first divergence; dedicated CEA operational history preferred over erroneous CEA 2012 table 1963-01-01. ASNR chapter5 also states first divergence in 1967.	Private source inspection; original publisher rights retained; no redistribution grant inferred	day	Individually inspected original source assertion; role/event scope retained.	
wikidata-q16040284	operator		held	cea-original-research-reactor-monograph-2012	CEA authored Research Nuclear Reactors monograph 2012	https://www.cea.fr/english/Documents/scientific-and-economic-publications/nuclear-energy-monographs/CEA_Monograph9_Research-nuclear-reactor_2012_GB.pdf	71aff9bb852fa465a1a7a4d908abf09492cedd1206d490767c5272150a56606c	native_original_pdf	2012	2026-10-04	Native PDF34 / printed34 compact-core experiment and native PDF40 historical table	The original CEA history names the RUBEOLE compact-core critical experiment at Saclay. Its CEA development context and site do not establish a stated unit-level operator.	Private inspection only; CEA Saclay and Groupe Moniteur2012; reproduction subject to Editorial Board agreement and source acknowledgement; no redistribution grant inferred		Named-unit historical association inspected; operating role not borrowed from publisher, site or adjacent reactor	
wikidata-q16040284	purpose	compact-core research for nuclear-powered aircraft and locomotive concepts	selected	cea-research-reactors-2012-fr	CEA research-reactor monograph 2012	https://www.cea.fr/multimedia/Documents/publications/monographie-nucleaire/CEA_Monographie9_Reacteurs-nucleaires-experimentaux_2012_Fr.pdf	552da6332a943902ce69053a343064528d421406e8688c2a782004aa8a24779e	native_original_pdf		2026-10-03	Physical/printed34, dedicated RUBEOLE paragraph	Historical research concepts only; no completed aircraft/locomotive deployment inferred.	Private source inspection; original publisher rights retained; no redistribution grant inferred		Individually inspected original source assertion; role/event scope retained.	
wikidata-q16040284	first_criticality	1959	held	cea-research-reactors-2012-en	CEA research-reactor monograph 2012	https://www.cea.fr/english/Documents/scientific-and-economic-publications/nuclear-energy-monographs/CEA_Monograph9_Research-nuclear-reactor_2012_GB.pdf	71aff9bb852fa465a1a7a4d908abf09492cedd1206d490767c5272150a56606c	native_original_pdf	2012	2026-10-03	PDF/printed40 Table8, RUBÉOLE / Saclay / compact-core criticality tests, Divergence column	Named historical French experiment; year only. Sole known-error table assertion retained pending another original; not admitted.	Private source inspection; original publisher rights retained; no redistribution grant inferred	year	publisher table transcription pending corroboration	
wikidata-q16040268	purpose	naval nuclear-propulsion research|reactor-core and fuel studies	selected	cea-res-first-criticality-2018	CEA official RES divergence notice 2018	https://www.cea.fr/english/Pages/News/Test-Reactor-Divergence.aspx	3a616acf8a0671257606a98fcbd83d1a5c4c491a6b4426f863c15e832cd3549f	native_original_html		2026-10-03	RES operational startup and research-purpose paragraphs	Named RES testing purpose; preserve existing TechnicAtome baseline operator while recording distinct CEA DAM operational/project roles.	Private source inspection; original publisher rights retained; no redistribution grant inferred		Individually inspected original source assertion; role/event scope retained.	
wikidata-q16040268	first_criticality	2018-10-10	selected	cea-res-first-criticality-2018	CEA official RES divergence notice 2018	https://www.cea.fr/english/Pages/News/Test-Reactor-Divergence.aspx	3a616acf8a0671257606a98fcbd83d1a5c4c491a6b4426f863c15e832cd3549f	native_original_html		2026-10-03	Opening announcement paragraph: divergence 10 October 2018 at 11:52	Exact Q16040268 identity snapshot binds RES alias to the original ID. Actual event, not CEA 2012 construction forecast 2013.	Private source inspection; original publisher rights retained; no redistribution grant inferred	day	Individually inspected original source assertion; role/event scope retained.	
wikidata-q30737820	operator		held	cea-original-research-reactor-monograph-2012	CEA authored Research Nuclear Reactors monograph 2012	https://www.cea.fr/english/Documents/scientific-and-economic-publications/nuclear-energy-monographs/CEA_Monograph9_Research-nuclear-reactor_2012_GB.pdf	71aff9bb852fa465a1a7a4d908abf09492cedd1206d490767c5272150a56606c	native_original_pdf	2012	2026-10-04	Native PDF16 / printed16, RES naval-propulsion history inset	The original CEA history separates PAT, CAP, the1989RNG conversion and the successorRES. The CEA Nuclear Propulsion Unit steering statement is specific to the RES programme; the adjacent AZUR operated-byAREVA-TA statement must not be transferred to RNG.	Private inspection only; CEA Saclay and Groupe Moniteur2012; reproduction subject to Editorial Board agreement and source acknowledgement; no redistribution grant inferred		Named-unit historical association inspected; operating role not borrowed from publisher, site or adjacent reactor	
wikidata-q30737820	purpose	naval nuclear-propulsion prototype studies	selected	cea-propulsion-history-2025	CEA propulsion history published 2025-07-07	https://www.cea.fr/Pages/actualites/defense/propulsion-nucleaire-atout-France.aspx	dfb253bd45ec357bd49542f9522519dfd4831131a5c96988369a2b6a29ad903e	native_original_html		2026-10-03	1989 RNG chronology row	Upgraded CAP for second-generation strategic submarines and Charles de Gaulle propulsion.	Private source inspection; original publisher rights retained; no redistribution grant inferred		Individually inspected original source assertion; role/event scope retained.	
wikidata-q30737820	first_criticality	1989	selected	cea-propulsion-history-2025	CEA propulsion history published 2025-07-07	https://www.cea.fr/Pages/actualites/defense/propulsion-nucleaire-atout-France.aspx	dfb253bd45ec357bd49542f9522519dfd4831131a5c96988369a2b6a29ad903e	native_original_html		2026-10-03	Propulsion chronology, 1989 RNG divergence row	RNG upgraded CAP configuration, year precision; do not conflate with original CAP divergence or the combined 2012 table date.	Private source inspection; original publisher rights retained; no redistribution grant inferred	year	Individually inspected original source assertion; role/event scope retained.	
wikidata-q16040265	first_criticality	1971-08-31	selected	ill-reactor-annual-report-2011	ILL annual report 2011	https://www.ill.eu/fileadmin/user_upload/ILL/1_About_ILL/Documentation/Annual_report/AR-11/AR-2011.pdf	c9dfd1bf77ea14adc722680ed6bfb8593d1efdc2e6203312f0832ac0b6f507d8	native_original_pdf		2026-10-03	PDF page 55, Reactor Operation, 40th anniversary of divergence	Operator annual report explicitly calls this first criticality; CEA 2012 table 1971-07 rejected.	Private source inspection; original publisher rights retained; no redistribution grant inferred	day	Individually inspected original source assertion; role/event scope retained.	
wikidata-q15968445	operator	Commissariat à l’énergie atomique et aux énergies alternatives (CEA)	selected	asn-inb-list-2022	ASN official basic nuclear installation list at31May2022	https://reglementation-controle.asnr.fr/content/download/183774/file/CODEP-CLG-2022-026838.pdf	2a16cf88e64f414a85ecb60c0ebf5752be657619f149ec943438a5b9f71309b3	native_original_pdf		2026-10-03	Original PDF physical page40, dated31May2022, Exploitant column of row21 SILOETTE	Historical operator label in declassified-facility list; no current operation inferred.	Private original-source inspection; publisher/author rights retained, no bulk body redistribution grant inferred		Individually inspected original source assertion; role/event scope retained.	
wikidata-q15968445	purpose	SILOE core validation|nuclear-engineering education	selected	asnr-research-reactors-chapter5	IRSN research-reactor safety book chapter hosted by ASNR	https://recherche-expertise.asnr.fr/sites/default/files/documents/larecherche/publications-documentation/collection-ouvrages-irsn/RR-ReacteursRecherche_web-NB-Chapitre-5.pdf	b76fddf0ff31a346ea45129d82d77088f20a5611d9c6b5bc9cef07bda1ee0144	native_original_pdf		2026-10-03	Physical pages6 and9 / printed80 and83, SILOETTE companion and teaching row	Specific companion-core and explicitly named teaching roles; grouped table functions are not attributed indiscriminately.	Private source inspection; original publisher rights retained; no redistribution grant inferred		Individually inspected original source assertion; role/event scope retained.	
wikidata-q15968445	first_criticality	1964-02	selected	iaea-research-reactor-status-pub1201	IAEA Status of the Decommissioning of Nuclear Facilities around the World Pub1201	https://www-pub.iaea.org/MTCD/Publications/PDF/Pub1201_web.pdf	beef788ca543861294d7e91ba29156d3ea630ed19eef763f26663e34082e85a2	native_original_pdf	2004-08	2026-10-03	PDF71 / annex printed6; France Siloette, Date of Criticality; CEA2012Table8 corroboration	IAEA2004 Siloette February1964 corroborates month; SILOE distinct. Preserve only mutually supported precision; CEA exact day remains a separately qualified assertion.	Private source inspection; publisher rights retained; no redistribution grant inferred	month	two original publisher assertions; common precision	"[{""source_id"":""cea-research-reactors-2012-en"",""original_url"":""https://www.cea.fr/english/Documents/scientific-and-economic-publications/nuclear-energy-monographs/CEA_Monograph9_Research-nuclear-reactor_2012_GB.pdf"",""sha256"":""71aff9bb852fa465a1a7a4d908abf09492cedd1206d490767c5272150a56606c"",""locator"":""PDF/printed40 Table8; named reactor Divergence column"",""admissibility"":""Original table assertion; day not admitted; proven other table errors prevent blanket approval"",""reported_value"":""1964-02""}]"
wikidata-q3483933	operator	Commissariat à l’énergie atomique et aux énergies alternatives (CEA)	selected	asn-inb-list-2022	ASN official basic nuclear installation list at31May2022	https://reglementation-controle.asnr.fr/content/download/183774/file/CODEP-CLG-2022-026838.pdf	2a16cf88e64f414a85ecb60c0ebf5752be657619f149ec943438a5b9f71309b3	native_original_pdf		2026-10-03	Original PDF physical page40, dated31May2022, Exploitant column of row20 SILOE	Historical operator label in declassified-facility list; declassification2015 not reactor first criticality.	Private original-source inspection; publisher/author rights retained, no bulk body redistribution grant inferred		Individually inspected original source assertion; role/event scope retained.	
wikidata-q3483933	purpose	fuel and materials irradiation research	selected	cea-research-reactors-2012-fr	CEA research-reactor monograph 2012	https://www.cea.fr/multimedia/Documents/publications/monographie-nucleaire/CEA_Monographie9_Reacteurs-nucleaires-experimentaux_2012_Fr.pdf	552da6332a943902ce69053a343064528d421406e8688c2a782004aa8a24779e	native_original_pdf		2026-10-03	Physical/printed36, dedicated SILOE irradiation-reactor paragraph	Historical irradiation purpose, without automatically importing all neutron-beam or teaching uses from another reactor.	Private source inspection; original publisher rights retained; no redistribution grant inferred		Individually inspected original source assertion; role/event scope retained.	
wikidata-q3483933	first_criticality	1963	selected	cea-research-reactors-2012-fr	CEA research-reactor monograph 2012	https://www.cea.fr/multimedia/Documents/publications/monographie-nucleaire/CEA_Monographie9_Reacteurs-nucleaires-experimentaux_2012_Fr.pdf	552da6332a943902ce69053a343064528d421406e8688c2a782004aa8a24779e	native_original_pdf		2026-10-03	Physical/printed36, SILOE divergence a eu lieu la meme annee after PEGASE1963	Explicit contextual year for named original SILOE divergence; no inherited March18 day precision inferred.	Private source inspection; original publisher rights retained; no redistribution grant inferred	year	Individually inspected original source assertion; role/event scope retained.	
wikidata-q16040282	operator	Université Louis Pasteur	selected	asn-inb-list-2022	ASN official basic nuclear installation list at31May2022	https://reglementation-controle.asnr.fr/content/download/183774/file/CODEP-CLG-2022-026838.pdf	2a16cf88e64f414a85ecb60c0ebf5752be657619f149ec943438a5b9f71309b3	native_original_pdf		2026-10-03	Original PDF physical page40, dated31May2022, Exploitant column of row44 REACTEUR UNIVERSITAIRE DE STRASBOURG (RUS)	Exact historical university operator label, preserved without assuming the institution still existed under that name in2022 or equating it with a modern successor.	Private original-source inspection; publisher/author rights retained, no bulk body redistribution grant inferred		Individually inspected original source assertion; role/event scope retained.	
wikidata-q16040282	purpose	nuclear-engineering education	selected	asnr-research-reactors-chapter5	IRSN research-reactor safety book chapter hosted by ASNR	https://recherche-expertise.asnr.fr/sites/default/files/documents/larecherche/publications-documentation/collection-ouvrages-irsn/RR-ReacteursRecherche_web-NB-Chapitre-5.pdf	b76fddf0ff31a346ea45129d82d77088f20a5611d9c6b5bc9cef07bda1ee0144	native_original_pdf		2026-10-03	Physical page9 / printed83, Table5.1 Enseignement row RUS Cronenbourg	Original Strasbourg University reactor aliases RUS/Reacteur Universite de Strasbourg bind the named teaching reactor; table commissioning date is not criticality.	Private source inspection; original publisher rights retained; no redistribution grant inferred		Individually inspected original source assertion; role/event scope retained.	
wikidata-q16040282	first_criticality	1966-11	selected	iaea-research-reactor-status-pub1201	IAEA Status of the Decommissioning of Nuclear Facilities around the World Pub1201	https://www-pub.iaea.org/MTCD/Publications/PDF/Pub1201_web.pdf	beef788ca543861294d7e91ba29156d3ea630ed19eef763f26663e34082e85a2	native_original_pdf	2004-08	2026-10-03	PDF71 / annex printed6; France Strasbourg Univ. Nuclear, Date of Criticality; CEA2012Table8 corroboration	Strasbourg/Argonaut0.1MW maps University reactor alias; IAEA1966November agrees. Preserve only mutually supported precision; CEA exact day remains a separately qualified assertion.	Private source inspection; publisher rights retained; no redistribution grant inferred	month	two original publisher assertions; common precision	"[{""source_id"":""cea-research-reactors-2012-en"",""original_url"":""https://www.cea.fr/english/Documents/scientific-and-economic-publications/nuclear-energy-monographs/CEA_Monograph9_Research-nuclear-reactor_2012_GB.pdf"",""sha256"":""71aff9bb852fa465a1a7a4d908abf09492cedd1206d490767c5272150a56606c"",""locator"":""PDF/printed40 Table8; named reactor Divergence column"",""admissibility"":""Original table assertion; day not admitted; proven other table errors prevent blanket approval"",""reported_value"":""1966-11-22""}]"
wikidata-q16040287	operator		held	cea-original-research-reactor-monograph-2012	CEA authored Research Nuclear Reactors monograph 2012	https://www.cea.fr/english/Documents/scientific-and-economic-publications/nuclear-energy-monographs/CEA_Monograph9_Research-nuclear-reactor_2012_GB.pdf	71aff9bb852fa465a1a7a4d908abf09492cedd1206d490767c5272150a56606c	native_original_pdf	2012	2026-10-04	Native PDF36 / printed36 pool-reactor history and native PDF40 historical table	The original CEA history identifies TRITON at Fontenay-aux-Roses. Its location and irradiation role do not establish its exact historical operating institution.	Private inspection only; CEA Saclay and Groupe Moniteur2012; reproduction subject to Editorial Board agreement and source acknowledgement; no redistribution grant inferred		Named-unit historical association inspected; operating role not borrowed from publisher, site or adjacent reactor	
wikidata-q16040287	purpose	material irradiation and radiation-damage research	selected	cea-research-reactors-2012-fr	CEA research-reactor monograph 2012	https://www.cea.fr/multimedia/Documents/publications/monographie-nucleaire/CEA_Monographie9_Reacteurs-nucleaires-experimentaux_2012_Fr.pdf	552da6332a943902ce69053a343064528d421406e8688c2a782004aa8a24779e	native_original_pdf		2026-10-03	Physical/printed36, material-testing-reactor paragraph naming MELUSINE and TRITON	Historical material-testing purpose; no current reactor operation asserted.	Private source inspection; original publisher rights retained; no redistribution grant inferred		Individually inspected original source assertion; role/event scope retained.	
wikidata-q16040287	first_criticality	1959-06	selected	iaea-research-reactor-status-pub1201	IAEA Status of the Decommissioning of Nuclear Facilities around the World Pub1201	https://www-pub.iaea.org/MTCD/Publications/PDF/Pub1201_web.pdf	beef788ca543861294d7e91ba29156d3ea630ed19eef763f26663e34082e85a2	native_original_pdf	2004-08	2026-10-03	PDF71 / annex printed6; France Triton, Date of Criticality; CEA2012Table8 corroboration	IAEA2004 Triton June1959 corroborates month; day is publisher reported. Preserve only mutually supported precision; CEA exact day remains a separately qualified assertion.	Private source inspection; publisher rights retained; no redistribution grant inferred	month	two original publisher assertions; common precision	"[{""source_id"":""cea-research-reactors-2012-en"",""original_url"":""https://www.cea.fr/english/Documents/scientific-and-economic-publications/nuclear-energy-monographs/CEA_Monograph9_Research-nuclear-reactor_2012_GB.pdf"",""sha256"":""71aff9bb852fa465a1a7a4d908abf09492cedd1206d490767c5272150a56606c"",""locator"":""PDF/printed40 Table8; named reactor Divergence column"",""admissibility"":""Original table assertion; day not admitted; proven other table errors prevent blanket approval"",""reported_value"":""1959-06-29""}]"
wikidata-q16040290	operator	Commissariat à l’énergie atomique et aux énergies alternatives (CEA)	selected	asn-inb-list-2022	ASN official basic nuclear installation list at31May2022	https://reglementation-controle.asnr.fr/content/download/183774/file/CODEP-CLG-2022-026838.pdf	2a16cf88e64f414a85ecb60c0ebf5752be657619f149ec943438a5b9f71309b3	native_original_pdf		2026-10-03	Original PDF physical page3, dated31May2022, Exploitant column of row18 ULYSSE	Registered decommissioning operator asof31May2022; no active reactor operation/current2026 licence inferred.	Private original-source inspection; publisher/author rights retained, no bulk body redistribution grant inferred		Individually inspected original source assertion; role/event scope retained.	
wikidata-q16040290	purpose	nuclear-engineering education	selected	cea-research-reactors-2012-fr	CEA research-reactor monograph 2012	https://www.cea.fr/multimedia/Documents/publications/monographie-nucleaire/CEA_Monographie9_Reacteurs-nucleaires-experimentaux_2012_Fr.pdf	552da6332a943902ce69053a343064528d421406e8688c2a782004aa8a24779e	native_original_pdf		2026-10-03	Physical/printed36, dedicated ULYSSE clause	Explicit teaching purpose; commissioning/authorisation dates are not initial criticality.	Private source inspection; original publisher rights retained; no redistribution grant inferred		Individually inspected original source assertion; role/event scope retained.	
wikidata-q16040290	first_criticality	1961	selected	iaea-research-reactor-status-pub1201	IAEA Status of the Decommissioning of Nuclear Facilities around the World Pub1201	https://www-pub.iaea.org/MTCD/Publications/PDF/Pub1201_web.pdf	beef788ca543861294d7e91ba29156d3ea630ed19eef763f26663e34082e85a2	native_original_pdf	2004-08	2026-10-03	PDF71 / annex printed6; France Ulysse, Date of Criticality; CEA2012Table8 corroboration	CEA27August1961 versus IAEAJuly1961 is unresolved month conflict; retain only common year, preserve both assertions. Preserve only mutually supported precision; CEA exact day remains a separately qualified assertion.	Private source inspection; publisher rights retained; no redistribution grant inferred	year	two original publisher assertions; common precision	"[{""source_id"":""iaea-research-reactor-status-pub1201"",""original_url"":""https://www-pub.iaea.org/MTCD/Publications/PDF/Pub1201_web.pdf"",""sha256"":""beef788ca543861294d7e91ba29156d3ea630ed19eef763f26663e34082e85a2"",""locator"":""PDF71/annex6 Ulysse1961/7 versusCEA27/08/1961"",""admissibility"":""unresolved month conflict; common year only""},{""source_id"":""cea-research-reactors-2012-en"",""original_url"":""https://www.cea.fr/english/Documents/scientific-and-economic-publications/nuclear-energy-monographs/CEA_Monograph9_Research-nuclear-reactor_2012_GB.pdf"",""sha256"":""71aff9bb852fa465a1a7a4d908abf09492cedd1206d490767c5272150a56606c"",""locator"":""PDF/printed40 Table8; named reactor Divergence column"",""admissibility"":""Original table assertion; day not admitted; proven other table errors prevent blanket approval"",""reported_value"":""1961-08-27""}]"
wikidata-q48746923	operator	Commissariat à l'énergie atomique et aux énergies alternatives (CEA)	held	cea-french-research-reactors-annual-report-2017	Club of French research-reactor operators2017 annual report hosted by CEA	https://www.cea.fr/cad/Documents/Activit%C3%A9s/Fission/RA2017-FR-BD.pdf	52d01b935301a4aa4d67d9e8feb6cc4e2e313608fc4a50fe81457eed3821e686	native_original_pdf		2026-10-03	Native PDF8 and66-67, proposed CEA ZEPHYR project status	French Cadarache ZEPHYR is a proposed CEA critical mockup in2017report, not the UK1954ZEPHYR. CEA project responsibility does not prove actual operating role. Forecast2028 is not an actual event/current status.	Private original-source inspection; publisher/author rights retained, no bulk body redistribution grant inferred		planned-project owner; operating institution unproven	
wikidata-q48746923	purpose	planned nuclear-data validation|planned reactor-core neutronics experiments	selected	cea-french-research-reactors-annual-report-2017	Club of French research-reactor operators2017 annual report hosted by CEA	https://www.cea.fr/cad/Documents/Activit%C3%A9s/Fission/RA2017-FR-BD.pdf	52d01b935301a4aa4d67d9e8feb6cc4e2e313608fc4a50fe81457eed3821e686	native_original_pdf		2026-10-03	Physical/printed pages66-67, dedicated ZEPHYR objectives and2017 project review	Published2017 planned zero-power replacement objectives. The2028 horizon is a forecast and does not prove current status, construction or actual first criticality.	Private original-source inspection; publisher/author rights retained, no bulk body redistribution grant inferred		Individually inspected original source assertion; role/event scope retained.	
wikidata-q48746923	first_criticality		composite	iaea-research-reactor-status-pub1201	IAEA Status of the Decommissioning of Nuclear Facilities around the World Pub1201	https://www-pub.iaea.org/MTCD/Publications/PDF/Pub1201_web.pdf	beef788ca543861294d7e91ba29156d3ea630ed19eef763f26663e34082e85a2	native_original_pdf	2004-08	2026-10-03	Individual source applicability review; no scalar event or operator value admitted.	FrenchZephyr discovery identity is not UKZephyr inventory unit; no cross-country acronym/name date transfer.	Private source inspection; publisher rights retained; no redistribution grant inferred		france_vs_uk_name_collision	
wikidata-q1438110	operator	Kraftwerk Union AG	selected	base-statusbericht-2024	BASE status report as of 2024-12-31	https://doris.bfs.de/jspui/bitstream/urn:nbn:de:0221-2025072853653/1/BASE-N-01-2025.pdf	be35c24a896ff011e343d84750ec4c62406097bc9158d9070739f7a3f46ff2eb	native_original_pdf		2026-10-03	PDF/printed page 74, table II.4 row 8, Betreiber column	Operator named in the table compiled for the inventory at 2024-12-31. Table includes closed, released and decommissioning facilities and can name a historical operator. It does not assert that this institution still existed or was licensed in 2024, nor that it operated the original criticality event. Operator role/time must be explicit in final consumer.	Private source inspection; original publisher rights retained; no redistribution grant inferred		Individually inspected original source assertion; role/event scope retained.	
wikidata-q1438110	purpose		unknown	bundestag-original-research-reactors-2004	German Bundestag original government research-reactor report 15/3650	https://dserver.bundestag.de/btd/15/036/1503650.pdf	15d02488910e058fdef75c2591840db9e1d7fc24c60baab7f4b216040b23fb9a	native_original_pdf	2004	2026-10-04	Native PDF98 / printed98, Annex2-3 individual AEG Pruefreaktor PR-10 row	The original government table identifies AEG Pruefreaktor PR-10 with its operator, reactor type and shutdown/criticality data but does not state its specific research/training use. This scoped no-fill concerns this inspected row; reactor type is not promoted to a purpose, nor is a purpose borrowed from another Argonaut unit.	Private source inspection; publisher rights retained; no redistribution grant inferred		Individual government unit entry inspected; specific-use assertion absent from cited entry	
wikidata-q1438110	first_criticality	1961-01-27	selected	base-statusbericht-2024	BASE status report as of 2024-12-31	https://doris.bfs.de/jspui/bitstream/urn:nbn:de:0221-2025072853653/1/BASE-N-01-2025.pdf	be35c24a896ff011e343d84750ec4c62406097bc9158d9070739f7a3f46ff2eb	native_original_pdf		2026-10-03	PDF/printed page 74, table II.4 row 8, erste Kritikalität column	First criticality of the named reactor; preserve source precision. Operator column describes the reported operator in the 2024-12-31 status report, which can be a decommissioning operator.	Private source inspection; original publisher rights retained; no redistribution grant inferred	day	Individually inspected original source assertion; role/event scope retained.	
wikidata-q557701	operator	GKSS Forschungszentrum Geesthacht GmbH	selected	base-statusbericht-2024	BASE status report as of 2024-12-31	https://doris.bfs.de/jspui/bitstream/urn:nbn:de:0221-2025072853653/1/BASE-N-01-2025.pdf	be35c24a896ff011e343d84750ec4c62406097bc9158d9070739f7a3f46ff2eb	native_original_pdf		2026-10-03	PDF/printed page 76, table II.4 row 29, Betreiber column	Operator named in the table compiled for the inventory at 2024-12-31. Table includes closed, released and decommissioning facilities and can name a historical operator. It does not assert that this institution still existed or was licensed in 2024, nor that it operated the original criticality event. Operator role/time must be explicit in final consumer.	Private source inspection; original publisher rights retained; no redistribution grant inferred		Individually inspected original source assertion; role/event scope retained.	
wikidata-q557701	purpose		unknown	bundestag-original-research-reactors-2004	German Bundestag original government research-reactor report 15/3650	https://dserver.bundestag.de/btd/15/036/1503650.pdf	15d02488910e058fdef75c2591840db9e1d7fc24c60baab7f4b216040b23fb9a	native_original_pdf	2004	2026-10-04	Native PDF98 / printed98, Annex2-3 individual ANEX row	The original government table identifies ANEX with its operator, reactor type and shutdown/criticality data but does not state its specific research/training use. This scoped no-fill concerns this inspected row; reactor type is not promoted to a purpose, nor is a purpose borrowed from another Argonaut unit.	Private source inspection; publisher rights retained; no redistribution grant inferred		Individual government unit entry inspected; specific-use assertion absent from cited entry	
wikidata-q557701	first_criticality	1964-05	selected	base-statusbericht-2024	BASE status report as of 2024-12-31	https://doris.bfs.de/jspui/bitstream/urn:nbn:de:0221-2025072853653/1/BASE-N-01-2025.pdf	be35c24a896ff011e343d84750ec4c62406097bc9158d9070739f7a3f46ff2eb	native_original_pdf		2026-10-03	PDF/printed page 76, table II.4 row 29, erste Kritikalität column	First criticality of the named reactor; preserve source precision. Operator column describes the reported operator in the 2024-12-31 status report, which can be a decommissioning operator.	Private source inspection; original publisher rights retained; no redistribution grant inferred	month	Individually inspected original source assertion; role/event scope retained.	
wikidata-q1438010	operator	Physikalisch-Technische Bundesanstalt	selected	base-statusbericht-2024	BASE status report as of 2024-12-31	https://doris.bfs.de/jspui/bitstream/urn:nbn:de:0221-2025072853653/1/BASE-N-01-2025.pdf	be35c24a896ff011e343d84750ec4c62406097bc9158d9070739f7a3f46ff2eb	native_original_pdf		2026-10-03	PDF/printed page 72, table II.3 row 4, Betreiber column	Operator named in the table compiled for the inventory at 2024-12-31. Table includes closed, released and decommissioning facilities and can name a historical operator. It does not assert that this institution still existed or was licensed in 2024, nor that it operated the original criticality event. Operator role/time must be explicit in final consumer.	Private source inspection; original publisher rights retained; no redistribution grant inferred		Individually inspected original source assertion; role/event scope retained.	
wikidata-q1438010	purpose	neutron metrology and dosimetry|condensed-matter research|irradiation experiments	selected	base-statusbericht-2024	BASE status report as of 2024-12-31	https://doris.bfs.de/jspui/bitstream/urn:nbn:de:0221-2025072853653/1/BASE-N-01-2025.pdf	be35c24a896ff011e343d84750ec4c62406097bc9158d9070739f7a3f46ff2eb	native_original_pdf		2026-10-03	PDF/printed page 34, named reactor paragraph	Editorial paraphrase of stated historical uses; not inferred from reactor type.	Private source inspection; original publisher rights retained; no redistribution grant inferred		Individually inspected original source assertion; role/event scope retained.	
wikidata-q1438010	first_criticality	1967-10-03	selected	base-statusbericht-2024	BASE status report as of 2024-12-31	https://doris.bfs.de/jspui/bitstream/urn:nbn:de:0221-2025072853653/1/BASE-N-01-2025.pdf	be35c24a896ff011e343d84750ec4c62406097bc9158d9070739f7a3f46ff2eb	native_original_pdf		2026-10-03	PDF/printed page 72, table II.3 row 4, erste Kritikalität column	First criticality of the named reactor; preserve source precision. Operator column describes the reported operator in the 2024-12-31 status report, which can be a decommissioning operator.	Private source inspection; original publisher rights retained; no redistribution grant inferred	day	Individually inspected original source assertion; role/event scope retained.	
wikidata-q1438093	purpose	neutron-beam research|fuel irradiation|medical radioisotope production	selected	base-statusbericht-2024	BASE status report as of 2024-12-31	https://doris.bfs.de/jspui/bitstream/urn:nbn:de:0221-2025072853653/1/BASE-N-01-2025.pdf	be35c24a896ff011e343d84750ec4c62406097bc9158d9070739f7a3f46ff2eb	native_original_pdf		2026-10-03	PDF/printed page 33, named reactor paragraph	Editorial paraphrase of stated historical uses; not inferred from reactor type.	Private source inspection; original publisher rights retained; no redistribution grant inferred		Individually inspected original source assertion; role/event scope retained.	
wikidata-q1438093	first_criticality	1961-03-07	selected	base-statusbericht-2024	BASE status report as of 2024-12-31	https://doris.bfs.de/jspui/bitstream/urn:nbn:de:0221-2025072853653/1/BASE-N-01-2025.pdf	be35c24a896ff011e343d84750ec4c62406097bc9158d9070739f7a3f46ff2eb	native_original_pdf		2026-10-03	PDF/printed page 72, table II.3 row 1, erste Kritikalität column	First criticality of the named reactor; preserve source precision. Operator column describes the reported operator in the 2024-12-31 status report, which can be a decommissioning operator.	Private source inspection; original publisher rights retained; no redistribution grant inferred	day	Individually inspected original source assertion; role/event scope retained.	
wikidata-q1425223	operator	Medizinische Hochschule Hannover	selected	base-statusbericht-2024	BASE status report as of 2024-12-31	https://doris.bfs.de/jspui/bitstream/urn:nbn:de:0221-2025072853653/1/BASE-N-01-2025.pdf	be35c24a896ff011e343d84750ec4c62406097bc9158d9070739f7a3f46ff2eb	native_original_pdf		2026-10-03	PDF/printed page 75, table II.4 row 19, Betreiber column	Operator named in the table compiled for the inventory at 2024-12-31. Table includes closed, released and decommissioning facilities and can name a historical operator. It does not assert that this institution still existed or was licensed in 2024, nor that it operated the original criticality event. Operator role/time must be explicit in final consumer.	Private source inspection; original publisher rights retained; no redistribution grant inferred		Individually inspected original source assertion; role/event scope retained.	
wikidata-q1425223	purpose	neutron activation analysis|medical and biological radionuclide research	selected	base-statusbericht-2024	BASE status report as of 2024-12-31	https://doris.bfs.de/jspui/bitstream/urn:nbn:de:0221-2025072853653/1/BASE-N-01-2025.pdf	be35c24a896ff011e343d84750ec4c62406097bc9158d9070739f7a3f46ff2eb	native_original_pdf		2026-10-03	PDF/printed page 36, named reactor paragraph	Editorial paraphrase of stated historical uses; not inferred from reactor type.	Private source inspection; original publisher rights retained; no redistribution grant inferred		Individually inspected original source assertion; role/event scope retained.	
wikidata-q1425223	first_criticality	1973-01-31	selected	base-statusbericht-2024	BASE status report as of 2024-12-31	https://doris.bfs.de/jspui/bitstream/urn:nbn:de:0221-2025072853653/1/BASE-N-01-2025.pdf	be35c24a896ff011e343d84750ec4c62406097bc9158d9070739f7a3f46ff2eb	native_original_pdf		2026-10-03	PDF/printed page 75, table II.4 row 19, erste Kritikalität column	First criticality of the named reactor; preserve source precision. Operator column describes the reported operator in the 2024-12-31 status report, which can be a decommissioning operator.	Private source inspection; original publisher rights retained; no redistribution grant inferred	day	Individually inspected original source assertion; role/event scope retained.	
wikidata-q1438109	operator	JEN (Unternehmen der EWN-GmbH)	selected	base-statusbericht-2024	BASE status report as of 2024-12-31	https://doris.bfs.de/jspui/bitstream/urn:nbn:de:0221-2025072853653/1/BASE-N-01-2025.pdf	be35c24a896ff011e343d84750ec4c62406097bc9158d9070739f7a3f46ff2eb	native_original_pdf		2026-10-03	PDF/printed page 72, table II.3 row 5, Betreiber column	Operator named in the table compiled for the inventory at 2024-12-31. Table includes closed, released and decommissioning facilities and can name a historical operator. It does not assert that this institution still existed or was licensed in 2024, nor that it operated the original criticality event. Operator role/time must be explicit in final consumer.	Private source inspection; original publisher rights retained; no redistribution grant inferred		Individually inspected original source assertion; role/event scope retained.	
wikidata-q1438109	purpose	neutron-beam research|radioisotope production|neutron activation analysis	selected	base-statusbericht-2024	BASE status report as of 2024-12-31	https://doris.bfs.de/jspui/bitstream/urn:nbn:de:0221-2025072853653/1/BASE-N-01-2025.pdf	be35c24a896ff011e343d84750ec4c62406097bc9158d9070739f7a3f46ff2eb	native_original_pdf		2026-10-03	PDF/printed page 34, named reactor paragraph	Editorial paraphrase of stated historical uses; not inferred from reactor type.	Private source inspection; original publisher rights retained; no redistribution grant inferred		Individually inspected original source assertion; role/event scope retained.	
wikidata-q1438109	first_criticality	1962-11-14	selected	base-statusbericht-2024	BASE status report as of 2024-12-31	https://doris.bfs.de/jspui/bitstream/urn:nbn:de:0221-2025072853653/1/BASE-N-01-2025.pdf	be35c24a896ff011e343d84750ec4c62406097bc9158d9070739f7a3f46ff2eb	native_original_pdf		2026-10-03	PDF/printed page 72, table II.3 row 5, erste Kritikalität column	First criticality of the named reactor; preserve source precision. Operator column describes the reported operator in the 2024-12-31 status report, which can be a decommissioning operator.	Private source inspection; original publisher rights retained; no redistribution grant inferred	day	Individually inspected original source assertion; role/event scope retained.	
wikidata-q1438112	operator	Johannes Gutenberg-Universität Mainz, Department Chemie	selected	base-statusbericht-2024	BASE status report as of 2024-12-31	https://doris.bfs.de/jspui/bitstream/urn:nbn:de:0221-2025072853653/1/BASE-N-01-2025.pdf	be35c24a896ff011e343d84750ec4c62406097bc9158d9070739f7a3f46ff2eb	native_original_pdf		2026-10-03	PDF/printed page 70, table II.1 row 5, Betreiber column	Operator named in the table compiled for the inventory at 2024-12-31. Table includes closed, released and decommissioning facilities and can name a historical operator. It does not assert that this institution still existed or was licensed in 2024, nor that it operated the original criticality event. Operator role/time must be explicit in final consumer.	Private source inspection; original publisher rights retained; no redistribution grant inferred		Individually inspected original source assertion; role/event scope retained.	
wikidata-q1438112	purpose	nuclear-physics research|short-lived radionuclide studies	selected	base-statusbericht-2024	BASE status report as of 2024-12-31	https://doris.bfs.de/jspui/bitstream/urn:nbn:de:0221-2025072853653/1/BASE-N-01-2025.pdf	be35c24a896ff011e343d84750ec4c62406097bc9158d9070739f7a3f46ff2eb	native_original_pdf		2026-10-03	PDF/printed page 30, named reactor paragraph	Editorial paraphrase of stated historical uses; not inferred from reactor type.	Private source inspection; original publisher rights retained; no redistribution grant inferred		Individually inspected original source assertion; role/event scope retained.	
wikidata-q1438112	first_criticality	1965-08-03	selected	base-statusbericht-2024	BASE status report as of 2024-12-31	https://doris.bfs.de/jspui/bitstream/urn:nbn:de:0221-2025072853653/1/BASE-N-01-2025.pdf	be35c24a896ff011e343d84750ec4c62406097bc9158d9070739f7a3f46ff2eb	native_original_pdf		2026-10-03	PDF/printed page 70, table II.1 row 5, erste Kritikalität column	First criticality of the named reactor; preserve source precision. Operator column describes the reported operator in the 2024-12-31 status report, which can be a decommissioning operator.	Private source inspection; original publisher rights retained; no redistribution grant inferred	day	Individually inspected original source assertion; role/event scope retained.	
wikidata-q778208	first_criticality	1957-10-31	selected	base-statusbericht-2024	BASE status report as of 2024-12-31	https://doris.bfs.de/jspui/bitstream/urn:nbn:de:0221-2025072853653/1/BASE-N-01-2025.pdf	be35c24a896ff011e343d84750ec4c62406097bc9158d9070739f7a3f46ff2eb	native_original_pdf		2026-10-03	PDF/printed page 72, table II.3 row 2, erste Kritikalität column	First criticality of the named reactor; preserve source precision. Operator column describes the reported operator in the 2024-12-31 status report, which can be a decommissioning operator.	Private source inspection; original publisher rights retained; no redistribution grant inferred	day	Individually inspected original source assertion; role/event scope retained.	
wikidata-q1438115	operator	Helmholtz Zentrum München – Deutsches Forschungszentrum für Gesundheit und Umwelt GmbH	selected	base-statusbericht-2024	BASE status report as of 2024-12-31	https://doris.bfs.de/jspui/bitstream/urn:nbn:de:0221-2025072853653/1/BASE-N-01-2025.pdf	be35c24a896ff011e343d84750ec4c62406097bc9158d9070739f7a3f46ff2eb	native_original_pdf		2026-10-03	PDF/printed page 72, table II.3 row 3, Betreiber column	Operator named in the table compiled for the inventory at 2024-12-31. Table includes closed, released and decommissioning facilities and can name a historical operator. It does not assert that this institution still existed or was licensed in 2024, nor that it operated the original criticality event. Operator role/time must be explicit in final consumer.	Private source inspection; original publisher rights retained; no redistribution grant inferred		Individually inspected original source assertion; role/event scope retained.	
wikidata-q1438115	purpose	radioisotope production|medical and biological neutron research	selected	base-statusbericht-2024	BASE status report as of 2024-12-31	https://doris.bfs.de/jspui/bitstream/urn:nbn:de:0221-2025072853653/1/BASE-N-01-2025.pdf	be35c24a896ff011e343d84750ec4c62406097bc9158d9070739f7a3f46ff2eb	native_original_pdf		2026-10-03	PDF/printed page 33, named reactor paragraph	Editorial paraphrase of stated historical uses; not inferred from reactor type.	Private source inspection; original publisher rights retained; no redistribution grant inferred		Individually inspected original source assertion; role/event scope retained.	
wikidata-q1438115	first_criticality	1972-08-23	selected	base-statusbericht-2024	BASE status report as of 2024-12-31	https://doris.bfs.de/jspui/bitstream/urn:nbn:de:0221-2025072853653/1/BASE-N-01-2025.pdf	be35c24a896ff011e343d84750ec4c62406097bc9158d9070739f7a3f46ff2eb	native_original_pdf		2026-10-03	PDF/printed page 72, table II.3 row 3, erste Kritikalität column	First criticality of the named reactor; preserve source precision. Operator column describes the reported operator in the 2024-12-31 status report, which can be a decommissioning operator.	Private source inspection; original publisher rights retained; no redistribution grant inferred	day	Individually inspected original source assertion; role/event scope retained.	
wikidata-q1438100	operator	Helmholtz-Zentrum Hereon GmbH	selected	base-statusbericht-2024	BASE status report as of 2024-12-31	https://doris.bfs.de/jspui/bitstream/urn:nbn:de:0221-2025072853653/1/BASE-N-01-2025.pdf	be35c24a896ff011e343d84750ec4c62406097bc9158d9070739f7a3f46ff2eb	native_original_pdf		2026-10-03	PDF/printed page 71, table II.2 rows 2–3	Operator named in the table compiled for the inventory at 2024-12-31. Table includes closed, released and decommissioning facilities and can name a historical operator. It does not assert that this institution still existed or was licensed in 2024, nor that it operated the original criticality event. Operator role/time must be explicit in final consumer. Composite Geesthacht identity: both FRG-1 and FRG-2 rows name Hereon.	Private source inspection; original publisher rights retained; no redistribution grant inferred		Individually inspected original source assertion; role/event scope retained.	
wikidata-q1438100	purpose	neutron-beam and materials research|radioisotope production|neutron activation analysis|fuel and reactor-component irradiation	selected	base-statusbericht-2024	BASE status report as of 2024-12-31	https://doris.bfs.de/jspui/bitstream/urn:nbn:de:0221-2025072853653/1/BASE-N-01-2025.pdf	be35c24a896ff011e343d84750ec4c62406097bc9158d9070739f7a3f46ff2eb	native_original_pdf		2026-10-03	PDF/printed pages 31–32, separate FRG-1 and FRG-2 paragraphs	Composite facility: beam/material/isotope/activation uses apply to FRG-1; fuel/component/safety irradiation applies to FRG-2. Unit scope must survive consumer integration.	Private source inspection; original publisher rights retained; no redistribution grant inferred		Individually inspected original source assertion; role/event scope retained.	
wikidata-q1438100	first_criticality		held	base-statusbericht-2024	BASE status report as of 2024-12-31	https://doris.bfs.de/jspui/bitstream/urn:nbn:de:0221-2025072853653/1/BASE-N-01-2025.pdf	be35c24a896ff011e343d84750ec4c62406097bc9158d9070739f7a3f46ff2eb	native_original_pdf		2026-10-03	PDF/printed page 71, table II.2 rows 2–3	FRG-1 first criticality 1958-10-23 and FRG-2 1963-03-16. Q1438100 aliases contain both names. Preserve both unit events; do not flatten to a single inferred facility date.	Private source inspection; original publisher rights retained; no redistribution grant inferred		Individually inspected original source assertion; role/event scope retained.	
wikidata-q1438104	operator		held	mpg-haigerloch-history	Max-Planck institutional historical chapter	https://www.ipp.mpg.de/59881/1_Forschungspoli_Umfeld.pdf	d1227d0ef92e7a65c9fbcee9bbce60333ba783d8fbd75f52ad613f11c7e0e615	native_original_pdf		2026-10-03	PDF page 10, wartime Kaiser-Wilhelm-Institut für Physik research paragraph	Identifies a Heisenberg research group at the Kaiser-Wilhelm-Institut für Physik; not a licensed/current reactor operator statement.	Private source inspection; original publisher rights retained; no redistribution grant inferred		Individually inspected original source assertion; role/event scope retained.	
wikidata-q1438104	purpose	heavy-water reactor development	selected	mpg-haigerloch-history	Max-Planck institutional historical chapter	https://www.ipp.mpg.de/59881/1_Forschungspoli_Umfeld.pdf	d1227d0ef92e7a65c9fbcee9bbce60333ba783d8fbd75f52ad613f11c7e0e615	native_original_pdf		2026-10-03	PDF page 10, Haigerloch research paragraph	Historical 1945 experiment, not an operating postwar reactor.	Private source inspection; original publisher rights retained; no redistribution grant inferred		Individually inspected original source assertion; role/event scope retained.	
wikidata-q1438104	first_criticality		never_critical	mpg-haigerloch-history	Max-Planck institutional historical chapter	https://www.ipp.mpg.de/59881/1_Forschungspoli_Umfeld.pdf	d1227d0ef92e7a65c9fbcee9bbce60333ba783d8fbd75f52ad613f11c7e0e615	native_original_pdf		2026-10-03	PDF page 10, research ended before the experiment became critical	MaxPlanck institutional history printed10 explicitly says allied entry aborted Haigerloch research before Uranbrenner became critical. Preserve no-event state, not a fabricated date.	Private source inspection; original publisher rights retained; no redistribution grant inferred		never_achieved	
wikidata-q821507	operator	Helmholtz-Zentrum Berlin für Materialien und Energie GmbH	selected	base-statusbericht-2024	BASE status report as of 2024-12-31	https://doris.bfs.de/jspui/bitstream/urn:nbn:de:0221-2025072853653/1/BASE-N-01-2025.pdf	be35c24a896ff011e343d84750ec4c62406097bc9158d9070739f7a3f46ff2eb	native_original_pdf		2026-10-03	PDF/printed page 71, table II.2 row 1, Betreiber column	Operator named in the table compiled for the inventory at 2024-12-31. Table includes closed, released and decommissioning facilities and can name a historical operator. It does not assert that this institution still existed or was licensed in 2024, nor that it operated the original criticality event. Operator role/time must be explicit in final consumer.	Private source inspection; original publisher rights retained; no redistribution grant inferred		Individually inspected original source assertion; role/event scope retained.	
wikidata-q821507	purpose	neutron-beam research|radioisotope production	selected	base-statusbericht-2024	BASE status report as of 2024-12-31	https://doris.bfs.de/jspui/bitstream/urn:nbn:de:0221-2025072853653/1/BASE-N-01-2025.pdf	be35c24a896ff011e343d84750ec4c62406097bc9158d9070739f7a3f46ff2eb	native_original_pdf		2026-10-03	PDF/printed page 31, named reactor paragraph	Editorial paraphrase of stated historical uses; not inferred from reactor type.	Private source inspection; original publisher rights retained; no redistribution grant inferred		Individually inspected original source assertion; role/event scope retained.	
wikidata-q821507	first_criticality	1973-12-09	selected	base-statusbericht-2024	BASE status report as of 2024-12-31	https://doris.bfs.de/jspui/bitstream/urn:nbn:de:0221-2025072853653/1/BASE-N-01-2025.pdf	be35c24a896ff011e343d84750ec4c62406097bc9158d9070739f7a3f46ff2eb	native_original_pdf		2026-10-03	PDF/printed page 71, table II.2 row 1, erste Kritikalität column	First criticality of the named reactor; preserve source precision. Operator column describes the reported operator in the 2024-12-31 status report, which can be a decommissioning operator.	Private source inspection; original publisher rights retained; no redistribution grant inferred	day	Individually inspected original source assertion; role/event scope retained.	
wikidata-q778029	operator	Technische Universität Dresden, Institut für Energietechnik	selected	base-statusbericht-2024	BASE status report as of 2024-12-31	https://doris.bfs.de/jspui/bitstream/urn:nbn:de:0221-2025072853653/1/BASE-N-01-2025.pdf	be35c24a896ff011e343d84750ec4c62406097bc9158d9070739f7a3f46ff2eb	native_original_pdf		2026-10-03	PDF/printed page 70, table II.1 row 6, Betreiber column	Operator named in the table compiled for the inventory at 2024-12-31. Table includes closed, released and decommissioning facilities and can name a historical operator. It does not assert that this institution still existed or was licensed in 2024, nor that it operated the original criticality event. Operator role/time must be explicit in final consumer.	Private source inspection; original publisher rights retained; no redistribution grant inferred		Individually inspected original source assertion; role/event scope retained.	
wikidata-q778029	purpose	education and training|national and international research	selected	base-statusbericht-2024	BASE status report as of 2024-12-31	https://doris.bfs.de/jspui/bitstream/urn:nbn:de:0221-2025072853653/1/BASE-N-01-2025.pdf	be35c24a896ff011e343d84750ec4c62406097bc9158d9070739f7a3f46ff2eb	native_original_pdf		2026-10-03	PDF/printed page 31, named reactor paragraph	Editorial paraphrase of stated historical uses; not inferred from reactor type.	Private source inspection; original publisher rights retained; no redistribution grant inferred		Individually inspected original source assertion; role/event scope retained.	
wikidata-q778029	first_criticality	2005-03-22	selected	base-statusbericht-2024	BASE status report as of 2024-12-31	https://doris.bfs.de/jspui/bitstream/urn:nbn:de:0221-2025072853653/1/BASE-N-01-2025.pdf	be35c24a896ff011e343d84750ec4c62406097bc9158d9070739f7a3f46ff2eb	native_original_pdf		2026-10-03	PDF/printed page 70, table II.1 row 6, erste Kritikalität column	First criticality of the named reactor; preserve source precision. Operator column describes the reported operator in the 2024-12-31 status report, which can be a decommissioning operator. AKR-2 rebuilt configuration first criticality is 2005-03-22; original AKR 1978-07-28 is a separate event.	Private source inspection; original publisher rights retained; no redistribution grant inferred	day	Individually inspected original source assertion; role/event scope retained.	
wikidata-q1433750	operator	VKTA – Strahlenschutz, Analytik & Entsorgung Rossendorf e.V.	selected	base-statusbericht-2024	BASE status report as of 2024-12-31	https://doris.bfs.de/jspui/bitstream/urn:nbn:de:0221-2025072853653/1/BASE-N-01-2025.pdf	be35c24a896ff011e343d84750ec4c62406097bc9158d9070739f7a3f46ff2eb	native_original_pdf		2026-10-03	PDF/printed page 76, table II.4 row 28, Betreiber column	Operator named in the table compiled for the inventory at 2024-12-31. Table includes closed, released and decommissioning facilities and can name a historical operator. It does not assert that this institution still existed or was licensed in 2024, nor that it operated the original criticality event. Operator role/time must be explicit in final consumer.	Private source inspection; original publisher rights retained; no redistribution grant inferred		Individually inspected original source assertion; role/event scope retained.	
wikidata-q1433750	purpose	radioisotope production|neutron activation analysis|materials research|education	selected	base-statusbericht-2024	BASE status report as of 2024-12-31	https://doris.bfs.de/jspui/bitstream/urn:nbn:de:0221-2025072853653/1/BASE-N-01-2025.pdf	be35c24a896ff011e343d84750ec4c62406097bc9158d9070739f7a3f46ff2eb	native_original_pdf		2026-10-03	PDF/printed page 36, named reactor paragraph	Editorial paraphrase of stated historical uses; not inferred from reactor type.	Private source inspection; original publisher rights retained; no redistribution grant inferred		Individually inspected original source assertion; role/event scope retained.	
wikidata-q1433750	first_criticality	1957-12-16	selected	base-statusbericht-2024	BASE status report as of 2024-12-31	https://doris.bfs.de/jspui/bitstream/urn:nbn:de:0221-2025072853653/1/BASE-N-01-2025.pdf	be35c24a896ff011e343d84750ec4c62406097bc9158d9070739f7a3f46ff2eb	native_original_pdf		2026-10-03	PDF/printed page 76, table II.4 row 28, erste Kritikalität column	First criticality of the named reactor; preserve source precision. Operator column describes the reported operator in the 2024-12-31 status report, which can be a decommissioning operator.	Private source inspection; original publisher rights retained; no redistribution grant inferred	day	Individually inspected original source assertion; role/event scope retained.	
wikidata-q1672842	operator	Verein für Kernverfahrenstechnik und Analytik Rossendorf e.V.	selected	base-statusbericht-2024	BASE status report as of 2024-12-31	https://doris.bfs.de/jspui/bitstream/urn:nbn:de:0221-2025072853653/1/BASE-N-01-2025.pdf	be35c24a896ff011e343d84750ec4c62406097bc9158d9070739f7a3f46ff2eb	native_original_pdf		2026-10-03	PDF/printed page 76, table II.4 row 25, Betreiber column	Operator named in the table compiled for the inventory at 2024-12-31. Table includes closed, released and decommissioning facilities and can name a historical operator. It does not assert that this institution still existed or was licensed in 2024, nor that it operated the original criticality event. Operator role/time must be explicit in final consumer.	Private source inspection; original publisher rights retained; no redistribution grant inferred		Individually inspected original source assertion; role/event scope retained.	
wikidata-q1672842	purpose		held	vkta-rake-rrr-original-decommissioning-1999	VKTA original1999-2 information paper RAKE and RRR decommissioning	https://www.vkta.de/wp/wp-content/uploads/2019/04/VKTA-Informationszeitung-1999-2.pdf	19e05208b359a3263ebc060782047a624f40896b50eb750aa396f8c3e173c57d	native_original_pdf	1999-08-24	2026-10-03	Individual source applicability review; no scalar event or operator value admitted.	VKTAoriginalPDF2reportsRAKEshutdowncompletion/release andRRRdecommissioning. It does not explicitly describeRAKEoriginalresearchuse in the inspected section. Remaining6pages not certified reviewed.	Private source inspection; publisher rights retained; no redistribution grant inferred		decommissioning_history_not_original_purpose	
wikidata-q1672842	first_criticality	1969-10-03	selected	base-statusbericht-2024	BASE status report as of 2024-12-31	https://doris.bfs.de/jspui/bitstream/urn:nbn:de:0221-2025072853653/1/BASE-N-01-2025.pdf	be35c24a896ff011e343d84750ec4c62406097bc9158d9070739f7a3f46ff2eb	native_original_pdf		2026-10-03	PDF/printed page 76, table II.4 row 25, erste Kritikalität column	First criticality of the named reactor; preserve source precision. Operator column describes the reported operator in the 2024-12-31 status report, which can be a decommissioning operator.	Private source inspection; original publisher rights retained; no redistribution grant inferred	day	Individually inspected original source assertion; role/event scope retained.	
wikidata-q2167682	operator	Verein für Kernverfahrenstechnik und Analytik Rossendorf e.V.	selected	base-statusbericht-2024	BASE status report as of 2024-12-31	https://doris.bfs.de/jspui/bitstream/urn:nbn:de:0221-2025072853653/1/BASE-N-01-2025.pdf	be35c24a896ff011e343d84750ec4c62406097bc9158d9070739f7a3f46ff2eb	native_original_pdf		2026-10-03	PDF/printed page 76, table II.4 row 26, Betreiber column	Operator named in the table compiled for the inventory at 2024-12-31. Table includes closed, released and decommissioning facilities and can name a historical operator. It does not assert that this institution still existed or was licensed in 2024, nor that it operated the original criticality event. Operator role/time must be explicit in final consumer.	Private source inspection; original publisher rights retained; no redistribution grant inferred		Individually inspected original source assertion; role/event scope retained.	
wikidata-q2167682	purpose		held	vkta-rake-rrr-original-decommissioning-1999	VKTA original1999-2 information paper RAKE and RRR decommissioning	https://www.vkta.de/wp/wp-content/uploads/2019/04/VKTA-Informationszeitung-1999-2.pdf	19e05208b359a3263ebc060782047a624f40896b50eb750aa396f8c3e173c57d	native_original_pdf	1999-08-24	2026-10-03	Individual source applicability review; no scalar event or operator value admitted.	VKTAoriginalPDF2RRRdismantlingplusFastInsertGridexperimental-equipment disposal not alone explicit originalscientificpurpose. Retainpurposeunknownpendingoriginaloperatingpaper.	Private source inspection; publisher rights retained; no redistribution grant inferred		decommissioning_activity_not_original_use	
wikidata-q2167682	first_criticality	1962-12-16	selected	base-statusbericht-2024	BASE status report as of 2024-12-31	https://doris.bfs.de/jspui/bitstream/urn:nbn:de:0221-2025072853653/1/BASE-N-01-2025.pdf	be35c24a896ff011e343d84750ec4c62406097bc9158d9070739f7a3f46ff2eb	native_original_pdf		2026-10-03	PDF/printed page 76, table II.4 row 26, erste Kritikalität column	First criticality of the named reactor; preserve source precision. Operator column describes the reported operator in the 2024-12-31 status report, which can be a decommissioning operator.	Private source inspection; original publisher rights retained; no redistribution grant inferred	day	Individually inspected original source assertion; role/event scope retained.	
wikidata-q2247630	operator	Kernforschungszentrum Karlsruhe GmbH	selected	base-statusbericht-2024	BASE status report as of 2024-12-31	https://doris.bfs.de/jspui/bitstream/urn:nbn:de:0221-2025072853653/1/BASE-N-01-2025.pdf	be35c24a896ff011e343d84750ec4c62406097bc9158d9070739f7a3f46ff2eb	native_original_pdf		2026-10-03	PDF/printed page 73, table II.4 row 3, Betreiber column	Operator named in the table compiled for the inventory at 2024-12-31. Table includes closed, released and decommissioning facilities and can name a historical operator. It does not assert that this institution still existed or was licensed in 2024, nor that it operated the original criticality event. Operator role/time must be explicit in final consumer.	Private source inspection; original publisher rights retained; no redistribution grant inferred		Individually inspected original source assertion; role/event scope retained.	
wikidata-q2247630	purpose	fast-reactor lattice studies|reactor-physics measurement method development	selected	karlsruhe-original-integral-experiments-1970	Karlsruhe1970original authors integral experiments SUAK STARK SNEAK	https://publikationen.bibliothek.kit.edu/270004446/3810562	0e46a5f36ee57f04da03934bb3c88aa149c932e3a6c8b87c153c85c9a9786eba	native_original_pdf	1970-10	2026-10-03	PDF20 / printed14, section4 itemb STARK	Named fast-thermal STARK used for experimental-method checking and fast-lattice studies; original KFK303 measurements corroborate actual use.	Private source inspection; publisher rights retained; no redistribution grant inferred		explicit original reactor-author use statement	"[{""source_id"":""karlsruhe-stark-original-neutron-measurements-1965"",""original_url"":""https://publikationen.bibliothek.kit.edu/270001267/3809604"",""sha256"":""c667205b9bfbf737b67728ead79124132218b7b2811cd22be05610d73662a4f7"",""admissibility"":""Inspected native original contextual corroboration; role/event scope not expanded."",""locator"":""KFK303 native PDF5, section1 Introduction pulsed-source/noise method comparison onSTARK; PDF6 system description.""}]"
wikidata-q2247630	first_criticality	1963-01-11	selected	base-statusbericht-2024	BASE status report as of 2024-12-31	https://doris.bfs.de/jspui/bitstream/urn:nbn:de:0221-2025072853653/1/BASE-N-01-2025.pdf	be35c24a896ff011e343d84750ec4c62406097bc9158d9070739f7a3f46ff2eb	native_original_pdf		2026-10-03	PDF/printed page 73, table II.4 row 3, erste Kritikalität column	First criticality of the named reactor; preserve source precision. Operator column describes the reported operator in the 2024-12-31 status report, which can be a decommissioning operator.	Private source inspection; original publisher rights retained; no redistribution grant inferred	day	Individually inspected original source assertion; role/event scope retained.	
wikidata-q1789189	operator	Kernforschungszentrum Karlsruhe GmbH	selected	base-statusbericht-2024	BASE status report as of 2024-12-31	https://doris.bfs.de/jspui/bitstream/urn:nbn:de:0221-2025072853653/1/BASE-N-01-2025.pdf	be35c24a896ff011e343d84750ec4c62406097bc9158d9070739f7a3f46ff2eb	native_original_pdf		2026-10-03	PDF/printed page 73, table II.4 row 1, Betreiber column	Operator named in the table compiled for the inventory at 2024-12-31. Table includes closed, released and decommissioning facilities and can name a historical operator. It does not assert that this institution still existed or was licensed in 2024, nor that it operated the original criticality event. Operator role/time must be explicit in final consumer.	Private source inspection; original publisher rights retained; no redistribution grant inferred		Individually inspected original source assertion; role/event scope retained.	
wikidata-q1789189	purpose	fast-reactor critical experiments|technical mock-ups of fast power reactors	selected	karlsruhe-original-integral-experiments-1970	Karlsruhe1970original authors integral experiments SUAK STARK SNEAK	https://publikationen.bibliothek.kit.edu/270004446/3810562	0e46a5f36ee57f04da03934bb3c88aa149c932e3a6c8b87c153c85c9a9786eba	native_original_pdf	1970-10	2026-10-03	PDF20 / printed14, section4 itemc SNEAK; BASE2024PDF73row1 exact expanded name and acronym bridge	Baseline SchnelleNullenergieAnordnung maps SNEAK, not nearby subcriticalSUAK. Critical physics-core experiments and technical mock-ups explicitly reported for SNEAK. Preserve existing original1966criticality observation; SUAK1964commissioning is separate.	Private source inspection; publisher rights retained; no redistribution grant inferred		explicit original SNEAK use with independent native inventory identity bridge	"[{""source_id"":""base-statusbericht-2024"",""original_url"":""https://doris.bfs.de/jspui/bitstream/urn:nbn:de:0221-2025072853653/1/BASE-N-01-2025.pdf"",""sha256"":""be35c24a896ff011e343d84750ec4c62406097bc9158d9070739f7a3f46ff2eb"",""admissibility"":""Inspected native original contextual corroboration; role/event scope not expanded.""}]"
wikidata-q1789189	first_criticality	1966-12-15	selected	base-statusbericht-2024	BASE status report as of 2024-12-31	https://doris.bfs.de/jspui/bitstream/urn:nbn:de:0221-2025072853653/1/BASE-N-01-2025.pdf	be35c24a896ff011e343d84750ec4c62406097bc9158d9070739f7a3f46ff2eb	native_original_pdf		2026-10-03	PDF/printed page 73, table II.4 row 1, erste Kritikalität column	First criticality of the named reactor; preserve source precision. Operator column describes the reported operator in the 2024-12-31 status report, which can be a decommissioning operator.	Private source inspection; original publisher rights retained; no redistribution grant inferred	day	Individually inspected original source assertion; role/event scope retained.	
wikidata-q1651536	operator	Technische Universität München	selected	base-statusbericht-2024	BASE status report as of 2024-12-31	https://doris.bfs.de/jspui/bitstream/urn:nbn:de:0221-2025072853653/1/BASE-N-01-2025.pdf	be35c24a896ff011e343d84750ec4c62406097bc9158d9070739f7a3f46ff2eb	native_original_pdf		2026-10-03	PDF/printed page 74, table II.4 row 9, Betreiber column	Operator named in the table compiled for the inventory at 2024-12-31. Table includes closed, released and decommissioning facilities and can name a historical operator. It does not assert that this institution still existed or was licensed in 2024, nor that it operated the original criticality event. Operator role/time must be explicit in final consumer.	Private source inspection; original publisher rights retained; no redistribution grant inferred		Individually inspected original source assertion; role/event scope retained.	
wikidata-q1651536	purpose		unknown	bundestag-original-research-reactors-2004	German Bundestag original government research-reactor report 15/3650	https://dserver.bundestag.de/btd/15/036/1503650.pdf	15d02488910e058fdef75c2591840db9e1d7fc24c60baab7f4b216040b23fb9a	native_original_pdf	2004	2026-10-04	Native PDF98 / printed98, Annex2-3 individual SAR row	The original government table identifies SAR with its operator, reactor type and shutdown/criticality data but does not state its specific research/training use. This scoped no-fill concerns this inspected row; reactor type is not promoted to a purpose, nor is a purpose borrowed from another Argonaut unit.	Private source inspection; publisher rights retained; no redistribution grant inferred		Individual government unit entry inspected; specific-use assertion absent from cited entry	
wikidata-q1651536	first_criticality	1959-06-23	selected	base-statusbericht-2024	BASE status report as of 2024-12-31	https://doris.bfs.de/jspui/bitstream/urn:nbn:de:0221-2025072853653/1/BASE-N-01-2025.pdf	be35c24a896ff011e343d84750ec4c62406097bc9158d9070739f7a3f46ff2eb	native_original_pdf		2026-10-03	PDF/printed page 74, table II.4 row 9, erste Kritikalität column	First criticality of the named reactor; preserve source precision. Operator column describes the reported operator in the 2024-12-31 status report, which can be a decommissioning operator.	Private source inspection; original publisher rights retained; no redistribution grant inferred	day	Individually inspected original source assertion; role/event scope retained.	
wikidata-q19964054	operator		composite	mpiwg-gottow-original-history-preprint203	MPIWG original preprint203 historical account of German atomic research	https://www.mpiwg-berlin.mpg.de/Preprints/P203.PDF	70d6472da07fbf9cb8203f43d50860112709e02d77771224a2f6e9769c18f504	native_original_pdf	2002	2026-10-04	Native PDF11 / printed10 footnote45; native PDF20 Gottow group listing	Kant2002 reports the Diebner Gottow group under Army Ordnance and transfer to Physikalisch-Technische Reichsanstalt administration inMarch1943. An imported experimental site spanning these responsibilities cannot be assigned one scalar reactor operator.	Private source inspection; publisher rights retained; no redistribution grant inferred		Individually documented temporal/site responsibility changes; no single-unit operator	
wikidata-q19964054	purpose	Experimental reactor physics for uranium-chain-reaction research (Gottow experimental site)	selected	mpg-gottow-original-archive-inventory	Max Planck archive Uranprojekt experiment inventory	https://www.archiv-berlin.mpg.de/83592/uranprojekt_uebersichten.pdf	c10c00577880dc31565091c72c17cd6808a09a75f0107ffcef690e4cd659525f	native_original_pdf		2026-10-04	Native PDF31 / printed31, sectionIV Reaktorgrossversuche and Gottower Versuchsreihe	The custodian archive explicitly describes the experimental series as acquiring nuclear-physics data for construction of a uranium chain-reaction apparatus, and names Gottow GI-GIII. Preserve the imported site identity; this is the historical site/series purpose, not one operating reactor.	Private source inspection; publisher rights retained; no redistribution grant inferred		Original custodian inventory states series objective and identifies the Gottow experiments	
wikidata-q19964054	first_criticality		composite	mpg-gottow-original-archive-inventory	Max Planck archive Uranprojekt experiment inventory	https://www.archiv-berlin.mpg.de/83592/uranprojekt_uebersichten.pdf	c10c00577880dc31565091c72c17cd6808a09a75f0107ffcef690e4cd659525f	native_original_pdf		2026-10-04	Native PDF31 / printed31, Gottower Versuchsreihe GI bis GIII (GIV?)	Gottow is explicitly a sequence of experiments GI1941, GII1942/43 and GIII1943/44; possibleGIV is marked uncertain by the source. These experiment dates and neutron multiplication are not first-criticality dates for one reactor. The Haigerloch critical-mass statement belongs to another site.	Private source inspection; publisher rights retained; no redistribution grant inferred		Exact site-versus-series identity and event distinction prevent a scalar criticality date	
wikidata-q206580	operator	Hochschule Zittau/Görlitz (FH), Fachbereich Maschinenbauwesen	selected	base-statusbericht-2024	BASE status report as of 2024-12-31	https://doris.bfs.de/jspui/bitstream/urn:nbn:de:0221-2025072853653/1/BASE-N-01-2025.pdf	be35c24a896ff011e343d84750ec4c62406097bc9158d9070739f7a3f46ff2eb	native_original_pdf		2026-10-03	PDF/printed page 76, table II.4 row 27, Betreiber column	Operator named in the table compiled for the inventory at 2024-12-31. Table includes closed, released and decommissioning facilities and can name a historical operator. It does not assert that this institution still existed or was licensed in 2024, nor that it operated the original criticality event. Operator role/time must be explicit in final consumer.	Private source inspection; original publisher rights retained; no redistribution grant inferred		Individually inspected original source assertion; role/event scope retained.	
wikidata-q206580	purpose	nuclear-engineering education|experimental reactor-physics training|research	selected	dresden-original-akr-history-zlfr-brochure	TU Dresden original AKR2 teaching brochure with historic ZLFR	https://tu-dresden.de/ing/maschinenwesen/iet/wket/ressourcen/dateien/akr2/Lehrmaterialien/broschuere_akr-2.pdf	44e6f5c26d06a4b34d32156d9057f85dacbf75afd34bfa8c0a57f849061e5bba	native_original_pdf	2005-07	2026-10-03	PDF3 / printed2, section1 named14trainingreactors andZLFR; PDF16 / printed15 historicalZLFRexperimentaltraining transfer	OriginalJuly2005TUDresdenbrochure explicitly includesZLFRin operatedteaching/research group and transfersformerZLFRreactorphysics training toAKR2 aftershutdown. PresentHSZGmuseum/reactorsimulator is not historical nuclear reactor operation.	Private source inspection; publisher rights retained; no redistribution grant inferred		explicit original institutional historical training and research use	"[{""source_id"":""hszg-zlfr-original-teaching-cabinet-history"",""original_url"":""https://f-m.hszg.de/fakultaet/labore/energietechnisches-kabinett"",""sha256"":""d60b99c3109bf57d8739d548a6dcbab3cf6d67c12657f93441faa6993abc2577"",""admissibility"":""Inspected native original contextual corroboration; role/event scope not expanded.""}]"
wikidata-q206580	first_criticality	1979-05-25	selected	base-statusbericht-2024	BASE status report as of 2024-12-31	https://doris.bfs.de/jspui/bitstream/urn:nbn:de:0221-2025072853653/1/BASE-N-01-2025.pdf	be35c24a896ff011e343d84750ec4c62406097bc9158d9070739f7a3f46ff2eb	native_original_pdf		2026-10-03	PDF/printed page 76, table II.4 row 27, erste Kritikalität column	First criticality of the named reactor; preserve source precision. Operator column describes the reported operator in the 2024-12-31 status report, which can be a decommissioning operator.	Private source inspection; original publisher rights retained; no redistribution grant inferred	day	Individually inspected original source assertion; role/event scope retained.	
wikidata-q52161703	first_criticality	1994-12	selected	iaea-research-reactor-status-pub1201	IAEA Status of the Decommissioning of Nuclear Facilities around the World Pub1201	https://www-pub.iaea.org/MTCD/Publications/PDF/Pub1201_web.pdf	beef788ca543861294d7e91ba29156d3ea630ed19eef763f26663e34082e85a2	native_original_pdf	2004-08	2026-10-03	PDF73 / annex printed8; Ghana / Gharr-1, Date of Criticality column	Named MNSR30kW unit; month only.	Private source inspection; publisher rights retained; no redistribution grant inferred	month	explicit named inventory criticality row	
wikidata-q3085713	purpose	neutron-beam research|material irradiation|fuel testing|neutron activation analysis|radioisotope production|engineer and scientist training	selected	barc-cirus-reactor-table	BARC CIRUS reactor characteristics and historical uses	https://www.barc.gov.in/reactor/index.html?tab=4	1928fb1410d7e5173c37ce344b72ab0b870d66f41cefd03c598727e9afb69203	native_original_html		2026-10-03	CIRUS historical paragraph and named table Uses item 13	Historical CIRUS operating uses; this reactor was permanently shut down in 2010. No current operating-capability claim.	Private inspection only; publisher rights retained; no redistribution grant inferred		historical_operating_purpose	
wikidata-q3085713	first_criticality	1960-07-10	selected	barc-cirus-reactor-table	BARC CIRUS reactor characteristics and historical uses	https://www.barc.gov.in/reactor/index.html?tab=4	1928fb1410d7e5173c37ce344b72ab0b870d66f41cefd03c598727e9afb69203	native_original_html		2026-10-03	CIRUS characteristics table, item 2 Date of Criticality; extracted lines 248-250	Actual initial CIRUS criticality; later refurbishment and permanent shutdown are different events.	Private inspection only; publisher rights retained; no redistribution grant inferred	day	actual_initial_criticality	
wikidata-q5424659	purpose	fast-neutron irradiation|structural-material development|fast-reactor fuel development|radioisotope production	selected	igcar-fbtr-director-2024	IGCAR director message, 39 years of FBTR operation, 2024-10-18	https://www.igcar.gov.in/document/FBTR40years.pdf	16e2a643b54c57b036425f4b4f8653e4fd0ea6377cd41440e59f73007d852598	native_original_pdf	2024-10-18	2026-10-03	Original PDF page 1, first paragraph, visually inspected	FBTR uses described by IGCAR director in the dated 2024-10-18 message. No inferred post-source operational status or capability expansion.	Private inspection only; publisher rights retained; no redistribution grant inferred		dated_operating_purpose	
wikidata-q5424659	first_criticality	1985-10-18	selected	igcar-fbtr-director-2024	IGCAR director message, 39 years of FBTR operation, 2024-10-18	https://www.igcar.gov.in/document/FBTR40years.pdf	16e2a643b54c57b036425f4b4f8653e4fd0ea6377cd41440e59f73007d852598	native_original_pdf	2024-10-18	2026-10-03	Original PDF page 1, first paragraph, visually inspected	Actual FBTR initial criticality. Distinct from PFBR, later grid connection and subsequent full-power milestones.	Private inspection only; publisher rights retained; no redistribution grant inferred	day	actual_initial_criticality	
wikidata-q5973356	purpose	Radioisotope production and reactor-physics/materials research (planned modernized Arak design)	held	jcpoa-original-arak-agreement-2015	Dutch official treaty publication of original JCPOA Arak commitments	https://zoek.officielebekendmakingen.nl/trb-2015-143.html	6420e20817d550101ce103dfd342d9b1679c3835ce40f696569c26b145b2ba01	native_original_html	2015	2026-10-04	Native JCPOA AnnexI sectionB and modernized Arak design annex	The treaty specifies intended uses for a redesigned Arak heavy-water reactor. Preserve the original imported Arak/IR40 identity and do not silently substitute the modernized successor design or assert actual irradiation service.	Private source inspection; publisher rights retained; no redistribution grant inferred		Original treaty planned redesign purpose; original-versus-modernized identity prevents selected actual-use fill	
wikidata-q5973356	first_criticality		held	iaea-original-iran-report-gov2025-24	IAEA original verification and monitoring report GOV/2025/24	https://www.iaea.org/sites/default/files/25/06/gov2025-24.pdf	b2b158439b3e126594a78913c90b5cb5ba2407fe1d786224487721a3100b217a	native_original_pdf	2025	2026-10-04	Native PDF3 / printed3, table Arak Heavy Water Research Reactor lastverified14May2025	The original IAEA report records safeguards verification14May2025, not first criticality. This inspection date cannot become a criticality event. The separate20June2025IAEAstatement was browser-readable but nativecaptureHTTP403; it is not admitted as an original payload and no never-critical claim is made.	Private source inspection; publisher rights retained; no redistribution grant inferred		Individually inspected safeguards-date/event distinction; no actual criticality event supported	
wikidata-q5916559	purpose	Education, research, radioisotope production and irradiation	selected	aeoi-original-tehran-waste-contribution-2023	AEOI author Ramin Salartash original Tehran Research Reactor waste-treatment contribution 2023	https://conferences.iaea.org/event/330/contributions/28876/	cb3ccfa9a51c9280ea4e0bb512c70bf8753daf3356045916cc92e580a610b6e8	native_original_html	2023	2026-10-04	Native author contribution Description, opening sentence	AEOI author Ramin Salartash identifies the Tehran Research Reactor and its stated design purposes. No new operator, isotope inventory or criticality date is inferred.	Private source inspection; publisher rights retained; no redistribution grant inferred		Original AEOI-authored conference contribution states named-unit purposes	
wikidata-q5916559	first_criticality	1967-11	selected	iaea-research-reactor-status-pub1201	IAEA Status of the Decommissioning of Nuclear Facilities around the World Pub1201	https://www-pub.iaea.org/MTCD/Publications/PDF/Pub1201_web.pdf	beef788ca543861294d7e91ba29156d3ea630ed19eef763f26663e34082e85a2	native_original_pdf	2004-08	2026-10-03	PDF74 / annex printed9; Iran / TRR, Date of Criticality column	Iranian pool5000kW TRR; exclude Taiwan/China TRR names.	Private source inspection; publisher rights retained; no redistribution grant inferred	month	explicit named inventory criticality row	
wikidata-q126285275	purpose	nuclear-engineering education|reactor-operator training|reactor-physics research|applied neutronics|neutron dosimetry|nuclear instrumentation testing	selected	palermo-original-costanza-faculty-2009	The Zero Power Nuclear Reactor AGN-201 Costanza as a tool for Higher Education and Research in Nuclear Engineering, Elio Angelo Tomarchio	https://www.unipa.it/persone/docenti/t/elio.tomarchio/en/?idPubblicazione=49677&pagina=pubblicazione	60f5c32dddfd69c34d3989f6aef84e2268fa88aa44e1b4f50d53c8a60aaa3602	native_original_html	2009	2026-10-04	Native UniversityPalermo publication page,2009 author abstract	Original2009publishedauthorabstract exact AGN201Costanza use. Distinct ownlabpage corroborateseducationandactivation but no datedpresent-operationstatus inferred. IRIS403body remains unavailable; original university author page is independentlycaptured.	Private original source inspection only; no redistribution or training grant inferred		explicit original university reactor-author educational and research use	"[{""source_id"":""palermo-original-deim-laboratories"",""original_url"":""https://www.unipa.it/dipartimenti/deim/struttura/laboratori.html"",""sha256"":""114c2632f7930e17c3e109f2443b225e5458babc3f45909690ed603b5a1bd6a4"",""admissibility"":""Original contextual corroboration only; event, role and unit scopes not expanded.""}]"
wikidata-q126285275	first_criticality	1960-02	selected	iaea-research-reactor-status-pub1201	IAEA Status of the Decommissioning of Nuclear Facilities around the World Pub1201	https://www-pub.iaea.org/MTCD/Publications/PDF/Pub1201_web.pdf	beef788ca543861294d7e91ba29156d3ea630ed19eef763f26663e34082e85a2	native_original_pdf	2004-08	2026-10-03	PDF74 / annex printed9; Italy / AGN 201, Costanza, Date of Criticality column	Named homogeneous0.02kW critical unit.	Private source inspection; publisher rights retained; no redistribution grant inferred	month	explicit named inventory criticality row	
wikidata-q91020694	operator	Agip Nucleare	held	enea-original-rb2-history	ENEA historical archive, Montecuccolino laboratory and RB2	https://archiviostoriconucleare.enea.it/centriricerca/l.r.%20montecuccolino%20%E2%80%93%20ingegneria%20nucleare	f80bcddc1bbdac51d073885473164114cf4957c1718fd84a099b59482e08140c	native_original_html		2026-10-04	Native individually inspected section specified in scope: Historical direct use and later joint research by named organisations are documented. Explicit institutional operating/licensed role not established in inspected narrative; hold claim and preserve scalarblank.	Historical direct use and later joint research by named organisations are documented. Explicit institutional operating/licensed role not established in inspected narrative; hold claim and preserve scalarblank.	Private original source inspection only; no redistribution or training grant inferred		Individual original-source unit/role/event review; no scalarfill until exact assertion supported.	
wikidata-q91020694	purpose	reactor experimentation|nuclear research	selected	enea-original-rb2-history	ENEA historical archive, Montecuccolino laboratory and RB2	https://archiviostoriconucleare.enea.it/centriricerca/l.r.%20montecuccolino%20%E2%80%93%20ingegneria%20nucleare	f80bcddc1bbdac51d073885473164114cf4957c1718fd84a099b59482e08140c	native_original_html		2026-10-04	Native Montecuccolino history, RB2paragraph and following RB1/RB2research-completion sentence	Historical RB2experimentalresearch including1972-1981 ENEA-AgipNucleare-EURATOM programme. Specific CIRENEcomponenttests belong to RB3 and are excluded.1964entryintooperation is not firstcriticality.	Private original source inspection only; no redistribution or training grant inferred		explicit original ENEA historical named-reactor experimentation and research use	
wikidata-q91020694	first_criticality	1963-05	selected	iaea-research-reactor-status-pub1201	IAEA Status of the Decommissioning of Nuclear Facilities around the World Pub1201	https://www-pub.iaea.org/MTCD/Publications/PDF/Pub1201_web.pdf	beef788ca543861294d7e91ba29156d3ea630ed19eef763f26663e34082e85a2	native_original_pdf	2004-08	2026-10-03	PDF74 / annex printed9; Italy / RB-2, Date of Criticality column	Argonaut10kW row identifies Reattore Bologna Due; RB1/RB3 excluded.	Private source inspection; publisher rights retained; no redistribution grant inferred	month	explicit named inventory criticality row	
wikidata-q1683189	operator	Japan Atomic Energy Research Institute (JAERI)	held	jaea-jpdr-decommissioning-encyclopedia	jaea-jpdr-decommissioning-encyclopedia	https://atomica.jaea.go.jp/data/detail/dat_detail_05-02-04-09.html	bcbbe468a2662de61a899827da7fcd529b9661e4b215579b1287e9d8180cfadd	native_original_html	2001-03	2026-10-03	Main text opening Japanese JAERI1981commissioned decommissioning development/testing paragraph	Source explicitly identifies decommissioning development and practical testing by JAERI, and governmental page calls JPDR its reactor. This does not explicitly name original operational/licensed operator; retain historical responsibility as held assertion, not scalar fill.	Private source inspection; original publisher rights retained; no redistribution grant inferred		historical decommissioning responsibility; operating role unproven	"[{""source_id"":""aec-japan-research-reactors-white-paper-1969"",""original_url"":""https://www.aec.go.jp/kettei/hakusho/1969/sb801.html"",""sha256"":""ce915aba7d06714ed276f05f8a7e0e5f5a407dbc992f9f9fc0dfd10a032ee6cd"",""admissibility"":""Inspected native original contextual corroboration; role/event scope not expanded.""}]"
wikidata-q1683189	purpose	power-reactor operating experience|reactor-characteristics research|domestic prototype fuel irradiation	selected	aec-japan-research-reactors-white-paper-1969	Japan Atomic Energy Commission1969original whitepaper research reactor operations	https://www.aec.go.jp/kettei/hakusho/1969/sb801.html	ce915aba7d06714ed276f05f8a7e0e5f5a407dbc992f9f9fc0dfd10a032ee6cd	native_original_html		2026-10-03	Chapter8 section1, JPDR paragraph	Historical JPDR uses and JPDRII modification distinguished; no claim current power generation or first-electricity equals criticality.	Private source inspection; publisher rights retained; no redistribution grant inferred		government original named-reactor use statement	"[{""source_id"":""jaea-jpdr-history-encyclopedia"",""original_url"":""https://atomica.jaea.go.jp/data/detail/dat_detail_16-03-04-01.html"",""sha256"":""e0f22645091db73dfee607f64aeba0a4316f7533876b760c3e98dd549f7f4bb1"",""admissibility"":""Inspected native original contextual corroboration; role/event scope not expanded.""}]"
wikidata-q1683189	first_criticality	1963-08-22	selected	jaeri-jpdr-radiation-control-1973	jaeri-jpdr-radiation-control-1973	https://jopss.jaea.go.jp/pdfdata/JAERI-M-5084.pdf	f1d57c753826ca7a40d9096274ea8ad427a93dcbf3eafb39be17ecb6590b32f6	native_original_pdf		2026-10-03	Original PDF physical page 2, Japanese abstract; rendered original inspected	Explicit JPDR-I initial criticality, followed by 1969 shutdown for JPDR-II modification. ATOMICA decommissioning overview incorrectly calls 1963-10-26 criticality; separate JAEA history calls October 26 first electricity. Preserve contradiction.	Private source inspection; original publisher rights retained; no redistribution grant inferred	day	Individually inspected original source assertion; role/event scope retained.	
wikidata-q22128039	operator	Japan Atomic Energy Research Institute (JAERI)	selected	jaea-jpdr-history-encyclopedia	jaea-jpdr-history-encyclopedia	https://atomica.jaea.go.jp/data/detail/dat_detail_16-03-04-01.html	e0f22645091db73dfee607f64aeba0a4316f7533876b760c3e98dd549f7f4bb1	native_original_html	2006-08	2026-10-03	Main text section1 原子力による初発電, named JRR1/JRR2/JRR3 construction-and-operation sentence	Historical JAERI explicitly built and operated named research reactors; JAEA successor branding is not historical operator. Original operator licence certificate not asserted.	Private source inspection; original publisher rights retained; no redistribution grant inferred		explicit historical construction-and-operation role	"[{""source_id"":""aec-japan-research-reactors-white-paper-1969"",""original_url"":""https://www.aec.go.jp/kettei/hakusho/1969/sb801.html"",""sha256"":""ce915aba7d06714ed276f05f8a7e0e5f5a407dbc992f9f9fc0dfd10a032ee6cd"",""admissibility"":""Inspected native original contextual corroboration; role/event scope not expanded.""}]"
wikidata-q22128039	purpose	joint-use nuclear research|reactor-operation training|experimental research	selected	aec-japan-research-reactors-white-paper-1969	Japan Atomic Energy Commission1969original whitepaper research reactor operations	https://www.aec.go.jp/kettei/hakusho/1969/sb801.html	ce915aba7d06714ed276f05f8a7e0e5f5a407dbc992f9f9fc0dfd10a032ee6cd	native_original_html		2026-10-03	Chapter8 section1, JRR1 paragraph	Explicit historical shared use, operation training and experiments since1957; shutdown and dismantling are separate.	Private source inspection; publisher rights retained; no redistribution grant inferred		government original named-reactor use statement	
wikidata-q22128039	first_criticality	1957-08-27	selected	jaeri-jrr1-radiation-monitoring-1958	jaeri-jrr1-radiation-monitoring-1958	https://jopss.jaea.go.jp/pdfdata/JAERI-1003-G.pdf	cfdab60107de6392f40c7d43d7df20a896bb3e400471b4518f60b892b8adaa25	native_original_pdf		2026-10-03	Original PDF physical page 2, Japanese/English abstracts; rendered page image inspected	Explicit criticality event. Original abstract dated April 1958; bibliographic edition date is separate. Scan has no useful text layer; do not treat blank extraction as absence of source evidence.	Private source inspection; original publisher rights retained; no redistribution grant inferred	day	Individually inspected original source assertion; role/event scope retained.	
wikidata-q22128060	operator	Japan Atomic Energy Research Institute (JAERI)	selected	jaea-jpdr-history-encyclopedia	jaea-jpdr-history-encyclopedia	https://atomica.jaea.go.jp/data/detail/dat_detail_16-03-04-01.html	e0f22645091db73dfee607f64aeba0a4316f7533876b760c3e98dd549f7f4bb1	native_original_html	2006-08	2026-10-03	Main text section1 named JRR2 construction-and-operation sentence	Historical original JAERI operation, not current JAEA licensing or decommissioning role.	Private source inspection; original publisher rights retained; no redistribution grant inferred		explicit historical construction-and-operation role	
wikidata-q22128060	purpose	neutron-beam experiments|radioisotope production|medical irradiation	selected	jaea-jrr2-decommissioning	JAEA JRR-2 decommissioning description	https://www.jaea.go.jp/english/04/ntokai/decommissioning/01/decommissioning_02_01.html	0e20c8254c72c8ae16a5fd9279cfa10b5b10a3bb81ddcd93e8977183c404a396	native_original_html		2026-10-03	Opening JRR-2 facility paragraph	Editorial paraphrase of explicitly reported uses. Operator still requires direct role evidence.	Private source inspection; original publisher rights retained; no redistribution grant inferred		Individually inspected original source assertion; role/event scope retained.	
wikidata-q22128060	first_criticality	1960-10-01	selected	jaea-jrr2-decommissioning	JAEA JRR-2 decommissioning description	https://www.jaea.go.jp/english/04/ntokai/decommissioning/01/decommissioning_02_01.html	0e20c8254c72c8ae16a5fd9279cfa10b5b10a3bb81ddcd93e8977183c404a396	native_original_html		2026-10-03	Opening JRR-2 facility paragraph	Explicit first criticality; not 1997 start of decommissioning.	Private source inspection; original publisher rights retained; no redistribution grant inferred	day	Individually inspected original source assertion; role/event scope retained.	
wikidata-q22128079	operator	Japan Atomic Energy Agency (JAEA), Nuclear Science Research Institute	selected	jaea-reactor-operation-annual-report-jfy2016	JAEAReview2020-072 JFY2016 original operation department report	https://jopss.jaea.go.jp/pdfdata/JAEA-Review-2020-072.pdf	8698ea18f8f08252c3681c12942d00489666e1666095ee4659f2f3b1d9b9302d	native_original_pdf	2021-03	2026-10-03	PDF4 / printedii, English abstract in-charge-of-operation paragraph and affiliation	Department manages JRR4 within NuclearScienceResearchInstitute in FY2016 report. Historical operation/maintenance and shutdown transition; not original1965JAERI or present2026licensed operation.	Private source inspection; publisher rights retained; no redistribution grant inferred		explicit institutional operation responsibility scopedFY2016	
wikidata-q22128079	purpose	nuclear-ship shielding experiments|boron neutron capture therapy|neutron activation analysis|silicon irradiation|education and training	selected	jaea-jrr4-decommissioning	jaea-jrr4-decommissioning	https://www.jaea.go.jp/english/04/ntokai/decommissioning/01/decommissioning_02_03.html	d3a92d48fe6ac86171c3761e1419c72e13beb8a682dae92d82c960fb55b89ee0	native_original_html		2026-10-03	Opening history paragraph and Facility Outline Purpose row	Historical original MUTSU purpose and subsequent applications explicitly reported; not a statement of current operation.	Private source inspection; original publisher rights retained; no redistribution grant inferred		Individually inspected original source assertion; role/event scope retained.	
wikidata-q22128079	first_criticality	1965-01-28	selected	jaea-research-reactor-history	jaea-research-reactor-history	https://drrta.jaea.go.jp/drrtae/1/13.htm	4c2375ee5c44edbf9e80fb2715b77b05c4262ded084b7213fcec72ca2f7dd941	native_original_html		2026-10-03	History table, 1965 row, JRR-4 column	Original first criticality. Same column separately reports 1998-07-14 first LEU-core criticality after modification; do not substitute the latter event.	Private source inspection; original publisher rights retained; no redistribution grant inferred	day	Individually inspected original source assertion; role/event scope retained.	
wikidata-q60988641	operator		held	kyoto-kuca-facility-ja	kyoto-kuca-facility-ja	https://www.rri.kyoto-u.ac.jp/CAD/facility.html	a790b6bd3d413a4aa344cce9c0d6c85d61e5af99f3c8e95141f56b72e26b86d8	native_original_html		2026-10-03	Individual source applicability review; no scalar event or operator value admitted.	Native Kyotoannualreport, NRAHTML and distinct NRAoriginalPDF all403; source receipts retained. Captured Kyoto ownhost/affiliation and web-rendered installer table are leads, not native-original licensed role proof.	Private source inspection; original publisher rights retained; no redistribution grant inferred		native_regulator_original_unavailable	
wikidata-q60988641	purpose	reactor-physics research|criticality-safety experiments	selected	kyoto-kuca-overview-en	kyoto-kuca-overview-en	https://www.rri.kyoto-u.ac.jp/CAD/index-EN.html	7ad48b6863bd148d76aba27e3da3d6107ac44feb3d5671d1f9e3b4ed3e1a2490	native_original_html		2026-10-03	Opening overview and named experimental-subject list	National university joint-use critical assembly with three cores, only one critical at a time. Institutional operator role still requires direct binding.	Private source inspection; original publisher rights retained; no redistribution grant inferred		Individually inspected original source assertion; role/event scope retained.	
wikidata-q60988641	first_criticality	1974-08-06	selected	kyoto-kuca-facility-ja	kyoto-kuca-facility-ja	https://www.rri.kyoto-u.ac.jp/CAD/facility.html	a790b6bd3d413a4aa344cce9c0d6c85d61e5af99f3c8e95141f56b72e26b86d8	native_original_html		2026-10-03	Section 5, KUCA research themes: fullwidth 1974年8月6日初臨界	Native cp932 source decoded strictly; dates normalized without inferred precision. First event for multi-core critical assembly, not March 1974 construction completion.	Private source inspection; original publisher rights retained; no redistribution grant inferred	day	Individually inspected original source assertion; role/event scope retained.	
wikidata-q16890026	operator	Japan Atomic Energy Agency (JAEA), Nuclear Science Research Institute	selected	jaea-nsrr-original-control-rod-report-2025	JAEAResearch2025-001 NSRR explicit operator and management	https://jopss.jaea.go.jp/pdfdata/JAEA-Research-2025-001.pdf	77ab7f07ddd7a1cc9890f7990240fcda4c47d68b855a6a241c0cd248cedc60e1	native_original_pdf	2025-06	2026-10-03	PDF9 / printed1, Introduction opening operated-and-managed sentence	Original June2025report explicitly identifies operating/managing institute. No independent2026licence verification; report scope and verified specificCCBY licence retained.	Private source inspection; publisher rights retained; no redistribution grant inferred		explicit operated-and-managed role in original reactor-author report	
wikidata-q16890026	purpose	nuclear fuel safety research|fuel behavior under reactivity-initiated accidents	selected	jaea-nsrr-facility	jaea-nsrr-facility	https://www.jaea.go.jp/english/04/ntokai/kasokuki/kasokuki_03.html	bd80dec3c0cdbcf8030c8817955fa3f94348365efb013bddea9173353059ac1d	native_original_html		2026-10-03	Opening NSRR description	Dedicated fuel-safety reactor purpose, with accident-physics scope; supporting JAEA research-review source describes RIA use. Operator remains separate from the builder GA.	Private source inspection; original publisher rights retained; no redistribution grant inferred		Individually inspected original source assertion; role/event scope retained.	
wikidata-q16890026	first_criticality	1975-06-11	selected	jaea-research-reactor-history	jaea-research-reactor-history	https://drrta.jaea.go.jp/drrtae/1/13.htm	4c2375ee5c44edbf9e80fb2715b77b05c4262ded084b7213fcec72ca2f7dd941	native_original_html		2026-10-03	History table, 1975 row, NSRR column	Explicit first criticality in the correctly matched NSRR column. Dedicated NSRR page independently repeats June 1975 at month precision.	Private source inspection; original publisher rights retained; no redistribution grant inferred	day	Individually inspected original source assertion; role/event scope retained.	
wikidata-q55525091	operator	Hitachi Group	selected	hitachi-htr-ozenji-ja	hitachi-htr-ozenji-ja	https://www.hitachi.com/ja-jp/products/energy/nuclear/activities/ozenji/	11d25b04b4a0a8b112638837b645cfe1fa87671c043af0bae5a181ffa3883b39	native_original_html		2026-10-03	Opening HTR description: 日立教育訓練用原子炉 and explicitly reported Hitachi Group operation	Exact Japanese original-entity label binds directly to the primary page and its HTR English expansion. Reported historical operator group, not a newly inferred licensing entity.	Private source inspection; original publisher rights retained; no redistribution grant inferred		Individually inspected original source assertion; role/event scope retained.	
wikidata-q55525091	purpose	light-water reactor safety research|therapeutic irradiation|engineer education and training	selected	hitachi-htr-ozenji	hitachi-htr-ozenji	https://www.hitachi.com/en/products/energy/nuclear/activities/ozenji/	98463325dbe649f38553317a80ed98cd995c165e6c82864be7e818ddeaaae3ff	native_original_html		2026-10-03	Opening HTR applications paragraph	Historical Doppler-effect safety tests, brain-tumor irradiation and engineer training. OCF is a different device and has not been substituted.	Private source inspection; original publisher rights retained; no redistribution grant inferred		Individually inspected original source assertion; role/event scope retained.	
wikidata-q55525091	first_criticality	1961	selected	hitachi-htr-ozenji	hitachi-htr-ozenji	https://www.hitachi.com/en/products/energy/nuclear/activities/ozenji/	98463325dbe649f38553317a80ed98cd995c165e6c82864be7e818ddeaaae3ff	native_original_html		2026-10-03	Removal of spent fuels section, first criticality statement	Year precision only, corroborated by Japanese primary page matching the exact original label; no guessed month/day.	Private source inspection; original publisher rights retained; no redistribution grant inferred	year	Individually inspected original source assertion; role/event scope retained.	
wikidata-q22948669	first_criticality	2016-04-25	selected	jaec-jrtr-original-criticality-author-2017	JAEC author contribution: Status of the Jordanian research and training reactor	https://indico.frm2.tum.de/event/51/contributions/837/	64145df73b35ad1e88903e197f72dcd33986f94d90006a8410a8429a84ad8bbf	native_original_html		2026-10-04	Native author abstract, initial-criticality sentence after irradiation and beam-port description	Actual initial criticality using an external neutron source on25April2016; later hot commissioning tests are separate. Conference schedule August2017 is not publication or event date.	Private original source inspection only; no redistribution or training grant inferred	day	explicit actual initial criticality in JAEC author original abstract	
wikidata-q2767127	purpose	Reactor reactivity measurements	held	tue-athene-original-reactivity-thesis	TU Eindhoven original ATHENE reactivity thesis record	https://research.tue.nl/en/studentTheses/reactiviteitsbepaling-in-de-athene-reactor	2a46ab80e27dc2ec8a017c8e41132f2acdf889e9490d3cd6e88f9ef573d85e0a	native_original_html		2026-10-04	Native TU Eindhoven entry, title and Master-thesis metadata	Beerendonk authored Reactiviteitsbepaling in de Athene-reactor, awarded31August1972. The original repository entry supports a research topic, but the thesis payload returnedHTTP403; keep the proposed facility-purpose claim held pending original experimental-body inspection.	Private source inspection; publisher rights retained; no redistribution grant inferred		Original academic record retained; thesis title is not substituted for inspected experimental use	
wikidata-q2767127	first_criticality		unknown	tue-athene-original-reactivity-thesis	TU Eindhoven original ATHENE reactivity thesis record	https://research.tue.nl/en/studentTheses/reactiviteitsbepaling-in-de-athene-reactor	2a46ab80e27dc2ec8a017c8e41132f2acdf889e9490d3cd6e88f9ef573d85e0a	native_original_html		2026-10-04	Native TU Eindhoven entry, DateofAward31August1972	The native repository records a1972thesis award, not ATHENE first criticality. Its publication/award date cannot be used as a reactor event date; native original thesis retrieval failedHTTP403 and is preserved.	Private source inspection; publisher rights retained; no redistribution grant inferred		Individually inspected source-date/event distinction; actual criticality not documented in this entry	
wikidata-q3466167	operator	Reactor Centrum Nederland	held	wur-barn-original-reactor-paper	Original Wageningen paper describing BARN	https://edepot.wur.nl/416897	3e6d164f2369363e9ae7213582cfae6bcd4b26081aacc93e8dfd5c68c0b1ff61	native_original_pdf	1962-06	2026-10-04	Native PDF11 / printed13, AppendixI Research reactor	The original EURATOM-ITAL1961 annual report, publishedJune1962, assigns design and construction direction to Reactor Centrum Nederland. This is not an explicit institutional operating role; projected criticality in spring1963 is not an actual event.	Private source inspection; publisher rights retained; no redistribution grant inferred		Named construction-direction role is not accepted as reactor operator	
wikidata-q3466167	purpose	Biological and agricultural neutron-irradiation research	selected	wur-barn-original-biological-thesis	Original Wageningen thesis on irradiating plant material in BARN	https://edepot.wur.nl/289990	5c32aec68cdfb1c312a183d44e690c0a50aa1e7cec732b554dd60d5dd65aff7b	native_original_pdf	1970	2026-10-04	Native PDF10-11 / printed11-12, section3.3 and irradiation conditions	Contant1970 reports actual BARN irradiation of tomato seeds and describes its biological irradiation chamber. Scope is historical agricultural/biological neutron irradiation, not power production.	Private source inspection; publisher rights retained; no redistribution grant inferred		Original experimental thesis identifies named irradiation facility and actual biological experiments	
wikidata-q3466167	first_criticality	1963-04	selected	iaea-research-reactor-status-pub1201	IAEA Status of the Decommissioning of Nuclear Facilities around the World Pub1201	https://www-pub.iaea.org/MTCD/Publications/PDF/Pub1201_web.pdf	beef788ca543861294d7e91ba29156d3ea630ed19eef763f26663e34082e85a2	native_original_pdf	2004-08	2026-10-03	PDF76 / annex printed11; Netherlands / BARN, Date of Criticality column	Named Dutch pool100kW unit; not nearby HOR.	Private source inspection; publisher rights retained; no redistribution grant inferred	month	explicit named inventory criticality row	
wikidata-q2450052	first_criticality	1963-04	selected	iaea-research-reactor-status-pub1201	IAEA Status of the Decommissioning of Nuclear Facilities around the World Pub1201	https://www-pub.iaea.org/MTCD/Publications/PDF/Pub1201_web.pdf	beef788ca543861294d7e91ba29156d3ea630ed19eef763f26663e34082e85a2	native_original_pdf	2004-08	2026-10-03	PDF76 / annex printed11; Netherlands / HOR, Date of Criticality column	Named Dutch pool2000kW teaching reactor; not HFR.	Private source inspection; publisher rights retained; no redistribution grant inferred	month	explicit named inventory criticality row	
wikidata-q101422295	operator	NRG PALLAS	held	anvs-pallas-original-licence-transfer-2024	ANVS approved NRG PALLAS licence transfer 15August2024	https://english.autoriteitnvs.nl/latest/news/2024/08/15/anvs-approves-transfer-of-licences-of-nrg-and-pallas	e7b661b541b1406b4d2bd121be0a57d371717d4fe690ebd6d2dc5cbaf49693ae	native_original_html	2024-08-15	2026-10-04	Native Existing licences and transfer-assessment paragraphs	ANVS15August2024 distinguishes HFR operation licence from PALLAS construction licence and approves transfer. This proves construction-authority responsibility, not an issued operating licence for the PALLAS reactor. Scalar remains blank; no HFR role transfer.	Private source inspection; publisher rights retained; no redistribution grant inferred		construction licence transfer; actual PALLAS operation role unproven	
wikidata-q101422295	purpose	medical radioisotope production|nuclear research	selected	nrg-pallas-programme-purpose	NRG PALLAS programme intended purposes	https://www.nrgpallas.com/pallas-programme/about-the-programme	b61f63e72dbf706e2b1eab3a89eaf91a1b31e45a4b9998146dcd62e78446ff2b	native_original_html		2026-10-03	PALLAS Programme: the merger with NRG, new-reactor design paragraph	Planned PALLAS design purpose, distinct from the currently operating HFR and the merged organisation's other activities; no present PALLAS isotope-production claim.	Private inspection only; publisher rights retained; no redistribution grant inferred		planned_design_purpose	
wikidata-q101422295	first_criticality		planned	nrg-pallas-construction-q1-2026	NRG PALLAS construction update Q1 2026	https://www.nrgpallas.com/news/construction-update-pallas-reactor-q1-2026	2d340855cd92e612acb000867595b714360e8f125c562c9c632eada00cfd7f5f	native_original_html		2026-10-03	Native31March2026 construction-update article main body	PALLAS is described in ongoing construction duringQ1-2026. No initial-criticality event/date reported; qualification applies to this original construction update, not an unverified present-day operational status.	Private inspection only; publisher rights retained; no redistribution grant inferred		original ongoing-construction report; actual critical event unestablished	
wikidata-q116769321	first_criticality	2004-02-03	selected	iaea-nirr-original-author-km-2016	CERT author contribution: Knowledge Management Initiative at a Nuclear Facility Centre in Nigeria	https://conferences.iaea.org/event/83/contributions/11194/	9caabb9915a815177e9bc41c1cf49304d209ce9fd5ea0b3176cc743b3270330f	native_original_html		2026-10-04	Native Description, CERT knowledge-management abstract, went-critical sentence	Actual NIRR1 critical event3February2004, corroborated by IAEA2020brochure PDF19 printed15 explicit first-criticality caption. Brochure adjacent image lettering is not a second asserted criticality event; conference programme2016 is separate.	Private original source inspection only; no redistribution or training grant inferred	day	explicit original CERT reactor-author criticality statement	"[{""source_id"":""iaea-africa-original-research-reactors-2020"",""original_url"":""https://www.iaea.org/sites/default/files/20/07/research-reactors-in-africa-2020.pdf"",""sha256"":""a3af0a5970f894ae9fa31ec5b93b0ffac159d22313e5640614fe3ba7e0588b69"",""admissibility"":""Original contextual corroboration only; event, role and unit scopes not expanded."",""locator"":""Native PDF19 / printed15 explicit first-criticality caption3February2004.""}]"
wikidata-q7125528	operator	Pakistan Institute of Nuclear Science and Technology (PINSTECH), PAEC	held	paec-original-research-reactor-purpose	PAEC original Research and Development PARRI and PARRII account	https://paec.gov.pk/rnd/	b040164ce82ad61e260c36500ca48c990319002689c28d32aa9affc3246a36c8	native_original_html		2026-10-04	Native ResearchandDevelopment body, PINSTECH and distinct PARRI/PARRII sections	The original PAEC page identifies PINSTECH as its research institute and locates two distinct PARRunits there. It does not explicitly state a unit-level operating licence for the generic imported PARRidentity. PNRAoriginal retrieval failedTLSverification and no insecure bypass was used; institutional association stays held.	Private source inspection; publisher rights retained; no redistribution grant inferred		Native programme/institute association is not promoted to unit-level operating authority	
wikidata-q7125528	purpose		composite	paec-original-research-reactor-purpose	PAEC original Research and Development PARRI and PARRII account	https://paec.gov.pk/rnd/	b040164ce82ad61e260c36500ca48c990319002689c28d32aa9affc3246a36c8	native_original_html		2026-10-04	Native body, Pakistan Research ReactorI and Pakistan Research ReactorII sections	The generic imported Pakistan Atomic Research Reactor identity already has a composite criticality disposition. The original PAEC page differentiates5-to10MWPARRIresearch/experimental facilities from27kWPARRIIneutron-activation analysis and teaching/training. Preserve the generic identity and distinct uses instead of selecting a unit-specific purpose for the aggregate.	Private source inspection; publisher rights retained; no redistribution grant inferred		Individually documented PARRI/PARRII distinction prevents silent single-unit mapping	
wikidata-q7125528	first_criticality		composite	iaea-research-reactor-status-pub1201	IAEA Status of the Decommissioning of Nuclear Facilities around the World Pub1201	https://www-pub.iaea.org/MTCD/Publications/PDF/Pub1201_web.pdf	beef788ca543861294d7e91ba29156d3ea630ed19eef763f26663e34082e85a2	native_original_pdf	2004-08	2026-10-03	Individual source applicability review; no scalar event or operator value admitted.	Inventory contains distinct PARR units and dates; baseline PakistanAtomicResearchReactor generic identity must be resolved before choosing PARR1or2.	Private source inspection; publisher rights retained; no redistribution grant inferred		generic_parr_to_unit_mapping_required	
wikidata-q9304914	operator		held	ncbj-original-institutional-history	NCBJ original institutional history EWA and zero-power reactors	https://www.ncbj.gov.pl/en/history	b3c7d88df4320c9d667e606f9e47e90054a422bd0ec2a2174257f3bf20eca27f	native_original_html		2026-10-03	Individual source applicability review; no scalar event or operator value admitted.	NCBJhistory explicitly says ANNA built at Institute and used for reactorphysics. Historical institutional affiliation retained; operator-role proof still missing.	Private original-source inspection; publisher rights retained; no redistribution grant inferred		institutional_build_and_use_not_operator_licence	
wikidata-q9304914	purpose	reactor-physics research	selected	ncbj-original-institutional-history	NCBJ original institutional history EWA and zero-power reactors	https://www.ncbj.gov.pl/en/history	b3c7d88df4320c9d667e606f9e47e90054a422bd0ec2a2174257f3bf20eca27f	native_original_html		2026-10-03	Main heading In1958the research reactor EWA started operation; MARYLA, ANNA, AGATA paragraph	NCBJ institutional original explicitly states ANNA zero-power reactor used for reactor physics research. No operator licence inferred.	Private original-source inspection; publisher rights retained; no redistribution grant inferred		original institutional named reactor use statement	
wikidata-q9304914	first_criticality	1963	selected	iaea-research-reactor-status-pub1201	IAEA Status of the Decommissioning of Nuclear Facilities around the World Pub1201	https://www-pub.iaea.org/MTCD/Publications/PDF/Pub1201_web.pdf	beef788ca543861294d7e91ba29156d3ea630ed19eef763f26663e34082e85a2	native_original_pdf	2004-08	2026-10-03	PDF76 / annex printed11; Poland / Anna, Date of Criticality column	Named Polish0.1kW critical assembly; year precision only.	Private source inspection; publisher rights retained; no redistribution grant inferred	year	explicit named inventory criticality row	
wikidata-q1438102	operator	Institute for Nuclear Research (Instytut Badań Jądrowych, IBJ)	selected	ncbj-ewa-original-anniversary-2018	NCBJ EWA reactor launched60years ago	https://www.ncbj.gov.pl/en/aktualnosci/ewa-reactor-launched-60-years-ago	5aa7b24740137607d4a2bee480609345ae2b9457e5db63f3eea70c73225cc7d9	native_original_html	2018-06-14	2026-10-03	Main anniversary article opening EWA institutional paragraph	Historical institution operating EWA at1958start, NCBJ predecessor. No current licensed-operator or original licensing-certificate assertion.	Private original-source inspection; publisher rights retained; no redistribution grant inferred		original institutional historical custody statement	
wikidata-q1438102	purpose	radioisotope production|neutron physics research	selected	ncbj-ewa-original-anniversary-2018	NCBJ EWA reactor launched60years ago	https://www.ncbj.gov.pl/en/aktualnosci/ewa-reactor-launched-60-years-ago	5aa7b24740137607d4a2bee480609345ae2b9457e5db63f3eea70c73225cc7d9	native_original_html	2018-06-14	2026-10-03	Main article8vertical isotope channels and10horizontal physics channels	Historical original unit channels and use, not present operation after shutdown.	Private original-source inspection; publisher rights retained; no redistribution grant inferred		original institutional use statement	
wikidata-q1438102	first_criticality	1958-06	selected	iaea-research-reactor-status-pub1201	IAEA Status of the Decommissioning of Nuclear Facilities around the World Pub1201	https://www-pub.iaea.org/MTCD/Publications/PDF/Pub1201_web.pdf	beef788ca543861294d7e91ba29156d3ea630ed19eef763f26663e34082e85a2	native_original_pdf	2004-08	2026-10-03	PDF77 / annex printed12; Poland / Ewa, Date of Criticality column	Named tankWWER10000kW unit; original NCBJ anniversary records June14 launch, not explicit first-criticality day.	Private source inspection; publisher rights retained; no redistribution grant inferred	month	explicit named inventory criticality row	
wikidata-q4479886	operator	Kurchatov Institute	held	jinr-nuclear-facilities-2012-kurchatov	Nuclear Research Facilities in Russia, Kurchatov Institute chapter	https://flnph-old.jinr.ru/images/content/Books/Nuclear_Research_Facilities_in_Russia/NRC_KI.pdf	36fd0f9db9584ccc3df2b9dc821ea499393d518ed579a7b392953b8dac2e1a90	native_original_pdf	2012	2026-10-03	Native PDF1-3 / printed27-29, F1 institute-facility description	The institutional chapter names F1 as an institute facility and describes its metrological research. It does not explicitly identify a historical operating/licensed entity for this unit. Unlike Romashka, the inspected ministry operator table does not contain anF1row; the institution affiliation remains held.	Private inspection only; publisher rights retained; no redistribution grant inferred		ExactF1 facility association retained without converting it into a stated operator	
wikidata-q4479886	purpose	neutron-detector metrology|neutron-flux-monitor certification|nuclear-physics and engineering research	selected	jinr-nuclear-facilities-2012-kurchatov	Nuclear Research Facilities in Russia, Kurchatov Institute chapter	https://flnph-old.jinr.ru/images/content/Books/Nuclear_Research_Facilities_in_Russia/NRC_KI.pdf	36fd0f9db9584ccc3df2b9dc821ea499393d518ed579a7b392953b8dac2e1a90	native_original_pdf	2012	2026-10-03	Physical page3 / printed29, F-1 opening paragraph, visually inspected	Operating research uses described in 2012; no present operating status inferred.	Private inspection only; publisher rights retained; no redistribution grant inferred		dated_operating_purpose	
wikidata-q4479886	first_criticality	1946-12-25	selected	jinr-nuclear-facilities-2012-kurchatov	Nuclear Research Facilities in Russia, Kurchatov Institute chapter	https://flnph-old.jinr.ru/images/content/Books/Nuclear_Research_Facilities_in_Russia/NRC_KI.pdf	36fd0f9db9584ccc3df2b9dc821ea499393d518ed579a7b392953b8dac2e1a90	native_original_pdf	2012	2026-10-03	Physical page3 / printed29, F-1 first-criticality paragraph, visually inspected	Initial F-1 criticality, distinguished from later retrofit; original chapter explicitly names both first criticality and first power.	Private inspection only; publisher rights retained; no redistribution grant inferred	day	actual_initial_criticality_F1	
wikidata-q1236693	operator	Sverdlovsk Branch of the Research and Design Institute of Power Engineering (SB RDIPE)	selected	russian-ministry-research-reactors-cn8242	Russian research reactor institutions and criticality dates, IAEA CN-82/42	https://www-pub.iaea.org/MTCD/Publications/PDF/pub1120/CD/PDF/Issue3/CN-82-42.pdf	68c1c9fe7eefaa230eadeae174164fbf44b0bee17ad84d26c7eccb06e812a99a	native_original_pdf		2026-10-03	Physical page1 introduction operators statement; page2 TableI row22 Institution SB RDIPE, visually inspected	Historical operating institution at original conference-paper snapshot, not a claim about present IRM company licensing or the adjacent power plant.	Private inspection only; publisher rights retained; no redistribution grant inferred		historical_operator_institution	
wikidata-q1236693	purpose	fuel-element irradiation tests|structural-material research|reactor-component testing|radionuclide production	selected	jinr-nuclear-facilities-2012-irm	Nuclear Research Facilities in Russia, Institute of Reactor Materials chapter	https://flnph-old.jinr.ru/images/content/Books/Nuclear_Research_Facilities_in_Russia/IRM.pdf	acf7d64aa636c6f88b73b3e152c5fcdf78183e6d5782c8aa659313d16c61b75c	native_original_pdf	2012	2026-10-03	Physical page2 / printed115 named test benches and use list, visually inspected	2012 operating uses of IVV-2M; NIKIET is designer, not inferred operator. No present capability assertion.	Private inspection only; publisher rights retained; no redistribution grant inferred		dated_operating_purpose	
wikidata-q1236693	first_criticality	1966	selected	jinr-nuclear-facilities-2012-irm	Nuclear Research Facilities in Russia, Institute of Reactor Materials chapter	https://flnph-old.jinr.ru/images/content/Books/Nuclear_Research_Facilities_in_Russia/IRM.pdf	acf7d64aa636c6f88b73b3e152c5fcdf78183e6d5782c8aa659313d16c61b75c	native_original_pdf	2012	2026-10-03	Physical page2 / printed115 first-criticality paragraph, visually inspected; CN-82/42 page2 row22 corroborates year	Original IVV-2M chapter givesApril23,1966; original2023 aerosol monograph physical179/printed178 gives physical startupApril22,1966. Retain year precision while day/event interpretation remains unresolved. Source alias IVV-2M binds discovery IWW-2M at Zarechny. October18 power start is distinct.	Private inspection only; publisher rights retained; no redistribution grant inferred	year	actual_initial_criticality_IVV2M_common_year	"[{""source_id"":""intelgr-alpha-aerosol-original-monograph"",""original_url"":""https://publishing.intelgr.com/archive/alfa-izluchayushchie-aerozoli.pdf"",""sha256"":""238b82f428dceba92c3dcad90712b026dc5d25a0d5b6073481dc8e0517769992"",""locator"":""Physical179/printed178 section4.2.3 givesApril22,1966physical startup""},{""source_id"":""russian-ministry-research-reactors-cn8242"",""original_url"":""https://www-pub.iaea.org/MTCD/Publications/PDF/pub1120/CD/PDF/Issue3/CN-82-42.pdf"",""sha256"":""68c1c9fe7eefaa230eadeae174164fbf44b0bee17ad84d26c7eccb06e812a99a"",""locator"":""Physical2 TableI row22 year1966""}]"
wikidata-q65129287	operator	Russian Research Centre Kurchatov Institute (historical Romashka listing)	selected	russian-ministry-research-reactors-cn8242	Russian research reactor institutions and criticality dates, IAEA CN-82/42	https://www-pub.iaea.org/MTCD/Publications/PDF/pub1120/CD/PDF/Issue3/CN-82-42.pdf	68c1c9fe7eefaa230eadeae174164fbf44b0bee17ad84d26c7eccb06e812a99a	native_original_pdf		2026-10-03	Native PDF1-2 / printed1-2, Introduction operators sentence and TableI RRC Kurchatov group, row9Romashka	Original ministry authors explicitly describe TableI as reactor/operator data. Romashka row9 belongs to the Kurchatov group begun onpage1. Select the historical institutional operator only, not a present operating licence or the separate solution reactor also called Romashka.	Private inspection only; publisher rights retained; no redistribution grant inferred		Original ministry operator table identifies exact thermoelectric Romashka unit	
wikidata-q65129287	purpose	thermoelectric-conversion research|space nuclear-power-system prototyping	selected	jinr-nuclear-facilities-2012-kurchatov	Nuclear Research Facilities in Russia, Kurchatov Institute chapter	https://flnph-old.jinr.ru/images/content/Books/Nuclear_Research_Facilities_in_Russia/NRC_KI.pdf	36fd0f9db9584ccc3df2b9dc821ea499393d518ed579a7b392953b8dac2e1a90	native_original_pdf	2012	2026-10-03	Physical page3 / printed29, opening Romashka paragraph, visually inspected	Historical purpose of ground prototype; not a flight claim and not the later thermionic Topaz-2/Yenisei facility.	Private inspection only; publisher rights retained; no redistribution grant inferred		historical_design_purpose	
wikidata-q65129287	first_criticality	1964	selected	russian-ministry-research-reactors-cn8242	Russian research reactor institutions and criticality dates, IAEA CN-82/42	https://www-pub.iaea.org/MTCD/Publications/PDF/pub1120/CD/PDF/Issue3/CN-82-42.pdf	68c1c9fe7eefaa230eadeae174164fbf44b0bee17ad84d26c7eccb06e812a99a	native_original_pdf		2026-10-03	Physical page2 / printed2, TableI row9 and criticality-attainment column, visually inspected	Year precision for the named operating Romashka prototype; no day inferred, and no date assigned to a cancelled design or Topaz-2 replacement.	Private inspection only; publisher rights retained; no redistribution grant inferred	year	actual_initial_criticality_Romashka	
wikidata-q16534933	operator	Research Institute of Atomic Reactors (SSC RF RIAR)	selected	russian-ministry-research-reactors-cn8242	Russian research reactor institutions and criticality dates, IAEA CN-82/42	https://www-pub.iaea.org/MTCD/Publications/PDF/pub1120/CD/PDF/Issue3/CN-82-42.pdf	68c1c9fe7eefaa230eadeae174164fbf44b0bee17ad84d26c7eccb06e812a99a	native_original_pdf		2026-10-03	Physical page1 introduction operators statement; page2 TableI merged institution cell rows11-16, BOR-60 row13, visually inspected	Historically described operator institution at the dated conference-paper snapshot; not a current legal-license assertion.	Private inspection only; publisher rights retained; no redistribution grant inferred		historical_operator_institution	
wikidata-q16534933	purpose	fuel and structural-material irradiation|absorber-material testing|fast-reactor component testing	selected	jinr-nuclear-facilities-2012-riar	Nuclear Research Facilities in Russia, RIAR chapter	https://flnp.jinr.int/images/Books/NuclearResearchFacilities_Russia/7_RIAR.pdf	5b8cc9a901d944cc61ed71809873d3d18eae6ecfdfe12359ccb701bb0e6da836	native_original_pdf	2012	2026-10-03	Physical page24 / printed98, BOR-60 use paragraphs, visually inspected	Operating research uses described in2012; irradiation of materials for fusion does not classify this fast fission reactor as fusion.	Private inspection only; publisher rights retained; no redistribution grant inferred		dated_operating_purpose	
wikidata-q16534933	first_criticality	1968-12-30	selected	jinr-nuclear-facilities-2012-riar	Nuclear Research Facilities in Russia, RIAR chapter	https://flnp.jinr.int/images/Books/NuclearResearchFacilities_Russia/7_RIAR.pdf	5b8cc9a901d944cc61ed71809873d3d18eae6ecfdfe12359ccb701bb0e6da836	native_original_pdf	2012	2026-10-03	Physical page24 / printed98, BOR-60 first-criticality paragraph, visually inspected	Actual first criticality; 1969-12-28 energy startup is different. CN-82/42 gives1969 under criticality; contradiction preserved, dedicated history preferred and TECDOC1531 event table independently supports1968.	Private inspection only; publisher rights retained; no redistribution grant inferred	day	actual_initial_criticality_BOR60	"[{""source_id"":""iaea-fast-reactor-database-2007"",""original_url"":""https://www-pub.iaea.org/MTCD/Publications/PDF/te_1531_web.pdf"",""sha256"":""062288b0d1e7e0ac51771f64b357417a608fc2c5d98112f00ba7a187c5950d7c"",""locator"":""Physical21/printed12 major-events table1968""},{""source_id"":""russian-ministry-research-reactors-cn8242"",""original_url"":""https://www-pub.iaea.org/MTCD/Publications/PDF/pub1120/CD/PDF/Issue3/CN-82-42.pdf"",""sha256"":""68c1c9fe7eefaa230eadeae174164fbf44b0bee17ad84d26c7eccb06e812a99a"",""locator"":""Physical2 TableI row13 conflicting1969""}]"
wikidata-q4074007	operator	Institute for Physics and Power Engineering (IPPE; historical BR-5/10 lineage)	selected	russian-ministry-research-reactors-cn8242	Russian research reactor institutions and criticality dates, IAEA CN-82/42	https://www-pub.iaea.org/MTCD/Publications/PDF/pub1120/CD/PDF/Issue3/CN-82-42.pdf	68c1c9fe7eefaa230eadeae174164fbf44b0bee17ad84d26c7eccb06e812a99a	native_original_pdf		2026-10-03	Native PDF1 operators sentence and PDF2 / printed2 TableI SSC RF IPPE group, row18BR10	The original ministry operator table identifies SSC RF IPPE for BR10. The retained original IAEA history explicitly establishes that the BR5 plant was modified and renamedBR10 in1971-1972. Select IPPE for that historical continuous unit lineage; do not claim a1958licence or replace a criticality date with postconversion operation.	Private inspection only; publisher rights retained; no redistribution grant inferred		Explicit institution in ministry operator table plus native original exact BR5-to-BR10 lineage	"[{""source_id"": ""iaea-fast-reactor-database-2007"", ""original_url"": ""https://www-pub.iaea.org/MTCD/Publications/PDF/te_1531_web.pdf"", ""sha256"": ""062288b0d1e7e0ac51771f64b357417a608fc2c5d98112f00ba7a187c5950d7c"", ""locator"": ""Native PDF275 / printed266, BR5 modification and renaming paragraph"", ""admissibility"": ""Native original explicitly identifies BR5 conversion/renaming into BR10"", ""reported_value"": ""BR5 plant modified1971-1972 and calledBR10; operation resumedMarch1973""}]"
wikidata-q4074007	purpose	fuel-burnup research|radioactive-sodium-system operating research	selected	iaea-fast-reactor-database-2007	IAEA TECDOC1531 fast reactor event and operating organisation descriptions	https://www-pub.iaea.org/MTCD/Publications/PDF/te_1531_web.pdf	062288b0d1e7e0ac51771f64b357417a608fc2c5d98112f00ba7a187c5950d7c	native_original_pdf	2006-12	2026-10-03	Physical page275 / printed266, section13.1.1 BR-5/10 first-purpose paragraph, visually inspected	Historical BR-5 purpose, distinguished from later enlarged BR-10. Operator of successor alone is not silently assigned to original configuration.	Private inspection only; publisher rights retained; no redistribution grant inferred		historical_operating_purpose	
wikidata-q4074007	first_criticality	1958	selected	iaea-fast-reactor-database-2007	IAEA TECDOC1531 fast reactor event and operating organisation descriptions	https://www-pub.iaea.org/MTCD/Publications/PDF/te_1531_web.pdf	062288b0d1e7e0ac51771f64b357417a608fc2c5d98112f00ba7a187c5950d7c	native_original_pdf	2006-12	2026-10-03	Physical page21 / printed12, major-events table BR-10 row, footnote***; physical275/printed266 BR-5/10 renaming history, visually inspected	Table follows BR-5/10 family and separates1958 first criticality from1959 full power at5MW asBR-5. Renaming BR-10 occurred after1971-72 enlargement. CN-82/42 gives1959 under criticality for BR-10; conflicting source retained. No precise day inferred.	Private inspection only; publisher rights retained; no redistribution grant inferred	year	actual_initial_criticality_BR5_original_configuration	"[{""source_id"":""russian-ministry-research-reactors-cn8242"",""original_url"":""https://www-pub.iaea.org/MTCD/Publications/PDF/pub1120/CD/PDF/Issue3/CN-82-42.pdf"",""sha256"":""68c1c9fe7eefaa230eadeae174164fbf44b0bee17ad84d26c7eccb06e812a99a"",""locator"":""Physical2 TableI BR10 row18 gives1959; preserved conflicting date""}]"
wikidata-q4195112	operator	Joint Institute for Nuclear Research (JINR), Frank Laboratory of Neutron Physics	selected	jinr-original-ibr2-operating-licence-2025	JINR original Licence to launch IBR2 received27January2025	https://www.jinr.ru/posts/license-to-launch-ibr-2-received/	0737990bd107037174e6b3e4447ddf5447f48d37be0fd0f17afddfa6943b58b4	native_original_html	2025-01-27	2026-10-04	Native body27January2025, opening licence paragraph	The original JINR article explicitly identifies JINR as recipient of the24December2024licence to launch the IBR2 Research Nuclear Facility at its neutron-physics laboratory. This establishes the named operating institution at that dated restart; it does not independently assert completion of a subsequent operating cycle.	Private source inspection; publisher rights retained; no redistribution grant inferred		Explicit named licence recipient for exact IBR2 unit	
wikidata-q4195112	purpose	neutron-beam research|time-of-flight spectrometry|condensed-matter research	selected	jinr-nuclear-facilities-2012-jinr	Nuclear Research Facilities in Russia, JINR chapter	https://flnp.jinr.int/images/Books/NuclearResearchFacilities_Russia/15_JINR.pdf	2d49a4d7e041aea93dcf8b9e906e3a49166193eaae12efa4d62d18aa2ca572c9	native_original_pdf	2012	2026-10-03	Physical page3 / printed204 first paragraph and operating-history paragraph, visually inspected	Historical original IBR-2 operating uses; present facility webpage corroborates research instruments but is not substituted for original startup configuration.	Private inspection only; publisher rights retained; no redistribution grant inferred		historical_operating_purpose	
wikidata-q4195112	first_criticality	1978-12-15	selected	jinr-nuclear-facilities-2012-jinr	Nuclear Research Facilities in Russia, JINR chapter	https://flnp.jinr.int/images/Books/NuclearResearchFacilities_Russia/15_JINR.pdf	2d49a4d7e041aea93dcf8b9e906e3a49166193eaae12efa4d62d18aa2ca572c9	native_original_pdf	2012	2026-10-03	Physical page3 / printed204, IBR-2 first-criticality paragraph, visually inspected	Original IBR-2 unit achieved initial criticality15December1978; 10February1984 energy startup/commissioning and later IBR-2M upgrade are distinct. NIKIET design role is not operator proof.	Private inspection only; publisher rights retained; no redistribution grant inferred	day	actual_initial_criticality_IBR2	
wikidata-q16656344	operator	Norilsk mining and metallurgical complex	held	iaea-russian-rg1m-decommissioning-2002	IAEA TECDOC1273 Russian RG-1M neutron activation and decommissioning experience	https://www-pub.iaea.org/MTCD/Publications/PDF/te_1273_prn.pdf	c0e60628a5c5483eb88e963e44219716c24054a1a8f7dfd2ca6490569c28a243	native_original_pdf	2002-02	2026-10-03	Native PDF184 / printed178, section3.5 opening analytical-complex paragraph	The original account locates the RG1Manalytical facility at the Norilsk mining/metallurgical complex. It establishes the industrial site/customer context but does not name a legal operating institution, so the proposed role stays held.	Private inspection only; publisher rights retained; no redistribution grant inferred		Exact industrial-facility context is not substituted for institutional operating role	
wikidata-q16656344	purpose	neutron activation analysis of raw materials and end products	selected	iaea-russian-rg1m-decommissioning-2002	IAEA TECDOC1273 Russian RG-1M neutron activation and decommissioning experience	https://www-pub.iaea.org/MTCD/Publications/PDF/te_1273_prn.pdf	c0e60628a5c5483eb88e963e44219716c24054a1a8f7dfd2ca6490569c28a243	native_original_pdf	2002-02	2026-10-03	Physical page184 / printed178, section3.5 Research reactor RG-1M, visually inspected	Historical analytical-complex purpose using its RG-1M reactor at Norilsk. Complex commissioning1970 is not first-criticality proof; current company operator is not inferred.	Private inspection only; publisher rights retained; no redistribution grant inferred		historical_operating_purpose	
wikidata-q16656344	first_criticality	1970	held	iaea-russian-rg1m-decommissioning-2002	IAEA TECDOC1273 Russian RG-1M neutron activation and decommissioning experience	https://www-pub.iaea.org/MTCD/Publications/PDF/te_1273_prn.pdf	c0e60628a5c5483eb88e963e44219716c24054a1a8f7dfd2ca6490569c28a243	native_original_pdf	2002-02	2026-10-03	Native PDF184 / printed178, section3.5 first sentence	The author states that the analytical complex was placed in operation in1970. This event includes laboratories and does not explicitly date reactor first criticality. Retain the year as a held event claim, never as an accepted criticality date.	Private inspection only; publisher rights retained; no redistribution grant inferred	year	Analytical-complex operation year distinguished from reactor first criticality	
wikidata-q47184281	purpose	Training of nuclear engineers	selected	upc-argos-original-education-award-2018	UPC original Xavier Ortega award article describing Argos training	https://www.upc.edu/es/sala-de-prensa/noticias/la-2018diada-de-l2019enginyer2019-premia-xavier-ortega-profesor-emerito-de-la-etseib-upc	c693d6aadf4c064401d3af0fdb29af841663a9fe7d4d6c069e1c0d7570303286	native_original_html	2018-06-13	2026-10-04	Native body, Xavier Ortega operations-responsibility paragraph	UPC expressly describes the ETSEIB Argos experimental reactor as dedicated to training nuclear engineers. Only its historical educational use is selected.	Private source inspection; publisher rights retained; no redistribution grant inferred		Original university article explicitly states named-unit use	
wikidata-q47184281	first_criticality	1961-06	selected	iaea-research-reactor-status-pub1201	IAEA Status of the Decommissioning of Nuclear Facilities around the World Pub1201	https://www-pub.iaea.org/MTCD/Publications/PDF/Pub1201_web.pdf	beef788ca543861294d7e91ba29156d3ea630ed19eef763f26663e34082e85a2	native_original_pdf	2004-08	2026-10-03	PDF81 / annex printed16; Spain / ARGOS, Date of Criticality column	Named Spanish Argonaut1kW unit.	Private source inspection; publisher rights retained; no redistribution grant inferred	month	explicit named inventory criticality row	
wikidata-q10648192	operator		held	sweden-joint-convention-first-2003	Sweden first Joint Convention national report2003	https://www.iaea.org/sites/default/files/sweden-jc-nr-1st-rm-2003-en.pdf	7ef3608e33f9e6b3a3592f2266aa6c71a91d154cbfe8ef1a7c3e46ae05cb104a	native_original_pdf		2026-10-03	Native PDF44, research-reactorR0 historical decommissioning paragraph	Swedens original2003national report identifies the Studsvik zero-powerR0 and1959-1968operation, vessel transfer and waste custody. These statements do not name the historical operating institution; do not transfer a later waste-management role or adjacentR1/FR0 operator toR0.	Private source inspection; publisher rights retained; no redistribution grant inferred		ExactR0 national-report paragraph inspected; historical operating institution not stated	
wikidata-q10648192	purpose	reactor-physics measurements in natural-uranium/heavy-water systems|neutron economy and reactor kinetics studies	selected	runeberg-r0-original-facsimile	Rolf Persson and Carl-Erik Wikdahl, Den svenska nolleffektsreaktorn R0: Egenskaper och användning, Teknisk Tidskrift1960H.2p21	https://runeberg.org/img/tektid/1960/0047.1.jpg	707437235bca800bd9baadc4dcd68e7375dc8bfb080a991ed09e2616882ded0a	native_original_facsimile	1960	2026-10-03	Original facsimile printed page21, opening paragraph and upper-right column	Declared design purpose of R0; systematic studies described prospectively in1960, not a claim all experiments occurred.	Private original facsimile inspection; no redistribution grant inferred		original author report; design purpose	"[{""source_id"":""runeberg-r0-author-paper-1960"",""original_url"":""https://runeberg.org/tektid/1960/0047.html"",""sha256"":""2f7da75ac229d28608e0a71abecaae4b1e3fde8b409ed9e62af3c5560ff40222"",""locator"":""Original author paper OCR; inspected facsimile controls""}]"
wikidata-q10648192	first_criticality	1959-09-25	selected	runeberg-r0-original-facsimile	Rolf Persson and Carl-Erik Wikdahl, Den svenska nolleffektsreaktorn R0: Egenskaper och användning, Teknisk Tidskrift1960H.2p21	https://runeberg.org/img/tektid/1960/0047.1.jpg	707437235bca800bd9baadc4dcd68e7375dc8bfb080a991ed09e2616882ded0a	native_original_facsimile	1960	2026-10-03	Original facsimile printed page21, Reaktorns egenskaper; footer TEKNISK TIDSKRIFT1960 H.2	Original authors explicitly state first criticality; no inference from a start-of-operation date. Time17:35 reported but date-only field retained.	Private original facsimile inspection; no redistribution grant inferred	day	original author report	"[{""source_id"":""runeberg-r0-author-paper-1960"",""original_url"":""https://runeberg.org/tektid/1960/0047.html"",""sha256"":""2f7da75ac229d28608e0a71abecaae4b1e3fde8b409ed9e62af3c5560ff40222"",""locator"":""Original author paper OCR; inspected facsimile controls""}]"
wikidata-q1796231	operator	AB Atomenergi	selected	ski-r1-history-2001	Maja Fjaestad, Sveriges första kärnreaktor: från teknisk prototyp till vetenskapligt instrument, SKI rapport01:01	https://www.osti.gov/etdeweb/servlets/purl/20244583	ac81a7f1669708c971dd3c3bfd7f40705fe5882c9dab87e72c6cda745c62c84a	native_original_pdf	2001	2026-10-03	PDF page50 / printed49, paragraph on determining reactor-use times	Historical operational control described by original interview/archive research; KTH used the reactor as tenant. This thesis is not a licensing certificate or a current operator assertion.	Private source inspection; publisher rights retained; no redistribution grant inferred		primary historical interview/archive research; author conclusions, not official SKI views	
wikidata-q1796231	purpose	neutron and particle research|radiation-property research	selected	kth-r1-reactor-hall-history	KTH original R1 reactor hall history	https://www.kth.se/en/2.77400/historik-om-kth-reaktorhallen-1.699973	247dc0592e4b25fbced4cdde484a574987f09a1d2744c124b3333342731724a9	native_original_html	2023-10-31	2026-10-03	History of Sweden first reactor, final paragraph	Historical R1 research purpose, not current cleared cultural venue use.	Private inspection only; publisher rights retained; no redistribution grant inferred		historical_operating_purpose	
wikidata-q1796231	first_criticality	1954-07-13	selected	kth-r1-reactor-hall-history	KTH original R1 reactor hall history	https://www.kth.se/en/2.77400/historik-om-kth-reaktorhallen-1.699973	247dc0592e4b25fbced4cdde484a574987f09a1d2744c124b3333342731724a9	native_original_html	2023-10-31	2026-10-03	History of Sweden first reactor, paragraph reporting18:59July13,1954	Actual R1 first criticality; KTH current venue tenancy is not original reactor operator proof.	Private inspection only; publisher rights retained; no redistribution grant inferred	day	actual_initial_criticality_R1	
wikidata-q10648196	first_criticality	1960-05	selected	iaea-research-reactor-status-pub1201	IAEA Status of the Decommissioning of Nuclear Facilities around the World Pub1201	https://www-pub.iaea.org/MTCD/Publications/PDF/Pub1201_web.pdf	beef788ca543861294d7e91ba29156d3ea630ed19eef763f26663e34082e85a2	native_original_pdf	2004-08	2026-10-03	PDF page81 / annex printed16, Sweden R-2 row, Date of Criticality column	Country/name/tank/50000kW identify R2. Preserve month precision. Lindell reports commissioning4May1960, which corroborates the month but cannot prove first-criticality day.	Private source inspection; publisher rights retained; no redistribution grant inferred	month	IAEA inventory explicit criticality column	"[{""source_id"":""nks-swedish-nuclear-history"",""original_url"":""https://www.nks.org/scripts/getdocument.php?file=111010214696626"",""sha256"":""70400d1c4a41a93aa949778784bd13a1fea728c629fb6bc2fdf09bfda36a6eb8"",""locator"":""PDF134printed127: commissioning4May1960; does not prove criticality day""}]"
wikidata-q10648194	first_criticality	1960-06-20	selected	nks-swedish-nuclear-history	Bo Lindell, The Labours of Hercules, PartIII1950–1966; Helen Johnson translation	https://www.nks.org/scripts/getdocument.php?file=111010214696626	70400d1c4a41a93aa949778784bd13a1fea728c629fb6bc2fdf09bfda36a6eb8	native_original_pdf	2020	2026-10-03	PDF page134 / printed127, final R2-0 paragraph	Participant historical account explicitly distinguishes criticality20June1960 from experiments commissioned in autumn1960. Original2003 text translated2020; its still-operating statements are historical.	Private source inspection; publisher rights retained; no redistribution grant inferred	day	participant historical account; translated original2003 text	"[{""source_id"":""iaea-research-reactor-status-pub1201"",""original_url"":""https://www-pub.iaea.org/MTCD/Publications/PDF/Pub1201_web.pdf"",""sha256"":""beef788ca543861294d7e91ba29156d3ea630ed19eef763f26663e34082e85a2"",""locator"":""PDF81annex16: Sweden R-2 0 criticality1960/6""}]"
wikidata-q1024300	first_criticality	1983-07	selected	epfl-crocus-educational-experiments-author-paper	EPFL original authors Advanced educational experiments at the CROCUS reactor	https://nucleus.iaea.org/sites/connect/RRIHpublic/CompendiumDB/Shared%20Documents/Switzerland/Abstract/Paper.CROCUS.pdf	9135f133b92c1ea372f06b5f101c26e5a2fc70bcc95f991a29c933c64935b326	native_original_pdf		2026-10-03	PDF1 abstract and section1 Introduction	EPFL original reactor authors explicitly state July1983; no13Julyday added.	Private original-source inspection; publisher rights retained; no redistribution grant inferred	month	explicit original reactor-author statement	
wikidata-q140198875	purpose	Fundamental research, isotope production and irradiation experiments	selected	iner-taiwan-original-digidecom2018-presentation	INER original Kuo DigiDecom2018 presentation describing Taiwan Research Reactor	https://ife.no/wp-content/uploads/2019/01/DigiDecom2018-S1-P2-Kuo.pdf	f9f8d1dee0e48e634f05ec647cefe24f87284159f8ea3a15311adc483512f423	native_original_pdf	2018-12-03	2026-10-04	Native PDF3, Introduction of Taiwan Research Reactor Purpose table; PDF1 author and3December2018presentation date	INER author TzuChinKuo explicitly lists purposes for the original40MWTRR and separately notes shutdown1988and the terminatedTRRIIreplacement. Select the historical originalTRRpurposes only; do not borrow the successor design.	Private source inspection; publisher rights retained; no redistribution grant inferred		Original institute-authored presentation explicit named-unit Purpose table	
wikidata-q140198875	first_criticality		composite	iaea-research-reactor-status-pub1201	IAEA Status of the Decommissioning of Nuclear Facilities around the World Pub1201	https://www-pub.iaea.org/MTCD/Publications/PDF/Pub1201_web.pdf	beef788ca543861294d7e91ba29156d3ea630ed19eef763f26663e34082e85a2	native_original_pdf	2004-08	2026-10-03	Individual source applicability review; no scalar event or operator value admitted.	TaiwanTRRII2006underconstruction is not actual criticality of original TaiwanResearchReactor. Acronym alone insufficient.	Private source inspection; publisher rights retained; no redistribution grant inferred		different_project_and_planned_event_excluded	
wikidata-q6016812	operator		held	tenmak-original-annual-report-h1-2025	TENMAK 2025 Yılı Kurumsal Mali Durum ve Beklentiler Raporu	https://webim.tenmak.gov.tr/file/4e08fcc0-b66f-4f0d-8746-a01468f2f213?download=	2f51d157e0f7581fb4eb893ce630b60b9544ff79b63671fee8b47f1807f4e655	native_original_pdf	2025-07	2026-10-04	Native individually inspected section specified in scope: Native PDF20 printed19 April2025operatinglicenceapplication and candidatepersonneltests, PDF39 printed38 intendedreturnafterlicensing. Application is not issuedlicence; TENMAKbranding/personneltraining alone does not establish institution licensedoperator.	Native PDF20 printed19 April2025operatinglicenceapplication and candidatepersonneltests, PDF39 printed38 intendedreturnafterlicensing. Application is not issuedlicence; TENMAKbranding/personneltraining alone does not establish institution licensedoperator.	Private original source inspection only; no redistribution or training grant inferred		Individual original-source unit/role/event review; no scalarfill until exact assertion supported.	
wikidata-q6016812	purpose	medical and industrial radioisotope production|neutron activation analysis|nuclear research|reactor-operation and radiation-protection training	selected	tenmak-tr2-original-facility	TENMAK TR-2 Research Reactor Facility	https://tenmak.gov.tr/en-US/tr-2-research-reactor-facility	933bed8471f0e81c4bad3a717a053f62808b017e54a171d3433e3ed55094c2b1	native_original_html	2026-09-11	2026-10-04	Native AbouttheFacility / TR2ResearchReactor, Activitiescarriedout list and purpose paragraph	Named TurkishTR2 uses described on page updated11September2026 and historical TAEK paper. No operating-licence grant or current availability guarantee inferred from use list.	Private original source inspection only; no redistribution or training grant inferred		explicit original national agency named-reactor use statement	"[{""source_id"":""tenmak-original-tr2-status-paper"",""original_url"":""https://kurumsalarsiv.tenmak.gov.tr/bitstreams/f1b2cda6-e3a2-4156-96ce-7f214fee15e0/download"",""sha256"":""abf1e9668d4aedaf447cc4dad22bc8b095a6bcfd50d3425b63a39dc81b44d94f"",""admissibility"":""Original contextual corroboration only; event, role and unit scopes not expanded.""}]"
wikidata-q6016812	first_criticality	1981-12	selected	tenmak-original-tr2-status-paper	The duties, the responsibilities and the jurisdictions of Turkish Atomic Energy Authority (TAEK) and the new projects that TAEK is presently involved, Öner Önder	https://kurumsalarsiv.tenmak.gov.tr/bitstreams/f1b2cda6-e3a2-4156-96ce-7f214fee15e0/download	abf1e9668d4aedaf447cc4dad22bc8b095a6bcfd50d3425b63a39dc81b44d94f	native_original_pdf		2026-10-04	Native PDF7 / printed24, section4.1 ResearchReactors, TR2 first-criticality sentence	Actual first criticality December1981 at monthprecision only. TENMAK current page separately reports commissioning1982 and full-capacity service1984; no day inferred, no WestinghouseTR2 mapping.	Private original source inspection only; no redistribution or training grant inferred	month	explicit original TAEK author first-criticality sentence	"[{""source_id"":""tenmak-tr2-original-facility"",""original_url"":""https://tenmak.gov.tr/en-US/tr-2-research-reactor-facility"",""sha256"":""933bed8471f0e81c4bad3a717a053f62808b017e54a171d3433e3ed55094c2b1"",""admissibility"":""Original contextual corroboration only; event, role and unit scopes not expanded.""}]"
wikidata-q111846674	purpose	medical-isotope production research	selected	argonne-kipt-original-medical-isotopes-2016	Argonne ANL16/03 KIPT medical isotope production original report	https://publications.anl.gov/anlpubs/2016/02/124805.pdf	a4d50d81bb7c465282fad8ec3e6fae4822ef1f6683161aa7b0f7663f4fe3febc	native_original_pdf	2016-01	2026-10-04	Native PDF9 / printed1, abstract and named isotope-production utilization	January2016 original ANL16/03 analyses explicitly study medical-isotope production in KIPT neutron source. Source describes intended use and modelling, not verified present production or a critical reactor.	Private source inspection; publisher rights retained; no redistribution grant inferred		explicit original facility-specific intended research application	"[{""source_id"":""iaea-original-tecdoc1748-national-decommissioning-papers"",""original_url"":""https://www-pub.iaea.org/MTCD/publications/PDF/TE-1748_web.pdf"",""sha256"":""75c5f56f5a4f480cbc6fc3f01ce0eed53c9908849a3daf742cb4033dd04374cc"",""locator"":""Native PDF176 printed167 section3.2"",""admissibility"":""Original Ukraine author subcritical facility description; planned operation/use not an actual critical event.""}]"
wikidata-q111846674	first_criticality		not_applicable	argonne-kipt-original-medical-isotopes-2016	Argonne ANL16/03 KIPT medical isotope production original report	https://publications.anl.gov/anlpubs/2016/02/124805.pdf	a4d50d81bb7c465282fad8ec3e6fae4822ef1f6683161aa7b0f7663f4fe3febc	native_original_pdf	2016-01	2026-10-04	Native PDF9 / printed1, accelerator-driven subcritical assembly and external-neutron-source paragraphs	Facility is an accelerator-driven subcritical assembly with an external neutron source. Sustained critical-reactor first criticality is inapplicable to this described design; startup/beam commissioning is distinct. No claim zero neutrons or absence of operation.	Private source inspection; publisher rights retained; no redistribution grant inferred		explicit subcritical physical design	"[{""source_id"":""iaea-original-tecdoc1748-national-decommissioning-papers"",""original_url"":""https://www-pub.iaea.org/MTCD/publications/PDF/TE-1748_web.pdf"",""sha256"":""75c5f56f5a4f480cbc6fc3f01ce0eed53c9908849a3daf742cb4033dd04374cc"",""locator"":""Native PDF176 printed167 section3.2"",""admissibility"":""Original Ukraine author subcritical facility description; planned operation/use not an actual critical event.""}]"
wikidata-q5513613	operator	Atomic Energy Research Establishment (AERE)	held	nda-2007-radioactive-waste-process-review	NDA 2007 inventory review of contributing processes, GLEEP uses	https://ukinventory.nda.gov.uk/wp-content/uploads/2014/02/2007-The-2007-UK-Radioactive-Waste-Inventory-a-Review-of-the-Processes-Contributing-to-Radioactive-Wastes-in-the-UK.pdf	8a91918b2399d1ea9d07ca5e35ea16a5cea8ca187ea489a26ad1c9a3eec7fa6c	native_original_pdf	2008-03	2026-10-03	Native PDF54 / printed46, section6.2.2 Harwell opening and GLEEP paragraph	The NDA history identifies Harwell as AERE and lists its GLEEP reactor, but the inspected paragraph does not expressly assign the historical institutional operator. Preserve the proposed AERE association; laterUKAEA/NDAdecommissioning responsibilities are not backdated to1947operation.	Private inspection only; publisher rights retained; no redistribution grant inferred		Original site/history association inspected; operator role and time not inferred	
wikidata-q5513613	purpose	experimental reactor research|material-testing standards|calibration	selected	nda-2007-radioactive-waste-process-review	NDA 2007 inventory review of contributing processes, GLEEP uses	https://ukinventory.nda.gov.uk/wp-content/uploads/2014/02/2007-The-2007-UK-Radioactive-Waste-Inventory-a-Review-of-the-Processes-Contributing-to-Radioactive-Wastes-in-the-UK.pdf	8a91918b2399d1ea9d07ca5e35ea16a5cea8ca187ea489a26ad1c9a3eec7fa6c	native_original_pdf	2008-03	2026-10-03	Physical page54 / printed46, section6.2.2 Harwell GLEEP paragraph	Historical named GLEEP uses; source publication March2008 covers2007inventory. Existing nonempty1947-08-15 criticality remains untouched; prose1946 is not used as criticality.	Private inspection only; publisher rights retained; no redistribution grant inferred		historical_operating_purpose	
wikidata-q6107726	operator	Ministry of Defence (Navy), Department of Nuclear Science and Technology	selected	iaea-jason-original-decommissioning-trs420	IAEA TRS420 original JASON unit account	https://www-pub.iaea.org/MTCD/Publications/PDF/TRS420_web.pdf	8d353f35373aae75c4712c0155748b8f6066e9e6e5b63b1866b6fe0e81b0533a	native_original_pdf	2004-04	2026-10-04	Native PDF174 / printed166, I-12.1 operated-at-the-college sentence	Historical Greenwich operating institution explicitly named until last shutdownJuly1996. Earlier Hawker Siddley operation at Langley fromFebruary1959 is distinct; decommissioning contractors are not substituted for reactor operator.	Private source inspection; publisher rights retained; no redistribution grant inferred		explicit operated-by institutional role in original facility account	
wikidata-q6107726	purpose	naval nuclear-propulsion personnel training|neutron-irradiation research|shielding investigations	selected	iaea-jason-original-decommissioning-trs420	IAEA TRS420 original JASON unit account	https://www-pub.iaea.org/MTCD/Publications/PDF/TRS420_web.pdf	8d353f35373aae75c4712c0155748b8f6066e9e6e5b63b1866b6fe0e81b0533a	native_original_pdf	2004-04	2026-10-04	Native PDF174 / printed166, I-12.1 actual training and source-of-neutrons uses	Actual historical Greenwich JASON training and research uses. November1962 criticality at relocated Greenwich site is not automatically earliest criticality of the hardware.	Private source inspection; publisher rights retained; no redistribution grant inferred		explicit original historical training and research uses	
wikidata-q6107726	first_criticality	1959-09	held	iaea-research-reactor-status-pub1201	IAEA Status of the Decommissioning of Nuclear Facilities around the World Pub1201	https://www-pub.iaea.org/MTCD/Publications/PDF/Pub1201_web.pdf	beef788ca543861294d7e91ba29156d3ea630ed19eef763f26663e34082e85a2	native_original_pdf	2004-08	2026-10-03	PDF page82 / annex printed17, UK Jason Argonaut10kW row	Inventory gives original criticality before Greenwich establishment in1962. Unit continuity across relocation remains unverified against captured original operator material; date not eligible for Greenwich record yet.	Private source inspection; publisher rights retained; no redistribution grant inferred	month	IAEA inventory; original-unit/site relocation mapping pending	
wikidata-q6715421	operator	Associated Electrical Industries (AEI)	selected	parliament-merlin-original-api-answer-1993	UK Parliament historicHansard actual21May1993 MERLIN operating answer	https://api.parliament.uk/historic-hansard/written-answers/1993/may/21/aldermaston	ebe890989b3748e923fb860b91602cd3c777f15295c5d99ca410e3fc3075f730	native_original_html	1993-05-21	2026-10-04	Native historical Hansard21May1993, vol225 c344W, Mr Aitken owned-and-operated answer	Parliamentary answer explicitly names AEI as historical owner and operator, later part of GEC; reactor never part of Atomic Weapons Establishment. Native API masthead says21May1993; misleading modern routing path21February is not accepted as date.	Private source inspection; publisher rights retained; no redistribution grant inferred		explicit historical government owned-and-operated statement	
wikidata-q6715421	purpose	research and training facilities	held	parliament-merlin-original-use-answer-1962	UK Parliament1August1962 MERLIN research and training discussion	https://api.parliament.uk/historic-hansard/written-answers/1962/aug/01/imperial-college-merlin-reactor	a9a96a04d8ff35d05f26efd074de70f5fc74526caecb8b3f36d2a0c64c30200a	native_original_html	1962-08-01	2026-10-04	Native Hansard1August1962 vol664 c106W, question and ministerial response	AEI offered MERLIN facilities for research/training, but government rejected the offer as unsuitable for London University. This does not establish actual training delivery or detailed experiments; preserve offered-use claim without scalar fill.	Private source inspection; publisher rights retained; no redistribution grant inferred		offered facilities and rejected suitability; actual use unproven	
wikidata-q6715421	first_criticality	1959-07	held	iaea-research-reactor-status-pub1201	IAEA Status of the Decommissioning of Nuclear Facilities around the World Pub1201	https://www-pub.iaea.org/MTCD/Publications/PDF/Pub1201_web.pdf	beef788ca543861294d7e91ba29156d3ea630ed19eef763f26663e34082e85a2	native_original_pdf	2004-08	2026-10-03	PDF page82 / annex printed17, UK Merlin row	UK Pool5000kW row gives month. Its1976shutdown conflicts with earlier Aldermaston dismantling/archive leads; named facility mapping/cross-source conflict requires resolution. German FRJ1/MERLIN is excluded.	Private source inspection; publisher rights retained; no redistribution grant inferred	month	IAEA inventory; unresolved whole-row historical discrepancy	
wikidata-q7894454	operator	Victoria University of Manchester (historical government listing, 1984)	selected	parliament-urr-original-facilities-answer-1984	Original UK government answer Civil Nuclear Facilities 19 November 1984	https://api.parliament.uk/historic-hansard/written-answers/1984/nov/19/civil-nuclear-facilities	fc84c4192765c6966e32cb8e4c4248c74da39598215b6f81e5f7377604aac721	native_original_html	1984-11-19	2026-10-04	Native written answer19November1984, Civil research reactors list, Risley entry	The original government answer lists Victoria University, Manchester against the research reactor at Risley under civil research reactors operated at listed sites. Select this precisely dated institutional listing; do not add an unverified Liverpool joint role or claim current operation.	Private source inspection; publisher rights retained; no redistribution grant inferred		Contemporaneous government operating-institution listing for exact Risley unit	
wikidata-q7894454	purpose		unknown	parliament-urr-original-facilities-answer-1984	Original UK government answer Civil Nuclear Facilities 19 November 1984	https://api.parliament.uk/historic-hansard/written-answers/1984/nov/19/civil-nuclear-facilities	fc84c4192765c6966e32cb8e4c4248c74da39598215b6f81e5f7377604aac721	native_original_html	1984-11-19	2026-10-04	Native written answer19November1984, Risley research-reactor entry	The contemporaneous government answer identifies the Risley unit and institution but states no particular experiment, training use or neutron-activation function. The scoped no-fill is limited to the inspected official entry; an uninspected encyclopedia purpose is not admitted.	Private source inspection; publisher rights retained; no redistribution grant inferred		Exact official unit entry inspected; concrete-use assertion absent from this citation	
wikidata-q7894454	first_criticality	1964-07	selected	iaea-research-reactor-status-pub1201	IAEA Status of the Decommissioning of Nuclear Facilities around the World Pub1201	https://www-pub.iaea.org/MTCD/Publications/PDF/Pub1201_web.pdf	beef788ca543861294d7e91ba29156d3ea630ed19eef763f26663e34082e85a2	native_original_pdf	2004-08	2026-10-03	PDF page83 / annex printed18, UK Universities Research Reactor row	Named UK Argonaut300kW inventory row. Retain month precision; an exact day attributed to an unavailable journal article is not admitted.	Private source inspection; publisher rights retained; no redistribution grant inferred	month	IAEA inventory explicit criticality column	
wikidata-q123468516	operator	Rolls-Royce on behalf of Ministry of Defence	selected	highland-dounreay-vulcan-emergency-plan	Highland Council Dounreay and Vulcan offsite emergency plan	https://www.highland.gov.uk/downloads/file/1253/dounreay-and-vulcan-nrte-offsite-emergency-plan	fb22fa451dfe33af38b8110385ab4858213c59ef1d5362eac6c82e676f8a5d37	native_original_pdf	2025-03	2026-10-03	PDF/printed page6 quick-reference table, Site Operator row; page5 plan collaborators	Site operator reported for the decommissioning Vulcan NRTE complex inMarch2025; does not identify the operator of each historical unit at first criticality. Table wording RR on behalf of MoD, expanded using named collaborators.	Private source inspection; publisher rights retained; no redistribution grant inferred		local authority emergency plan; site operator,2025	
wikidata-q123468516	purpose	prototype submarine nuclear-reactor testing|submarine reactor-core development	selected	govuk-vulcan-stf-shutdown-2015	MOD shutdown of Shore Test Facility reactor at Vulcan	https://www.gov.uk/government/news/shutdown-of-shore-test-facility-reactor	578e18bba8c040fab6d3079164a225fc4cac0cf05c1d60831914be8c818deda2	native_original_html	2015-07-22	2026-10-03	Main article opening STF prototype paragraph and ministerial paragraph on five core types since1965	Historical site programme and STF test purpose, explicitly not current operation after2015. Site-level assertion does not assign identical histories to its two reactors.	Private source inspection; publisher rights retained; no redistribution grant inferred		Ministry of Defence original programme statement	
wikidata-q123468516	first_criticality		composite	govuk-vulcan-stf-shutdown-2015	MOD shutdown of Shore Test Facility reactor at Vulcan	https://www.gov.uk/government/news/shutdown-of-shore-test-facility-reactor	578e18bba8c040fab6d3079164a225fc4cac0cf05c1d60831914be8c818deda2	native_original_html	2015-07-22	2026-10-03	Native22July2015 MOD announcement, STF shutdown and Minister's five-core-types statement	VulcanNRTE is an establishment with multiple prototype/core periods. Since1965 operation of five core types and STF shutdown after13years are not one establishment-wide first-criticality event. Preserve original establishment identity and scalar blank.	Private source inspection; publisher rights retained; no redistribution grant inferred		establishment/core identity and operation-versus-criticality qualification	
wikidata-q104835532	operator		held	argonne-afsr-original-physics-measurements	Original Argonne author AFSR reactor physics measurements archived DOE OSTI	https://www.osti.gov/servlets/purl/4764378/	72cfd73cf96d803d7f297f9f87b2a92fedeb762700b6913addd77e01033b99c3	native_original_pdf		2026-10-03	Individual source applicability review; no scalar event or operator value admitted.	ANLoriginalauthors explicitly identifyAFSRresearchuse; inspected paperIntroduction/experiments do not name institutional operating/licensed role.	Private source inspection; publisher rights retained; no redistribution grant inferred		author_and_host_affiliation_not_operator_role	
wikidata-q104835532	purpose	neutron-source experiments|reactor-physics measurements|neutron calibration	selected	argonne-afsr-original-physics-measurements	Original Argonne author AFSR reactor physics measurements archived DOE OSTI	https://www.osti.gov/servlets/purl/4764378/	72cfd73cf96d803d7f297f9f87b2a92fedeb762700b6913addd77e01033b99c3	native_original_pdf		2026-10-03	PDF1 Introduction and PDF2 / printed1309, experiments and calibration sections	AFSR laboratory neutron source for ANLIdaho research, experimental development and calibration actually reported. Author affiliation is not proof of licensed operator.	Private source inspection; publisher rights retained; no redistribution grant inferred		explicit original reactor-author design and actual use	
wikidata-q104835532	first_criticality	1959	selected	iaea-research-reactor-status-pub1201	IAEA Status of the Decommissioning of Nuclear Facilities around the World Pub1201	https://www-pub.iaea.org/MTCD/Publications/PDF/Pub1201_web.pdf	beef788ca543861294d7e91ba29156d3ea630ed19eef763f26663e34082e85a2	native_original_pdf	2004-08	2026-10-03	PDF83 / annex printed18; USA / AFSR, Date of Criticality column	Named US fast-neutron1kW unit; year only. Operator and purpose are not inferred from acronym.	Private source inspection; publisher rights retained; no redistribution grant inferred	year	explicit named inventory criticality row	
wikidata-q5095738	operator		held	argonne-original-cp3-reactor-history	Argonne original institutional early reactor history CP3 and CP3prime	https://www.ne.anl.gov/About/reactors/early-reactors.shtml	003893a78e8e2416c48cec264ad80f7207a56fc4062b1229dbbe6982d298f6d6	native_original_html		2026-10-03	Individual source applicability review; no scalar event or operator value admitted.	Original1943construction/1944criticality precede1946Argonnelab. Builders, ArgonneForestsite and1950CP3prime redesign do not alone prove institution operating original1944unit.	Private source inspection; publisher rights retained; no redistribution grant inferred		original_vs_later_institution_unresolved	
wikidata-q5095738	purpose	contingency plutonium-production reactor design	selected	anl-early-reactors-official	Argonne early reactors history	https://www.ne.anl.gov/About/reactors/early-reactors.shtml	a7bdc62b385f023017d4213a7145e8bc34703e9406dbbc7d0853e83897a94152	native_original_html		2026-10-03	CP-3 (Chicago Pile 3 Reactor) section, original-design paragraph	Original historical design option if the Hanford graphite-reactor design failed. This is not a claim that CP-3 actually supplied production plutonium.	Private inspection only; publisher rights retained; no redistribution grant inferred		historical_design_purpose	
wikidata-q5095738	first_criticality	1944	selected	anl-early-reactors-official	Argonne early reactors history	https://www.ne.anl.gov/About/reactors/early-reactors.shtml	a7bdc62b385f023017d4213a7145e8bc34703e9406dbbc7d0853e83897a94152	native_original_html		2026-10-03	CP-3 (Chicago Pile 3 Reactor) section, first history paragraph	Original natural-uranium CP-3 first criticality, year precision only; redesigned CP-3 prime became operational in May 1950 and is a separate configuration.	Private inspection only; publisher rights retained; no redistribution grant inferred	year	actual_initial_criticality	
wikidata-q6716310	purpose	material irradiation|fuel irradiation|instrumentation testing	selected	mit-nrl-reactor-experiments-official	MIT NRL reactor experiments	https://nrl.mit.edu/research/reactor-experiments/	80a944266ea9c213c9c8424f9334d4b7e63c5429fc974cb28ca1a444e2eca998	native_original_html		2026-10-03	Reactor Experiments, opening in-core research programme paragraph and Materials, Nuclear Fuels, Instrumentation sections	Described MITR in-core experimental uses; do not infer outcomes, superiority or production-reactor licensing from research capabilities.	Private inspection only; publisher rights retained; no redistribution grant inferred		described_reactor_research_purpose	
wikidata-q6716310	first_criticality	1975-08-14	selected	nrc-mitr-ii-license-extension-1995	NRC MIT amended facility operating license extension, Federal Register 1995	https://www.govinfo.gov/content/pkg/FR-1995-02-08/html/95-3087.htm	1e297ccdcd4e059bc58f05cb92ada7dba85faaf5b516ac7e350e3f05e9ecbf99	native_original_html		2026-10-03	Federal Register 60(26), pages 7589-7590, FR Doc 95-3087, requested recaptured periods (3) and (4)	Actual initial criticality of the modified MITR-II configuration named by the current discovery alias. MITR-I reached initial criticality on 1958-07-21; retain that separate configuration/event rather than substituting its date.	Private inspection only; publisher rights retained; no redistribution grant inferred	day	actual_initial_criticality_MITR_II	
wikidata-q28074807	operator		composite	uw-more-hall-original-decommissioning-2006	University Washington MoreHall decommissioning history 6April2006	https://www.washington.edu/news/2006/04/06/decommissioning-of-more-hall-reactor-concludes/	c74d0b624c8e764e35844fcdc3fbc4eac8a8283df518ea1ee4b4eba71c4ef08f	native_original_html	2006-04-06	2026-10-04	Native6April2006 body opening MoreHallAnnex location and UW reactor decommissioning account	Original identity names the annex building containing UW reactor, not an independently resolved reactor-unit identity. UW engineering, contractorLVI and NRC roles are distinct. Preserve original building identity; do not equate decommissioning contractor with historical reactor operator.	Private source inspection; publisher rights retained; no redistribution grant inferred		building-versus-contained-reactor identity qualification	
wikidata-q28074807	purpose		composite	uw-more-hall-original-decommissioning-2006	University Washington MoreHall decommissioning history 6April2006	https://www.washington.edu/news/2006/04/06/decommissioning-of-more-hall-reactor-concludes/	c74d0b624c8e764e35844fcdc3fbc4eac8a8283df518ea1ee4b4eba71c4ef08f	native_original_html	2006-04-06	2026-10-04	Native6April2006 body opening UW nuclear engineering programme and later generic nonpower-reactor uses	Source describes housed UW reactor's nuclear-engineering role. Building identity is retained; generic biology/physics/chemistry/medicine examples concern all nonpower reactors, not a specific documented set of UW experiments.	Private source inspection; publisher rights retained; no redistribution grant inferred		building-versus-reactor scope; generic uses excluded	
wikidata-q28074807	first_criticality		composite	iaea-research-reactor-status-pub1201	IAEA Status of the Decommissioning of Nuclear Facilities around the World Pub1201	https://www-pub.iaea.org/MTCD/Publications/PDF/Pub1201_web.pdf	beef788ca543861294d7e91ba29156d3ea630ed19eef763f26663e34082e85a2	native_original_pdf	2004-08	2026-10-03	Individual source applicability review; no scalar event or operator value admitted.	IAEAUniversityWashington UWNR ArgonautApril1961 is a reactor unit; MoreHallAnnex is building identity. UniversityWisconsin UWNR is another unit.	Private source inspection; publisher rights retained; no redistribution grant inferred		building_to_reactor_mapping_required	
wikidata-q104889685	purpose	reactor-experiment planning|neutron-flux estimation|experimental-material interaction studies	selected	nasa-science-in-flux-sp4317	NASA Science in Flux, SP-2006-4317	https://www.nasa.gov/wp-content/uploads/2023/04/sp-4317.pdf	410c25322e1e0feec75279cdeb409a85d99bc5eb4321a014281df82e979d24cd	native_original_pdf	2006	2026-10-03	Original PDF physical page 72 / printed pages 100-101, The Mock-Up Reactor, second paragraph and adjacent operating explanation, visually inspected	Historical mock-up simulation of the main reactor test environment to assess experiment position, irradiation and interactions; no separate power-generation claim.	Private inspection only; publisher rights retained; no redistribution grant inferred		historical_operating_purpose	
wikidata-q104889685	first_criticality	1963-08	selected	nasa-science-in-flux-sp4317	NASA Science in Flux, SP-2006-4317	https://www.nasa.gov/wp-content/uploads/2023/04/sp-4317.pdf	410c25322e1e0feec75279cdeb409a85d99bc5eb4321a014281df82e979d24cd	native_original_pdf	2006	2026-10-03	Original PDF physical page 72 / printed pages 100-101, The Mock-Up Reactor, first paragraph, visually inspected	Actual initial criticality of the MUR/R-93 unit. Month precision only; main-reactor June 1961 criticality and August 15 1963 experimental cycle are different unit/event facts.	Private inspection only; publisher rights retained; no redistribution grant inferred	month	actual_initial_criticality_MUR	
wikidata-q21028294	purpose	nuclear-propulsion research|material irradiation	selected	nasa-plum-brook-facility-official	NASA Plum Brook Reactor Facility history	https://www.nasa.gov/plum-brook-reactor-facility/	53b8f2e2644166297da4d4316cffe2cbf9f92faad19482aeb50f48814f0cfe9f	native_original_html		2026-10-03	Main history paragraph identifying the 60-MW main reactor	Historical aircraft and rocket propulsion research and irradiation effects on materials. Distinct from the separate Mock-Up Reactor and current nonreactor test facilities.	Private inspection only; publisher rights retained; no redistribution grant inferred		historical_operating_purpose	
wikidata-q21028294	first_criticality	1961-06-14	selected	nasa-plum-brook-original-status-memos	NASA Plum Brook original project status memorandum, July 1962	https://www.nasa.gov/wp-content/uploads/2025/06/c-site-status-reports-1963-68.pdf	fa57146af41381758df60afa83ea9f8b955033705c15083b3382c7e6e96567fa	native_original_pdf	1962-07-09	2026-10-03	Original archive PDF physical page 1, July 9 1962 memorandum paragraph 2, visually inspected	Actual initial minimum-core criticality of the main Plum Brook Reactor. June 27 1961 full-size core operation and 1962 full-power operation are distinct events. The memorandum is addressed to Charles S. Moore; authorship is not inferred from addressee.	Private inspection only; publisher rights retained; no redistribution grant inferred	day	actual_initial_criticality_minimum_core	
wikidata-q7261000	purpose	nuclear-engineering education|reactor-operator training|neutron activation analysis	selected	purdue-reactor-official-facility	Purdue PUR-1 reactor facility	https://engineering.purdue.edu/NE/research/facilities/reactor	030346ba60d644854ad51216e0d80a592b0ec9165fd4979ec8014cd832070d0f	native_original_html		2026-10-03	Mission and Impact, opening two paragraphs	Explicit PUR-1 instructional mission and neutron-source research uses. The distinct associated subcritical pile is not conflated with PUR-1.	Private inspection only; publisher rights retained; no redistribution grant inferred		described_operating_purpose	
wikidata-q7261000	first_criticality	1962-01	selected	iaea-research-reactor-status-pub1201	IAEA Status of the Decommissioning of Nuclear Facilities around the World Pub1201	https://www-pub.iaea.org/MTCD/Publications/PDF/Pub1201_web.pdf	beef788ca543861294d7e91ba29156d3ea630ed19eef763f26663e34082e85a2	native_original_pdf	2004-08	2026-10-03	PDF89 / annex printed24; USA / PUR-1, Date of Criticality column	Named US pool1kW Purdue unit; month only.	Private source inspection; publisher rights retained; no redistribution grant inferred	month	explicit named inventory criticality row	
wikidata-q7306688	purpose	research and education|trace-element neutron activation analysis|radiation-meter calibration	selected	reed-reactor-official-about	Reed Research Reactor laboratory uses	https://www.reed.edu/reactor/about.html	2f09f8e4609cd771d30bf85f30520de1b7da45bccb1f28c9525890717ca943f1	native_original_html		2026-10-03	Reactor Uses, Instruction, Research and Industry sections	Described Reed facility uses and calibration service. Establishment in 1968 alone is not proof of actual initial-criticality date.	Private inspection only; publisher rights retained; no redistribution grant inferred		described_operating_purpose	
wikidata-q7306688	first_criticality	1968-07	selected	iaea-research-reactor-status-pub1201	IAEA Status of the Decommissioning of Nuclear Facilities around the World Pub1201	https://www-pub.iaea.org/MTCD/Publications/PDF/Pub1201_web.pdf	beef788ca543861294d7e91ba29156d3ea630ed19eef763f26663e34082e85a2	native_original_pdf	2004-08	2026-10-03	PDF89 / annex printed24; USA / Reed College, Date of Criticality column	Named TRIGA MkI250kW unit; establishment/opening is not substituted for criticality.	Private source inspection; publisher rights retained; no redistribution grant inferred	month	explicit named inventory criticality row	
wikidata-q7864599	purpose	reactor-operator training|laboratory education|trace-element neutron analysis	selected	uftr-engineering-facilities-official	University of Florida training reactor research and instructional purpose	https://www.eng.ufl.edu/research/facilities-equipment/	da719fd28255a3f28eb8a93338a622fcf3d0c237cc2fc29553c0cf9727ca10a4	native_original_html		2026-10-03	UF Training Reactor subsection, second paragraph	Explicit UFTR educational and radiation/neutron-source research uses. Construction year 1959 is not treated as first criticality.	Private inspection only; publisher rights retained; no redistribution grant inferred		described_operating_purpose	
wikidata-q7864599	first_criticality	1959-05	selected	iaea-research-reactor-status-pub1201	IAEA Status of the Decommissioning of Nuclear Facilities around the World Pub1201	https://www-pub.iaea.org/MTCD/Publications/PDF/Pub1201_web.pdf	beef788ca543861294d7e91ba29156d3ea630ed19eef763f26663e34082e85a2	native_original_pdf	2004-08	2026-10-03	PDF91 / annex printed26; USA / UFTR, Univ. of Florida Training, Date of Criticality column	Explicit expanded inventory name and modifiedArgonaut100kW configuration.	Private source inspection; publisher rights retained; no redistribution grant inferred	month	explicit named inventory criticality row	
wikidata-q2075888	purpose	radiation research|education|controlled neutron and gamma exposure testing	selected	uml-reactor-official-about	UMass Lowell reactor facility and initial criticality	https://www.uml.edu/research/radlab/reactor/about.aspx	d7e818f46769d8104d786bbc73bf749c56cc9d1240cb08a63cbc74679b44e775	native_original_html		2026-10-03	About the Reactor, opening facility description and controlled-exposure paragraph	Radiation Laboratory complex includes both reactor neutron and gamma facilities. This facility-scoped purpose does not imply every listed irradiation mode is produced by UMLRR itself.	Private inspection only; publisher rights retained; no redistribution grant inferred		described_facility_operating_purpose	
wikidata-q2075888	first_criticality	1975-01	held	iaea-research-reactor-status-pub1201	IAEA Status of the Decommissioning of Nuclear Facilities around the World Pub1201	https://www-pub.iaea.org/MTCD/Publications/PDF/Pub1201_web.pdf	beef788ca543861294d7e91ba29156d3ea630ed19eef763f26663e34082e85a2	native_original_pdf	2004-08	2026-10-03	PDF91 / annex printed26; USA UML pool1000kW row	Inventory acronym/configuration are compatible with Lowell facility record; explicit reactor-to-laboratory identity bridge still required.	Private source inspection; publisher rights retained; no redistribution grant inferred	month	inventory assertion pending exact unit mapping	"[{""source_id"":""cea-research-reactors-2012-en"",""original_url"":""https://www.cea.fr/english/Documents/scientific-and-economic-publications/nuclear-energy-monographs/CEA_Monograph9_Research-nuclear-reactor_2012_GB.pdf"",""sha256"":""71aff9bb852fa465a1a7a4d908abf09492cedd1206d490767c5272150a56606c"",""locator"":""PDF/printed40 Table8; named reactor Divergence column"",""admissibility"":""Original table assertion; day not admitted; proven other table errors prevent blanket approval"",""reported_value"":""1975-01-02""}]"
wikidata-q7895838	purpose	material irradiation|post-irradiation examination|neutron-scattering research	selected	murr-materials-science-official	MURR materials science research programme	https://www.murr.missouri.edu/research/materials-science/	84334a90eb2d4e399065b8922ca1bdce66bc44c16fec51a74facc31e66c0efae	native_original_html		2026-10-03	Materials Science, Irradiation and Post-Irradiation Examination Capabilities opening paragraph and Collaborate with us paragraph	Described MURR materials-science uses, not an exhaustive facility mission and not the proposed NextGen MURR reactor.	Private inspection only; publisher rights retained; no redistribution grant inferred		described_operating_purpose	
wikidata-q7895838	first_criticality	1966-10-13	selected	murr-archives-reactor-chronology	University of Missouri Archives reactor construction chronology	https://muarchives.missouri.edu/reactor-chrono.html	25c6f781adf92f42dc9c0b954272260326d84693223f606aac672931eb3c76f7	native_original_html	2002-01-29	2026-10-03	Chronology row October 13 1966 Reactor first went critical	Actual MURR initial criticality, corroborated by the operator history page. May 28 dedication, 1967 first megawatt and subsequent power upgrade are different events.	Private inspection only; publisher rights retained; no redistribution grant inferred	day	actual_initial_criticality_MURR	
wikidata-q8069544	operator	Argonne National Laboratory	selected	anl-fast-reactor-technology-official	Argonne fast reactor facilities history	https://www.ne.anl.gov/About/reactors/frt.shtml	f403e389249fc8ede87bf62bba16f835a83b130a5ba6a6f3809e6635b5833bc4	native_original_html		2026-10-03	ZPPR (Zero Power Physics Reactor), Overview, first paragraph	Explicit historical design/build/operating organisation; subsequent transfer to Idaho National Laboratory in 2005 is separate custodial history.	Private inspection only; publisher rights retained; no redistribution grant inferred		historical_operator	
wikidata-q8069544	purpose	fast-reactor physics experiments|nuclear-data validation|reactor-design-method validation	selected	anl-fast-reactor-technology-official	Argonne fast reactor facilities history	https://www.ne.anl.gov/About/reactors/frt.shtml	f403e389249fc8ede87bf62bba16f835a83b130a5ba6a6f3809e6635b5833bc4	native_original_html		2026-10-03	ZPPR (Zero Power Physics Reactor), Overview, first two paragraphs	Historical critical-assembly experiments supporting fast-reactor designs and validation of nuclear data and computational methods.	Private inspection only; publisher rights retained; no redistribution grant inferred		historical_operating_purpose	
wikidata-q8069544	first_criticality	1969-04	selected	iaea-research-reactor-status-pub1201	IAEA Status of the Decommissioning of Nuclear Facilities around the World Pub1201	https://www-pub.iaea.org/MTCD/Publications/PDF/Pub1201_web.pdf	beef788ca543861294d7e91ba29156d3ea630ed19eef763f26663e34082e85a2	native_original_pdf	2004-08	2026-10-03	PDF92 / annex printed27; USA / ZPPR, Date of Criticality column	Named US critical assembly1kW; year/month only.	Private source inspection; publisher rights retained; no redistribution grant inferred	month	explicit named inventory criticality row	
wikidata-q17628272	operator		held	iaea-original-tecdoc1748-national-decommissioning-papers	Project experiences in research reactor ageing management, modernization and refurbishment, IAEA-TECDOC-1748	https://www-pub.iaea.org/MTCD/publications/PDF/TE-1748_web.pdf	75c5f56f5a4f480cbc6fc3f01ce0eed53c9908849a3daf742cb4033dd04374cc	native_original_pdf	2014-08	2026-10-04	Native individually inspected section specified in scope: Native PDF191-192 printed182-183 IVICreactor-to-gammairradiator conversion and2004irradiatorauthorisation. Conversionresponsibility and laterirradiatorlicence do not independently establishoriginalfissionreactoroperator.	Native PDF191-192 printed182-183 IVICreactor-to-gammairradiator conversion and2004irradiatorauthorisation. Conversionresponsibility and laterirradiatorlicence do not independently establishoriginalfissionreactoroperator.	IAEA copyright; native PDF5 permission requirement for reproduced text. Private inspection only, no redistribution/training grant inferred.		Individual original-source unit/role/event review; no scalarfill until exact assertion supported.	
wikidata-q17628272	purpose		held	iaea-original-tecdoc1748-national-decommissioning-papers	Project experiences in research reactor ageing management, modernization and refurbishment, IAEA-TECDOC-1748	https://www-pub.iaea.org/MTCD/publications/PDF/TE-1748_web.pdf	75c5f56f5a4f480cbc6fc3f01ce0eed53c9908849a3daf742cb4033dd04374cc	native_original_pdf	2014-08	2026-10-04	Native individually inspected section specified in scope: Native PDF191-192 printed182-183 describes later industrialgammairradiation andconversion. Originalfissionreactor scientificuse is not explicit ininspectedsection; do nottransferlaterirradiatorpurpose tooldreactor.	Native PDF191-192 printed182-183 describes later industrialgammairradiation andconversion. Originalfissionreactor scientificuse is not explicit ininspectedsection; do nottransferlaterirradiatorpurpose tooldreactor.	IAEA copyright; native PDF5 permission requirement for reproduced text. Private inspection only, no redistribution/training grant inferred.		Individual original-source unit/role/event review; no scalarfill until exact assertion supported.	
wikidata-q17628272	first_criticality	1960-07	selected	iaea-research-reactor-status-pub1201	IAEA Status of the Decommissioning of Nuclear Facilities around the World Pub1201	https://www-pub.iaea.org/MTCD/Publications/PDF/Pub1201_web.pdf	beef788ca543861294d7e91ba29156d3ea630ed19eef763f26663e34082e85a2	native_original_pdf	2004-08	2026-10-03	PDF92 / annex printed27; Venezuela / RV-1, Date of Criticality column	Named Venezuelan pool3000kW reactor; no criticality day inferred.	Private source inspection; publisher rights retained; no redistribution grant inferred	month	explicit named inventory criticality row	
