section	category	title	year	authors_or_org	url	local_file	access	status	notes
01_nuclear	overview	Nuclear Reactor Technology Assessment for Near Term Deployment	2013	IAEA	https://www-pub.iaea.org/MTCD/Publications/PDF/Pub1597_web.pdf		open-fulltext	catalog-only	Technology-neutral assessment framework; not an operating manual. Retained research copy SHA-256 fcc00cefb22b622a9e0bf7872f4524e4f20e3154295dca11e65d8bf6f669ac9e; copy held in owner-controlled local custody, not redistributed.
01_nuclear	overview	Nuclear Power Plant Design Characteristics Structure of Nuclear Power Plant Design Characteristics in the IAEA PRIS Database	2007	IAEA	https://www-pub.iaea.org/MTCD/Publications/PDF/te_1544_web.pdf		open-fulltext	catalog-only	Comparative terminology for PWR BWR PHWR GCR and RBMK. Retained research copy SHA-256 f5781cce9720d165c9d15b04bc9c8074fdf6339fe677032ff43b4ed3f9a82672; copy held in owner-controlled local custody, not redistributed.
01_nuclear	light-water	NRC Reactor Concepts (R-100) Training Course		US NRC	https://www.nrc.gov/cdn/legacy/reading-rm/training/reactor-concepts-training-course.pdf		open-fulltext	catalog-only	Full 292-page educational course, including BWR and PWR systems. Page footers dated 14 June 2017; publication year and original retrieval date not independently established. Retained research copy SHA-256 7c72736716363aec44745352ed2cde83e4e6f90da88974ddc83e7c5c40bea64d; copy held in owner-controlled local custody, not redistributed.
01_nuclear	light-water-bwr	Reactor Concepts Manual: Boiling Water Reactor Systems		US Nuclear Regulatory Commission	https://www.nrc.gov/sites/default/files/doc_library/cdn/legacy/reading-rm/basic-ref/students/for-educators/03.pdf		public government PDF	catalog-only	Introductory BWR vessel, recirculation, steam, control and safety-system concepts; not an operating procedure. Footer code 0400 is preserved without treating it as a verified publication date. Original retrieval date unknown. Retained research copy SHA-256 d4a35338e8ce6f5346320ca05df7a0dfb8f0f75419c706689abccfcdc11ae345; copy held in owner-controlled local custody, not redistributed.
01_nuclear	light-water	Passive Safety Systems in Water Cooled Reactors	2019	IAEA	https://www-pub.iaea.org/MTCD/Publications/PDF/TCS-69web.pdf		open-fulltext	catalog-only	PWR BWR and integral-PWR principles. Retained research copy SHA-256 a94defe8dd6d15b660c92245dbfcc0d17d7ed701da2ad0c991068e29cea212e6; copy held in owner-controlled local custody, not redistributed.
01_nuclear	heavy-water	The Essential CANDU textbook portal	2017	UNENE and CANDU Owners Group	https://unene.ca/resources/the-essential-candu/		open-web	catalogued	Peer-reviewed chapter-level textbook; publisher landing page retained because current page exposes chapter summaries rather than one stable PDF.
01_nuclear	heavy-water	CANDU Fundamentals Training Course	2003	CNSC / CANTEACH	https://www.nuceng.ca/canteach-rev2/cnsc.html		open-web	catalogued	Public training library with CANDU fundamentals and reactor physics PDFs.
01_nuclear	gas-graphite	Current Status and Future Development of Modular High Temperature Gas Cooled Reactor Technology	2001	IAEA	https://www-pub.iaea.org/MTCD/Publications/PDF/te_1198_prn.pdf		open-fulltext	catalog-only	February 2001 report, dated on the cover; historical HTGR designs, fuel barriers and testing programmes, not current deployment evidence. Original retrieval date unknown. Retained research copy SHA-256 4be0f2b5ed3e8fa05f2439ae155eabad9cabc29b8291a731dc8f4b3c70034bfe; copy held in owner-controlled local custody, not redistributed.
01_nuclear	gas-graphite	Technologies for Gas Cooled Reactor Decommissioning, Fuel Storage and Waste Disposal	1998	IAEA	https://www-pub.iaea.org/MTCD/Publications/PDF/te_1043_prn.pdf		open-fulltext	catalog-only	September 1998 proceedings report; actual title verified on the retained original. Historical Magnox operation, dismantling and waste-material constraints, not current fleet status. Original retrieval date unknown. Retained research copy SHA-256 a81890aa959d540658d9248866a466a385fca0f2eda927b6944c1f7267afc7dd; privately held, not redistributed.
01_nuclear	rbmk-historical	The Chernobyl Accident: Updating of INSAG-1 (INSAG-7)	1992	IAEA	https://pub.iaea.org/MTCD/publications/PDF/Pub913e_web.pdf		open-fulltext	catalog-only	November 1992 historical accident and RBMK design analysis; core-state-dependent reactivity and fuel-channel integrity, not current unit certification or verified completion of proposed retrofits. Original retrieval date unknown. Retained research copy SHA-256 75627db871b8cec591eaf9443ef32da70e6ccb72c34c38b01c18933e21152455; privately held, not redistributed.
01_nuclear	fast-reactors	Status of Fast Reactor Research and Technology Development	2012	IAEA	https://www-pub.iaea.org/MTCD/Publications/PDF/te_1691_web.pdf		open-fulltext	catalog-only	2012 report, dated in its publication notice; historical sodium, lead and gas fast-reactor designs and R&D, not a current programme snapshot. Original retrieval date unknown. Retained research copy SHA-256 f43c896a822b30774eca0fba35ca94827cd79cb70b5a20d27ea872998f9210fa; copy held in owner-controlled local custody, not redistributed.
01_nuclear	fast-reactors	Liquid Metal Coolants for Fast Reactors Cooled by Sodium Lead and Lead-Bismuth Eutectic	2012	IAEA	https://www-pub.iaea.org/MTCD/Publications/PDF/P1567_web.pdf		open-fulltext	catalog-only	Materials and coolant technology survey. Retained research copy SHA-256 1b8e989f1b0397e6b4c9074774e82d43e32598e4ccc8f3d405b61b531687b7e2; copy held in owner-controlled local custody, not redistributed.
01_nuclear	fast-reactors	Fast Reactors and Related Fuel Cycles: Next Generation Nuclear Systems for Sustainable Development	2018	IAEA	https://www-pub.iaea.org/MTCD/Publications/PDF/STIPUB1836web.pdf		open-fulltext	catalog-only	Conference proceedings with SFR LFR GFR and fuel-cycle coverage. Retained research copy SHA-256 02f49eb6762146337d16ef999560e9b9d7300f095e835b2d223dfa4d317dcc6c; copy held in owner-controlled local custody, not redistributed.
01_nuclear	molten-salt	Status of Molten Salt Reactor Technology	2023	IAEA	https://www-pub.iaea.org/MTCD/Publications/PDF/STI-DOC-010-489_web.pdf		open-fulltext	catalog-only	Authoritative international status report. Retained research copy SHA-256 d87f6a4d98b27fdcba6d6cd219998d917e55e9076d9089938151e299f4184b2d; copy held in owner-controlled local custody, not redistributed. Source-inspected physical-field statements: sections 3.1, 3.2, 4.5, 4.6, 4.7, 4.8, 4.9 and 4.10; one-based PDF and printed locators retained in citation metadata. Original retrieval date unknown; full entry review pending.
01_nuclear	molten-salt	Challenges Related to the Use of Liquid Metal and Molten Salt Coolants in Advanced Reactors	2013	IAEA	https://www-pub.iaea.org/MTCD/Publications/PDF/TE_1696_web.pdf		open-fulltext	catalog-only	Cross-cutting coolant chemistry and materials report. Retained research copy SHA-256 013fb534a0fc3188e3ed08422ed6a05bc1ed613f5f6cc1451f2d448c6053b4c1; copy held in owner-controlled local custody, not redistributed. Source-inspected coolant/fuel-carrier distinction: section 2.2.1, Table 2.1, PDF page 28, printed page 16. Original retrieval date unknown; full entry review pending.
01_nuclear	htgr-vhtr	Advances in High Temperature Gas Cooled Reactor Fuel Technology	2012	IAEA	https://www-pub.iaea.org/MTCD/Publications/PDF/TE_1674_CD_web.pdf		open-fulltext	catalog-only	TRISO and HTGR fuel R&D overview. Retained research copy SHA-256 d6cec5eccc96b2f7e07c9d754b44c033ebc28bb4996a21ac605aa4d9e8e0e488; copy held in owner-controlled local custody, not redistributed.
01_nuclear	research-reactors	Research Reactors: Safe Management and Effective Utilization	2017	IAEA	https://www-pub.iaea.org/MTCD/Publications/PDF/Pub1793_web.pdf		open-fulltext	catalog-only	International conference proceedings and utilization overview. Retained research copy SHA-256 a7d15514a2033e22fedc7da9e6d8b9228a78a4e30490f131441d41b9707d04cb; copy held in owner-controlled local custody, not redistributed.
01_nuclear	smr-microreactor	Small Modular Reactor Technology Catalogue 2024	2024	IAEA	https://aris.iaea.org/publications/SMR_catalogue_2024.pdf		open-fulltext	catalog-only	Broad design catalogue including water gas liquid-metal molten-salt and microreactors; vendor-contributed data. Retained research copy SHA-256 313ef291632512e85178810044db3f330775eb37e0bfda31b025e10f651dd8c3; copy held in owner-controlled local custody, not redistributed.
01_nuclear	smr-microreactor	Small Modular Reactors: Advances in Developments 2024	2024	IAEA	https://www-pub.iaea.org/MTCD/publications/PDF/p15790-PUB9062_web.pdf		open-fulltext	catalog-only	Short policy and technology overview. Retained research copy SHA-256 a553340f27636055f4dda8b0b2b4a63e01520a14d650e82f824785a991238eca; copy held in owner-controlled local custody, not redistributed.
01_nuclear	marine-smr	Small Modular Reactors for Marine-based Nuclear Power Plants: Technologies, Designs and Applications	2023	IAEA	https://aris.iaea.org/Publications/2023%20IAEA%20Marine%20Based%20SMR%20Booklet.pdf		open-fulltext	catalog-only	Official ARIS overview of floating and marine-based SMR concepts, applications, deployment status and enabling issues; vendor or programme descriptions are not independent performance validation. Retained research copy SHA-256 918c82c3e0f105355fd1852d42389ff9147f0b0344472fbd13186d2e5b8a294b; copy held in owner-controlled local custody, not redistributed.
01_nuclear	maritime-floating	A Review of Maritime Nuclear Reactor Systems	2025	M. D. Rowinski et al.	https://doi.org/10.3390/jne6010005		CC BY 4.0	catalog-only	Peer-reviewed survey of naval, merchant-propulsion and floating-power reactor systems; concept review does not establish licensing or deployment readiness. Retained research copy SHA-256 8e4d5e1f6d9f9108f2acd1fbb364503ec5c82b083f153924f216fbdd7ec122e5; copy held in owner-controlled local custody, not redistributed.
01_nuclear	generation-iv	Technology Roadmap Update for Generation IV Nuclear Energy Systems	2014	Generation IV International Forum	https://www.gen-4.org/gif/upload/docs/application/pdf/2014-03/gif-tru2014.pdf		open-fulltext	catalog-only	GFR LFR MSR SFR SCWR and VHTR roadmap. Retained research copy SHA-256 ead8fd54faf28bc31f397396ecff975e42892b45b8eacb20250ed1a26c8c9d67; copy held in owner-controlled local custody, not redistributed.
01_nuclear	ads	Status of Accelerator Driven Systems Research and Technology Development	2015	IAEA	https://www-pub.iaea.org/MTCD/Publications/PDF/TE-1766_web.pdf		open-fulltext	catalog-only	Technology status and research programmes. Retained research copy SHA-256 7c13bdf4938868fd1c6546a8673751704f9e091b5be11161f6f87af7593981b9; copy held in owner-controlled local custody, not redistributed. Publisher TLS capture 2026-10-01T21:51:36.245058+00:00. Selected physical fields inspected; complete entry review pending.
01_nuclear	ads	Analytical and Experimental Benchmark Analyses of Accelerator Driven Systems	2017	IAEA	https://www-pub.iaea.org/MTCD/Publications/PDF/TE-1821_web.pdf		open-fulltext	catalog-only	Research facility experiments and benchmark results. Retained research copy SHA-256 75113564e8bff27c38169979cd9d1c3dc2de80bd3ae300956f6afbfb0cb38013; copy held in owner-controlled local custody, not redistributed.
01_nuclear	fusion-overview	Fusion Energy: Same Challenge Different Solutions	2021	IAEA	https://www.iaea.org/sites/default/files/fusionenergy.pdf		open-fulltext	catalog-only	Accessible overview of tokamak stellarator and fusion technology. Retained research copy SHA-256 78e2bc773cdce4ab8b0b7fc75a235eabe63514be7204459a9590d8a5e6b88679; copy held in owner-controlled local custody, not redistributed.
01_nuclear	fusion-overview	Powering the Future: Fusion and Plasmas Long-Range Plan	2020	US DOE Fusion Energy Sciences Advisory Committee	https://science.osti.gov/-/media/fes/fesac/pdf/2020/202012/FESAC_Report_2020_Powering_the_Future.pdf		open-fulltext	catalog-only	Strategic research plan spanning magnetic inertial and alternative concepts. Retained research copy SHA-256 251e23610bc380e152117d8b3b4e56187bc8f72af88be818e762e600d09b489a; copy held in owner-controlled local custody, not redistributed.
01_nuclear	fusion-overview	International Collaboration Opportunities on Fusion Energy Sciences and Technology	2023	US DOE Fusion Energy Sciences Advisory Committee	https://science.osti.gov/-/media/fes/fesac/pdf/2023/IBRept2FESAC_ActualFINAL.pdf		open-fulltext	catalog-only	Tokamak stellarator alternative magnetic and inertial fusion research needs. Retained research copy SHA-256 438d673b3a35092b4561386ceb4e99a20cc03ec26d5b06f966277fb133ad2a81; copy held in owner-controlled local custody, not redistributed.
01_nuclear	fusion-device-survey	World Survey of Fusion Devices 2022	2022	IAEA	https://www-pub.iaea.org/MTCD/publications/PDF/CRCP-FUS-001webRev.pdf		open-fulltext	catalog-only	Worldwide survey of experimental devices, testing facilities and plant designs derived from FUSDIS; programme-provided specifications still require source-level review. Retained research copy SHA-256 323d826fb487a00debf2a576c8ce7ac64f68f2a3de2cd7d839f9172abf19ded2; copy held in owner-controlled local custody, not redistributed.
01_nuclear	fusion-commercial	Review of Commercial Nuclear Fusion Projects	2023	M. Meschini et al.	https://doi.org/10.3389/fenrg.2023.1157394		open-access peer-reviewed	catalog-only	Cross-concept survey of commercial fusion projects; company milestones are reported with review context and are not treated as independent validation of gain or schedules. Retained research copy SHA-256 3acda4dd568f78824c35d52f86ed526f1061b32aa4c90c6fb636f001c0714321; copy held in owner-controlled local custody, not redistributed.
01_nuclear	tokamak	ARIES-AT: An Advanced Tokamak Advanced Technology Fusion Power Plant	2001	F Najmabadi et al / IAEA	https://www-pub.iaea.org/MTCD/publications/PDF/csp_008c/pdf/ftp2_15.pdf		open-fulltext	catalog-only	Foundational conceptual power-plant study. Retained research copy SHA-256 3ff813f8e5fc3c8dd95cc7492eca0832f4d8208d11bfc34f9b3e1e0689606223; copy held in owner-controlled local custody, not redistributed.
01_nuclear	tokamak-demo	Re-design of EU DEMO with a Low Aspect Ratio	2024	C. Bachmann et al.; EUROfusion	https://doi.org/10.1016/j.fusengdes.2024.114518		open-access repository copy	catalog-only	Contemporary integrated EU DEMO design study covering a lower-aspect-ratio reactor point; design analysis is not evidence of a constructed plant. Retained research copy SHA-256 d1149835d2a04e02f67d775ce9ad46e01ffbcb130f24e15d572146ec7736e93c; copy held in owner-controlled local custody, not redistributed.
01_nuclear	tokamak	ITER Physics Basis	1999	ITER Physics Expert Groups	10.1088/0029-5515/39/12/301		paywalled-or-record	catalogued	Foundational Nuclear Fusion special issue; DOI only, no paywall bypass.
01_nuclear	stellarator	Stellarator Research Opportunities: A Report of the National Stellarator Coordinating Committee	2018	D A Gates et al	https://cpmi.illinois.edu/files/2018/06/Stellarator-Research-Opportunities-A-Report-of-the-National-Stellarator-Coordinating-Committee.pdf		open-fulltext	catalog-only	US community report; accepted manuscript/public report. Retained research copy SHA-256 c55e8dbde734665102be42e43d7d1ff9906f3703ef778d256e28a8d93246d003; copy held in owner-controlled local custody, not redistributed.
01_nuclear	stellarator	Towards a Stellarator Fusion Reactor: Achievements of the European Stellarator Program	2025	F Warmer et al / IAEA FEC	https://conferences.iaea.org/event/392/contributions/35848/		open-web	catalogued	Recent IAEA conference preprint and presentation available from landing page.
01_nuclear	inertial-fusion	Inertial Fusion Energy Research	2000	IAEA	https://www-pub.iaea.org/MTCD/Publications/PDF/te_1136_prn.pdf		open-fulltext	catalog-only	IAEA overview of targets chambers and drivers. Retained research copy SHA-256 3f3bfe6b9fe102e33e569916c617bac883636bb0da4770dececf1ee961c4a748; copy held in owner-controlled local custody, not redistributed.
01_nuclear	field-reversed-configuration	The Princeton Field-Reversed Configuration for Compact Nuclear Fusion Power Plants	2023	C Galea S Thomas M Paluszek S Cohen	https://w3.pppl.gov/ppst/docs/galea2023jfe.pdf		open-fulltext	catalog-only	Accepted manuscript of peer-reviewed review article; DOI 10.1007/s10894-023-00342-2. Retained research copy SHA-256 142ce8e766a2f387ea772577cd57316bc612be4ac507f0f5a32bbca3de662d3b; copy held in owner-controlled local custody, not redistributed.
01_nuclear	z-pinch	High yield inertial confinement fusion target design for a z-pinch-driven hohlraum	1999	J H Hammer et al	10.1063/1.873677		paywalled-or-record	catalogued	Foundational Z-pinch-driven ICF paper; DOI only, no paywall bypass.
01_nuclear	magnetized-target	Experimental Demonstration of Fusion-Relevant Conditions in Magnetized Liner Inertial Fusion	2014	M R Gomez et al	10.1103/PhysRevLett.113.155003		paywalled-or-record	catalogued	Selected foundational MagLIF paper; DOI record only.
01_nuclear	spheromak	The Spheromak	1990	T R Jarboe	10.1088/0741-3335/36/7/001		paywalled-or-record	catalogued	Classic review; bibliographic record only.
01_nuclear	fusion-textbook	Fundamentals of Magnetic Fusion Technology	2023	IAEA / edited by Guido Van Oost	https://www-pub.iaea.org/MTCD/Publications/PDF/PUB1945_web.pdf		open-fulltext	catalog-only	STI/PUB/1945, printed September2023. Selected tokamak power-exhaust/current-drive sections inspected; design requirements and dated projections do not establish current deployment. Retained original retrieval timestamp unknown. Original SHA-256 c1f82c67c52e83804e0372c5667628a5b46ac17d125607f816d4a991568eeca1. Original held in owner-controlled local custody, not redistributed; selected fields inspected, complete entry review pending.
01_nuclear	fusion-outlook	IAEA World Fusion Outlook 2024	2024	IAEA	https://doi.org/10.61092/iaea.es3t-vz6q		open-web	catalogued	Authoritative global status and concept survey; download available on IAEA landing page.
01_nuclear	tokamak	ITER Engineering Basis Handbook Volume 1 Chapter 4: Role and Distinctive Features of ITER	2026	ITER Organization	https://www.iter.org/sites/default/files/media/2026-01/vol.1_ch.04_role_and_distinctive_feature_dv4qgd_v2_0.pdf		open-fulltext	catalog-only	Current ITER design basis overview including plasma scenarios blanket heating current drive and diagnostics. Retained research copy SHA-256 f8e206e8d14eb1cb0e1a18ee4d00d77daa825f1606ca71b7e87ca68e6f813910; copy held in owner-controlled local custody, not redistributed.
01_nuclear	tokamak	ITER Physics Basis: Overview and Summary	1999	ITER Physics Expert Groups and Editors	10.1088/0029-5515/39/12/301		paywalled-or-record	catalogued	Foundational consensus physics basis; DOI only.
01_nuclear	stellarator	Overview of Wendelstein 7-X and its mission for optimized stellarators	2019	T Klinger et al	10.1088/1741-4326/ab03a7		open-article	catalogued	Peer-reviewed W7-X overview; publisher DOI record.
01_nuclear	stellarator	Stellarator Physics	1990	IAEA	https://www-pub.iaea.org/MTCD/Publications/PDF/te_558_web.pdf		open-fulltext	catalog-only	Foundational IAEA specialist proceedings. Retained research copy SHA-256 0594b16b794e82550c944ab133c9e102e17bf6585c64c8c9ea0faf5ee2d3e9c0; copy held in owner-controlled local custody, not redistributed.
01_nuclear	inertial-fusion	Physics principles of inertial confinement fusion and U.S. program overview	2023	O A Hurricane et al	https://doi.org/10.1103/RevModPhys.95.025005		open-web	catalogued	Modern peer-reviewed overview; publisher record retained.
01_nuclear	inertial-fusion	Achieving fusion ignition and energy gain in the laboratory	2024	A B Zylstra et al	https://doi.org/10.1103/PhysRevE.106.025202		open-web	catalogued	NIF ignition literature entry; use DOI/publisher access only.
01_nuclear	z-pinch	Z-pinch fusion fundamentals and applications	2011	M G Haines	10.1088/0741-3335/53/9/093001		paywalled-or-record	catalogued	Review article record; no paywall bypass.
01_nuclear	plasma-heating	ITER Engineering Basis Handbook Volume 1 Chapter 4 sections on plasma heating and current drive	2026	ITER Organization	https://www.iter.org/sites/default/files/media/2026-01/vol.1_ch.04_role_and_distinctive_feature_dv4qgd_v2_0.pdf		open-fulltext	catalog-only	Neutral beam ion cyclotron and electron cyclotron systems in ITER context; duplicate source copied into topical folder for discoverability. Retained research copy SHA-256 f8e206e8d14eb1cb0e1a18ee4d00d77daa825f1606ca71b7e87ca68e6f813910; copy held in owner-controlled local custody, not redistributed.
01_nuclear	fusion-textbook	Fusion Physics	2012	IAEA / edited by Mitsuru Kikuchi, Karl Lackner and Minh Quang Tran	https://www-pub.iaea.org/MTCD/Publications/PDF/Pub1562_web.pdf		open-fulltext	catalog-only	STI/PUB/1562, printed September2012. Full book title and editors verified on original title/copyright pages, correcting a chapter-oriented catalogue title. Selected tokamak/ST/RFP sections inspected; no whole-book or commercial-plant approval. Retained original retrieval timestamp unknown; original and historical custody manifest not rewritten. Original SHA-256 68d239fdcea11f9f049637acf19d887c3971e43f5736e28d056a5b75e52e6fdb. Original held in owner-controlled local custody, not redistributed; selected fields inspected, complete entry review pending.
01_nuclear	diagnostics	Initial Investigation of Diagnostics in Support of Fusion Pilot Plant Studies	2012	A E Costley / PPPL	https://bp-pub.pppl.gov/pub_report/2012/PPPL-4720.pdf		open-fulltext	catalog-only	Diagnostics feasibility for spherical tokamak advanced tokamak and compact stellarator pilot plants. Retained research copy SHA-256 ddd05d030baf1b26f55975e18362af510e75096923d5252e86b9d9d4904e1fa9; copy held in owner-controlled local custody, not redistributed.
01_nuclear	diagnostics	Diagnostics Plan for the National Compact Stellarator Experiment	2003	D Johnson et al / PPPL	https://ncsx.pppl.gov/StelPub/RSI01787.pdf		open-fulltext	catalog-only	Peer-reviewed diagnostic integration paper. Retained research copy SHA-256 2d1489d50148e50cbc4d6d16e1e039693f901b5712b858c537bf16299d48d855; copy held in owner-controlled local custody, not redistributed.
01_nuclear	diagnostics	Passive Spectroscopic Diagnostics for Magnetically Confined Fusion Plasmas	2007	B C Stratton et al / PPPL	https://bp-pub.pppl.gov/pub_report/2007/PPPL-4254.pdf		open-fulltext	catalog-only	Accepted preprint and diagnostic review. Retained research copy SHA-256 d5c0c2357a2359d2cffbee16831cb39ea5b652b1f446aa91144be9831fad81fa; copy held in owner-controlled local custody, not redistributed.
01_nuclear	diagnostics	Recent Developments in Electron Cyclotron Emission Research on Magnetically Confined Plasmas	2006	G Taylor / PPPL	https://bp-pub.pppl.gov/pub_report/2007/PPPL-4202.pdf		open-fulltext	catalog-only	Review of ECE ECE imaging and reactor-grade diagnostic challenges. Retained research copy SHA-256 ceef1bdaa80f26c24a09b33c7d11a13da9c7da96659d599c47384351c405d9df; copy held in owner-controlled local custody, not redistributed.
01_nuclear	plasma-facing-materials	Fusion Reactor Materials	2022	A Litnovsky et al / UKAEA	https://scientific-publications.ukaea.uk/papers/fusion-reactor-materials/		open-web	catalogued	Review landing page covering plasma-facing structural blanket diagnostic and magnet materials.
01_nuclear	plasma-facing-materials	Materials for In-Vessel Components	2022	G Pintsuk et al / UKAEA	https://scientific-publications.ukaea.uk/papers/materials-for-in-vessel-components/		open-web	catalogued	EUROfusion DEMO materials programme and remaining qualification gaps.
01_nuclear	tritium-fuel-cycle	Physics and technology considerations for the deuterium-tritium fuel cycle and conditions for tritium fuel self sufficiency	2021	M Abdou et al	https://iopscience.iop.org/article/10.1088/1741-4326/abbf35/pdf		open-fulltext	catalog-only	Free Nuclear Fusion review; plasma burn fraction breeding inventories safety and R&D gaps. Retained research copy SHA-256 2f7ddb02a4ead5b7fce4d81c5648a2896ca116ef3d3bd2de4e8000c6668425f9; copy held in owner-controlled local custody, not redistributed.
01_nuclear	tritium-fuel-cycle	Demonstration fusion power plant tritium fuel cycle performance parameter explorations	2019	M Coleman et al / UKAEA	https://scientific-publications.ukaea.uk/wp-content/uploads/COLEMAN-ET-AL-2019-DEMO-TRITIUM-FUEL-CYCLE-PERFORMANCE-PARAMETER-EX.PDF		open-fulltext	catalog-only	Peer-reviewed DEMO fuel-cycle modelling study. Retained research copy SHA-256 88dcbc76fbab46b231bae715cf7919e5303a257940acd3bd3ea7d10d4fbe7663; copy held in owner-controlled local custody, not redistributed.
01_nuclear	tritium-fuel-cycle	Fusion Fuel Cycle Technology Mapping Report	2025	Fusion for Energy and EUROfusion	https://fusionforenergy.europa.eu/wp-content/uploads/2025/07/Fusion_Fuel_Cycle_Technology_Mapping_report_F4E_EUROfusion.pdf		open-fulltext	catalog-only	Current technology map and readiness gaps. Retained research copy SHA-256 e246e84d5a098a47b6405f6a4f75b15198a9e5435e629c1e521764d63575d6b0; copy held in owner-controlled local custody, not redistributed.
01_nuclear	fusion-readiness	Considerations of Technology Readiness Levels for Fusion Technology Components	2024	IAEA	https://www-pub.iaea.org/MTCD/Publications/PDF/TE-2047web.pdf		open-fulltext	catalog-only	Separates scientific achievement from component and plant readiness. Retained research copy SHA-256 12882a3c18185c8c73c5d3d84cf605eb10e4a5d3658106371f7df7b5dc12dd08; copy held in owner-controlled local custody, not redistributed.
01_nuclear	severe-accident-data	Simulation and Experimental Analyses Network Information System (SANIS)	2026	IAEA	https://nucleus.iaea.org/sites/connect/sanispublic/SitePages/Home.aspx		public official database	catalog-only	Experimental and analytical severe-accident programmes and facilities; use the live system and respect its terms rather than treating this entry as a local data copy.
01_nuclear	advanced-reactor-data	Advanced Reactor Information System (ARIS)	2026	IAEA	https://aris.iaea.org/		public official database	catalog-only	Standardized advanced-reactor design and concept records; supplier or programme descriptions are not independent performance validation.
01_nuclear	power-reactor-data	Power Reactor Information System (PRIS)	2026	IAEA	https://pris.iaea.org/		official database; reuse terms apply	catalog-only	Authoritative power-reactor identity, status and performance reference; no open bulk-redistribution licence was established for this snapshot.
01_nuclear	nuclear-bibliography	International Nuclear Information System (INIS)	2026	IAEA	https://inis.iaea.org/search/		public official database	catalog-only	Nuclear-specific bibliographic and full-text discovery service; individual record access and reuse conditions vary.
01_nuclear	nuclear-data	Evaluated Nuclear Data File services (ENDF)	2026	IAEA Nuclear Data Section	https://www-nds.iaea.org/exfor/endf.htm		public official dataset	catalog-only	Evaluated reaction-data services for neutronics, shielding and activation; cite the exact evaluated library and release used in calculations.
01_nuclear	experimental-nuclear-data	EXFOR Experimental Nuclear Reaction Data	2026	International Network of Nuclear Reaction Data Centres; IAEA	https://www-nds.iaea.org/exfor/		public official dataset	catalog-only	International experimental reaction-data database providing provenance behind evaluated libraries.
01_nuclear	criticality-benchmarks	International Criticality Safety Benchmark Evaluation Project (ICSBEP) Handbook	2024	OECD Nuclear Energy Agency; US Department of Energy	https://www.oecd-nea.org/jcms/pl_20291/international-criticality-safety-benchmark-evaluation-project-icsbep		registration or controlled distribution	catalog-only	Peer-reviewed criticality-safety benchmark evaluations; catalogued without mirroring controlled handbook content.
01_nuclear	reactor-physics-benchmarks	International Reactor Physics Experiment Evaluation Project (IRPhE) Handbook	2024	OECD Nuclear Energy Agency; US Department of Energy	https://www.oecd-nea.org/jcms/pl_20295/international-reactor-physics-experiment-evaluation-project-irphe		registration or controlled distribution	catalog-only	Evaluated reactor-physics experiments; catalogued without mirroring controlled handbook content.
01_nuclear	fusion-nuclear-data	Fusion Evaluated Nuclear Data Library (FENDL)	2024	IAEA Nuclear Data Section	https://www-nds.iaea.org/fendl/		public official dataset	catalog-only	Evaluated nuclear data for fusion neutronics, blankets, shielding, activation and dose; calculations must identify the exact FENDL release.
01_nuclear	fusion-plasma-data	ALADDIN Atomic and Molecular Data for Fusion	2026	IAEA Atomic and Molecular Data Unit	https://www-amdis.iaea.org/ALADDIN/		public official dataset	catalog-only	Recommended atomic, molecular and plasma-material-interaction data for fusion plasma and edge modelling.
01_nuclear	subcritical-assemblies	Considerations of Safety and Utilization of Subcritical Assemblies	2021	IAEA	https://www-pub.iaea.org/MTCD/Publications/PDF/TE-1976web.pdf		open-fulltext	catalog-only	Section 2.1, printed page 3 (PDF page 13), distinguishes subcritical operation from possible criticality under other configurations. Retained research copy SHA-256 1697a5f894bee2e4fb1151d4f6454f67b64b7ee56d6d4a4fd901a7a3b46d663b; copy held in owner-controlled local custody, not redistributed.
01_nuclear	taxonomy-citation	Downey Facility on Lakewood Blvd		US Department of Energy	https://www.energy.gov/etec/downey-facility-lakewood-blvd		open-web	catalog-only	Source-inspected partial statement(s): Downey Facility on Lakewood Blvd; paragraph naming Water Boiler Neutron Source. Captured 2026-10-01; SHA-256 c12116a157087641a57c8c9a8ba924261ffb342539eb5e59f1a269c122c788e7. Original held privately, not redistributed; full entry review remains pending.
01_nuclear	taxonomy-citation	Application of Probabilistic Methods for the Safety Assessment and the Reliable Operation of Research Reactors		IAEA	https://www-pub.iaea.org/MTCD/Publications/PDF/PUB1946_web.pdf		open-fulltext	catalog-only	Source-inspected partial statement(s): Table 1; Reactor type. Captured 2026-10-01; SHA-256 e96639cbe60d37c49ca2331d53a664f49ca695fbc8e4d1833ae2c2074b8b0cd1. Original held privately, not redistributed; full entry review remains pending.
01_nuclear	taxonomy-citation	Cost Estimation for Research Reactor Decommissioning		IAEA	https://www-pub.iaea.org/MTCD/Publications/PDF/Pub1596_web.pdf		open-fulltext	catalog-only	Source-inspected partial statement(s): 5.2.1 Pool reactors; 5.2.2 Tank reactors; 5.2.3 Homogeneous liquid reactors; 5.2.6 Others. Captured 2026-10-01; SHA-256 fb8aed771fec7d39a3f86c2b37fba9b4b8612815753f256ccd509134f0b845b9. Original held privately, not redistributed; full entry review remains pending.
01_nuclear	taxonomy-citation	Mode: TRIGA Mainz		TRIGA Mainz	https://www.en.triga.uni-mainz.de/betriebsmodus/		open-web	catalog-only	Source-inspected partial statement(s): Mode; paragraph beginning The research reactor at the University of Mainz. Captured 2026-10-01; SHA-256 7fcd6e1031ed23f5702df1d3f388232e9cea9162d51d58d674d768db6f2d7d2d. Original held privately, not redistributed; full entry review remains pending.
01_nuclear	generation-iv	Super Critical Water Reactors (SCWR)		Generation IV International Forum	https://www.gen-4.org/generation-iv-criteria-and-technologies/super-critical-water-reactors-scwr		open-webpage	catalog-only	Publisher HTML inspected 2026-10-01; source-byte SHA-256 276c4a2cc07d913e774671df062f386bd1a3e38f432d7d51616ef2825f950b06. Publication date is not established; retrieval date is separate. Authored principle, potential and challenge citations only; design targets are not measured performance or whole-entry approval. Original privately retained, not redistributed.
01_nuclear	generation-iv	Very High Temperature Reactor (VHTR)		Generation IV International Forum	https://www.gen-4.org/generation-iv-criteria-and-technologies/very-high-temperature-reactor-vhtr		open-webpage	catalog-only	Publisher HTML inspected 2026-10-01; source-byte SHA-256 abfa6b4cae87932323102bdc3af0d57d86d1b502fee30c41a5aa51b033015aa9. Publication date is not established; retrieval date is separate. Authored principle, potential and challenge citations only; design targets are not measured performance or whole-entry approval. Original privately retained, not redistributed.
01_nuclear	heavy-water	Heavy Water Reactors: Status and Projected Development (TRS 407, Part 1 file)	2002	IAEA	https://www-pub.iaea.org/MTCD/publications/PDF/TRS407_scr/D407_scr1.pdf		open-fulltext	catalog-only	April 2002 report, publisher Part 1 file only (170 PDF pages). Heavy-water pressure tubes and pressure vessels have different pressure boundaries. Historical fuel options and component constraints, not current fleet or universal safety evidence. Publisher TLS retrieval 2026-10-01T06:47:04.176118+00:00; original SHA-256 838b787a69986c36e91b6fbe548d8864bbd926ff3a1ad4ce943478caee705575. Privately retained, not redistributed.
01_nuclear	gas-graphite	History of Graphite in the UK Nuclear Industry | IAEA Graphite Knowledge Base		IAEA	https://nucleus.iaea.org/sites/graphiteknowledgebase/wiki/Guide_to_Graphite/History%20of%20Graphite%20in%20the%20UK%20Nuclear%20Industry.aspx		open-webpage	catalog-only	Publication date unknown. Inspected historical narrative, section 3 Advanced Gas Reactor; enriched uranium-oxide and steel cladding support high-temperature cooling and steam conditions. General fleet assertions are not adopted. Publisher TLS retrieval 2026-10-01T06:55:54.881669+00:00; original SHA-256 2697a2fb0796090c357beec18e47170df4655025245680151f61331f6cf0d382. Privately retained, not redistributed.
01_nuclear	gas-graphite	Graphite core ageing | Office for Nuclear Regulation		Office for Nuclear Regulation	https://www.onr.org.uk/our-work/what-we-regulate/operational-power-stations/current-issues/graphite-core-ageing		open-webpage	catalog-only	Publication date unknown; page marked updated 8 September 2026. AGR ageing, inspections and safety-case limits; fleet counts and any implication that Sizewell B is graphite moderated are not adopted. Publisher TLS retrieval 2026-10-01T06:47:04.984546+00:00; original SHA-256 067361b5e74b28925978443fc914f9e19ae6e7cf1877ba4ed0fc96d6846e197e. Privately retained, not redistributed.
01_nuclear	research-reactors	Homogeneous Aqueous Solution Nuclear Reactors for the Production of Mo-99 and Other Short Lived Radioisotopes	2008	IAEA	https://www-pub.iaea.org/MTCD/Publications/PDF/te_1601_web.pdf		open-fulltext	catalog-only	September 2008 publication notice. Dissolved aqueous fuel and isotope-production development; historical projections, licensing and blanket safety claims are not current acceptance. Retrieved 2026-10-01T07:16:23.728496+00:00 over verified publisher TLS. SHA-256 08df0e133e48e87325ca0aa8e083f51afb7a4738efa239989103c30813bde194; original held in owner-controlled local custody, not redistributed.
01_nuclear	research-reactors	Module IV: Design of a nuclear reactor (Basic Professional Training Course on Nuclear Safety)		IAEA	https://gnssn.iaea.org/main/bptc/BPTC%20Module%20Documents/Module04%20Design%20of%20a%20nuclear%20reactor.pdf		open-fulltext	catalog-only	Preamble states BPTC updated in 2015; first publication date not established. Described research geometries, critical experiments and TRIGA pulse examples; historical fleet lists and per-plant labels are not current or universal. Retrieved 2026-10-01T07:16:23.957077+00:00 over verified publisher TLS. SHA-256 aa773fbd9bb1ce1b9aabc98e6a6f7f7391999fdfdf422b9ee583da7de46b38a7; original held in owner-controlled local custody, not redistributed.
01_nuclear	research-reactors	CROCUS Reactor		EPFL LRS	https://www.epfl.ch/labs/lrs/facilities/crocus-reactor/		open-fulltext	catalog-only	Original publication date unknown. Named zero-power teaching reactor and operator-reported controls/licence; no universal facility specification or independent legal certification. Retrieved 2026-10-01T07:30:06.454835+00:00 over verified publisher TLS. SHA-256 c8e83826caf7ffa83d2fbd148b71ae1c24ac4947a7021f636718525f6ccf7624; original held in owner-controlled local custody, not redistributed.
01_nuclear	research-reactors	Radiation and reactor experiments (PHYS-451)		EPFL	https://edu.epfl.ch/coursebook/en/radiation-and-reactor-experiments-PHYS-451		open-fulltext	catalog-only	Original publication date unknown; course page names the 2026-2027 programme. Named CROCUS critical experiments, physics measurements and education, not blanket benchmark validation. Retrieved 2026-10-01T07:30:04.907299+00:00 over verified publisher TLS. SHA-256 17b51a891bbc8b47bc348bdd86e2327891fae36210be5daf5a99c4bb3bd0cfe5; original held in owner-controlled local custody, not redistributed.
01_nuclear	taxonomy-citation	Nuclear Power Reactors in the World, 2025 Edition	2025	International Atomic Energy Agency	https://www-pub.iaea.org/MTCD/Publications/PDF/RDS-2-45_web.pdf		catalogue-only; original not redistributed	catalogue-only	IAEA-RDS-2/45, printed August 2025, DOI10.61092/iaea.1g28-w3uk. Tables2/14 are dated31December2024, submissions through20June2025. PWR-labelled fleet and decades-old commercial operation examples support qualitative operating experience; no all-reactor total assigned to PWR, current fleet statistic or guarantee of continuous operation. Editorial attribution and limitations inspected; no public reuse grant inferred. Publisher TLS capture 2026-10-01T15:12:20.676933+00:00. Original SHA-256 13d54c9049491f7701e4e42dc657f4707c3d5aed1c890e9c044864a08d971204. Selected fields inspected; complete entry review pending.
01_nuclear	taxonomy-citation	NEXSHARE Efforts Supporting Experiments and Code Validation for Water Cooled Small Modular Reactors	2025	International Atomic Energy Agency / NEXSHARE	https://nucleus.iaea.org/sites/nexshare/Focus%20Group/WCR%20FG/LW-SMR%20FG_Working_paper.pdf		catalogue-only; original not redistributed	catalogue-only	NHSI working paper dated November2025; both unnumbered pages read. Introduction describes experimental/code-validation gaps, scaling uncertainty for natural-circulation and low-driving-head designs, and integral-system maintenance/in-service inspection. Technical forum work plan, not regulatory approval or plant qualification. No explicit open reuse licence visible; catalogue-only. Publisher TLS capture 2026-10-01T15:12:22.620148+00:00. Original SHA-256 d36671032e25df49606b4ecbec45df17c9c75bab753c4131867760ad7d61ec8d. Selected fields inspected; complete entry review pending.
01_nuclear	taxonomy-citation	The Traveling Wave Reactor: Design and Development	2016	John Gilleland; Robert Petroski; Kevan Weaver (TerraPower LLC)	https://www.engineering.org.cn/engi/EN/1159828159715664823		catalogue-only; original not redistributed	catalogue-only	Engineering2(1):88–96, DOI10.1016/J.ENG.2016.01.024; published online30March2016. Genuine full publisher EnglishHTML inspected including development/conclusions/ethics/references. All authors employed by TerraPower; performance/safety/economic claims are design-author projections and component reports, not independent plant validation. PDF not admitted after strict redirect guard and separate connection timeout. Precise article reuse licence not independently verified from open-access label; original private/catalogue-only. Publisher TLS capture 2026-10-01T15:46:35.916409+00:00. Original SHA-256 919bb3a2d3fd7783af08979594612c2dda6c6d295fa1229b69290fd456df42b8. Selected fields inspected; complete entry review pending.
01_nuclear	taxonomy-citation	The Spherical Tokamak Fusion Power Plant	2003	H R Wilson; G Voss; J-W Ahn; R J Akers; L Appel; A Bond; A Cairns; J P Christiansen; G Counsell; A Dnestrovskij; M Hole; A Kirk; P Knight; C N Lashmore-Davies; K G McClements; M O'Brien; S Tsaun	https://www-pub.iaea.org/MTCD/Publications/PDF/csp_019c/pdf/ft1_5.pdf		catalogue-only; original not redistributed	catalogue-only	FT/1-5, IAEA FEC2002, Lyon14-19October2002; official proceedings pages carry IAEA2003. All8original paper pages read. Author modelling/design study, not an operating power plant. Model power, beta, thermal efficiency and component lifetimes are not admitted as demonstrated performance. Bibliographic/editorial context inspected through official web representation; separate native context capture403, no HTML retained or bypass. Publisher TLS capture 2026-10-01T16:31:40.554754+00:00. Original SHA-256 97de21dfb25bb0e53792fa579d401f8a23fc89e32e2cfad58014b8ddfc67e9a2. Selected fields inspected; complete entry review pending.
01_nuclear	taxonomy-citation	Demonstration of reduced neoclassical energy transport in Wendelstein 7-X	2021	C. D. Beidler; H. M. Smith; A. Alonso; et al.; W7-X Team	https://pure.tue.nl/ws/portalfiles/portal/190959427/s41586_021_03687_w.pdf		catalogue-only; original not redistributed	catalogue-only	Nature596,221–226; DOI10.1038/s41586-021-03687-w, published online11August2021, issue12August2021. Deposited corrected published original from TU Eindhoven; complete14PDF pages inspected. Experimental profiles with neoclassical calculations, not a direct laboratory head-to-head comparison or power-plant qualification. Publisher Correction DOI10.1038/s41586-021-04023-y, online12October2021, inspected: curve-letter references and E. Sánchez author name corrected. Its original-article2011 date is a typographical discrepancy; original article establishes2021. Author CC BY4.0 notice with third-party exceptions; originals/figures retained privately. Publisher TLS capture 2026-10-01T17:00:06.882081+00:00. Original SHA-256 b8329f997b5763977e8c96ad26e67d06da8b489eccff5a3e084c06e9e76c47cb. Selected fields inspected; complete entry review pending.
01_nuclear	taxonomy-citation	Final report: Levitated Dipole Experiment	2013	J. Kesner; M. Mauel	https://www.osti.gov/servlets/purl/1095287		catalogue-only; original not redistributed	catalogue-only	Original cover dated10March2013; final author report to USDOE, grantsDE-FG02-98ER54458/9, deposited in DOE OSTI. All12PDF pages including references inspected. Supports specific LDX supported/levitated plasma experiments, not independent Atlas review, current operating status or a reactor demonstration. Four-channel profile inversion has limited resolution/core uncertainty; central density peaking alone does not prove longer particle lifetime. Magnet cryostat float time is not plasma-discharge duration. No blanket original/figure redistribution licence inferred; originals private. Publisher TLS capture 2026-10-01T18:01:03.664651+00:00. Original SHA-256 5ef1c618874b4ec2671efc5d92fb58f331951d66395cc5aedd6473ea4315e78f. Selected fields inspected; complete entry review pending.
01_nuclear	taxonomy-citation	Dense Magnetized Plasmas: Report of a coordinated research project 2001–2006	2013	International Atomic Energy Agency; individual country-report authors	https://www-pub.iaea.org/MTCD/Publications/PDF/TE-1699_web.pdf		catalogue-only; original not redistributed	catalogue-only	IAEA-TECDOC-1699, Vienna2013/printedApril2013; selected original country-report sections and frontmatter read, not whole218page publication. Gribkov/Jednorog PF6, Scholz PF1000 and Tartari et al. electrode heat-load studies are historical device-specific author reports, not publisher/company endorsement, net-power or current2026proof. Compact pulsed-neutron-source data, reproducibility/driver-to-radiation efficiency/electrode cooling qualified; capacitor/component capacity not a combined operating point. Copyright protected; original/extracts/figures private. Publisher TLS capture 2026-10-01T18:30:48.654762+00:00. Original SHA-256 a3496f8838baa8ff7be823fc49ae4df71a2ebe40fc66e90fa77d9fb2a9243e96. Selected fields inspected; complete entry review pending.
01_nuclear	taxonomy-citation	Sustained neutron production from a sheared-flow stabilized Z-pinch	2019	Y. Zhang et al.	https://arxiv.org/pdf/1806.05894v4		catalogue-only; original not redistributed	catalogue-only	Original author arXiv:1806.05894v4, cover dated 26 February 2019; all five pages inspected. Neutron measurements and interpretation scoped; not the final PRL publication, net-power or current-operation evidence. Publisher TLS capture 2026-10-01T19:02:51.010444+00:00. Original SHA-256 7602871da93479ef886c685d2a9b6c16e0f237481e5c0cf9f0829d8ab52efa85. Selected fields inspected; complete entry review pending.
01_nuclear	taxonomy-citation	Z-pinch fusion	2020	U. Shumlak	https://www.osti.gov/servlets/purl/1799021		catalogue-only; original not redistributed	catalogue-only	Journal of Applied Physics 127, 200901; DOI 10.1063/5.0004228; published 27 May 2020. OSTI-held publisher article; PDF2–9 scientific text inspected, not all reference pages. Author affiliations include University of Washington and Zap Energy; perspective is not independent Atlas assessment. Publisher TLS capture 2026-10-01T19:04:08.986228+00:00. Original SHA-256 36a55f7cd944830b918b6e642c445ae7bda2448ea21546ef809be806e535b4bb. Selected fields inspected; complete entry review pending.
01_nuclear	taxonomy-citation	Achievement of Target Gain Larger than Unity in an Inertial Fusion Experiment	2024	H. Abu-Shawareb et al. (The Indirect Drive ICF Collaboration)	https://ora.ox.ac.uk/objects/uuid%3A6bda0302-497e-4ba6-ad71-2f088a0add19/files/srr1720094		catalogue-only; original not redistributed	catalogue-only	Physical Review Letters 132,065102; DOI 10.1103/PhysRevLett.132.065102; published 5 February 2024. Oxford author-institution custody of publisher article, PDF1–7 inspected; Appendix A not fully read. Dated December 5,2022 target gain distinct from net facility energy. CC BY4 article attribution retained; protected originals not redistributed. Publisher TLS capture 2026-10-01T19:06:17.105310+00:00. Original SHA-256 2d041ea12caff8eee0e843c3d9dbb7c9a8c56cac5219c12377ff1db5c8e9eb55. Selected fields inspected; complete entry review pending.
01_nuclear	taxonomy-citation	Pump-Depletion Dynamics and Saturation of Stimulated Brillouin Scattering in Shock Ignition Relevant Experiments	2019	S. Zhang et al.	https://arxiv.org/pdf/1909.00094v1		catalogue-only; original not redistributed	catalogue-only	Original author arXiv:1909.00094v1, cover dated 4 September2019; all six pages inspected. OMEGA-EP disk-plasma experiment, not compressed capsule ignition. Not the later journal version; explanatory SBS model distinguished from measured diagnostics. Publisher TLS capture 2026-10-01T19:05:20.931353+00:00. Original SHA-256 36aca0d343e229520fcd59dd1144ee0384d03cdce38739b5d3b83b4437ff67cd. Selected fields inspected; complete entry review pending.
01_nuclear	taxonomy-citation	Heavy Ion Driver Technology	1988	Denis Keefe; Lawrence Berkeley Laboratory, University of California	https://www.osti.gov/servlets/purl/6984282		catalogue-only; original not redistributed	catalogue-only	LBL-25922/HIFAN-405, September1988 workshop report; all seventeen pages inspected. Accelerator component results and HIFSA system models separated; proposed ILSE capabilities are future work in the report, not achieved reactor performance or current economics. Publisher TLS capture 2026-10-01T19:09:01.819113+00:00. Original SHA-256 104c208b09eec8fae179f8dc0bc98ad64c657c80b693f0da4d713a5c5ab34538. Selected fields inspected; complete entry review pending.
01_nuclear	taxonomy-citation	0485: Validate Production of Neutrons from Gas Gun-Driven Targets	2022	G. C. Burdiak, J. W. Skidmore, J. R. Allison, R. L. Barker, H. W. Doyle, E. M. Escauriza, N.-P. L. Niasse, Z. Pešić, T. J. Ringrose and N. A. Hawker; First Light Fusion Ltd.	https://firstlightfusion.com/wp-content/uploads/2026/09/first_light_fusion_experimental_white_paper.pdf		catalogue-only; original not redistributed	catalogue-only	Company-authored original dated 4 April 2022; URL upload date is distinct. Selected pages 1–5, 19–23 and 34–35 inspected, not all 90 pages. Gas-gun DD-neutron observations, confidential target details and diagnostic/model limitations remain explicit; no ignition, net-gain or current-operation claim. Publisher TLS capture 2026-10-01T19:53:14.215836+00:00. Original SHA-256 ca4a1a88f8072ff046dc32d59ad354af21972338177f0baa5a8c9de943e5a55e. Selected fields inspected; complete entry review pending.
01_nuclear	taxonomy-citation	Progresses of Impact Ignition	2010	M. Murakami et al.; Institute of Laser Engineering, Osaka University, and Naval Research Laboratory	https://www-pub.iaea.org/mtcd/meetings/PDFplus/2010/cn180/cn180_papers/ife_p6-04.pdf		catalogue-only; original not redistributed	catalogue-only	Original two-page report/synopsis in the IAEA 2010 conference collection; both pages inspected. Laser-accelerated planar-foil measurements and idealized two-dimensional ignition simulation are distinct. Implosion/acceleration omitted from ignition calculation; assumed coupling and driver-energy estimate not experimental gain. Publisher TLS capture 2026-10-01T19:53:20.325173+00:00. Original SHA-256 f65c420daa76f0b8075064dd5c6503a78f50d3049d7e53d0d60a3c814a0fb984. Selected fields inspected; complete entry review pending.
01_nuclear	taxonomy-citation	Dynamics of a z-pinch x-ray source for heating ICF relevant hohlraums to 120–160 eV	2000	T. W. L. Sanford et al.; Sandia National Laboratories and Los Alamos National Laboratory	https://www.osti.gov/servlets/purl/759878		catalogue-only; original not redistributed	catalogue-only	Original author manuscript/report corresponding to DOI 10.1063/1.1316087. Selected PDF pages 1, 4–6 and 18–22 inspected; printed numbering differs after two disclaimer pages. Measured X-ray source and hohlraum heating are not fusion yield or target ignition. Radiation-hydrodynamic wall-motion results retain their modeled scope. Publisher TLS capture 2026-10-01T20:40:01.088999+00:00. Original SHA-256 ffcabc69536e6b48ee33d46fdffbf93edf7718718324028d4cc647d079004c22. Selected fields inspected; complete entry review pending.
01_nuclear	taxonomy-citation	Experimental Demonstration of Fusion-Relevant Conditions in Magnetized Liner Inertial Fusion	2014	M. R. Gomez et al.; Sandia National Laboratories	https://www.osti.gov/servlets/purl/1146936		catalogue-only; original not redistributed	catalogue-only	Original author manuscript SAND2014-4519J corresponding to Phys. Rev. Lett. 113, 155003 (2014), DOI 10.1103/PhysRevLett.113.155003. Selected PDF pages 1–6 inspected; unnumbered manuscript pages. Integrated laser preheat, magnetization and liner compression; diagnostic inference, failed shot and simulation-transmission assumptions remain explicit. No net-energy or power-plant qualification. Publisher TLS capture 2026-10-01T20:47:32.309360+00:00. Original SHA-256 da13a64de81a62ec2b8bff725c516bbdacf624b53c23fc0f79f37246a708b44a. Selected fields inspected; complete entry review pending.
01_nuclear	taxonomy-citation	Alternative Commercialization Pathways for Fusion Energy Systems: Proceedings of a Workshop (IAEA-TECDOC-1997)	2022	International Atomic Energy Agency; D. Plant and S. Hsu, selected chapter authors	https://www-pub.iaea.org/MTCD/Publications/PDF/TE-1997web.pdf		catalogue-only; original not redistributed	catalogue-only	Proceedings published 2022 from June 2018 workshop contributions, not a current operational audit. Selected General Fusion chapter PDF pages 55–58 (printed 46–49) and Hsu MIF overview 120–123 (printed 111–114) inspected. Company-authored liquid-metal design and subsystem reports are distinct from integrated liquid-liner fusion evidence; overview comparisons remain conceptual. Publisher TLS capture 2026-10-01T20:40:07.390462+00:00. Original SHA-256 d7275517cc81b47b3e985938558ed381556da6db6344be5475d24fa71a555aba. Selected fields inspected; complete entry review pending.
01_nuclear	taxonomy-citation	Magnetized Plasma Target for Plasma-Jet-Driven Magneto-Inertial Fusion (arXiv:1803.03323v1)	2018	Scott C. Hsu and Samuel J. Langendorf; Los Alamos National Laboratory	https://arxiv.org/pdf/1803.03323v1		catalogue-only; original not redistributed	catalogue-only	Fixed author preprint v1, 8 March 2018. Selected PDF pages 1–3 and 12–13 inspected, matching printed pages. Conditional target formation, transport inequalities and one-dimensional HELIOS/semi-analytic calculations are not an integrated compression experiment or achieved reactor gain. Publisher TLS capture 2026-10-01T20:40:08.734282+00:00. Original SHA-256 f848df8f1738f84b4d397f82bec30a5bf945ddf01e2cd1fbcbef596047778523. Selected fields inspected; complete entry review pending.
01_nuclear	taxonomy-citation	The science of compressional heating on the LM26 magnetized target fusion experiment (arXiv:2606.23974v2)	2026	S. J. Howard et al.; General Fusion Inc.	https://arxiv.org/pdf/2606.23974v2		catalogue-only; original not redistributed	catalogue-only	Fixed author preprint v2 with arXiv stamp 30 June 2026 and manuscript date 2 July 2026, both preserved as observed. Selected PDF/printed pages 1–3 inspected. Solid lithium liner around a spherical-tokamak deuterium plasma, not a liquid-liner demonstration. Authors report first eleven compressions and diagnostic/model reconstruction; no independent Atlas review, net energy or plant qualification. Publisher TLS capture 2026-10-01T20:40:10.742966+00:00. Original SHA-256 b9cb1be126534ece8ee4edb2c74e278a20566da96fb987b0bce0cbd1645a5e11. Selected fields inspected; complete entry review pending.
01_nuclear	taxonomy-citation	Hybrid simulations of FRC merging and compression (arXiv:2501.03425v1)	2025	E. V. Belova et al.; Princeton Plasma Physics Laboratory and Helion Energy	https://arxiv.org/pdf/2501.03425v1		catalogue-only; original not redistributed	catalogue-only	Fixed author preprint v1, 6 January 2025. Selected PDF/printed pages 1–4 and 10–14 inspected. Two-dimensional MHD and kinetic-ion hybrid simulations; background Trenta diagnostics and extrapolated reactor scaling are distinguished from the modeled merging results. Three-dimensional stability and integrated energy recovery are not established. Publisher TLS capture 2026-10-01T21:17:09.326921+00:00. Original SHA-256 e9c19d27147501a6998394c4caf67161aacbba14a5a2e5c92d688d78cbf5459e. Selected fields inspected; complete entry review pending.
01_nuclear	taxonomy-citation	Recent Progress on Inertial Electrostatic Confinement Fusion Neutron Sources	2018	Jun Hasegawa, Eiki Hotta, Kei Takakura and Haruo Miyadera	https://www.jstage.jst.go.jp/article/lsj/46/10/46_589/_pdf/-char/en		catalogue-only; original not redistributed	catalogue-only	Publisher Japanese review, DOI 10.2184/lsj.46.10_589, printed pages 589–593. PDF pages 1–2 and 5 and original page 1 render inspected. Latin text extraction has font encoding errors; rendered title/authors and native Japanese mechanism were inspected. Historical neutron-source reports do not establish an energy-producing reactor or current operation; no numerical yields are promoted as new primary measurements. Publisher TLS capture 2026-10-01T21:17:02.894519+00:00. Original SHA-256 07359d56a7f04a8bff059e4303cea286529765f7cb38a9f7954303c8cd945068. Selected fields inspected; complete entry review pending.
01_nuclear	taxonomy-citation	Neutron Generators for Analytical Purposes (IAEA Radiation Technology Reports No. 1)	2012	International Atomic Energy Agency	https://www-pub.iaea.org/MTCD/Publications/PDF/P1535_web.pdf		catalogue-only; original not redistributed	catalogue-only	STI/PUB/1535, 2012. Selected PDF pages 4–5, 14–17, 45–52, 56–57, 73–76 and 95–98 inspected; text pages are PDF page minus 11. Original-page 48 render inspected. DD/DT accelerator targets, switching and applications are distinct from gridded IEC; IEC power-yield percentage and secondary WB-6 talk claims are not transferred to accelerator or Polywell experimental results. Target thermal/loading limits and tritium handling remain bounded by the documented historical systems. Publisher TLS capture 2026-10-01T21:17:08.235203+00:00. Original SHA-256 ca1c1eddc0a4fd7bfc9c53ca3729bcd42dc6c88459b4b5b3ced0b749065e176b. Selected fields inspected; complete entry review pending.
01_nuclear	taxonomy-citation	High Energy Electron Confinement in a Magnetic Cusp Configuration (arXiv:1406.0133v1)	2014	Jaeyoung Park et al.; Energy Matter Conversion Corporation and KU Leuven	https://arxiv.org/pdf/1406.0133v1		catalogue-only; original not redistributed	catalogue-only	Fixed author preprint v1, 1 June 2014, not the 2015 published PDF. Selected PDF/printed pages 1–7 and original page 5 render inspected. The original reports transient electron confinement inferred from diagnostics; quantitative electron loss and ion acceleration efficiency remain needed. Speculative reactor power-balance calculations are not measured fusion output. Attempted APS 2015 PDF returned HTTP 403 and is not admitted or bypassed. Publisher TLS capture 2026-10-01T21:17:58.826553+00:00. Original SHA-256 e3f2323c72888c0d20284b94894606e0308015f8ec366882efa9a0cc231ac11a. Selected fields inspected; complete entry review pending.
01_nuclear	taxonomy-citation	Neutron Yield of Thermo Scientific P385 D-T Neutron Generator vs. Current and Voltage (arXiv:2406.18607v1)	2024	Jihye Jeon, Robert J. Goldston and Erik P. Gilson; Princeton University and Princeton Plasma Physics Laboratory	https://arxiv.org/pdf/2406.18607v1		catalogue-only; original not redistributed	catalogue-only	Fixed author preprint v1, 21 June 2024, distinct from 2025 IEEE publication metadata. Selected PDF/printed pages 1–4 and page 5 conclusions inspected. TRIM ion-energy loss calculations, assumed target composition, measured detector rates and MCNP source-rate inference are distinguished. Atlas explicitly derives a bounded accelerator-beam power comparison using these rates and the IAEA DT reaction energy; this is not whole-device efficiency or a power-plant demonstration. Publisher TLS capture 2026-10-01T21:27:08.666346+00:00. Original SHA-256 e5dffd1b109bda8c037aefbbdf72596c33b6d1584cdcc5f79bcdf279b6c7f6ed. Selected fields inspected; complete entry review pending.
02_chemical_biochemical	fundamentals	Chemical Reaction Engineering: From First Principles to AI-Assisted Practice	2026	Bengt Andersson, Chalmers University of Technology	https://research.chalmers.se/publication/551551		open	catalog-only	303-page open textbook; ideal reactors, non-ideal flow, catalysis, stability and risk Retained research copy SHA-256 953c57fccf5a7d3838ebdbad140df1dcb7553ada4850e11fac0574f4c494e8e9; copy held in owner-controlled local custody, not redistributed.
02_chemical_biochemical	ideal-flow-biochemical	Chemical and Biological Reaction Engineering, MIT 10.37 lecture notes	2007	MIT OpenCourseWare	https://ocw.mit.edu/courses/10-37-chemical-and-biological-reaction-engineering-spring-2007/pages/lecture-notes/	01_ideal_flow_batch_cstr_pfr/	CC BY-NC-SA	downloaded	25 PDFs: kinetics, batch, CSTR, PFR, RTD, heat effects, chemostats, catalysis, packed beds and mass transfer
02_chemical_biochemical	fundamentals	Elements of Chemical Reaction Engineering learning resources	2026	University of Michigan	https://websites.umich.edu/~elements/5e/asyLearn/bits.htm		public web	online-only	Batch, semibatch, CSTR, PFR, PBR, membrane and microreactor learning modules
02_chemical_biochemical	multiphase	Process Intensification in Pneumatically Agitated Slurry Reactors	2021	T. Wang et al.	https://doi.org/10.1016/j.eng.2021.03.002		open access	online-only	Bubble-column and airlift slurry reactors; mixing, heat/mass transfer and scale-up
02_chemical_biochemical	slurry	Slurry Reactor Design Studies: Reactor Selection Criteria	1990	US DOE / OSTI	https://www.osti.gov/servlets/purl/6844613		public	online-only	DOE report; fixed-bed and slurry-reactor comparison and kinetics
02_chemical_biochemical	fluidized-bed	Fluidized Bed Reactor Design IV	2019	NPTEL / IIT Bombay	https://ndl.iitkgp.ac.in/he_document/nptel/nptel/N_C_E_C_R_E_I_N_L_42_F_B_R_D_I_883760378		open	online-only	Open lecture and transcript; part of a broader fluidization course
02_chemical_biochemical	packed-trickle-bed	Trickle Bed Reactors	2011	V. V. Ranade et al.	https://doi.org/10.1016/B978-0-444-52739-4.00004-6		paywalled	paywalled-metadata	Reference chapter; no paywall bypass attempted
02_chemical_biochemical	membrane	Membrane and Membrane Reactors Operations in Chemical Engineering	2019	Adolfo Iulianelli, ed.; MDPI	https://mdpi-res.com/bookfiles/book/1347/Membrane_and_Membrane_Reactors_Operations_in_Chemical_Engineering.pdf		open access	catalog-only	156-page open collection on membrane operations and reactors Retained research copy SHA-256 9649e2c7e86df89b33e64a6859c02aa9af154450666e535ed3e0f71726f61328; copy held in owner-controlled local custody, not redistributed. Retained 156-page book; cited article published 10 October 2018, book printed pages115-116. Book CC BY-NC-ND differs from individual article CC BY; original retrieval time unknown. Original retrieval time unknown; retained custody SHA-256 9649e2c7e86df89b33e64a6859c02aa9af154450666e535ed3e0f71726f61328. Original privately retained, not redistributed; complete entry review pending.
02_chemical_biochemical	membrane	Design and Fabrication of Ceramic Catalytic Membrane Reactors	2018	Z. Cao et al.	https://doi.org/10.1016/j.eng.2017.05.001		open access	online-only	Dense and porous ceramic catalytic membrane designs and scale-up challenges
02_chemical_biochemical	microreactor	Democratizing Microreactor Technology for Accelerated Discoveries in Chemistry and Materials Research	2024	Tomomi Sato, Koji Masuda, Chikako Sano, Keiji Matsumoto, Hidetoshi Numata, Susumu Munetoh, Toru Kasama and Ryo Miyake	https://pmc.ncbi.nlm.nih.gov/articles/PMC11434323/		open access	catalog-only	Local capture was a Google Recaptcha interstitial, not the article. Capture retained privately for provenance; it is not full text or evidence. Article URL retained as a catalogue reference. Author review, Micromachines15(9):1064, published23August2024; CC BY4.0. Corrects original Jensen attribution. Current full article is distinct from retained historical Recaptcha capture. Captured 2026-10-01T10:17:15.422531+00:00 over verified publisher TLS; SHA-256 bc1682f135766154b424af6f29a7302ab54981bb2ae38852002ff8b83d430f39. Original privately retained, not redistributed; complete entry review pending.
02_chemical_biochemical	flow-chemistry	Continuous Flow Multi-step Organic Synthesis	2010	D. Webb and T. F. Jamison	https://doi.org/10.1039/C0SC00381F		open access	online-only	Foundational flow-chemistry review; conceptual rather than recipe-focused
02_chemical_biochemical	catalysis	MIT 10.37 lectures 16-22: heterogeneous catalysis and transport	2007	MIT OpenCourseWare	https://ocw.mit.edu/courses/10-37-chemical-and-biological-reaction-engineering-spring-2007/pages/lecture-notes/	01_ideal_flow_batch_cstr_pfr/	CC BY-NC-SA	downloaded	Catalysis, external/internal mass transfer, porous catalyst effectiveness and packed beds
02_chemical_biochemical	electrochemical	Fuel Cell Handbook, Seventh Edition	2004	US DOE / NETL	https://netl.doe.gov/sites/default/files/netl-file/FCHandbook7.pdf		public	catalog-only	427-page fundamentals and system engineering handbook Retained research copy SHA-256 e932647a66512fd3c3adc5793508d0b0abe2e0c28f6d8fe47a97756b88e77f79; copy held in owner-controlled local custody, not redistributed.
02_chemical_biochemical	electrolyzers	Water Electrolysis Technology Assessment	2024	US Department of Energy	https://www.energy.gov/eere/fuelcells/technical-targets-water-electrolysis		public web	online-only	Current DOE technical targets and linked electrolyzer resources
02_chemical_biochemical	electrochemical	Electrochemical Engineering	1999	Hartmut Wendt and Gerhard Kreysa	https://doi.org/10.1007/978-3-662-03851-2		paywalled	paywalled-metadata	Includes batch/PFR electrolyzers, porous electrodes and fuel-cell engineering
02_chemical_biochemical	photocatalytic	Photocatalytic Reactor Design: Guidelines for Kinetic Investigation	2019	Aura Visan; J. Ruud van Ommen; Michiel T. Kreutzer; Rob G. H. Lammertink	https://doi.org/10.1021/acs.iecr.9b00381		CC BY-NC-ND	catalog-only	Published20March2019; all four authors verified from actual nine-page original. Retained research copy SHA-256 708ff7750f3b82105ccde14aae68db3f0f253205042c76075fd0e349cb5f0aa9; original retrieval date unknown. Relevant photocatalytic radiation, mass-transfer and reactor-design sections inspected. Original remains in owner-controlled private custody, not redistributed; complete entry review pending.
02_chemical_biochemical	photocatalytic	TiO2 Solar Photocatalytic Reactor Systems: Selection for Scale-up	2016	Y. Abdel-Maksoud, E. Imam, A. Ramadan	https://doi.org/10.3390/catal6090138		open access	online-only	Reactor configuration comparison and commercialization criteria
02_chemical_biochemical	plasma	Review of Non-Thermal Plasma Technology for Hydrogenation of Vegetable Oils and Biodiesel	2023	Wijittra Wongjaikham; Doonyapong Wongsawaeng; Kanokwan Ngaosuwan; Worapon Kiatkittipong; Suttichai Assabumrungrat	https://engj.org/index.php/ej/article/download/4489/1271		open access	catalog-only	Published31May2023; DOI10.4186/ej.2023.27.5.1. Actual27-page original title/authors verified; historical custody unchanged and original retrieval date unknown. DBD/hydrogenation context only; not a universal plasma or thermal-arc qualification. Retained original SHA-256 b55a49a71c6cb2ab6c6b7a990f52a7485ce94909484a3b18f9f215ee17ba0030. Original not redistributed; complete entry review pending.
02_chemical_biochemical	plasma	Application-oriented non-thermal plasma in chemical reaction engineering: A review	2023	Yu Miao; Alexandre Yokochi; Goran Jovanovic; Suping Zhang; Annette von Jouanne	https://doi.org/10.1016/j.gerr.2023.100004		open access	online-only	Title/allfiveauthors verified from publisher-deposited Crossref metadata on1October2026; original primary metadata SHA-256 baa041300a1b51c196eeea526a7965077a9997ba1295e216aa35a1f2780f1832. Full article not obtained or inspected; metadata alone does not support reactor physical claims or redistribution permission.
02_chemical_biochemical	plasma-scaleup	Scaling up plasma technology for decarbonization of the chemical industry	2026	H. V. Parambath et al.	https://doi.org/10.1038/s44359-026-00201-1		paywalled	paywalled-metadata	Recent thermal/non-thermal plasma scale-up review; metadata only
02_chemical_biochemical	polymerization	Modeling and Control of Polymerization Reactors	1992	W. H. Ray	https://doi.org/10.1016/S1474-6670(17)50967-2		complimentary access	online-only	Survey of models, monitoring, control and critical operating problems
02_chemical_biochemical	polymerization	Polymerization reactor modeling: developments and future directions	1996	C. Kiparissides	https://doi.org/10.1016/0009-2509(96)00024-3		paywalled	paywalled-metadata	Foundational review; no paywall bypass attempted
02_chemical_biochemical	combustion	Combustion Engineering, Second Edition	1998	Kenneth W. Ragland and Kenneth M. Bryden	https://doi.org/10.1201/9781420092516		paywalled	paywalled-metadata	Combustors, flames, emissions and engineering analysis
02_chemical_biochemical	gasification	Gasification-Based Biomass	1998	National Renewable Energy Laboratory	https://www.nrel.gov/docs/gen/fy98/24496.pdf		public	online-only	DOE/NREL technology characterization; gasifiers and pyrolysis role
02_chemical_biochemical	pyrolysis-gasification	Thermochemical Process Development Unit: Researching Fuels from Biomass	2009	Kristi Theis / National Renewable Energy Laboratory	https://docs.nlr.gov/docs/fy09osti/44034.pdf		public	online-only	Four-page NREL/BR-510-44034; January2009 footer, not catalogue2008. Bibliographic author KristiTheis verified from official NLR research record. Actual pages1-3 describe pyrolysis without added oxygen, rapid heating, products and spray condensation. Printed page labels absent. Historical pilot capabilities, not universal liquid yield or current commercial acceptance. Existing catalogue attribution/date corrected from inspected original and official bibliography; previous URL https://www.nrel.gov/docs/fy09osti/44034.pdf. Historical document-custody metadata preserved. Publisher TLS capture 2026-10-01T12:50:38.774148+00:00. Original SHA-256 fd477960b693718b2e9ddc7e18d9023110904d57102004ed8f4b31c518e7f372. Relevant sections inspected; complete entry review pending.
02_chemical_biochemical	hydrothermal	Supercritical Water Gasification: Practical Design Strategies and Operational Challenges for Lab-Scale, Continuous Flow Reactors	2019	Brian R. Pinkard; David J. Gorman; Kartik Tiwari; Elizabeth G. Rasmussen; John C. Kramlich; Per G. Reinhall; Igor V. Novosselov	https://arxiv.org/abs/1901.09466		open access	catalog-only	Retained31-page author manuscript matches original document custody hash. Retrieval unknown/null. Title/allsevenauthors corrected from original; publisher metadata2019 submission/revision distinct from unverified exact retained version designation. Introduction2, material/pressurisation7-8, clogging11-12 inspected. No universal carbon-neutral/economic/corrosion-free or industrial qualification claim. Existing catalogue attribution/date corrected from inspected original and official bibliography; previous URL https://arxiv.org/abs/1901.09466. Historical document-custody metadata preserved. Retained owner-controlled copy; original retrieval date unknown. Original SHA-256 baf447a7310d7f89eab283e94b415f812a8ad02bf45b786c33a9efd25966d276. Relevant sections inspected; complete entry review pending.
02_chemical_biochemical	anaerobic-digestion	Anaerobic Digester/Biogas System Operator Guidebook	2020	David Palmer; Phil Lusk; U.S. Environmental Protection Agency, AgSTAR	https://www.epa.gov/sites/default/files/2020-11/documents/agstar-operator-guidebook.pdf		public	catalog-only	November2020, EPA430-B-20-003. PDF acknowledgements identify DavidPalmer andPhilLusk as primary authors; other contributors distinguished. Retained original; retrieval date unknown. Selected biology, feeding and mixing pages inspected, not all77pages. Feedstock/operating-design dependence; no universal stability or performance guarantee. Third-party figures not redistributed. Retained original; retrieval timestamp unknown. Original SHA-256 e9d635dff05de1090c06c9ff74e1dde16c9b044712b3c94f03486c3b6177b6de. Relevant sections inspected; complete entry review pending.
02_chemical_biochemical	anaerobic-digestion	AgSTAR Project Development Handbook, Third Edition	2020	U.S. Environmental Protection Agency, AgSTAR	https://www.epa.gov/sites/production/files/2014-12/documents/agstar-handbook.pdf		public	catalog-only	Third edition, EPA430-B-20-001, April2020 as identified by the official publication page. Retained original; retrieval date unknown. Selected Chapter3 design pages inspected, not all132pages. Farm manure/slurry scope; no universal solids ranges, current plant counts or cost guarantees. Agency hosting does not determine third-party figure rights. Retained original; retrieval timestamp unknown. Original SHA-256 a53cb580ddc079869c9292f5804f3bb43aa7d69d835bc07c3e53f3d80e772cc2. Relevant sections inspected; complete entry review pending.
02_chemical_biochemical	fermentation	Scale-up/Scale-down of microbial bioprocesses: a modern light on an old issue	2017	Frank Delvigne; Henk Noorman	https://pmc.ncbi.nlm.nih.gov/articles/PMC5481528/		open access	online-only	Published29May2017, July2017 issue; actual two-author perspective corrects original van den Heuvel attribution. Genuine full text inspected for metadata and retained privately; not admitted as proof of the four culture-mode physical claims.
02_chemical_biochemical	fermentation	Understanding fermentation scale-up from flow field and physiology	2021	J. Xia et al.	https://doi.org/10.1016/j.cjche.2020.12.004		free-to-read	online-only	Mixing, mass transfer, shear and cellular response during scale-up
02_chemical_biochemical	fed-batch	Recent advances in fed-batch microscale bioreactor design	2022	S. Teworte et al.	https://discovery.ucl.ac.uk/id/eprint/10194388/		open repository	online-only	Fed-batch microbioreactors, automation and scale-up risk reduction
02_chemical_biochemical	safety	Scale-Up Reaction Safety	2026	University of Illinois Division of Research Safety	https://drs.illinois.edu/Page/SafetyLibrary/ScaleUpReactionSafety		public	catalog-only	Risk assessment, thermal runaway, induction periods and scale-up controls Retained research copy SHA-256 e3438323a1a01d710137629ef33d1e68a306bdb480351a14929bd56689086f2e; copy held in owner-controlled local custody, not redistributed.
02_chemical_biochemical	safety	Improving Reactive Chemical Process Safety	2002	US Chemical Safety and Hazard Investigation Board	https://www.csb.gov/assets/1/20/reactiveincidentdatareport.pdf		US government public report	catalog-only	Reactive-hazard incident data, regulatory gaps and recommendations; historical findings should be checked against current rules. Retained research copy SHA-256 9d33dc9cb05314f07e456a1dc8049f7ada703284d06d6e67a05941d3af466091; copy held in owner-controlled local custody, not redistributed.
02_chemical_biochemical	safety	Chemical Reaction Engineering Safety Modules	2026	University of Michigan SAFEChE	https://safeche.engin.umich.edu/courses/chemical-reaction-engineering/		public web	online-only	CSB-based reactor runaway, dust explosion and refinery case studies
02_chemical_biochemical	safety	What do we know already about reactor runaway? A review	2021	A. Kummer and T. Varga	https://doi.org/10.1016/j.psep.2020.09.059		open access	online-only	Runaway criteria, thermal-risk analysis, semibatch operating boundaries and detection
02_chemical_biochemical	safety	CCPS Golden Rules and Key Principles of Process Safety	2026	AIChE Center for Chemical Process Safety	https://ccps.aiche.org/publications/golden-rules-process-safety		public web	online-only	Public CCPS-aligned principles; detailed CCPS books are commercial
02_chemical_biochemical	safety	Handbook for Process Safety in Laboratories and Pilot Plants	2023	CCPS / AIChE	https://www.wiley.com/en-us/Handbook+for+Process+Safety+in+Laboratories+and+Pilot+Plants%3A+A+Risk+based+Approach-p-9781119010135		paywalled	paywalled-metadata	Commercial reference cataloged only
02_chemical_biochemical	taxonomy-citation	Types of Fuel Cells		US Department of Energy	https://www.energy.gov/cmei/fuels/types-fuel-cells		open-web	catalog-only	Source-inspected partial statement(s): Alkaline fuel cells; Molten carbonate fuel cells; Phosphoric acid fuel cells; Polymer electrolyte membrane fuel cells; Solid oxide fuel cells. Captured 2026-10-01; SHA-256 a3ce1c882f2c57e2e674f6fe090cd234104f8fdfcd7295ca60366776b858f175. Original held privately, not redistributed; full entry review remains pending.
02_chemical_biochemical	taxonomy-citation	Hydrogen Production: Electrolysis		US Department of Energy	https://www.energy.gov/cmei/fuels/hydrogen-production-electrolysis		open-web	catalog-only	Source-inspected partial statement(s): Alkaline Electrolyzers; Polymer Electrolyte Membrane Electrolyzers; Solid Oxide Electrolyzers. Captured 2026-10-01; SHA-256 afe3c47885635320836a481e3e26aeb4a15eacd8e9cb7ba4c9f0df23bb901f85. Original held privately, not redistributed; full entry review remains pending.
02_chemical_biochemical	taxonomy-citation	Anaerobic System Design and Technology		US Environmental Protection Agency	https://www.epa.gov/agstar/anaerobic-system-design-and-technology		open-web	catalog-only	Source-inspected partial statement(s): Anaerobic Digester Designs / Complete Mix; Anaerobic Digester Designs / Covered Lagoon; Anaerobic Digester Designs / Other Designs; Anaerobic Digester Designs / Plug Flow. Captured 2026-10-01; SHA-256 7740f24a4e09ea3855d645a55e11992c2c2c689e1a4e2230b2f8e11d5af89adb. Original held privately, not redistributed; full entry review remains pending.
02_chemical_biochemical	taxonomy-citation	Industrial Wastewater Treatment: archived 2014 glossary		US Environmental Protection Agency	https://www3.epa.gov/ghgreporting/help/tool2014/definitions/industrial-wastewater.html		open-web	catalog-only	Source-inspected partial statement(s): Industrial Wastewater Treatment / paragraph (b)(1). Captured 2026-10-01; SHA-256 f5b1138d908105c0f36ea40484675c256054f41962df52919084730eb4402d55. Original held privately, not redistributed; full entry review remains pending.
02_chemical_biochemical	electrochemical	Hydrogen Shot: Water Electrolysis Technology Assessment	2024	US DOE / HFTO	https://www.energy.gov/sites/default/files/2024-12/hydrogen-shot-water-electrolysis-technology-assessment.pdf		open-fulltext	catalog-only	DOE publisher technical-publications index dates the report December 2024, independently of PDF timestamps. Electrolyte, material, thermal integration and durability assessment; cost/lifetime targets and fleet statements are historical, not current acceptance. Captured 2026-10-01T07:49:15.106593+00:00 over verified publisher TLS. SHA-256 d7fba11ec82d897e73ebed7433732a377f991cc613bd1d2b0906ea4f4373a269; original privately retained, not redistributed.
02_chemical_biochemical	electrochemical	Tailored Syngas via High Temperature H2O-CO2 Co-Electrolysis	2019	Olga A. Marina et al.; PNNL	https://www.pnnl.gov/main/publications/external/technical_reports/PNNL-29240.pdf		open-fulltext	catalog-only	Title pages October 2019; publisher page dated July 26, 2024 is a separate posting date. Named high-temperature steam/carbon-dioxide co-electrolysis button-cell report, not commercial-scale acceptance or universal numerical operating conditions. Captured 2026-10-01T07:55:22.852884+00:00 over verified publisher TLS. SHA-256 19afa20044426078d1e8d2f28fd96f4875019f38b5fb3a7e9c410c1d86b05934; original privately retained, not redistributed.
02_chemical_biochemical	taxonomy-citation	Lecture 7: Batch Reactors	2007	K. Dane Wittrup; MIT OpenCourseWare	https://ocw.mit.edu/courses/10-37-chemical-and-biological-reaction-engineering-spring-2007/283b16fdf984efdf4e6f5ecccffac44a_lec07_02282007_w.pdf		public full text	catalog-only	Source-inspected partial physical-field support. Captured 2026-10-01T08:31:40.370985+00:00 over verified TLS; SHA-256 a3b6a033c61594131636b50f738358506aa5fa366052bcdc654292f96136b1d3. Original privately retained, not redistributed; complete entry review remains pending. Preliminary MIT 10.37 Spring 2007 lecture notes; source equations are not reproduced. CC BY-NC-SA source terms remain separate from authored metadata.
02_chemical_biochemical	taxonomy-citation	Lecture 5: Continuous Stirred Tank Reactors (CSTRs)	2007	William H. Green; MIT OpenCourseWare	https://ocw.mit.edu/courses/10-37-chemical-and-biological-reaction-engineering-spring-2007/9289fe86a4778895a9584bb4fca5c5c2_lec05_02212007_g.pdf		public full text	catalog-only	Source-inspected partial physical-field support. Captured 2026-10-01T08:31:40.071105+00:00 over verified TLS; SHA-256 80eea84fc58bc763ba38a8c8c15a71cb00e998975de485e1d423106124946b27. Original privately retained, not redistributed; complete entry review remains pending. Preliminary MIT 10.37 Spring 2007 lecture notes; source equations are not reproduced. CC BY-NC-SA source terms remain separate from authored metadata.
02_chemical_biochemical	taxonomy-citation	Lecture 8: The Plug Flow Reactor	2007	William H. Green; MIT OpenCourseWare	https://ocw.mit.edu/courses/10-37-chemical-and-biological-reaction-engineering-spring-2007/d4c77250b11a07b28ed55f826c83b376_lec08_03022007_g.pdf		public full text	catalog-only	Source-inspected partial physical-field support. Captured 2026-10-01T08:31:40.724517+00:00 over verified TLS; SHA-256 07be2e4b33dc8000835d11eafc3e7c073cbb49f5766dc9f60f12ace2fc1840f1. Original privately retained, not redistributed; complete entry review remains pending. Preliminary MIT 10.37 Spring 2007 lecture notes; source equations are not reproduced. CC BY-NC-SA source terms remain separate from authored metadata.
02_chemical_biochemical	taxonomy-citation	Lecture 9: Reactor Size Comparisons for PFR and CSTR	2007	K. Dane Wittrup; MIT OpenCourseWare	https://ocw.mit.edu/courses/10-37-chemical-and-biological-reaction-engineering-spring-2007/7f66d10fe91facfed4a32695695f2996_lec09_03072007_w.pdf		public full text	catalog-only	Source-inspected partial physical-field support. Captured 2026-10-01T08:31:41.060485+00:00 over verified TLS; SHA-256 96924f5c0b2ce16e5b9cba9e90e62329000719c9db3e84a5fa5c748c8c84c84b. Original privately retained, not redistributed; complete entry review remains pending. Preliminary MIT 10.37 Spring 2007 lecture notes; source equations are not reproduced. CC BY-NC-SA source terms remain separate from authored metadata.
02_chemical_biochemical	taxonomy-citation	Lecture 10: Non-ideal Reactor Mixing Patterns	2007	K. Dane Wittrup; MIT OpenCourseWare	https://ocw.mit.edu/courses/10-37-chemical-and-biological-reaction-engineering-spring-2007/c74dac1784fab22deb39830c06a27fec_lec10_03092007_w.pdf		public full text	catalog-only	Source-inspected partial physical-field support. Captured 2026-10-01T08:31:41.457865+00:00 over verified TLS; SHA-256 bad76f0c1a6ff43e8c3627d005d3d2a88fded2d6f468a1788bf03839f88f7862. Original privately retained, not redistributed; complete entry review remains pending. Preliminary MIT 10.37 Spring 2007 lecture notes; source equations are not reproduced. CC BY-NC-SA source terms remain separate from authored metadata.
02_chemical_biochemical	taxonomy-citation	Lecture 11: Non-isothermal Reactors, equilibrium limitations, and stability	2007	William H. Green; MIT OpenCourseWare	https://ocw.mit.edu/courses/10-37-chemical-and-biological-reaction-engineering-spring-2007/6e37d01fbdf96ce9a42a085c48bb9a26_lec11_03142007_g.pdf		public full text	catalog-only	Source-inspected partial physical-field support. Captured 2026-10-01T08:33:57.219944+00:00 over verified TLS; SHA-256 793df6c88e0eff15311c3925ef88cfaba8e0d5ad0a61b70cb1ea28f3db4baa5a. Original privately retained, not redistributed; complete entry review remains pending. Preliminary MIT 10.37 Spring 2007 lecture notes; source equations are not reproduced. CC BY-NC-SA source terms remain separate from authored metadata.
02_chemical_biochemical	taxonomy-citation	Designing and operating safe chemical reaction processes (HSG143)	2000	Health and Safety Executive	https://www.hse.gov.uk/pubns/priced/hsg143.pdf		public full text	catalog-only	Source-inspected partial physical-field support. Captured 2026-10-01T08:35:55.179336+00:00 over verified TLS; SHA-256 bcbb2ee4cbcef2b1c46544fd3193c7bcc0ecab9e0882ce481037d002f1f2672f. Original privately retained, not redistributed; complete entry review remains pending. First published 2000/reprinted 2008; PDF reproduction notice applies, not an assumed general OGL grant. UK safety guidance, not site certification.
02_chemical_biochemical	taxonomy-citation	Chemical reaction hazards and the risk of thermal runaway (INDG254)	2014	Health and Safety Executive	https://www.hse.gov.uk/pubns/indg254.pdf		public full text	catalog-only	Source-inspected partial physical-field support. Captured 2026-10-01T08:35:56.264992+00:00 over verified TLS; SHA-256 1dba9ff8ec35592ec013aa166b21348bb55c6ed3b788f7213d530df34663672f. Original privately retained, not redistributed; complete entry review remains pending. Publisher leaflet dated 08/14, seven pages; exothermic hazards depend on reaction and heat-removal conditions.
02_chemical_biochemical	taxonomy-citation	A First Course on Kinetics and Reaction Engineering: Unit 29. Multiple Reactor Networks	2014	Carl R. F. Lund; University at Buffalo	https://wwwresearch.sens.buffalo.edu/karetext/unit_29/learning/29_Info.pdf		public full text	catalog-only	Source-inspected partial physical-field support. Captured 2026-10-01T08:58:36.742165+00:00 over verified TLS; SHA-256 0019f08f6618c0792097ceffe801b58ac2ed912864aafd9baf1b55b1be8b55a1. Original privately retained, not redistributed; complete entry review remains pending. Author copyright 2014; ideal networks and stage balances, not universal process superiority.
02_chemical_biochemical	taxonomy-citation	Performance improvement and dynamical behaviour analysis of a cascade of two CSTRs: author abstract	2007	H. S. Sidhu, S. D. Watt, M. I. Nelson and A. K. Ray; University of Wollongong	https://documents.uow.edu.au/~mnelson/abstracts.dir/2007.html		public web	catalog-only	Source-inspected partial physical-field support. Captured 2026-10-01T08:56:07.312482+00:00 over verified TLS; SHA-256 1c773f0a9aa4a3103c14dd98495b83ebb4adf863e3cf8e50481a0f8948542fff. Original privately retained, not redistributed; complete entry review remains pending. Author-hosted abstract of IJCRE 5 A13 (2007), DOI 10.2202/1542-6580.1393. Full paper and numerical claims not inspected.
02_chemical_biochemical	taxonomy-citation	Development of an automated multi-stage continuous reactive crystallisation system with inline PATs for high viscosity process: hosted case study	2019	IMA Group	https://imagroup.com/insights/development-of-an-automated-multi-stage-continuous-reactive-crystallization-system-with-inline-pats-for-high-viscosity-process/		public web	catalog-only	Source-inspected partial physical-field support. Captured 2026-10-01T08:58:37.179822+00:00 over verified TLS; SHA-256 969b50e742f500e83e31a45c80d557bb5ed32f5010d35c7cb80653a7cd3ecad9. Original privately retained, not redistributed; complete entry review remains pending. Hosted case study dated 6 February 2019 of Hu et al. research, DOI 10.1039/C8RE00078F; journal first publication 3 July 2018 differs from host dates. Temperature-stage example uses burst transfer; fresh feed enters first stage. Not FDA policy, universal performance or a publisher-original PDF.
02_chemical_biochemical	taxonomy-citation	An analysis of a standard reactor cascade and a step-feed reactor cascade for biological processes described by Monod kinetics: institutional abstract	2015	H. S. Sidhu, M. I. Nelson and E. Balakrishnan; Sultan Qaboos University	https://squ.elsevierpure.com/en/publications/an-analysis-of-a-standard-reactor-cascade-and-a-step-feed-reactor/		public web	catalog-only	Source-inspected partial physical-field support. Captured 2026-10-01T08:59:36.057958+00:00 over verified TLS; SHA-256 4bf7efe6fc4e86300277485b14e338d758713537a43f10626763c6e87cef96ed. Original privately retained, not redistributed; complete entry review remains pending. Coauthor-institution abstract dates journal publication 1 March 2015; DOI suffix 2014 is not its publication year. Equal-feed Monod cascade without recycle has no generic performance advantage; full paper not inspected.
02_chemical_biochemical	taxonomy-citation	Lecture 21: Porous Catalysts and Packed Bed Reactors	2007	William H. Green; MIT OpenCourseWare	https://ocw.mit.edu/courses/10-37-chemical-and-biological-reaction-engineering-spring-2007/4fea4f4e0f38526c4fa7f2d55c602427_lec21_05022007_g.pdf		public full text	catalog-only	Preliminary Spring2007 course notes; CC BY-NC-SA terms remain separate from metadata. Ideal balances are models, not universal thermal or flow uniformity. Captured 2026-10-01T09:30:44.378312+00:00 over verified publisher TLS; SHA-256 4663ccbf47f6d6515fcc25a3b5c48649c5cca3860218bfc7ebd23838b62c6936. Original privately retained, not redistributed; complete entry review pending.
02_chemical_biochemical	taxonomy-citation	Three-phase slurry reactors: institutional chapter abstract	2016	Vivek V. Buwa; Shantanu Roy; Vivek V. Ranade; Queen’s University Belfast	https://pure.qub.ac.uk/en/publications/three-phase-slurry-reactors/		public web	catalog-only	Chapter6, Wiley Blackwell, pp132-155, published5July2016, DOI10.1002/9781119248491.ch6. Only institutional abstract inspected, not the full chapter. High catalyst loading is preferred for intrinsically slow reactions without rate-limiting transport. Captured 2026-10-01T09:38:38.199475+00:00 over verified publisher TLS; SHA-256 4cd5b0f7517844167a5e68ee492cc5d7443325101f0a207709ef98e63a9739cc. Original privately retained, not redistributed; complete entry review pending.
02_chemical_biochemical	taxonomy-citation	Laboratory Reactors: Professional Reference Shelf R5.4	undated	H. Scott Fogler; University of Michigan	https://kinetics.engin.umich.edu/05chap/html/05prof3.htm		public web	catalog-only	Publication date unknown. Separate dispersed slurry and rotating contained-catalyst baskets; figures have third-party permission notices, not blanket open rights. Captured 2026-10-01T09:48:00.471197+00:00 over verified publisher TLS; SHA-256 1bd1205088956c49056c70669f59be69d6e8ace888a261e286e9c53ee8923773. Original privately retained, not redistributed; complete entry review pending.
02_chemical_biochemical	taxonomy-citation	CCR Platforming Process for Motor Fuel Production	2016	UOP LLC, a Honeywell Company	https://uop.honeywell.com/content/dam/uop/en-us/documents/product-services/catalysts/refining/reforming/uop-ccr-platforming-motor-fuel-datasheet.pdf?download=true		public full text	catalog-only	September2016 UOP4523-2b, all rights reserved. Manufacturer process description, not independent/current commercial performance verification or a patent licence. Captured 2026-10-01T09:30:45.031246+00:00 over verified publisher TLS; SHA-256 e19953985a6a9f6f87f78c6a1b91fa40f8f9444018822b846d857997656f0b37. Original privately retained, not redistributed; complete entry review pending.
02_chemical_biochemical	taxonomy-citation	Moving Bed Chemical Looping Combustion Fuel Reactor Modeling and Sensitivity Analysis	2017	Richard A. Newby; Dale L. Keairns; DOE/NETL	https://www.netl.doe.gov/projects/files/201.007_%20MB%20CLC%20Model_Final_Public.pdf		public full text	catalog-only	Cover24February2017; report identifier DOE/NETL-2018/1866 is not the publication year. Uniform flow and material distributions are design/model assumptions, not measured universal operating properties. Captured 2026-10-01T09:48:03.687256+00:00 over verified publisher TLS; SHA-256 e5e9af47887ca8e36b842d0de48e35121955e5428462826ea36c6a77335cd88f. Original privately retained, not redistributed; complete entry review pending.
02_chemical_biochemical	taxonomy-citation	Bench-Scale Testing of Attrition Resistant Moving Bed Sorbents	1996	James H. Swisher; Raghubir P. Gupta	https://www.osti.gov/servlets/purl/419318		public full text	catalog-only	DOE/PC/92521-97/C0724; July1996 conference study. Bench-scale sorbent results and extrapolated cycle estimates do not establish a universal attrition rate, full moving-bed operation or current plant acceptance. Captured 2026-10-01T09:33:50.851941+00:00 over verified publisher TLS; SHA-256 d861d1e9e6e99603f80725d2d1d6fa7f9ea69f68b881f641dd6b6ebf04cba062. Original privately retained, not redistributed; complete entry review pending.
02_chemical_biochemical	taxonomy-citation	Fluidized Bed Reactors: Professional Reference Shelf R12.3	undated	H. Scott Fogler; University of Michigan	https://kinetics.engin.umich.edu/12chap/html/12prof2a.htm		public web	catalog-only	Publication date unknown. Kunii-Levenspiel bubbling-bed model and flow-regime discussion; model assumptions and reproduced figure permissions are retained. Fast entrainment alone does not establish an external circulating loop. Captured 2026-10-01T09:32:03.884159+00:00 over verified publisher TLS; SHA-256 afb4545971f42c3d0014780df661e1165cfa5372dc23219a6e05569399dc8dee. Original privately retained, not redistributed; complete entry review pending.
02_chemical_biochemical	taxonomy-citation	Module 2 Heterogeneous Catalysis: Lecture 18, Catalysts Test and Reactors	undated	NPTEL	https://archive.nptel.ac.in/content/storage2/courses/103103026/module2/lec18/1.html		public web	catalog-only	Publication date and individual authorship not verified. Course comparison of fixed, slurry and fluidized beds. Generic voidage numbers and blanket operating claims are not adopted. Captured 2026-10-01T09:32:08.158972+00:00 over verified publisher TLS; SHA-256 4132aec36ae84768565bd81796518aed39a64186748fc92589b85f32e83f4204. Original privately retained, not redistributed; complete entry review pending.
02_chemical_biochemical	taxonomy-citation	Module 9: Frequently Asked Questions on Three-Phase Reactors	undated	NPTEL	https://archive.nptel.ac.in/content/storage2/courses/103102012/downloads/faqs%20for%20module%209.pdf		public full text	catalog-only	Publication date and individual authorship unknown; two unnumbered PDF pages. Qualitative flow, heat-transfer and erosion concerns only; no source dimensions or automatic reliability claims adopted. Captured 2026-10-01T09:32:06.451381+00:00 over verified publisher TLS; SHA-256 f753042543c4c0bc409290645f5eb3ea950fd72cc44544906b657a20857683c9. Original privately retained, not redistributed; complete entry review pending.
02_chemical_biochemical	taxonomy-citation	High-Temperature, High-Capacity Oxygen Carrier Screening Study	2018	DOE/NETL	https://netl.doe.gov/projects/files/201.007_HTHC%20OC_Screening_Study_Public_Final.pdf		public full text	catalog-only	30April2018, DOE/NETL-2018/1898. Conceptual screening/reference plant; char/carrier separation explicitly undeveloped. A moving-bed HRSG here is a heat exchanger, not evidence of a moving-bed chemical reactor. Captured 2026-10-01T09:30:46.835057+00:00 over verified publisher TLS; SHA-256 09788fcc740eb6f196d007324058a76bc3b95adbb1195d1c5ba619ee854f5e2c. Original privately retained, not redistributed; complete entry review pending.
02_chemical_biochemical	taxonomy-citation	Trickle Bed Reactors: Professional Reference Shelf R12.2	undated	H. Scott Fogler; University of Michigan	https://kinetics.engin.umich.edu/12chap/html/12prof.htm		public web	catalog-only	Publication date unknown. Historical processing examples and conditional wetting/transport models, not universal complete wetting or process certification. Captured 2026-10-01T09:29:04.834684+00:00 over verified publisher TLS; SHA-256 931a667e566eaed5b24f14e92a8b6a86779e7018cd7fb5d4f3db4e9977059f0b. Original privately retained, not redistributed; complete entry review pending.
02_chemical_biochemical	taxonomy-citation	Multiphase reaction studies in stirred tank and fixed bed reactors: dissertation abstract	2015	Shinbeom Lee; Purdue University	https://docs.lib.purdue.edu/dissertations/AAI10100487/		public web	catalog-only	Publisher HTML bibliographic meta dates2015; online deposit27May2016 is separate. Abstract only, not full dissertation. Specific Rh/alumina acetophenone hydrogenation supports conditional partial wetting and transport effects; fitted predictions are not independent validation. Captured 2026-10-01T09:33:51.760505+00:00 over verified publisher TLS; SHA-256 c3bce571571e5a76315d639e072e1a8f4f4e6649141a207a0faad4e4b85fa9e0. Original privately retained, not redistributed; complete entry review pending.
02_chemical_biochemical	taxonomy-citation	Scaleup and scaledown of slurry reactors: A new methodology — dissertation abstract	1997	Juan Ricardo Inga; University of Pittsburgh	https://sites.pitt.edu/~rapel/Inga.html		public web	catalog-only	Author/laboratory-hosted dissertation abstract only; stirred vessel measurements distinguished from a slurry bubble column and a conceptual large-scale design. No built-plant or full-dissertation claim. Captured 2026-10-01T09:29:06.340690+00:00 over verified publisher TLS; SHA-256 f9acf733da5450b7a38f91cb61487756f6ed33fdbacc1542e95679f0f4900974. Original privately retained, not redistributed; complete entry review pending.
02_chemical_biochemical	taxonomy-citation	Slurry Reactors: Professional Reference Shelf R12.1	undated	H. Scott Fogler; University of Michigan	https://kinetics.engin.umich.edu/12chap/html/slurry.pdf		public full text	catalog-only	Scanned15-page chapter; source publication year unknown. PDF pages1-3/printed596-598 inspected with native rendering and derivative OCR. Native text extraction misses scanned body; original extraction retained. The first-edition footer and PDF creation date do not establish publication year. Captured 2026-10-01T09:38:37.650242+00:00 over verified publisher TLS; SHA-256 e9fd3459e4de68cb7bc4a84c4950588cf29a65b5f8c3c62509dbda5c420a99e2. Original privately retained, not redistributed; complete entry review pending.
02_chemical_biochemical	taxonomy-citation	Buoyancy driven bubbly flows: scaling of velocities in bubble columns operated in the heterogeneous regime	2022	Y. Mezui; M. Obligado; A. Cartellier	https://arxiv.org/pdf/2203.07417		public full text	catalog-only	arXiv2203.07417v2 dated5October2022; preprint with placeholder journal received/accepted fields. Air-water experiments and heterogeneous-regime scaling, not universal reacting-fluid closure or journal acceptance. Numerical constants/units not adopted. Captured 2026-10-01T09:33:53.988719+00:00 over verified publisher TLS; SHA-256 ae4b8fbaf09938ce9d26990b6c3859d4354949bace3128f44b404eb5eed7bb7a. Original privately retained, not redistributed; complete entry review pending.
02_chemical_biochemical	taxonomy-citation	Module 4 Application of Cell Culture Systems in Metabolic Engineering: Lecture 36, Bioreactors For Plant Engineering	undated	NPTEL	https://archive.nptel.ac.in/content/storage2/courses/102103016/module4/lec36/4.html		public web	catalog-only	Publication date and individual authorship unknown. Section6.2 plant-cell examples support basic pneumatic mixing geometry; no universal energy-cost benefit or suitability for highly viscous cultures. Captured 2026-10-01T09:48:57.955533+00:00 over verified publisher TLS; SHA-256 92607d8ee390ae2783c1c0b576209812a108d994babf1dedec80fdefa334c6d8. Original privately retained, not redistributed; complete entry review pending.
02_chemical_biochemical	taxonomy-citation	Evaluation of the efficiency of alternative enzyme production technologies	2012	Mads Orla Albæk; Technical University of Denmark	https://backend.orbit.dtu.dk/ws/portalfiles/portal/9855372/PROCESS_Mads%20Orla%20Alb_k_PhD%20Thesis.pdf		public full text	catalog-only	March2012 PhD thesis, title notice30March2012. Chapter5 actual pilot fermentations; only relevant sections inspected, not all177pages. DTU permits private research copy and URL sharing, not original redistribution. PDF94 chapter-opening page has no printed numeral despite TOC73. Captured 2026-10-01T09:48:01.383000+00:00 over verified publisher TLS; SHA-256 127263563cfdf70b036f18491607533af952cd1e003ad2dd4a044ae565eabc04. Original privately retained, not redistributed; complete entry review pending.
02_chemical_biochemical	taxonomy-citation	Hydrodynamics and Mass Transfer in a Concentric Internal Jet-Loop Airlift Bioreactor Equipped with a Deflector	2021	Radek Šulc; Jan Dymák	https://mdpi-res.com/d_attachment/energies/energies-14-04329/article_deploy/energies-14-04329.pdf		public full text	catalog-only	Energies14,4329; published18July2021, DOI10.3390/en14144329, author CC BY4 notice. Actual air-water/PVC-particle laboratory measurements; geometry-specific correlations and shear increases with aeration, not universal low shear or plant-scale acceptance. Captured 2026-10-01T09:30:44.599121+00:00 over verified publisher TLS; SHA-256 b769bfbfe79c620e219d6ebd17729e6296b18616ec2d3fb6d704427ada48c015. Original privately retained, not redistributed; complete entry review pending.
02_chemical_biochemical	taxonomy-citation	Continuous Synthesis of Carbon-Coated Na3V2(PO4)3 by Segmented Flow Tubular Reactor	2026	Samuel Franz Gatti, Anton Beiersdorfer, Ionut Mihalcea, Sigita Trabesinger and Andrea Testino	https://pmc.ncbi.nlm.nih.gov/articles/PMC13159419/		public web	catalog-only	Original experiment, Small Methods10(9):e02388; published24March2026, issue8May2026; CC BY4.0. Reports3mm segmented-flow tube and oil separation/recycle. No categorical ideal plug flow, numerical electrochemical performance or PFA expansion is adopted. Captured 2026-10-01T10:18:14.711906+00:00 over verified publisher TLS; SHA-256 ffc79d08e1e6f10d12614e8f09d1d51e92305f64d9fc42a027575413f4ce5075. Original privately retained, not redistributed; complete entry review pending.
02_chemical_biochemical	taxonomy-citation	Gas Slug Microfluidics: A Unique Tool for Ultrafast, Highly Controlled Growth of Iron Oxide Nanostructures	2015	Ane Larrea, Victor Sebastian, Alfonso Ibarra, Manuel Arruebo and Jesus Santamaria	https://pmc.ncbi.nlm.nih.gov/articles/PMC4547489/		public web	catalog-only	Original experiment; published16March2015, issue23June2015; publisher notice restricts reuse to noncommercial purposes. Gas-liquid wall contact differs from isolated liquid-liquid droplets. Captured 2026-10-01T10:18:14.848782+00:00 over verified publisher TLS; SHA-256 9f2772e6dcc044884c6552dc3813741f96b9f4f6f79f663f3bda79b5cf6d3d0f. Original privately retained, not redistributed; complete entry review pending.
02_chemical_biochemical	taxonomy-citation	Scale-up of a Luminescent Solar Concentrator-Based Photomicroreactor via Numbering-up	2018	Fang Zhao, Dario Cambie, Jeroen Janse, Eric W. Wieland, Koen P. L. Kuijpers, Volker Hessel, Michael G. Debije and Timothy Noel	https://pmc.ncbi.nlm.nih.gov/articles/PMC5762165/		public web	catalog-only	Original parallel-channel photochemical experiment; published7November2017, issue2January2018. Noncommercial no-derivatives notice is not replaced by the catalogue licence. Single-phase balancing does not demonstrate parallel segmented-flow operation. Captured 2026-10-01T10:19:43.353389+00:00 over verified publisher TLS; SHA-256 0f5045c99df963ef614d7e075e94064a0d70c9770bf7a3d41e16045f3d446c5e. Original privately retained, not redistributed; complete entry review pending.
02_chemical_biochemical	taxonomy-citation	Lecture 13: Biological Reactors - Chemostats	2007	K. Dane Wittrup; MIT OpenCourseWare	https://ocw.mit.edu/courses/10-37-chemical-and-biological-reaction-engineering-spring-2007/cacb521f9f123abde3b9a448c5e17d56_lec13_03212007_w.pdf		CC BY-NC-SA	catalog-only	Spring2007 preliminary course notes. Chemostat and fed-batch model assumptions; no universal steady state, feed law or cell density. Reused actual verified-TLS original from 2026-10-01T08:31:41.918921+00:00, not a new retrieval. First page has no printed page numeral. SHA-256 6c7813bb9984b31d56301f9729bbf72d5ac0f9d5e164e4d355e56ddafe65f06a. Original privately retained, not redistributed; complete entry review pending. Verified publisher-TLS retrieval 2026-10-01T08:31:41.918921+00:00.
02_chemical_biochemical	taxonomy-citation	Lecture 19: Oxygen transfer in fermentors	2007	K. Dane Wittrup; MIT OpenCourseWare	https://ocw.mit.edu/courses/10-37-chemical-and-biological-reaction-engineering-spring-2007/85477ce30129fae080056a95bf5b3cdd_lec19_04202007_w.pdf		CC BY-NC-SA	catalog-only	Spring2007 course notes. Relevant gas-liquid transfer pages1-2 inspected; numerical correlations and tissue-diffusion example not adopted. Original retained private intake SHA matches document_custody.json; retrieval date unknown, not inferred from inspection or PDF metadata. First page has no printed page numeral. SHA-256 e7c71b43b52bd2aea9d41ed2150196c380214ea8ea089ca20517b945b341ba60. Original privately retained, not redistributed; complete entry review pending.
02_chemical_biochemical	taxonomy-citation	Single-Use Bioreactors for Human Pluripotent and Adult Stem Cells: Towards Regenerative Medicine Applications	2021	Diogo E. S. Nogueira; Joaquim M. S. Cabral; Carlos A. V. Rodrigues	https://pmc.ncbi.nlm.nih.gov/articles/PMC8156863/		CC BY 4.0	catalog-only	Published17May2021. Author review, relevant introduction and sections2/2.1 inspected. Agitation/probes and cell-specific shear/hot-spots/dead-zones, not universal uniformity or clinical/manufacturing certification. Source regulatory discussion is historical, not current legal advice. SHA-256 f7c834f8bd3982cf6e03e24570a944ce2ad95a9f6ce118f0287c268c9c721032. Original privately retained, not redistributed; complete entry review pending. Verified publisher-TLS retrieval 2026-10-01T10:51:47.725126+00:00.
02_chemical_biochemical	taxonomy-citation	Microfluidic Cell Retention Device for Perfusion of Mammalian Suspension Culture	2017	Taehong Kwon; Holly Prentice; Jonas De Oliveira; Nyasha Madziva; Majid Ebrahimi Warkiani; Jean-François P. Hamel; Jongyoon Han	https://pmc.ncbi.nlm.nih.gov/articles/PMC5532224/		CC BY 4.0	catalog-only	Published27July2017. Actual350mL CHO perfusion experiment; introduction, retention characterisation, perfusion results and methods inspected. Membrane-free inertial retention differs from fouling-prone filter systems; no universal sterile process, quantitative cell-density target, industrial scale-out or product recovery inferred. SHA-256 ba5d50dc20d510267170968850319c43778db0ac5dcf85a6747aba2d91975976. Original privately retained, not redistributed; complete entry review pending. Verified publisher-TLS retrieval 2026-10-01T10:50:03.378651+00:00.
02_chemical_biochemical	taxonomy-citation	The Use of Chemostats in Microbial Systems Biology	2013	Naomi Ziv; Nathan J. Brandt; David Gresham	https://pmc.ncbi.nlm.nih.gov/articles/PMC3940325/		publisher copyright; full text accessible	catalog-only	Published14October2013 JoVE protocol. Equal feed/outflow, measured dilution and steady-state sampling in sections5/Discussion; not instantaneous steady state or invariant single-cell phenotype. Original copyright notice retained; accessible full text is not a redistribution grant. SHA-256 f5a6b7cae30c71d2a081e197d01ec5b4efbe29dc827d3bb1d034e3914ae2bc1b. Original privately retained, not redistributed; complete entry review pending. Verified publisher-TLS retrieval 2026-10-01T10:52:26.712014+00:00.
02_chemical_biochemical	taxonomy-citation	Protocol to study human gut bacterial communities and rhythmicity ex vivo using a chemostat system	2024	Helena Heimes; Deborah Häcker; Hélène Omer; Daan R. van der Veen; Silke Kiessling; Dirk Haller	https://pmc.ncbi.nlm.nih.gov/articles/PMC11565388/		CC BY-NC-ND 4.0	catalog-only	Published31October2024, collection20December2024. Sterility-test steps30-31 and setup contamination controls inspected, not the entire lengthy protocol. Particular ex-vivo gut-culture protocol, not universal clinical acceptance, sterilisation settings or microbial-purity guarantee. SHA-256 c501ba2aa26f01985a084f1a5652a6028385af50adf1c97839566fb72882b4e8. Original privately retained, not redistributed; complete entry review pending. Verified publisher-TLS retrieval 2026-10-01T10:53:03.775874+00:00.
02_chemical_biochemical	taxonomy-citation	Non-equilibrium Microwave Plasma for Efficient High Temperature Chemistry	2017	Dirk van den Bekerom; Niek den Harder; Teofil Minea; Nicola Gatti; Jose Palomares Linares; Waldo Bongers; Richard van de Sanden; Gerard van Rooij	https://pmc.ncbi.nlm.nih.gov/articles/PMC5613793/		catalogue-only; original not redistributed	catalogue-only	Published1August2017; DOI10.3791/55066. Experimental1kWCO2 setup; relevant Protocol1 inspected. Publisher notice remains distinct from authored catalogue licence. Publisher TLS capture 2026-10-01T11:35:27.739766+00:00; original SHA-256 85576f8393284038c0f59903de6a78d750ff222e0027cb05b29b65a2db6589de. Relevant sections inspected; complete entry review pending.
02_chemical_biochemical	taxonomy-citation	Upscaling Plasma-Based CO2 Conversion: Case Study of a Multi-Reactor Gliding Arc Plasmatron	2024	Colin O’Modhrain; Georgi Trenchev; Yury Gorbanev; Annemie Bogaerts	https://pmc.ncbi.nlm.nih.gov/articles/PMC11191589/		catalogue-only; original not redistributed	catalogue-only	Published14February2024; issue19June2024; DOI10.1021/acsengineeringau.3c00067. Pilot prototype/warm-plasma design, not general industrial deployment. CC BY-NC-ND4.0 notice. Publisher TLS capture 2026-10-01T11:35:27.917831+00:00; original SHA-256 dcb48adfe63a8cbe9a593aa82a41e1e7fcd32c591925efc397ce28920b670728. Relevant sections inspected; complete entry review pending.
02_chemical_biochemical	taxonomy-citation	CO2 conversion to CO via plasma and electrolysis: a techno-economic and energy cost analysis	2024	Jose Osorio-Tejada; Marc Escriba-Gelonch; Rani Vertongen; Annemie Bogaerts; Volker Hessel	https://pmc.ncbi.nlm.nih.gov/articles/PMC11320396/		catalogue-only; original not redistributed	catalogue-only	Published6May2024; issue13August2024; DOI10.1039/d4ee00164h. Section1.1 qualitative coupling/electrode constraints inspected; modelled cost values not accepted as operating performance. CC BY3.0 Unported notice. Publisher TLS capture 2026-10-01T11:35:27.685648+00:00; original SHA-256 c5eb5224a5db0e83e352408e2aaebf1f15c85172812f3a79366b3ca7b81b32e0. Relevant sections inspected; complete entry review pending.
02_chemical_biochemical	taxonomy-citation	Plasma Arc Based Rare Earth Element Recovery from Coal Fly Ash	2017	Ken Jeffers; Jay Renew; Southern Research	https://netl.doe.gov/sites/default/files/2018-01/20170322_1300C_Presentation_FE0027102_SouthernResearch.pdf		catalogue-only; original not redistributed	catalogue-only	DOE-NETL presentation22March2017/awardDE-FE0027102. Bench smelting distinct from predicted vaporisation and preliminary pilot design. Power/refractory thermal requirements, not measured lifetime; public hosting is not a blanket public-domain grant. Publisher TLS capture 2026-10-01T11:35:29.349374+00:00; original SHA-256 4aaeb23c15eccde7ffb434a1de6b8a3ded2ad79e94861cbc842c6625745b57e9. Relevant sections inspected; complete entry review pending.
02_chemical_biochemical	taxonomy-citation	Holistic analysis of a gliding arc discharge using 3D tomography and single-shot fluorescence lifetime imaging	2024	Sebastian Nilsson; David Sanned; Adrian Roth; Jinguo Sun; Edouard Berrocal; Mattias Richter; Andreas Ehn	https://pmc.ncbi.nlm.nih.gov/articles/PMC11269738/		catalogue-only; original not redistributed	catalogue-only	Published24July2024; DOI10.1038/s44172-024-00250-z. Actual air-jet/electrode experiment and flow-dependent arc elongation; no universal monotonic relation or industrial conversion claim. CC BY4.0 notice. Publisher TLS capture 2026-10-01T11:52:36.017074+00:00; original SHA-256 7b6f5dea5c85e4d7373fdab64547c085c416b4a03bc9c04a4cff12b21b0e2afe. Relevant sections inspected; complete entry review pending.
02_chemical_biochemical	taxonomy-citation	Polymerization catalysts -II: Liquid phase polymerization		NPTEL	https://archive.nptel.ac.in/content/storage2/courses/103103026/module4/lec38/3.html		catalogue-only; original not redistributed	catalogue-only	Module4/Lecture38/page3; publication date unknown. Bulk/solution and suspension-stabilisation paragraphs inspected. Emulsion droplet shorthand and broad thermal claims not adopted. No whole-course rights grant inferred. Publisher TLS capture 2026-10-01T12:17:06.855195+00:00; original SHA-256 fb9266828f1b671f190ea0f57e50704ba67947c71e5f0d14c80cb7fb51ee3003. Relevant sections inspected; complete entry review pending.
02_chemical_biochemical	taxonomy-citation	Classification According To Preparation Methods: bulk, solution and suspension polymerization		NPTEL	https://archive.nptel.ac.in/content/storage2/courses/103103029/module7/lec37/1.html		catalogue-only; original not redistributed	catalogue-only	Module7/Lecture37/page1; publication date unknown. Process categories, solvent recovery, droplet heat transfer and local polymer accumulation inspected. Blanket impossibility of continuous suspension operation not adopted. Publisher TLS capture 2026-10-01T12:17:05.939464+00:00; original SHA-256 44193d41f23d2903656cd1b288e7ea9f9fef62074172c8c6cd14044356890ced. Relevant sections inspected; complete entry review pending.
02_chemical_biochemical	taxonomy-citation	Classification According To Preparation Methods: emulsion polymerization		NPTEL	https://archive.nptel.ac.in/content/storage2/courses/103103029/module7/lec37/2.html		catalogue-only; original not redistributed	catalogue-only	Module7/Lecture37/page2; publication date unknown. Named emulsion preparation method only; no agitation-free, universal particle-size or physical-properties claim accepted. Publisher TLS capture 2026-10-01T12:18:29.518614+00:00; original SHA-256 b8da7b5eb997bcf983875cb2fdc3e9c7bb4d28ff10e67ae911866df247954d0d. Relevant sections inspected; complete entry review pending.
02_chemical_biochemical	taxonomy-citation	Liquid-liquid two phase systems for the production of porous hydrogels and hydrogel microspheres for biomedical applications: A tutorial review	2010	Donald L. Elbert	https://pmc.ncbi.nlm.nih.gov/articles/PMC2967636/		catalogue-only; original not redistributed	catalogue-only	Published24July2010; issueJanuary2011; author manuscript availableJanuary2012. DOI10.1016/j.actbio.2010.07.028. Suspension/emulsion initiation and particle-growth distinctions inspected; ideal Smith-Ewart rate conditions not universal. Elsevier/ActaMaterialia copyright notice, no CC grant inferred. Publisher TLS capture 2026-10-01T12:17:43.784359+00:00; original SHA-256 5851f9e5a4fe87053920eae6e0f4cce39660f88073427f7f7d0feb083fd200ed. Relevant sections inspected; complete entry review pending.
02_chemical_biochemical	taxonomy-citation	Process Characterization of Polyvinyl Acetate Emulsions Applying Inline Photon Density Wave Spectroscopy at High Solid Contents	2021	Stephanie Schlappa; Lee Josephine Brenker; Lena Bressel; Roland Hass; Marvin Münzberg	https://pmc.ncbi.nlm.nih.gov/articles/PMC7926705/		catalogue-only; original not redistributed	catalogue-only	Published23February2021; DOI10.3390/polym13040669. Actual PVAc/PVA experiment, particle-size constraints and residual-monomer/gelation response inspected. Optical monitoring is not measured complete conversion. CC BY4.0 notice. Publisher TLS capture 2026-10-01T12:20:36.410247+00:00; original SHA-256 69529e59e6b2161e21dff2a70fa6b4f62d9613dabc799e51b22ad9451bbb3619. Relevant sections inspected; complete entry review pending.
02_chemical_biochemical	taxonomy-citation	Different Types of Gasifiers and Their Integration with Gas Turbines		Jeffrey Phillips	https://netl.doe.gov/sites/default/files/netl-file/1-2-1.pdf		catalogue-only; original not redistributed	catalogue-only	Actual 11-page NETL-hosted EPRI chapter; printed67-77. Publication date unknown; dated references and expectations are not a publication date. Generic Types pages68-69 inspected. Coal-specific examples and historical plant counts are not present-day performance proof. No figure redistribution or blanket public-domain grant inferred. Publisher TLS capture 2026-10-01T12:49:15.708467+00:00. Original SHA-256 68b1b7f1a54c34cfe034e2fb05bd5acfe8ef224159bc0ce9db6584ba8c593f2e. Relevant sections inspected; complete entry review pending.
02_chemical_biochemical	taxonomy-citation	Guidelines/Handbook for the Design of Modular Gasification Systems	2022	Henry Allen Long III; Barbara Arnold; Bob Brown; David Crouse; Santosh Gangwal; Steve Knudsen; Chris Munson; Norman Shilling; Bob Slettehaugh; Jim Sorensen; Brian Turk; Massood Ramezan	https://www.netl.doe.gov/sites/default/files/2026-02/Gasification%20Handbook.pdf		catalogue-only; original not redistributed	catalogue-only	July2022/DOE-NETL-2022/3209 title and twelve authors verified. Current file is hosted under2026-02 after2022-07 redirect; path is not publication date. PDF/printed38-40/43 inspected; rendered39 confirms zone labels. Broad feed-anything/performance and terminal-velocity fluidisation explanations not adopted. Third-party figures have separate rights. Publisher TLS capture 2026-10-01T12:52:09.119869+00:00. Original SHA-256 a5321047b7710a6321a6c103d5c746d341b4dd014cd917a140a6e21a3083f938. Relevant sections inspected; complete entry review pending.
02_chemical_biochemical	taxonomy-citation	Advancing Entrained-Flow Gasification of Waste Materials and Biomass for Hydrogen Production	2024	David R. Wagner	https://netl.doe.gov/sites/default/files/netl-file/24FECM_GAS_Wagner.pdf		catalogue-only; original not redistributed	catalogue-only	University of Utah; FECM/NETL23-25April2024 meeting; DE-FE0032175. Actual PDF/printed4/14/15/23 inspected. Qualitative feed/atomisation capability distinct from equilibrium modelling, objectives and unmeasured generic conversion. No numerical plant-wide conversion accepted; DOE hosting is not a blanket original rights grant. Publisher TLS capture 2026-10-01T12:49:25.859794+00:00. Original SHA-256 63fb9e8f901a656c68557bf315e3bbe5a3ddbba645d9df66ce5a7052bbaaa173. Relevant sections inspected; complete entry review pending.
02_chemical_biochemical	taxonomy-citation	Accelerated Aging of Fast Pyrolysis Bio-Oil using Carbonyl Titration	2021	Stuart Black; Earl Christensen; Jack R. Ferrell III	https://docs.nlr.gov/docs/fy22osti/80966.pdf		catalogue-only; original not redistributed	catalogue-only	NREL/TP-5100-80966/LAP issue7October2021. PDF5/printed1 Introduction/Terminology/Significance inspected. Bio-oil ageing includes viscosity/phase changes; procedure scope excludes other types of bio-oil. Methods notice permits specified uses with credit/full notice but excludes commercial sales; not a CC/public-domain declaration. Publisher TLS capture 2026-10-01T12:50:37.689187+00:00. Original SHA-256 07988116ca3187ead0df847de124ef02b00aa47f122e654fc37b4ecf8d8769bd. Relevant sections inspected; complete entry review pending.
02_chemical_biochemical	taxonomy-citation	Fast Pyrolysis Behavior of Banagrass as a Function of Temperature and Volatiles Residence Time in a Fluidized Bed Reactor	2015	Trevor James Morgan; Scott Q Turn; Anthe George	https://pmc.ncbi.nlm.nih.gov/articles/PMC4550300/		catalogue-only; original not redistributed	catalogue-only	Published26August2015/DOI10.1371/journal.pone.0136511. Actual Introduction and Experimental reactor/condensation paragraphs inspected. Quenching limits secondary reactions; dry-ice/cryogenic apparatus is specific, not universal industrial design. Yield/feed/temperature targets not generalised. Article contains Creative Commons Public Domain declaration. Publisher TLS capture 2026-10-01T12:50:36.297148+00:00. Original SHA-256 be8b98543b4f9db4a769d462c59e42e55f575a8684329f3843da2a7819822d5d. Relevant sections inspected; complete entry review pending.
02_chemical_biochemical	taxonomy-citation	Chemical looping combustion		National Energy Technology Laboratory	https://www.netl.doe.gov/node/7478		catalogue-only; original not redistributed	catalogue-only	Official undated NETL technology overview. Full substantive body inspected: solid oxygen-carrier reduction/oxidation, distinct fuel/air reactors, concentrated CO2/water stream, carrier durability/solids circulation and bench/pilot R&D. Not a measured commercial performance guarantee. No blanket figure/fulltext redistribution right inferred. Publisher TLS capture 2026-10-01T13:25:31.279202+00:00; original SHA-256 6681ef5a60ca34d43fa4fb2d6e6cb7e135a356fd37b740df2473f561e308b893. Relevant sections inspected; complete entry review pending.
02_chemical_biochemical	taxonomy-citation	Wastewater Technology Fact Sheet: Sequencing Batch Reactors	1999	United States Environmental Protection Agency, Office of Water	https://www.epa.gov/system/files/documents/2022-10/sequencing-batch-reactors-factsheet.pdf		catalogue-only; original not redistributed	catalogue-only	EPA932-F-99-073, September1999 title despite2022-10 hosting path/PDF creation. ActualPDF1-6 plus references/endnotices inspected, PDF4 rendered. All pages unnumbered. Activated-sludge operating configuration with fill/react/settle/draw/idle, distinct from continuous-inflow ICEAS. Site-specific figures/manufacturer costs and guarantees not generalised; third-party material rights not assumed EPA-owned. No original redistributed. Publisher TLS capture 2026-10-01T13:25:32.268927+00:00; original SHA-256 0d7e79d703b68576a5c3ddd669522b29422f57e8e1b6ef23024bb9c4421a6912. Relevant sections inspected; complete entry review pending.
02_chemical_biochemical	taxonomy-citation	Up-Flow Anaerobic Sludge Blanket (UASB) Technology for Energy Recovery: A Review on State-of-the-Art and Recent Technological Advances	2020	Matia Mainardis; Marco Buttazzoni; Daniele Goi	https://pmc.ncbi.nlm.nih.gov/articles/PMC7355771/		catalogue-only; original not redistributed	catalogue-only	Bioengineering7(2):43, published10May2020, DOI10.3390/bioengineering7020043. Author CC BY4.0 notice inspected. Review sections1,3,9 support granular-bed retention without carrier media, granulation/hydrodynamics and effluent treatment boundaries; review is not an independent new plant experiment. Ordinary native TLS capture contains the genuine complete article; separate web parser returned a recaptcha interstitial and was not bypassed. Publisher TLS capture 2026-10-01T13:47:57.884494+00:00. Original SHA-256 2ce91ec8e54965c136ca2ef344e06d30068c2ac99f83348331a68909e7f7a4c5. Relevant sections inspected; complete entry review pending.
03_hybrid_emerging	fusion-fission hybrid	Research Needs for Fusion-Fission Hybrid Systems	2009	US DOE Office of Fusion Energy Sciences	https://science.osti.gov/-/media/fes/pdf/workshop-reports/Ff_hybrid_report_final.pdf		open government PDF	catalog-only	Authoritative research-needs assessment; no integrated power demonstration. Retained research copy SHA-256 2a1e0366fb42221d647dde1f9aa06d72103a311b260fbb1b71582bdba13617fe; copy held in owner-controlled local custody, not redistributed. Publisher TLS capture 2026-10-01T21:51:33.590625+00:00. Selected physical fields inspected; complete entry review pending.
03_hybrid_emerging	fusion-fission hybrid	The Fusion-Fission Hybrid Reactor for Energy Production	2008	Y. Wu et al.; IAEA FEC	https://www-pub.iaea.org/MTCD/Meetings/FEC2008/ft_p3-21.pdf		open conference PDF	catalog-only	Proposed energy multiplier; modelling is not reactor validation. Retained research copy SHA-256 b95c05b0e305529704b9557f55edc58eee634cea55f960918e0c5789480d5b81; copy held in owner-controlled local custody, not redistributed.
03_hybrid_emerging	accelerator-driven subcritical	Status of Accelerator Driven Systems Research and Technology Development	2015	IAEA	https://www-pub.iaea.org/MTCD/Publications/PDF/TE-1766_web.pdf		open IAEA PDF	catalog-only	Technical survey of ADS programmes, experiments and remaining challenges. Retained research copy SHA-256 7c13bdf4938868fd1c6546a8673751704f9e091b5be11161f6f87af7593981b9; copy held in owner-controlled local custody, not redistributed. Publisher TLS capture 2026-10-01T21:51:36.245058+00:00. Selected physical fields inspected; complete entry review pending.
03_hybrid_emerging	nuclear-renewable hybrid	Nuclear–Renewable Hybrid Energy Systems	2022	IAEA	https://www-pub.iaea.org/MTCD/Publications/PDF/PUB2041_web.pdf		open IAEA PDF	catalog-only	Applications and case studies; commercial value remains system- and market-specific. Retained research copy SHA-256 601b8804c0517439e78cedfdc11be99325c99382fb245437ced1521e8c72133e; copy held in owner-controlled local custody, not redistributed. Publisher TLS capture 2026-10-01T21:51:39.231447+00:00. Selected physical fields inspected; complete entry review pending.
03_hybrid_emerging	nuclear-renewable hybrid	Opportunities and Challenges for Nuclear-Renewable Hybrid Energy Systems	2021	Mark F. Ruth; National Renewable Energy Laboratory	https://www.govinfo.gov/content/pkg/GOVPUB-E9-PURL-gpo184292/pdf/GOVPUB-E9-PURL-gpo184292.pdf		US government public report	catalog-only	Official NREL publication preserved by the U.S. Government Publishing Office; 26-page local PDF validated with pdfinfo. Retained research copy SHA-256 dd17c5ff763d8512a6337f4e5908b592213a878030c0769da633c5555005fddd; copy held in owner-controlled local custody, not redistributed.
03_hybrid_emerging	nuclear-renewable hybrid	The Economic Potential of Two Nuclear-Renewable Hybrid Energy Systems	2016	INL and NREL	https://docs.nrel.gov/docs/fy17osti/66745.pdf		open government PDF; host unavailable during capture	catalog-only	Techno-economic scenario analysis; not a plant demonstration.
03_hybrid_emerging	thermochemical/electrochemical	Assessing Technical and Economic Aspects of Nuclear Hydrogen Production for Near Term Deployment	2024	IAEA	https://www-pub.iaea.org/MTCD/Publications/PDF/TE-2075web.pdf		open IAEA PDF	catalog-only	Covers electrolysis, thermochemical and hybrid cycles. Retained research copy SHA-256 6ef8fbb53baed9ef28dea7f215b0420aeac00aa747c856797353a400bc88262b; copy held in owner-controlled local custody, not redistributed. Publisher TLS capture 2026-10-01T21:51:41.693765+00:00. Selected physical fields inspected; complete entry review pending.
03_hybrid_emerging	LENR null review	Cold Fusion Research: A Report of the Energy Research Advisory Board to the United States Department of Energy (NCAS Internet edition)	1989	US DOE Energy Research Advisory Board	https://commons.wikimedia.org/wiki/File:Cold_Fusion_Research_-_ERAB_-_1989.pdf		retained NCAS Internet edition of government report	catalog-only	November 1989 review retained as the 1999 NCAS Internet edition printed in 2006, with browser pagination. Negative evidence and recommended closed calorimetry/product accounting are dated assessments; not a proof of every possible claim. Original redistribution rights remain not_assessed. Retained research copy SHA-256 c95825c28ae8133569cd2b4bffa67965dbdeb7e18730e0de1854bf08ec7c88e3; copy held in owner-controlled local custody, not redistributed. Unknown original retrieval date; selected physical fields inspected; complete entry review pending.
03_hybrid_emerging	LENR null review	Report of the Review of Low Energy Nuclear Reactions	2004	US DOE Office of Science	https://commons.wikimedia.org/wiki/File:DOE_Report_of_the_Review_of_Low_Energy_Nuclear_Reactions.djvu		public-domain government scan	catalog-only	Public-domain DJVU scan; evidence did not justify a special programme. Retained research copy SHA-256 0224e774520033fbf8488b6d40d13840bae19438abbf97b2aa119b644f8de619; copy held in owner-controlled local custody, not redistributed.
03_hybrid_emerging	LENR null replication	Revisiting the cold case of cold fusion	2019	C. P. Berlinguette et al.	https://doi.org/10.1038/s41586-019-1256-6		legally public author copy	catalog-only	2019 perspective distinguishes unconfirmed cold-fusion claims, loading/calorimetry limitations and externally driven low-energy beam/plasma fusion. Its null results apply to tested conditions; no general impossibility inference. Retained research copy SHA-256 c63aabe19b05331f96df120fa4facbb4304b197b5bdde9b66a809c8f8d735fc9; copy held in owner-controlled local custody, not redistributed. Unknown original retrieval date; selected physical fields inspected; complete entry review pending.
03_hybrid_emerging	LENR null replication	Callisto: High Pressure Loading — Final Report	2024	Callisto team	https://callisto.report/reports/callisto-pressure-loading-full.pdf		open project PDF	catalog-only	Original cover dates the final report 11 February 2024. Selected Pd-D gas-loading, calorimetry, detection and conclusion sections inspected; some report sections are explicitly omitted. Authors distinguish a strong negative belief from proof and state measurement/material/search limits; no claim of full 381-page inspection. Retained research copy SHA-256 06cc66618be9df118e4e8239b60a68f9e5b20c061a56ae3a382d618a8b750a2d; copy held in owner-controlled local custody, not redistributed. Unknown original retrieval date; selected physical fields inspected; complete entry review pending.
03_hybrid_emerging	LENR null replication	Project Callisto: Electrochemical Replication and Calorimetry — full report	2025	Project Callisto	https://callisto.report/reports/callisto-electrochemical-loading-full.pdf		open project PDF	catalog-only	Complete technical report; more than 500 experimental variants reported. Retained research copy SHA-256 b4137a8fdb843582148b030b2c1f534ac0b242a3fe2af923ac1f1ffcbd802887; copy held in owner-controlled local custody, not redistributed.
03_hybrid_emerging	LENR null replication	Summary of the Callisto Electrochemical Research Effort	2025	Project Callisto	https://callisto.report/reports/callisto-electrochemical-loading-summary.pdf		open project PDF	catalog-only	Electrochemical replication summary reports controlled calorimetry and conventional explanations for apparent excess heat. The inspected pages contain no publication date and a historical announcement-year typo; neither is converted into a verified historical datum. Null results do not cover all parameter space. Retained research copy SHA-256 409063eb7ebf5541af7168e8aa0a9cfb4e3990a13b93c30401149c00a687f42f; copy held in owner-controlled local custody, not redistributed. Unknown original retrieval date; selected physical fields inspected; complete entry review pending.
03_hybrid_emerging	solid-state fusion programme	ARPA-E LENR Exploratory Topic Project Descriptions	2023	US DOE ARPA-E	https://arpa-e.energy.gov/sites/default/files/2025-01/Project%20Descriptions_LENR.pdf		open government PDF	catalog-only	Funding hypothesis tests is not confirmation of LENR. Retained research copy SHA-256 74a88f127675034635ab662bb20d435d9bedf8d47bf4e8f7fc1c9d51514c6d9a; copy held in owner-controlled local custody, not redistributed.
03_hybrid_emerging	solid-state fusion programme	MARRS Broad Agency Announcement HR001126S0007	2026	DARPA	https://sam.gov/opp/83d366fd-a0b1-409b-9649-e01f44949bba/view		public-release mirror of government BAA	catalog-only	Calls for quantified mechanisms and rate amplification; absolute rates acknowledged as low. Retained research copy SHA-256 af99ec0fa3bb94f7a520e0b92f7e57e864e1800afa9089bf03e7343dd6434733; copy held in owner-controlled local custody, not redistributed.
03_hybrid_emerging	solid-state fusion programme	MARRS Proposers Day presentation	2026	DARPA	https://www.darpa.mil/sites/default/files/attachment/2026-01/marrs-program-proposers-day-presentation.pdf		open government PDF	catalog-only	Programme metrics and candidate mechanisms; not experimental proof. Retained research copy SHA-256 85ccd16ade450c1c7ea75b5b6f583b5984dee10c2ecc07e37f70628244090931; copy held in owner-controlled local custody, not redistributed.
03_hybrid_emerging	lattice-confinement fusion	Nuclear Fusion Reactions in Deuterated Metals	2020	V. Pines et al.; NASA	https://ntrs.nasa.gov/api/citations/20205001617/downloads/TP-20205001617.pdf		open government PDF	catalog-only	Theoretical treatment of externally activated deuterium in a metal lattice; not measured plant gain. Retained research copy SHA-256 b7dca9378ac20a6c37fe2848b2afd9b9780efe896ddf0a962a51142d00412950; copy held in owner-controlled local custody, not redistributed. Publisher TLS capture 2026-10-01T22:29:39.718474+00:00. Selected physical fields inspected; complete entry review pending.
03_hybrid_emerging	lattice-confinement fusion	Novel Nuclear Reactions Observed in Bremsstrahlung-Irradiated Deuterated Metals	2020	B. M. Steinetz et al.; NASA	https://ntrs.nasa.gov/citations/20205001616		open government PDF	catalog-only	Bremsstrahlung-driven neutron measurements in deuterated metals; further spectral corroboration and higher-energy neutron identification proposed. Retained research copy SHA-256 04f953f7ec9672bd35b8800ee19d036653b38230115f7aacb665df53c8eb7a7f; copy held in owner-controlled local custody, not redistributed. Publisher TLS capture 2026-10-01T22:29:42.080123+00:00. Selected physical fields inspected; complete entry review pending.
03_hybrid_emerging	lattice-confinement fusion	NASA GRC Lattice Confinement Fusion Virtual Workshop	2020	NASA Glenn Research Center	https://www1.grc.nasa.gov/wp-content/uploads/LCF-Workshop-May-21-2020-Final-Public.pdf		open government PDF	catalog-only	Context and proposed applications; includes forward-looking claims. Retained research copy SHA-256 195a347337b9fb1aa01650276c913b246e5f062d6e3412f631975a802974f8ee; copy held in owner-controlled local custody, not redistributed.
03_hybrid_emerging	lattice-confinement fusion	LENR Products: Lattice Confinement Fusion, Fission, or Both?	2025	NASA Glenn Research Center	https://www.nasa.gov/wp-content/uploads/2025/08/iccf-25-accepted-lenr-fusion-fission-or-both-3.pdf		public government conference paper	catalog-only	ICCF conference contribution discussing possible fusion/fission signatures in irradiated deuterated materials; not evidence of useful energy gain or a validated reactor. Retained research copy SHA-256 666e7951163001244617288d5b2442f6f6e7e2035e94facfcc734e91fa2931f5; copy held in owner-controlled local custody, not redistributed.
03_hybrid_emerging	beam-target solid fusion	Electrochemical loading enhances deuterium fusion rates in a metal target	2025	K.-Y. Chen et al.	https://pmc.ncbi.nlm.nih.gov/articles/PMC12367529/		open PMC full text	catalog-only	Externally accelerated deuterium ions with electrochemical target loading. The reported relative rate increase is not net energy gain; original full text is XML with section locators. Retained research copy SHA-256 418993afce3145dc14c2865da34c1f9abb91d660cd1eb29d0237fbdf10896352; copy held in owner-controlled local custody, not redistributed. Publisher TLS capture 2026-10-01T22:31:15.146149+00:00. Selected physical fields inspected; complete entry review pending. Exact XML download: https://www.ebi.ac.uk/europepmc/webservices/rest/PMC12367529/fullTextXML.
03_hybrid_emerging	beam-target solid fusion	Enhanced nuclear fusion in the sub-keV energy regime	2026	T. Schenkel et al.	https://doi.org/10.1038/s41467-026-74421-1		open arXiv author preprint	catalog-only	Low-energy yield plateau in Pd/Ti hydrides; requires independent replication and is not net power. Retained research copy SHA-256 369e1d6122f56fbcc6c22a26a742d90e203dc30deb23f887f182f2e5b2400966; copy held in owner-controlled local custody, not redistributed.
03_hybrid_emerging	solid-state mechanisms	Known mechanisms that increase nuclear fusion rates in the solid state	2024	F. Metzler et al.	https://arxiv.org/abs/2208.07245		open preprint	catalog-only	Reviews screening, loading and dynamical mechanisms; enhancement factors are not a reactor demonstration. Retained research copy SHA-256 833de7e044339f87cc89817421cd541ba7bb86b57681ffbb9f25a37b1b559e0e; copy held in owner-controlled local custody, not redistributed.
03_hybrid_emerging	LENR theory critique	Critical Review of Theoretical Models for Anomalous Effects in Deuterated Metals	2003	V. A. Chechin et al.	https://arxiv.org/abs/nucl-th/0303057		open preprint	catalog-only	Assesses more than 25 proposed cold-fusion models. Retained research copy SHA-256 c4869dfcaf12350fe09f4bdde576bce4d89445731c38c26eaf373860efa72d28; copy held in owner-controlled local custody, not redistributed.
03_hybrid_emerging	muon-catalysed fusion	Muon Catalyzed Fusion	2007	Edward A. G. Armour	https://ntrs.nasa.gov/api/citations/20080040752/downloads/20080040752.pdf		open NASA record PDF	catalog-only	Review of compact muonic molecules, observed fusion, lifetime, production energy and sticking. NASA original metadata dates this report 2007; the former Petitjean/1988 attribution did not match these bytes. Retained research copy SHA-256 3ce2dc3a0257e05cb9bae7591c236175e365b2203a658b524d5eb128027deadf; copy held in owner-controlled local custody, not redistributed. Publisher TLS capture 2026-10-01T22:29:36.950679+00:00. Selected physical fields inspected; complete entry review pending.
03_hybrid_emerging	muon-catalysed fusion	Recent Progress in Muon Catalyzed Fusion Research	1986	C. Petitjean et al.	https://cds.cern.ch/record/183043/files/CM-P00062408.pdf		public CERN record; download endpoint returned HTML	catalog-only; confirmed physics	Historical experimental review; invalid capture was discarded.
03_hybrid_emerging	muon-catalysed fusion	Comprehensive Study of Muon-Catalyzed Nuclear Reaction Processes in the dtmu Molecule	2021	M. Kamimura et al.	https://arxiv.org/abs/2112.08399		open preprint	catalog-only	Detailed reaction and sticking calculation; not a reactor breakeven result. Retained research copy SHA-256 7f6b6d13fe814488c399e3e7e42f28ff97c53019ab2ed48d740f5fdf9f6c5af8; copy held in owner-controlled local custody, not redistributed.
03_hybrid_emerging	pyroelectric fusion	Observation of nuclear fusion driven by a pyroelectric crystal	2005	B. Naranjo; J. K. Gimzewski; S. Putterman	https://fire.pppl.gov/cyrstal_fusion_nature.pdf		public author copy	catalog-only	Externally heated pyroelectric neutron-source experiment; authors explicitly exclude useful power production. Retained research copy SHA-256 01b4f48182260d80d34288cc1315c306264049e16cdea03066dd206f93121788; copy held in owner-controlled local custody, not redistributed. Publisher TLS capture 2026-10-01T22:29:45.114509+00:00. Selected physical fields inspected; complete entry review pending.
03_hybrid_emerging	cavitation fusion	Evidence for Nuclear Emissions During Acoustic Cavitation	2002	R. P. Taleyarkhan et al.	https://doi.org/10.1126/science.1067589		publisher paywall	catalog-only; contested claim	Original bubble-fusion claim; later replication and research-integrity concerns must be read alongside it.
03_hybrid_emerging	cavitation fusion	Nuclear Fusion in Collapsing Bubbles—Is It There? An Attempt to Repeat the Observation of Nuclear Emissions from Sonoluminescence	2002	D. Shapira; M. Saltmarsh	https://doi.org/10.1103/PhysRevLett.89.104302		public author/mirror PDF	catalog-only	Same-apparatus repeat with some original authors found no correlated 2.5 MeV neutrons; random-coincidence and background bounds are explicit. Tritium production was not measured. This is a named dated null result, not a proof about all possible cavitation experiments. Retained research copy SHA-256 18df016714e35f7c80f0a8cba59a565b39f3c62ac115ab6f9883839bbc63aa32; copy held in owner-controlled local custody, not redistributed. Unknown original retrieval date; selected physical fields inspected; complete entry review pending.
03_hybrid_emerging	cavitation fusion	Comments on Evidence for Nuclear Emissions During Acoustic Cavitation	2002	C. B. Shappert et al.	https://arxiv.org/abs/cond-mat/0204065		open preprint	catalog-only	Challenges interpretation of the original claim. Retained research copy SHA-256 f1fb31c7ac58a334d1dd48e17fe0be0116c9e35b328729396c07866ce2b2f6a6; copy held in owner-controlled local custody, not redistributed.
03_hybrid_emerging	cavitation fusion	Comment on Nuclear Emissions During Self-Nucleated Acoustic Cavitation	2006	D. Shapira; M. Saltmarsh	https://arxiv.org/abs/physics/0603060		open preprint	catalog-only	Addresses neutron-data interpretation and coincidences. Retained research copy SHA-256 4fe41ddf34944d4b990b00b2e5167e1baa803507a2b09397fafcea8255020dba; copy held in owner-controlled local custody, not redistributed.
03_hybrid_emerging	cavitation fusion	Cavitation-Induced Fusion: Proof of Concept	2012	Max I. Fomitchev-Zamilov	https://arxiv.org/abs/1209.2407		open preprint	catalog-only	Original title page and arXiv submission metadata identify Max I. Fomitchev-Zamilov, correcting the Taleyarkhan attribution. Claim-side preprint contains modeled yields, prototype imagery and a proposed demonstration/reproducibility programme; no independently accepted net power proof. Retained research copy SHA-256 2eb61f279817ba5f89c7fa574b77dedca85ebfd3a2746f5f1363af6eb84468b8; copy held in owner-controlled local custody, not redistributed. Unknown original retrieval date; selected physical fields inspected; complete entry review pending.
03_hybrid_emerging	commercial claim	Comments on the E-Cat HT test report	2013	G. Ericsson; S. Pomp	https://arxiv.org/abs/1306.6364		open preprint	catalog-only	Identifies measurement and material-assumption problems in a commercial-device report. Retained research copy SHA-256 cae32501d0623bd631ee56192dc8c1937dd3c7aea2e58104ceb362c66dde2201; copy held in owner-controlled local custody, not redistributed.
03_hybrid_emerging	commercial claim	E-Cat official site	2026	Leonardo Corporation	https://ecat.com/		public company website	catalog-only; unvalidated commercial claim	No public independent replication establishing net nuclear energy.
03_hybrid_emerging	commercial claim	Brillouin Energy technology claims	2026	Brillouin Energy Corporation	https://brillouinenergy.com/		public company website	catalog-only; unvalidated commercial claim	Company-originated evidence is not independent confirmation.
03_hybrid_emerging	commercial claim	Clean Planet research and technology claims	2026	Clean Planet Inc.	https://www.cleanplanet.co.jp/		public company website	catalog-only; unvalidated commercial claim	Patents, investment and collaborations do not by themselves validate energy output.
03_hybrid_emerging	commercial claim	Astral Systems lattice-confinement fusion	2026	Astral Systems	https://www.astral-systems.com/		public company website	catalog-only; unvalidated commercial power claim	Underlying driven nuclear-reaction physics differs from proof of net electricity.
03_hybrid_emerging	commercial claim	Acceleron Fusion muon-catalysed fusion	2026	Acceleron Fusion	https://www.acceleronfusion.com/		public company website	catalog-only; unvalidated commercial claim	Confirmed muon-catalysed physics does not resolve the system energy ledger.
03_hybrid_emerging	commercial claim	ENG8 EnergiCell claims	2026	ENG8	https://eng8.energy/		public company website	catalog-only; unvalidated commercial claim	Press materials and certificates are insufficient independent replication.
03_hybrid_emerging	commercial claim	HYLENR low-energy nuclear reactor claims	2026	HYLENR Technologies	https://hylenr.com/		public company website	catalog-only; unvalidated commercial claim	Patent or demonstration announcements do not substitute for independent full-system replication.
