source	source_record_id	latest_report_year	facility_name	operator	country	lat	lon	sector_code	sector_label	process_code	process_label	main_activities	datum	source_row_url
australia-npi	483040	2024/2025	Boral Mugga asphalt	BITUPAVE LTD	Australia	-35.368913	149.132431	1709	Other Petroleum and Coal Product Manufacturing	1709	Other Petroleum and Coal Product Manufacturing	Land-based extractive activity		http://www.npi.gov.au/npidata/action/load/individual-facility-detail/criteria/state/ACT/year/2025/jurisdiction-facility/ACT036
australia-npi	483330	2024/2025	Redox Pty Ltd	REDOX LIMITED	Australia	-33.797072	150.940651	1813	Basic Inorganic Chemical Manufacturing	1813	Basic Inorganic Chemical Manufacturing	Importation, storage and distribution of industrial chemicals. Dilution and packaging of industrial chemicals.		http://www.npi.gov.au/npidata/action/load/individual-facility-detail/criteria/state/NSW/year/2025/jurisdiction-facility/1003
australia-npi	483354	2024/2025	Yates Australia Wyee	DULUXGROUP (AUSTRALIA) PTY LTD	Australia	-33.152766	151.47825	1831	Fertiliser Manufacturing	1831	Fertiliser Manufacturing	Manufacture of manure and mineral blend fertilisers and potting mix.		http://www.npi.gov.au/npidata/action/load/individual-facility-detail/criteria/state/NSW/year/2025/jurisdiction-facility/1006
australia-npi	483366	2024/2025	Casella Winery Yenda	CASELLA WINES PTY LTD	Australia	-34.246113	146.204166	1214	Wine and Other Alcoholic Beverage Manufacturing	1214	Wine and Other Alcoholic Beverage Manufacturing	Wine and Beer production		http://www.npi.gov.au/npidata/action/load/individual-facility-detail/criteria/state/NSW/year/2025/jurisdiction-facility/1008
australia-npi	483454	2024/2025	Opal Fibre Packaging Revesby	OPAL PACKAGING AUSTRALIA PTY LTD	Australia	-33.937849	151.002176	1521	Corrugated Paperboard and Paperboard Container Manufacturing	1521	Corrugated Paperboard and Paperboard Container Manufacturing	Manufacture of corrugated paper products		http://www.npi.gov.au/npidata/action/load/individual-facility-detail/criteria/state/NSW/year/2025/jurisdiction-facility/102
australia-npi	483484	2024/2025	Nestle Beverages Smithtown	NESTLE AUSTRALIA LTD	Australia	-31.021174	152.941315	1211	Soft Drink, Cordial and Syrup Manufacturing	1211	Soft Drink, Cordial and Syrup Manufacturing	Food processing		http://www.npi.gov.au/npidata/action/load/individual-facility-detail/criteria/state/NSW/year/2025/jurisdiction-facility/1022
australia-npi	483492	2024/2025	Inghams Lisarow Further Processing Plant	INGHAMS ENTERPRISES PTY LIMITED	Australia	-33.376631	151.383486	1112	Poultry Processing	1112	Poultry Processing	Poultry Processing Facility		http://www.npi.gov.au/npidata/action/load/individual-facility-detail/criteria/state/NSW/year/2025/jurisdiction-facility/1023
australia-npi	483522	2024/2025	"Tyrrell's ""Ashmans"" Winery"	TYRRELL'S VINEYARDS PTY LTD	Australia	-32.7725	151.272778	1214	Wine and Other Alcoholic Beverage Manufacturing	1214	Wine and Other Alcoholic Beverage Manufacturing	Grapegrowing, winemaking, warehouse and distribution. Administration Head Office. Wine tastings and sales bar.		http://www.npi.gov.au/npidata/action/load/individual-facility-detail/criteria/state/NSW/year/2025/jurisdiction-facility/1028
australia-npi	483538	2024/2025	Foamco Industries Minto	FOAMCO INDUSTRIES PTY LIMITED	Australia	-34.033436	150.832935	1821	Synthetic Resin and Synthetic Rubber Manufacturing	1821	Synthetic Resin and Synthetic Rubber Manufacturing	Main raw materials are reacted together in the presence of a number of catalysts to produce polyurethane foam using verti foam/liquid CO2 max foam technology. In this process foam is manufactured in a vertically upward direction in a small portion of production and horizontal in major part of the production.		http://www.npi.gov.au/npidata/action/load/individual-facility-detail/criteria/state/NSW/year/2025/jurisdiction-facility/103
australia-npi	483562	2024/2025	De Bortoli Winery Bilbul	DE BORTOLI WINES PTY LIMITED	Australia	-34.276444	146.143583	1214	Wine and Other Alcoholic Beverage Manufacturing	1214	Wine and Other Alcoholic Beverage Manufacturing	Production of wine including fermentation, storage and bottling.		http://www.npi.gov.au/npidata/action/load/individual-facility-detail/criteria/state/NSW/year/2025/jurisdiction-facility/1031
australia-npi	483594	2024/2025	McWilliams Hanwood Winery	CALABRIA FAMILY WINES PTY LTD	Australia	-34.347756	146.045186	1214	Wine and Other Alcoholic Beverage Manufacturing	1214	Wine and Other Alcoholic Beverage Manufacturing	Wine manufacturing		http://www.npi.gov.au/npidata/action/load/individual-facility-detail/criteria/state/NSW/year/2025/jurisdiction-facility/1036
australia-npi	483598	2024/2025	Mount Pleasant Wines	HUNTERFIELDS PTY LTD (TA MOUNT PLEASANT WINES)	Australia	-32.816998	151.286974	1214	Wine and Other Alcoholic Beverage Manufacturing	1214	Wine and Other Alcoholic Beverage Manufacturing	Wine manufacturing		http://www.npi.gov.au/npidata/action/load/individual-facility-detail/criteria/state/NSW/year/2025/jurisdiction-facility/1037
australia-npi	483660	2024/2025	BOC Limited Wagga Wagga	BOC LIMITED	Australia	-35.072116	147.40816	1811	Industrial Gas Manufacturing	1811	Industrial Gas Manufacturing	Production of gases and cylinder filling		http://www.npi.gov.au/npidata/action/load/individual-facility-detail/criteria/state/NSW/year/2025/jurisdiction-facility/1044
australia-npi	483686	2024/2025	JBS PORK AUSTRALIA - Stock Feed Mill	JBS PORK AUSTRALIA PTY LTD	Australia	-35.969719	146.406762	1192	Prepared Animal and Bird Feed Manufacturing	1192	Prepared Animal and Bird Feed Manufacturing	Stock feed manufacture		http://www.npi.gov.au/npidata/action/load/individual-facility-detail/criteria/state/NSW/year/2025/jurisdiction-facility/1049
australia-npi	483712	2024/2025	SPF Diana Australia Beresfield Plant	SPF DIANA AUSTRALIA PTY LTD	Australia	-32.794418	151.64742	1192	Prepared Animal and Bird Feed Manufacturing	1192	Prepared Animal and Bird Feed Manufacturing	Ingredient production for pet food industry		http://www.npi.gov.au/npidata/action/load/individual-facility-detail/criteria/state/NSW/year/2025/jurisdiction-facility/1050
australia-npi	483754	2024/2025	The Daily Drinks Company Smithfield	BEGA DAIRY AND DRINKS PTY LTD	Australia	-33.837334	150.947017	1211	Soft Drink, Cordial and Syrup Manufacturing	1211	Soft Drink, Cordial and Syrup Manufacturing	Fruit juice blending and packaging.		http://www.npi.gov.au/npidata/action/load/individual-facility-detail/criteria/state/NSW/year/2025/jurisdiction-facility/1057
australia-npi	483760	2024/2025	Dyno - Warkworth	DYNO NOBEL ASIA PACIFIC PTY LIMITED	Australia	-32.574384	151.078077	1892	Explosive Manufacturing	1892	Explosive Manufacturing	Gun cotton manufacturing		http://www.npi.gov.au/npidata/action/load/individual-facility-detail/criteria/state/NSW/year/2025/jurisdiction-facility/1058
australia-npi	483796	2024/2025	Tip Top Bakeries Chullora	GEORGE WESTON FOODS LIMITED	Australia	-33.895754	151.048034	1171	Bread Manufacturing (Factory based)	1171	Bread Manufacturing (Factory based)	Bread production and packaging.		http://www.npi.gov.au/npidata/action/load/individual-facility-detail/criteria/state/NSW/year/2025/jurisdiction-facility/1061
australia-npi	483814	2024/2025	Camellia Vinegar	GOODMAN FIELDER CONSUMER FOODS PTY LIMITED	Australia	-33.820974	151.03435	1199	Other Food Product Manufacturing n.e.c.	1199	Other Food Product Manufacturing n.e.c.	Manufacture of vinegar.		http://www.npi.gov.au/npidata/action/load/individual-facility-detail/criteria/state/NSW/year/2025/jurisdiction-facility/1064
australia-npi	483880	2024/2025	Bega Cheese Limited PPU	BEGA CHEESE LIMITED	Australia	-36.666495	149.822287	1133	Cheese and Other Dairy Product Manufacturing	1133	Cheese and Other Dairy Product Manufacturing	Process cheese manufacture and cheese cutting and packaging		http://www.npi.gov.au/npidata/action/load/individual-facility-detail/criteria/state/NSW/year/2025/jurisdiction-facility/1074
australia-npi	484000	2024/2025	Southern Oil Refinery Bomen	SOUTHERN OIL REFINING PTY LTD	Australia	-35.068917	147.410667	1701	Petroleum Refining and Petroleum Fuel Manufacturing	1701	Petroleum Refining and Petroleum Fuel Manufacturing	Waste oil refining		http://www.npi.gov.au/npidata/action/load/individual-facility-detail/criteria/state/NSW/year/2025/jurisdiction-facility/1097
australia-npi	484018	2024/2025	Colgate-Palmolive Villawood	COLGATE-PALMOLIVE PTY LTD	Australia	-33.882463	150.982104	1851	Cleaning Compound Manufacturing	1851	Cleaning Compound Manufacturing	Manufacture of liquid household cleaners, liquid fabric softener & liquid household hard surface cleaners.		http://www.npi.gov.au/npidata/action/load/individual-facility-detail/criteria/state/NSW/year/2025/jurisdiction-facility/110
australia-npi	484054	2024/2025	Downer EDI Works Mogo	DOWNER EDI WORKS PTY LTD	Australia	-35.815122	150.124481	1709	Other Petroleum and Coal Product Manufacturing	1709	Other Petroleum and Coal Product Manufacturing	Hot mix asphalt production		http://www.npi.gov.au/npidata/action/load/individual-facility-detail/criteria/state/NSW/year/2025/jurisdiction-facility/1104
australia-npi	484324	2024/2025	Speedibake Ermington	GEORGE WESTON FOODS LIMITED	Australia	-33.814901	151.067157	1171	Bread Manufacturing (Factory based)	1171	Bread Manufacturing (Factory based)	Par baked & specialty breads (e.g. full range of rolls & buns, gluten-free products, pizza bases, poppadoms) manufacturing and packaging. Main process is Baking.		http://www.npi.gov.au/npidata/action/load/individual-facility-detail/criteria/state/NSW/year/2025/jurisdiction-facility/126
australia-npi	484478	2024/2025	Visy Paper Smithfield	VISY PAPER PTY LTD	Australia	-33.85063	150.948107	1510	Pulp, Paper and Paperboard Manufacturing	1510	Pulp, Paper and Paperboard Manufacturing	Recycled paper processing and manufacturing		http://www.npi.gov.au/npidata/action/load/individual-facility-detail/criteria/state/NSW/year/2025/jurisdiction-facility/135
australia-npi	484536	2024/2025	Groundwater Treatment Plant	ORICA AUSTRALIA PTY LTD	Australia	-33.956085	151.220876	1899	Other Basic Chemical Product Manufacturing n.e.c.	1899	Other Basic Chemical Product Manufacturing n.e.c.	Water Treatment Recycling		http://www.npi.gov.au/npidata/action/load/individual-facility-detail/criteria/state/NSW/year/2025/jurisdiction-facility/138
australia-npi	484556	2024/2025	Qenos Olefines and Site Utilities Plants	QENOS PTY LTD	Australia	-33.957701	151.223104	1812	Basic Organic Chemical Manufacturing	1812	Basic Organic Chemical Manufacturing	Ethylene manufacture; steam raising.		http://www.npi.gov.au/npidata/action/load/individual-facility-detail/criteria/state/NSW/year/2025/jurisdiction-facility/139
australia-npi	484590	2024/2025	Qenos Alkathene and Alkatuff Plants	QENOS PTY LTD	Australia	-33.957701	151.223104	1812	Basic Organic Chemical Manufacturing	1812	Basic Organic Chemical Manufacturing	Polyethylene manufacture		http://www.npi.gov.au/npidata/action/load/individual-facility-detail/criteria/state/NSW/year/2025/jurisdiction-facility/140
australia-npi	484928	2024/2025	Indorama Ventures Oxides Botany Surfactants Plant	INDORAMA VENTURES OXIDES AUSTRALIA PTY LTD	Australia	-33.957701	151.223104	1812	Basic Organic Chemical Manufacturing	1812	Basic Organic Chemical Manufacturing	Surfactant manufacture		http://www.npi.gov.au/npidata/action/load/individual-facility-detail/criteria/state/NSW/year/2025/jurisdiction-facility/158
australia-npi	485136	2024/2025	Thales Mulwala	THALES AUSTRALIA LIMITED	Australia	-35.991382	145.996641	1892	Explosive Manufacturing	1892	Explosive Manufacturing	Manufacture of propellants, explosives and inorganic chemicals.		http://www.npi.gov.au/npidata/action/load/individual-facility-detail/criteria/state/NSW/year/2025/jurisdiction-facility/171
australia-npi	485170	2024/2025	Moorebank Bakery	QUALITY BAKERS AUSTRALIA PTY LIMITED	Australia	-33.927629	150.9294	1171	Bread Manufacturing (Factory based)	1171	Bread Manufacturing (Factory based)	Bread manufacturing		http://www.npi.gov.au/npidata/action/load/individual-facility-detail/criteria/state/NSW/year/2025/jurisdiction-facility/176
australia-npi	485196	2024/2025	ARYZTA Liverpool	ARYZTA AUSTRALIA PTY LTD	Australia	-33.911306	150.923361	1171	Bread Manufacturing (Factory based)	1171	Bread Manufacturing (Factory based)	Bread manufacturing		http://www.npi.gov.au/npidata/action/load/individual-facility-detail/criteria/state/NSW/year/2025/jurisdiction-facility/178
australia-npi	485902	2024/2025	Dunlop Foams	AUSTRALIAN COMFORT GROUP PTY LTD	Australia	-33.842887	150.907794	1913	Polymer Foam Product Manufacturing	1913	Polymer Foam Product Manufacturing	Manufacture and processing of flexible polyurethane foam		http://www.npi.gov.au/npidata/action/load/individual-facility-detail/criteria/state/NSW/year/2025/jurisdiction-facility/222
australia-npi	486986	2024/2025	Ampol Kurnell Terminal	AMPOL REFINERIES (NSW) PTY LTD	Australia	-34.016405	151.214205	1701	Petroleum Refining and Petroleum Fuel Manufacturing	1701	Petroleum Refining and Petroleum Fuel Manufacturing	Storage of petroleum products		http://www.npi.gov.au/npidata/action/load/individual-facility-detail/criteria/state/NSW/year/2025/jurisdiction-facility/298
australia-npi	487102	2024/2025	Selleys Pty Ltd	DULUXGROUP (AUSTRALIA) PTY LTD	Australia	-33.938262	151.039047	1813	Basic Inorganic Chemical Manufacturing	1813	Basic Inorganic Chemical Manufacturing	Mixing, filling and packaging of sealants, adhesives, fillers and household cleaning products.		http://www.npi.gov.au/npidata/action/load/individual-facility-detail/criteria/state/NSW/year/2025/jurisdiction-facility/306
australia-npi	487136	2024/2025	Solvay Interox Pty Ltd	SOLVAY INTEROX PTY LTD	Australia	-33.954763	151.212195	1813	Basic Inorganic Chemical Manufacturing	1813	Basic Inorganic Chemical Manufacturing	Manufacture and storage of industrial chemicals including hydrogen peroxide and peracetic acid.		http://www.npi.gov.au/npidata/action/load/individual-facility-detail/criteria/state/NSW/year/2025/jurisdiction-facility/309
australia-npi	487162	2024/2025	United Initiators Banksmeadow	UNITED INITIATORS PTY LTD	Australia	-33.95678	151.213409	1812	Basic Organic Chemical Manufacturing	1812	Basic Organic Chemical Manufacturing	Manufacture and storage of industrial chemicals (specifically organic peroxides)		http://www.npi.gov.au/npidata/action/load/individual-facility-detail/criteria/state/NSW/year/2025/jurisdiction-facility/310
australia-npi	487180	2024/2025	Maroota Stockfeeds	CSF PROTEINS PROPRIETARY LIMITED	Australia	-33.432765	150.997868	1111	Meat Processing	1111	Meat Processing	Rendering of waste, chicken, fish and meat products for the production of meals and tallow for the local and export markets. 7MW and 6MW boiler burn natural gas to produce steam for heating rendering cookers.		http://www.npi.gov.au/npidata/action/load/individual-facility-detail/criteria/state/NSW/year/2025/jurisdiction-facility/312
australia-npi	487384	2024/2025	Lactalis Lidcombe	LACTALIS AUSTRALIA PTY LTD	Australia	-33.861293	151.056347	1131	Milk and Cream Processing	1131	Milk and Cream Processing	Dairy manufacturing		http://www.npi.gov.au/npidata/action/load/individual-facility-detail/criteria/state/NSW/year/2025/jurisdiction-facility/330
australia-npi	487420	2024/2025	Unilever North Rocks	UNILEVER AUSTRALIA TRADING LIMITED	Australia	-33.775147	151.0157	1851	Cleaning Compound Manufacturing	1851	Cleaning Compound Manufacturing	Manufacturer of home and personal care products.		http://www.npi.gov.au/npidata/action/load/individual-facility-detail/criteria/state/NSW/year/2025/jurisdiction-facility/332
australia-npi	487524	2024/2025	Omega Chemicals	CHEMPROD NOMINEES PROPRIETARY LIMITED	Australia	-32.823615	151.738524	1813	Basic Inorganic Chemical Manufacturing	1813	Basic Inorganic Chemical Manufacturing	Manufacture of liquid aluminium sulfate & liquid ferric sulfate		http://www.npi.gov.au/npidata/action/load/individual-facility-detail/criteria/state/NSW/year/2025/jurisdiction-facility/338
australia-npi	487654	2024/2025	Cargill Australia Limited Kooragang Island	CARGILL AUSTRALIA	Australia	-32.881001	151.767794	1150	Oil and Fat Manufacturing	1150	Oil and Fat Manufacturing	Oilseed processing plant - converts canola seed, sunflower seed and soy beans into vegetable oil and high protein meal for stockfeed.		http://www.npi.gov.au/npidata/action/load/individual-facility-detail/criteria/state/NSW/year/2025/jurisdiction-facility/345
australia-npi	487672	2024/2025	Bega Dairy and Drinks, Wetherill Park	BEGA DAIRY AND DRINKS PTY LTD	Australia	-33.845541	150.897549	1131	Milk and Cream Processing	1131	Milk and Cream Processing	Milk processing		http://www.npi.gov.au/npidata/action/load/individual-facility-detail/criteria/state/NSW/year/2025/jurisdiction-facility/346
australia-npi	487690	2024/2025	Omega Industries Riverstone	OMEGA INDUSTRIES PTY LTD	Australia	-33.663425	150.856254	1916	Paint and Coatings Manufacturing	1916	Paint and Coatings Manufacturing	Processing of coatings and related products.		http://www.npi.gov.au/npidata/action/load/individual-facility-detail/criteria/state/NSW/year/2025/jurisdiction-facility/347
australia-npi	487810	2024/2025	Azelis St Marys	AZELIS AUSTRALIA PTY LIMITED	Australia	-33.750781	150.770192	1813	Basic Inorganic Chemical Manufacturing	1813	Basic Inorganic Chemical Manufacturing	Chemical manufacturing		http://www.npi.gov.au/npidata/action/load/individual-facility-detail/criteria/state/NSW/year/2025/jurisdiction-facility/36
australia-npi	488026	2024/2025	Bartter Cardiff Feedmill	BARTTER ENTERPRISES PTY LIMITED	Australia	-32.938619	151.648808	1192	Prepared Animal and Bird Feed Manufacturing	1192	Prepared Animal and Bird Feed Manufacturing	Animal feed manufacture		http://www.npi.gov.au/npidata/action/load/individual-facility-detail/criteria/state/NSW/year/2025/jurisdiction-facility/372
australia-npi	488406	2024/2025	Orica Kooragang Island	ORICA AUSTRALIA PTY LTD	Australia	-32.897286	151.777447	1892	Explosive Manufacturing	1892	Explosive Manufacturing	Explosive manufacturing		http://www.npi.gov.au/npidata/action/load/individual-facility-detail/criteria/state/NSW/year/2025/jurisdiction-facility/395
australia-npi	488690	2024/2025	Mars Wrigley	MARS AUSTRALIA PTY LTD	Australia	-33.693468	151.114596	1182	Confectionery Manufacturing	1182	Confectionery Manufacturing	Manufacture of chewing gum, confectionery and mints products.		http://www.npi.gov.au/npidata/action/load/individual-facility-detail/criteria/state/NSW/year/2025/jurisdiction-facility/413
australia-npi	488742	2024/2025	Visy Board Warwick Farm	VISY BOARD PROPRIETARY LIMITED	Australia	-33.920429	150.936441	1521	Corrugated Paperboard and Paperboard Container Manufacturing	1521	Corrugated Paperboard and Paperboard Container Manufacturing	Manufacturing and converting corrugated cardboard boxes from recycled and kraft paper.		http://www.npi.gov.au/npidata/action/load/individual-facility-detail/criteria/state/NSW/year/2025/jurisdiction-facility/417
australia-npi	488936	2024/2025	Kellogg Botany Plant	KELLOGG (AUST.) PTY LTD	Australia	-33.947896	151.210541	1162	Cereal, Pasta and Baking Mix Manufacturing	1162	Cereal, Pasta and Baking Mix Manufacturing	Manufacture, packaging and transport of ready-to-eat breakfast cereal products.		http://www.npi.gov.au/npidata/action/load/individual-facility-detail/criteria/state/NSW/year/2025/jurisdiction-facility/430
australia-npi	488996	2024/2025	Allnex Resins Botany	ALLNEX RESINS AUSTRALIA PTY LTD	Australia	-33.951652	151.209883	1899	Other Basic Chemical Product Manufacturing n.e.c.	1899	Other Basic Chemical Product Manufacturing n.e.c.	Resin manufacturing for coatings industry		http://www.npi.gov.au/npidata/action/load/individual-facility-detail/criteria/state/NSW/year/2025/jurisdiction-facility/434
australia-npi	489080	2024/2025	Downer EDI Works Bathurst	DOWNER EDI WORKS PTY LTD	Australia	-33.427055	149.609632	1709	Other Petroleum and Coal Product Manufacturing	1709	Other Petroleum and Coal Product Manufacturing	Production of hot-mix asphalt		http://www.npi.gov.au/npidata/action/load/individual-facility-detail/criteria/state/NSW/year/2025/jurisdiction-facility/439
australia-npi	489136	2024/2025	Downer EDI Works Teralba	DOWNER EDI WORKS PTY LTD	Australia	-32.959614	151.591113	1709	Other Petroleum and Coal Product Manufacturing	1709	Other Petroleum and Coal Product Manufacturing	Production of hot-mix asphalt		http://www.npi.gov.au/npidata/action/load/individual-facility-detail/criteria/state/NSW/year/2025/jurisdiction-facility/441
australia-npi	489296	2024/2025	Tooheys Brewery Lidcombe	TOOHEYS PTY LIMITED (LION)	Australia	-33.84974	151.046379	1212	Beer Manufacturing	1212	Beer Manufacturing	Brewing and packaging of beer		http://www.npi.gov.au/npidata/action/load/individual-facility-detail/criteria/state/NSW/year/2025/jurisdiction-facility/452
australia-npi	489460	2024/2025	Tarac Distillery Griffith	TARAC TECHNOLOGIES PTY LTD	Australia	-34.25071	146.106326	1213	Spirit Manufacturing	1213	Spirit Manufacturing	Processing of Potable Grape Alcohol		http://www.npi.gov.au/npidata/action/load/individual-facility-detail/criteria/state/NSW/year/2025/jurisdiction-facility/462
australia-npi	489474	2024/2025	Sanitarium The Health Food Company - Berkeley Vale	AUSTRALIAN HEALTH & NUTRITION ASSOCIATION LIMITED	Australia	-33.328322	151.411003	1199	Other Food Product Manufacturing n.e.c.	1199	Other Food Product Manufacturing n.e.c.	Beverages, Cereals, health foods processing, manufacturing and packaging.		http://www.npi.gov.au/npidata/action/load/individual-facility-detail/criteria/state/NSW/year/2025/jurisdiction-facility/463
australia-npi	489608	2024/2025	Foseco Padstow	VESUVIUS AUSTRALIA PTY LTD	Australia	-33.943566	151.037703	1813	Basic Inorganic Chemical Manufacturing	1813	Basic Inorganic Chemical Manufacturing	Manufacturing company classified as a chemical compounder which supplies consumables to the molten metal industry. Processes include powder blending, liquid (aqueous and organic solvent) and powder mixtures; and insulating and exothermic shape manufacture		http://www.npi.gov.au/npidata/action/load/individual-facility-detail/criteria/state/NSW/year/2025/jurisdiction-facility/471
australia-npi	489680	2024/2025	Visy Pulp and Paper Mill Tumut	VISY PULP AND PAPER PTY LTD	Australia	-35.296485	148.138463	1510	Pulp, Paper and Paperboard Manufacturing	1510	Pulp, Paper and Paperboard Manufacturing	Integrated unbleached Kraft pulp and paper manufacturing		http://www.npi.gov.au/npidata/action/load/individual-facility-detail/criteria/state/NSW/year/2025/jurisdiction-facility/476
australia-npi	489778	2024/2025	Heinz Wagga Wagga	H.J. HEINZ COMPANY AUSTRALIA LIMITED	Australia	-35.071454	147.414453	1111	Meat Processing	1111	Meat Processing	Meat cannery; recovery of tallow; recovery of protein extract.		http://www.npi.gov.au/npidata/action/load/individual-facility-detail/criteria/state/NSW/year/2025/jurisdiction-facility/481
australia-npi	489838	2024/2025	Bega Dairy & Drinks Penrith	BEGA DAIRY AND DRINKS PTY LTD	Australia	-33.747998	150.690002	1131	Milk and Cream Processing	1131	Milk and Cream Processing	Receival, processing, packaging and distribution of liquid whole and modified milk products.		http://www.npi.gov.au/npidata/action/load/individual-facility-detail/criteria/state/NSW/year/2025/jurisdiction-facility/486
australia-npi	490014	2024/2025	Broadwater Sugar Mill	NSW SUGAR MILLING COOPERATIVE LIMITED	Australia	-29.009801	153.445811	1181	Sugar Manufacturing	1181	Sugar Manufacturing	Sugar milling		http://www.npi.gov.au/npidata/action/load/individual-facility-detail/criteria/state/NSW/year/2025/jurisdiction-facility/5
australia-npi	490070	2024/2025	Bartter Hanwood Processing Plant	BARTTER ENTERPRISES PTY LIMITED	Australia	-34.347913	146.044299	1112	Poultry Processing	1112	Poultry Processing	Poultry processing, feedmill production and animal feed distribution		http://www.npi.gov.au/npidata/action/load/individual-facility-detail/criteria/state/NSW/year/2025/jurisdiction-facility/502
australia-npi	490086	2024/2025	Bartter Baiada Beresfield Site	BARTTER ENTERPRISES PTY LIMITED	Australia	-32.795299	151.645919	1112	Poultry Processing	1112	Poultry Processing	Poultry processing		http://www.npi.gov.au/npidata/action/load/individual-facility-detail/criteria/state/NSW/year/2025/jurisdiction-facility/503
australia-npi	490140	2024/2025	IXOM Port Kembla Site	IXOM OPERATIONS PTY LTD	Australia	-34.477265	150.907748	1813	Basic Inorganic Chemical Manufacturing	1813	Basic Inorganic Chemical Manufacturing	Sulfuric acid regeneration / manufacture, sodium bisulfite manufacture, sulfuric acid import, storage and despatch		http://www.npi.gov.au/npidata/action/load/individual-facility-detail/criteria/state/NSW/year/2025/jurisdiction-facility/507
australia-npi	490210	2024/2025	Woodchem Australia Oberon	WOODCHEM AUSTRALIA PTY LTD	Australia	-33.698306	149.86104	1812	Basic Organic Chemical Manufacturing	1812	Basic Organic Chemical Manufacturing	Manufacture of urea-formaldehyde and melamine-formaldehyde resin.		http://www.npi.gov.au/npidata/action/load/individual-facility-detail/criteria/state/NSW/year/2025/jurisdiction-facility/512
australia-npi	490832	2024/2025	Alexandria Asphalt Plant	FULTON HOGAN INDUSTRIES PTY LTD	Australia	-33.915866	151.186407	1709	Other Petroleum and Coal Product Manufacturing	1709	Other Petroleum and Coal Product Manufacturing	Hot mix asphalt manufacturing		http://www.npi.gov.au/npidata/action/load/individual-facility-detail/criteria/state/NSW/year/2025/jurisdiction-facility/552
australia-npi	490908	2024/2025	Inghams Berrima Feedmill	INGHAMS ENTERPRISES PTY LIMITED	Australia	-34.515556	150.349167	1192	Prepared Animal and Bird Feed Manufacturing	1192	Prepared Animal and Bird Feed Manufacturing	Stock feed manufacture.		http://www.npi.gov.au/npidata/action/load/individual-facility-detail/criteria/state/NSW/year/2025/jurisdiction-facility/557
australia-npi	491172	2024/2025	MAURI anz Camellia	MAURI YEAST AUSTRALIA PTY LIMITED	Australia	-33.820974	151.03435	1199	Other Food Product Manufacturing n.e.c.	1199	Other Food Product Manufacturing n.e.c.	Yeast manufacture.		http://www.npi.gov.au/npidata/action/load/individual-facility-detail/criteria/state/NSW/year/2025/jurisdiction-facility/577
australia-npi	491262	2024/2025	Duxton Winery Buronga	DUXTON WINERY BURONGA PTY LTD	Australia	-34.136001	142.156857	1214	Wine and Other Alcoholic Beverage Manufacturing	1214	Wine and Other Alcoholic Beverage Manufacturing	Wine production		http://www.npi.gov.au/npidata/action/load/individual-facility-detail/criteria/state/NSW/year/2025/jurisdiction-facility/582
australia-npi	491352	2024/2025	DGL Environmental Pty Ltd - Unanderra	DGL GROUP LIMITED	Australia	-34.453843	150.855231	1813	Basic Inorganic Chemical Manufacturing	1813	Basic Inorganic Chemical Manufacturing	Industrial and smelter waste treatment/ recovery and recycling facility using hydrometallurgical technology, developed by the company.		http://www.npi.gov.au/npidata/action/load/individual-facility-detail/criteria/state/NSW/year/2025/jurisdiction-facility/589
australia-npi	491490	2024/2025	BOC Gases Port Kembla	BOC LIMITED	Australia	-34.463789	150.868571	1811	Industrial Gas Manufacturing	1811	Industrial Gas Manufacturing	Refines atmospheric gases to produce saleable products.		http://www.npi.gov.au/npidata/action/load/individual-facility-detail/criteria/state/NSW/year/2025/jurisdiction-facility/598
australia-npi	491504	2024/2025	BOC Sydney Operations Centre	BOC LIMITED	Australia	-33.844947	150.894991	1811	Industrial Gas Manufacturing	1811	Industrial Gas Manufacturing	Refines atmospheric gases to produce saleable products.		http://www.npi.gov.au/npidata/action/load/individual-facility-detail/criteria/state/NSW/year/2025/jurisdiction-facility/599
australia-npi	491520	2024/2025	Condong Sugar Mill	NSW SUGAR MILLING COOPERATIVE LIMITED	Australia	-28.31306	153.43417	1181	Sugar Manufacturing	1181	Sugar Manufacturing	Sugar milling		http://www.npi.gov.au/npidata/action/load/individual-facility-detail/criteria/state/NSW/year/2025/jurisdiction-facility/6
australia-npi	491584	2024/2025	Teys Australia Tamworth	TEYS AUSTRALIA SOUTHERN PTY LTD	Australia	-31.073432	150.859468	1111	Meat Processing	1111	Meat Processing	Slaughtering and processing animals (beef), rendering of animal by-products		http://www.npi.gov.au/npidata/action/load/individual-facility-detail/criteria/state/NSW/year/2025/jurisdiction-facility/604
australia-npi	492062	2024/2025	Malt Shovel Brewery	HAHN BREWING COMPANY (LION)	Australia	-33.886658	151.174297	1212	Beer Manufacturing	1212	Beer Manufacturing	Brewing and packaging of beer		http://www.npi.gov.au/npidata/action/load/individual-facility-detail/criteria/state/NSW/year/2025/jurisdiction-facility/638
australia-npi	492166	2024/2025	Hunter Bottling Company	HUNTER BOTTLING COMPANY	Australia	-32.724191	151.258276	1214	Wine and Other Alcoholic Beverage Manufacturing	1214	Wine and Other Alcoholic Beverage Manufacturing	Bottling and packaging wine and edible oils		http://www.npi.gov.au/npidata/action/load/individual-facility-detail/criteria/state/NSW/year/2025/jurisdiction-facility/648
australia-npi	492348	2024/2025	Orica Liddell Mining Services Plant	ORICA AUSTRALIA PTY LTD	Australia	-32.415403	151.003633	1813	Basic Inorganic Chemical Manufacturing	1813	Basic Inorganic Chemical Manufacturing	Dangerous good storage depot for ammonium nitrate, ammonium nitrate emulsion and diesel to support bulk explosives delivery to mines. This plant also manufactures emulsion phase.		http://www.npi.gov.au/npidata/action/load/individual-facility-detail/criteria/state/NSW/year/2025/jurisdiction-facility/661
australia-npi	492388	2024/2025	Opal Cartons Botany	OPAL PACKAGING AUSTRALIA PTY LTD	Australia	-33.945479	151.217602	1521	Corrugated Paperboard and Paperboard Container Manufacturing	1521	Corrugated Paperboard and Paperboard Container Manufacturing	Manufacture and printing of cartons for general packaging.		http://www.npi.gov.au/npidata/action/load/individual-facility-detail/criteria/state/NSW/year/2025/jurisdiction-facility/664
australia-npi	492778	2024/2025	Harwood Sugar Mill and Refinery	NSW SUGAR MILLING COOPERATIVE LIMITED	Australia	-29.423692	153.248595	1181	Sugar Manufacturing	1181	Sugar Manufacturing	Sugar milling, sugar refining.		http://www.npi.gov.au/npidata/action/load/individual-facility-detail/criteria/state/NSW/year/2025/jurisdiction-facility/7
australia-npi	492812	2024/2025	Nowra Chemical Manufacturers Pty Ltd	NOWRA CHEMICAL MANUFACTURERS PTY LTD	Australia	-34.904977	150.58119	1812	Basic Organic Chemical Manufacturing	1812	Basic Organic Chemical Manufacturing	Industrial chemical manufacturing and distribution		http://www.npi.gov.au/npidata/action/load/individual-facility-detail/criteria/state/NSW/year/2025/jurisdiction-facility/700
australia-npi	492826	2024/2025	ITW Polymers and Fluids	ITW AUSTRALIA PTY LTD	Australia	-33.841729	150.920156	1916	Paint and Coatings Manufacturing	1916	Paint and Coatings Manufacturing	Manufacture of paints, surface coatings, lubricants, resins, aerosols,engine additives and automotive care products.		http://www.npi.gov.au/npidata/action/load/individual-facility-detail/criteria/state/NSW/year/2025/jurisdiction-facility/701
australia-npi	492850	2024/2025	Teys Australia Wagga Wagga	TEYS AUSTRALIA SOUTHERN PTY LTD	Australia	-35.078422	147.409837	1111	Meat Processing	1111	Meat Processing	Meat processing		http://www.npi.gov.au/npidata/action/load/individual-facility-detail/criteria/state/NSW/year/2025/jurisdiction-facility/703
australia-npi	492864	2024/2025	Huntingwood	ASAHI BEVERAGES PTY LTD	Australia	-33.799528	150.88575	1211	Soft Drink, Cordial and Syrup Manufacturing	1211	Soft Drink, Cordial and Syrup Manufacturing	Manufacture of carbonated and non carbonated beverages.		http://www.npi.gov.au/npidata/action/load/individual-facility-detail/criteria/state/NSW/year/2025/jurisdiction-facility/704
australia-npi	492970	2024/2025	Lubrizol International Inc.	LUBRIZOL INTERNATIONAL INC.	Australia	-33.828723	151.047572	1709	Other Petroleum and Coal Product Manufacturing	1709	Other Petroleum and Coal Product Manufacturing	Chemical Storage - Lubricant additives. Group A Waste Generation. Petroleum Works - Oil Blending and Storage.		http://www.npi.gov.au/npidata/action/load/individual-facility-detail/criteria/state/NSW/year/2025/jurisdiction-facility/711
australia-npi	493026	2024/2025	Nestle Purina Pet Care	NESTLE AUSTRALIA LTD	Australia	-33.5211701	149.236775	1192	Prepared Animal and Bird Feed Manufacturing	1192	Prepared Animal and Bird Feed Manufacturing	Manufacture of pet food		http://www.npi.gov.au/npidata/action/load/individual-facility-detail/criteria/state/NSW/year/2025/jurisdiction-facility/715
australia-npi	493670	2024/2025	Ridley Agriproducts Taree	RIDLEY AGRIPRODUCTS PTY LTD	Australia	-31.845114	152.508803	1192	Prepared Animal and Bird Feed Manufacturing	1192	Prepared Animal and Bird Feed Manufacturing	Stockfeed and bird feed manufacturing and distribution		http://www.npi.gov.au/npidata/action/load/individual-facility-detail/criteria/state/NSW/year/2025/jurisdiction-facility/759
australia-npi	493888	2024/2025	100% Bottling Company Pty Ltd	THE TRUSTEE FOR 100% BOTTLING COMPANY UNIT TRUST	Australia	-32.714659	151.500647	1150	Oil and Fat Manufacturing	1150	Oil and Fat Manufacturing	Vegetable Oil manufacturing and bottling		http://www.npi.gov.au/npidata/action/load/individual-facility-detail/criteria/state/NSW/year/2025/jurisdiction-facility/773
australia-npi	494032	2024/2025	Koppers Mayfield	KOPPERS CARBON MATERIALS AND CHEMICALS PTY	Australia	-32.88581	151.737239	1709	Other Petroleum and Coal Product Manufacturing	1709	Other Petroleum and Coal Product Manufacturing	Coal tar distillation to produce coal tar derived products		http://www.npi.gov.au/npidata/action/load/individual-facility-detail/criteria/state/NSW/year/2025/jurisdiction-facility/784
australia-npi	494068	2024/2025	MARS Australia Pty Ltd	MARS AUSTRALIA PTY LTD	Australia	-33.426912	149.642568	1192	Prepared Animal and Bird Feed Manufacturing	1192	Prepared Animal and Bird Feed Manufacturing	Dry petfood manufacturing		http://www.npi.gov.au/npidata/action/load/individual-facility-detail/criteria/state/NSW/year/2025/jurisdiction-facility/787
australia-npi	494082	2024/2025	Mars Food Berkeley Vale	MARS AUSTRALIA PTY LTD	Australia	-33.3257	151.415827	1199	Other Food Product Manufacturing n.e.c.	1199	Other Food Product Manufacturing n.e.c.	Manufacture of wet cooking sauces and dry herb and spice products.		http://www.npi.gov.au/npidata/action/load/individual-facility-detail/criteria/state/NSW/year/2025/jurisdiction-facility/788
australia-npi	494474	2024/2025	Boral Asphalt Enfield	BITUPAVE LTD	Australia	-33.894976	151.067299	1709	Other Petroleum and Coal Product Manufacturing	1709	Other Petroleum and Coal Product Manufacturing	Bitumen pre-mix or asphalt hot mix production		http://www.npi.gov.au/npidata/action/load/individual-facility-detail/criteria/state/NSW/year/2025/jurisdiction-facility/821
australia-npi	494510	2024/2025	Wirrimbi Cold Store	WINGHAM BEEF EXPORTS PTY LIMITED	Australia	-30.674694	152.926222	1111	Meat Processing	1111	Meat Processing	Rendering plant		http://www.npi.gov.au/npidata/action/load/individual-facility-detail/criteria/state/NSW/year/2025/jurisdiction-facility/824
australia-npi	494522	2024/2025	Scone Abattoir	JBS AUSTRALIA PTY LIMITED	Australia	-32.03378	150.868491	1111	Meat Processing	1111	Meat Processing	Meat processing		http://www.npi.gov.au/npidata/action/load/individual-facility-detail/criteria/state/NSW/year/2025/jurisdiction-facility/825
australia-npi	494592	2024/2025	Singleton Beef Processing Facility	SHELLDEN PTY LTD	Australia	-32.651306	151.234469	1111	Meat Processing	1111	Meat Processing	Meat processing		http://www.npi.gov.au/npidata/action/load/individual-facility-detail/criteria/state/NSW/year/2025/jurisdiction-facility/830
australia-npi	494624	2024/2025	Casino Food Company Limited Abattoir	CASINO FOOD COMPANY LIMITED	Australia	-28.844722	153.0325	1111	Meat Processing	1111	Meat Processing	Meat and animal byproducts processing, including rendering		http://www.npi.gov.au/npidata/action/load/individual-facility-detail/criteria/state/NSW/year/2025/jurisdiction-facility/833
australia-npi	494672	2024/2025	Wingham Beef Exports Pty Ltd	WINGHAM BEEF EXPORTS PTY LIMITED	Australia	-31.873155	152.362585	1111	Meat Processing	1111	Meat Processing	Beef processing facility and refrigeration		http://www.npi.gov.au/npidata/action/load/individual-facility-detail/criteria/state/NSW/year/2025/jurisdiction-facility/837
australia-npi	494732	2024/2025	Baiada Tamworth Processing Plant	BAIADA POULTRY PTY LIMITED	Australia	-31.094083	150.913044	1112	Poultry Processing	1112	Poultry Processing	Poultry processing		http://www.npi.gov.au/npidata/action/load/individual-facility-detail/criteria/state/NSW/year/2025/jurisdiction-facility/841
australia-npi	494736	2024/2025	Baiada Oakburn Protein Recovery Plant	BAIADA POULTRY PTY LIMITED	Australia	-31.094642	150.913129	1199	Other Food Product Manufacturing n.e.c.	1199	Other Food Product Manufacturing n.e.c.	Rendering of poultry by-products		http://www.npi.gov.au/npidata/action/load/individual-facility-detail/criteria/state/NSW/year/2025/jurisdiction-facility/842
australia-npi	494748	2024/2025	Tangaratta Stockfeeds Pty Limited	TANGARATTA STOCKFEEDS PTY LTD	Australia	-31.039983	150.847139	1192	Prepared Animal and Bird Feed Manufacturing	1192	Prepared Animal and Bird Feed Manufacturing	Poultry feed manufacture		http://www.npi.gov.au/npidata/action/load/individual-facility-detail/criteria/state/NSW/year/2025/jurisdiction-facility/843
australia-npi	494868	2024/2025	Joyce Foam Products Moorebank	JOYCE FOAM PTY LTD	Australia	-33.927323	150.932653	1913	Polymer Foam Product Manufacturing	1913	Polymer Foam Product Manufacturing	Manufacture of polyurethane foam. Conversion of foam to the furniture, bedding and automotive industries.		http://www.npi.gov.au/npidata/action/load/individual-facility-detail/criteria/state/NSW/year/2025/jurisdiction-facility/852
australia-npi	495288	2024/2025	Unilever Minto	UNILEVER AUSTRALIA TRADING LIMITED	Australia	-34.041598	150.840813	1132	Ice Cream Manufacturing	1132	Ice Cream Manufacturing	Ice cream manufacture (dairy processing)		http://www.npi.gov.au/npidata/action/load/individual-facility-detail/criteria/state/NSW/year/2025/jurisdiction-facility/885
australia-npi	495324	2024/2025	Bindaree Beef Inverell	YOLARNO PTY LIMITED	Australia	-29.764444	151.058389	1111	Meat Processing	1111	Meat Processing	Meat Processing		http://www.npi.gov.au/npidata/action/load/individual-facility-detail/criteria/state/NSW/year/2025/jurisdiction-facility/888
australia-npi	495368	2024/2025	Fletcher International Dubbo	FLETCHER INTERNATIONAL EXPORTS PTY LTD	Australia	-32.209012	148.634146	1111	Meat Processing	1111	Meat Processing	Animal slaughtering, packing, rendering and salting.		http://www.npi.gov.au/npidata/action/load/individual-facility-detail/criteria/state/NSW/year/2025/jurisdiction-facility/891
australia-npi	495398	2024/2025	Southern Meats Goulburn Abattoir	SOUTHERN MEATS PTY LTD	Australia	-34.782767	149.681653	1111	Meat Processing	1111	Meat Processing	Animal slaughter, rendering, livestock processing for export.		http://www.npi.gov.au/npidata/action/load/individual-facility-detail/criteria/state/NSW/year/2025/jurisdiction-facility/894
australia-npi	495408	2024/2025	Junee Abattoir	NARASELL PTY LTD	Australia	-34.891071	147.578215	1111	Meat Processing	1111	Meat Processing	Meat processing		http://www.npi.gov.au/npidata/action/load/individual-facility-detail/criteria/state/NSW/year/2025/jurisdiction-facility/895
australia-npi	495518	2024/2025	Shoalhaven Starches Bomaderry	SHOALHAVEN STARCHES PTY LTD	Australia	-34.852904	150.619576	1199	Other Food Product Manufacturing n.e.c.	1199	Other Food Product Manufacturing n.e.c.	Wheat flour to manufacture starches, gluten, glucose and ethanol.		http://www.npi.gov.au/npidata/action/load/individual-facility-detail/criteria/state/NSW/year/2025/jurisdiction-facility/904
australia-npi	495554	2024/2025	Arnotts Biscuits Huntingwood	ARNOTT'S BISCUITS LIMITED	Australia	-33.796377	150.873166	1173	Biscuit Manufacturing (Factory based)	1173	Biscuit Manufacturing (Factory based)	Biscuit manufacture		http://www.npi.gov.au/npidata/action/load/individual-facility-detail/criteria/state/NSW/year/2025/jurisdiction-facility/907
australia-npi	495688	2024/2025	Boral Asphalt Port Kembla	BITUPAVE LTD	Australia	-34.454525	150.863951	1709	Other Petroleum and Coal Product Manufacturing	1709	Other Petroleum and Coal Product Manufacturing	Hot mix asphalt manufacturing		http://www.npi.gov.au/npidata/action/load/individual-facility-detail/criteria/state/NSW/year/2025/jurisdiction-facility/919
australia-npi	495748	2024/2025	Weston Animal Nutrition Enfield	GEORGE WESTON FOODS LIMITED	Australia	-33.886995	151.070074	1192	Prepared Animal and Bird Feed Manufacturing	1192	Prepared Animal and Bird Feed Manufacturing	Animal feed production and packaging		http://www.npi.gov.au/npidata/action/load/individual-facility-detail/criteria/state/NSW/year/2025/jurisdiction-facility/923
australia-npi	495886	2024/2025	Coca-Cola Europacifc Partners Northmead	COCA-COLA EUROPACIFIC PARTNERS AUSTRALIA PTY LIMITED	Australia	-33.798659	150.984774	1211	Soft Drink, Cordial and Syrup Manufacturing	1211	Soft Drink, Cordial and Syrup Manufacturing	Manufacture and distribution of non-alcoholic beverages		http://www.npi.gov.au/npidata/action/load/individual-facility-detail/criteria/state/NSW/year/2025/jurisdiction-facility/936
australia-npi	495906	2024/2025	Diageo Australia Huntingwood	DIAGEO AUSTRALIA	Australia	-33.797031	150.879738	1213	Spirit Manufacturing	1213	Spirit Manufacturing	Manufacture and importation of alcoholic and non-alcoholic beverages		http://www.npi.gov.au/npidata/action/load/individual-facility-detail/criteria/state/NSW/year/2025/jurisdiction-facility/938
australia-npi	495926	2024/2025	Opal Packaging Botany Mill	OPAL PACKAGING AUSTRALIA PTY LTD	Australia	-33.967882	151.226042	1510	Pulp, Paper and Paperboard Manufacturing	1510	Pulp, Paper and Paperboard Manufacturing	Papermaking of liners and recycled corrugated mediums from 100% recycled raw materials		http://www.npi.gov.au/npidata/action/load/individual-facility-detail/criteria/state/NSW/year/2025/jurisdiction-facility/94
australia-npi	495946	2024/2025	ECOLAB Revesby	ECOLAB PTY LTD	Australia	-33.937814	151.000013	1851	Cleaning Compound Manufacturing	1851	Cleaning Compound Manufacturing	Chemical blending operations; storage handling and distribution		http://www.npi.gov.au/npidata/action/load/individual-facility-detail/criteria/state/NSW/year/2025/jurisdiction-facility/940
australia-npi	496042	2024/2025	Snack Brands Australia Smithfield	SNACK BRANDS INDUSTRIES PTY LTD & SNACK BRANDS FOODS PTY LTD	Australia	-33.842048	150.939573	1199	Other Food Product Manufacturing n.e.c.	1199	Other Food Product Manufacturing n.e.c.	Manufacture of Snack foods		http://www.npi.gov.au/npidata/action/load/individual-facility-detail/criteria/state/NSW/year/2025/jurisdiction-facility/953
australia-npi	496298	2024/2025	Meditrina Beverages	MEDITRINA BEVERAGES PTY LTD	Australia	-34.263222	146.001472	1214	Wine and Other Alcoholic Beverage Manufacturing	1214	Wine and Other Alcoholic Beverage Manufacturing	Production of wine		http://www.npi.gov.au/npidata/action/load/individual-facility-detail/criteria/state/NSW/year/2025/jurisdiction-facility/992
australia-npi	498226	2024/2025	Berrimah	DOWNER EDI WORKS PTY LTD	Australia	-12.4638	130.9436	1709	Other Petroleum and Coal Product Manufacturing	1709	Other Petroleum and Coal Product Manufacturing	Asphalt and bituminous material manufacturing		http://www.npi.gov.au/npidata/action/load/individual-facility-detail/criteria/state/NT/year/2025/jurisdiction-facility/NT59
australia-npi	498532	2024/2025	Viatris - Carole Park	ALPHAPHARM PTY LTD	Australia	-27.622964	152.938486	1841	Human Pharmaceutical and Medicinal Product Manufacturing	1841	Human Pharmaceutical and Medicinal Product Manufacturing	Manufacture, testing and distribution of pharmaceutical products.		http://www.npi.gov.au/npidata/action/load/individual-facility-detail/criteria/state/QLD/year/2025/jurisdiction-facility/Q004APL001
australia-npi	498688	2024/2025	Dulux Operations Rocklea	DULUXGROUP (AUSTRALIA) PTY LTD	Australia	-27.549626	153.00867	1916	Paint and Coatings Manufacturing	1916	Paint and Coatings Manufacturing	Paint Manufacturing and distribution		http://www.npi.gov.au/npidata/action/load/individual-facility-detail/criteria/state/QLD/year/2025/jurisdiction-facility/Q006DUL001
australia-npi	498732	2024/2025	Opal Fibre Packaging	OPAL PACKAGING AUSTRALIA PTY LTD	Australia	-27.563692	153.00524	1521	Corrugated Paperboard and Paperboard Container Manufacturing	1521	Corrugated Paperboard and Paperboard Container Manufacturing	Manufacturing fibre board and converting this into boxes.		http://www.npi.gov.au/npidata/action/load/individual-facility-detail/criteria/state/QLD/year/2025/jurisdiction-facility/Q007AMF001
australia-npi	498780	2024/2025	Queensland Tissue Products Pty Ltd	QUEENSLAND TISSUE PRODUCTS PTY LTD	Australia	-27.619	152.936	1510	Pulp, Paper and Paperboard Manufacturing	1510	Pulp, Paper and Paperboard Manufacturing	Use of virgin pulp to produce a range of tissue products. Processing and packaging tissue products.		http://www.npi.gov.au/npidata/action/load/individual-facility-detail/criteria/state/QLD/year/2025/jurisdiction-facility/Q007SOF001
australia-npi	498796	2024/2025	Visy Board Carole Park	VISY BOARD PROPRIETARY LIMITED	Australia	-27.61783	152.933346	1510	Pulp, Paper and Paperboard Manufacturing	1510	Pulp, Paper and Paperboard Manufacturing	Manufacture of corrugated cartons and minor flexographic printing		http://www.npi.gov.au/npidata/action/load/individual-facility-detail/criteria/state/QLD/year/2025/jurisdiction-facility/Q007VIB001
australia-npi	498814	2024/2025	Visy Paper 8	VISY PAPER PTY LTD	Australia	-27.44086	153.115772	1510	Pulp, Paper and Paperboard Manufacturing	1510	Pulp, Paper and Paperboard Manufacturing	Paper recycling plant. Converting waste paper to new paper for use in the corrugated box industry.		http://www.npi.gov.au/npidata/action/load/individual-facility-detail/criteria/state/QLD/year/2025/jurisdiction-facility/Q007VIS001
australia-npi	498870	2024/2025	Burleigh Heads Bakery	QUALITY BAKERS AUSTRALIA PTY LIMITED	Australia	-28.103866	153.411577	1171	Bread Manufacturing (Factory based)	1171	Bread Manufacturing (Factory based)	Bakeries - Bread		http://www.npi.gov.au/npidata/action/load/individual-facility-detail/criteria/state/QLD/year/2025/jurisdiction-facility/Q009GFL001
australia-npi	498958	2024/2025	Tip Top Springwood	GEORGE WESTON FOODS LIMITED	Australia	-27.622574	153.121626	1171	Bread Manufacturing (Factory based)	1171	Bread Manufacturing (Factory based)	Bread Manufacturing and Packaging		http://www.npi.gov.au/npidata/action/load/individual-facility-detail/criteria/state/QLD/year/2025/jurisdiction-facility/Q009GWF002
australia-npi	499012	2024/2025	Castlemaine Perkins Ltd	CASTLEMAINE PERKINS PTY LIMITED	Australia	-27.4678	153.0061	1212	Beer Manufacturing	1212	Beer Manufacturing	Brewing and packaging of beer		http://www.npi.gov.au/npidata/action/load/individual-facility-detail/criteria/state/QLD/year/2025/jurisdiction-facility/Q010CAS001
australia-npi	499032	2024/2025	Yatala Brewery	CUB PTY LTD	Australia	-27.755433	153.234616	1212	Beer Manufacturing	1212	Beer Manufacturing	Manufacturing and packaging beer and RTD beverages		http://www.npi.gov.au/npidata/action/load/individual-facility-detail/criteria/state/QLD/year/2025/jurisdiction-facility/Q010CUB001
australia-npi	499924	2024/2025	Wallumbilla LPG Plant	OGT ENERGY PTY LTD	Australia	-26.694526	149.187986	1701	Petroleum Refining and Petroleum Fuel Manufacturing	1701	Petroleum Refining and Petroleum Fuel Manufacturing	Gas liquids processing		http://www.npi.gov.au/npidata/action/load/individual-facility-detail/criteria/state/QLD/year/2025/jurisdiction-facility/Q012SAN013
australia-npi	500074	2024/2025	AMPOL REFINERIES (QLD) PTY LTD	AMPOL REFINERIES (QLD) PTY LTD	Australia	-27.40848	153.154078	1701	Petroleum Refining and Petroleum Fuel Manufacturing	1701	Petroleum Refining and Petroleum Fuel Manufacturing	Converting (refining) petroleum feedstock into a variety of useful energy products including gasoline, diesel, jet fuel.		http://www.npi.gov.au/npidata/action/load/individual-facility-detail/criteria/state/QLD/year/2025/jurisdiction-facility/Q013CAL001
australia-npi	500094	2024/2025	Eromanga Refinery	IOR ENERGY PTY LTD	Australia	-26.667872	143.272725	1701	Petroleum Refining and Petroleum Fuel Manufacturing	1701	Petroleum Refining and Petroleum Fuel Manufacturing	Crude oil refinery, producing: diesel, high flash kerosene and solvents		http://www.npi.gov.au/npidata/action/load/individual-facility-detail/criteria/state/QLD/year/2025/jurisdiction-facility/Q013IOR001
australia-npi	500110	2024/2025	Tableland Mill	FNQ SUGAR SERVICES PTY LTD	Australia	-17.119866	145.345043	1181	Sugar Manufacturing	1181	Sugar Manufacturing	Cane Sugar Milling		http://www.npi.gov.au/npidata/action/load/individual-facility-detail/criteria/state/QLD/year/2025/jurisdiction-facility/Q014BUS001
australia-npi	500224	2024/2025	South Johnstone Mill	FNQ SUGAR SERVICES PTY LTD	Australia	-17.605901	145.991176	1181	Sugar Manufacturing	1181	Sugar Manufacturing	Cane Sugar Milling		http://www.npi.gov.au/npidata/action/load/individual-facility-detail/criteria/state/QLD/year/2025/jurisdiction-facility/Q014BUS008
australia-npi	500244	2024/2025	Macknade Mill	WILMAR SUGAR (HERBERT) PTY LTD	Australia	-18.588056	146.258056	1181	Sugar Manufacturing	1181	Sugar Manufacturing	Milling of sugar cane to produce raw sugar		http://www.npi.gov.au/npidata/action/load/individual-facility-detail/criteria/state/QLD/year/2025/jurisdiction-facility/Q014CSR002
australia-npi	500262	2024/2025	Victoria Mill	WILMAR SUGAR (HERBERT) PTY LTD	Australia	-18.65	146.2	1181	Sugar Manufacturing	1181	Sugar Manufacturing	Milling of sugar cane to produce raw sugar		http://www.npi.gov.au/npidata/action/load/individual-facility-detail/criteria/state/QLD/year/2025/jurisdiction-facility/Q014CSR003
australia-npi	500280	2024/2025	Invicta Mill	THE HAUGHTON SUGAR COMPANY PTY LIMITED	Australia	-19.5157222222	147.10625	1181	Sugar Manufacturing	1181	Sugar Manufacturing	Milling of sugar cane to produce raw sugar		http://www.npi.gov.au/npidata/action/load/individual-facility-detail/criteria/state/QLD/year/2025/jurisdiction-facility/Q014CSR004
australia-npi	500298	2024/2025	Pioneer Mill	PIONEER SUGAR MILLS PTY LTD	Australia	-19.560278	147.328528	1181	Sugar Manufacturing	1181	Sugar Manufacturing	Milling of sugar cane to produce raw sugar		http://www.npi.gov.au/npidata/action/load/individual-facility-detail/criteria/state/QLD/year/2025/jurisdiction-facility/Q014CSR005
australia-npi	500316	2024/2025	Kalamia Mill	WILMAR SUGAR (KALAMIA) PTY LTD	Australia	-19.52194	147.41544	1181	Sugar Manufacturing	1181	Sugar Manufacturing	Milling of sugar cane to produce raw sugar		http://www.npi.gov.au/npidata/action/load/individual-facility-detail/criteria/state/QLD/year/2025/jurisdiction-facility/Q014CSR006
australia-npi	500334	2024/2025	Inkerman Mill	PIONEER SUGAR MILLS PTY LTD	Australia	-19.643	147.401278	1181	Sugar Manufacturing	1181	Sugar Manufacturing	Milling of sugar cane to produce raw sugar		http://www.npi.gov.au/npidata/action/load/individual-facility-detail/criteria/state/QLD/year/2025/jurisdiction-facility/Q014CSR007
australia-npi	500352	2024/2025	Plane Creek Mill	WILMAR SUGAR PLANE CREEK PTY LTD	Australia	-21.427944	149.215889	1181	Sugar Manufacturing	1181	Sugar Manufacturing	Milling of sugar cane to produce raw sugar		http://www.npi.gov.au/npidata/action/load/individual-facility-detail/criteria/state/QLD/year/2025/jurisdiction-facility/Q014CSR008
australia-npi	500370	2024/2025	Rocky Point Sugarmill	W H HECK & SONS PTY LTD	Australia	-27.735666	153.327611	1181	Sugar Manufacturing	1181	Sugar Manufacturing	Sugarmilling		http://www.npi.gov.au/npidata/action/load/individual-facility-detail/criteria/state/QLD/year/2025/jurisdiction-facility/Q014HEK001
australia-npi	500386	2024/2025	ISIS CENTRAL SUGAR MILL CO LTD	ISIS CENTRAL SUGAR MILL CO LTD	Australia	-25.193419	152.208853	1181	Sugar Manufacturing	1181	Sugar Manufacturing	Raw Sugar Manufacture		http://www.npi.gov.au/npidata/action/load/individual-facility-detail/criteria/state/QLD/year/2025/jurisdiction-facility/Q014ISS001
australia-npi	500440	2024/2025	THE MULGRAVE CENTRAL MILL CO LTD	THE MULGRAVE CENTRAL MILL CO LTD	Australia	-17.091252	145.789698	1181	Sugar Manufacturing	1181	Sugar Manufacturing	Raw sugar manufacturing		http://www.npi.gov.au/npidata/action/load/individual-facility-detail/criteria/state/QLD/year/2025/jurisdiction-facility/Q014MSM001
australia-npi	500454	2024/2025	Farleigh Sugar Mill	MACKAY SUGAR LTD	Australia	-21.100117	149.102481	1181	Sugar Manufacturing	1181	Sugar Manufacturing	Raw Sugar Production from Sugar Cane		http://www.npi.gov.au/npidata/action/load/individual-facility-detail/criteria/state/QLD/year/2025/jurisdiction-facility/Q014MSU001
australia-npi	500472	2024/2025	Marian Sugar Mill	MACKAY SUGAR LTD	Australia	-21.142895	148.940535	1181	Sugar Manufacturing	1181	Sugar Manufacturing	Raw Sugar Production from Sugar Cane		http://www.npi.gov.au/npidata/action/load/individual-facility-detail/criteria/state/QLD/year/2025/jurisdiction-facility/Q014MSU002
australia-npi	500508	2024/2025	Racecourse Sugar Mill & Refinery	MACKAY SUGAR LTD	Australia	-21.164838	149.134147	1181	Sugar Manufacturing	1181	Sugar Manufacturing	Raw and Refined Sugar Production from Sugar Cane		http://www.npi.gov.au/npidata/action/load/individual-facility-detail/criteria/state/QLD/year/2025/jurisdiction-facility/Q014MSU004
australia-npi	500526	2024/2025	Proserpine Mill	WILMAR SUGAR (PROSERPINE) PTY LTD	Australia	-20.399212	148.580705	1181	Sugar Manufacturing	1181	Sugar Manufacturing	Milling of sugar cane to produce raw sugar		http://www.npi.gov.au/npidata/action/load/individual-facility-detail/criteria/state/QLD/year/2025/jurisdiction-facility/Q014PRS001
australia-npi	500544	2024/2025	Tully Sugar Mill	TULLY SUGAR LTD	Australia	-17.936389	145.925833	1181	Sugar Manufacturing	1181	Sugar Manufacturing	Sugar Manufacture		http://www.npi.gov.au/npidata/action/load/individual-facility-detail/criteria/state/QLD/year/2025/jurisdiction-facility/Q014TSL001
australia-npi	502700	2024/2025	HEXION PTY LTD	HEXION PTY LTD	Australia	-27.437181	153.119886	1812	Basic Organic Chemical Manufacturing	1812	Basic Organic Chemical Manufacturing	Manufacture of formaldehyde solution and formaldehyde based resins. Tank terminal facility for methanol storage and distribution		http://www.npi.gov.au/npidata/action/load/individual-facility-detail/criteria/state/QLD/year/2025/jurisdiction-facility/Q021BCA001
australia-npi	502758	2024/2025	Sarina Ethanol Distillery	WILMAR BIOETHANOL (AUSTRALIA) PTY LTD	Australia	-21.428092	149.216062	1812	Basic Organic Chemical Manufacturing	1812	Basic Organic Chemical Manufacturing	Ethanol Distillery		http://www.npi.gov.au/npidata/action/load/individual-facility-detail/criteria/state/QLD/year/2025/jurisdiction-facility/Q021CSR001
australia-npi	502788	2024/2025	Allnex Resins Wacol	ALLNEX RESINS AUSTRALIA PTY LTD	Australia	-27.591945	152.928868	1899	Other Basic Chemical Product Manufacturing n.e.c.	1899	Other Basic Chemical Product Manufacturing n.e.c.	Manufacture of Resins for the Coatings Industry		http://www.npi.gov.au/npidata/action/load/individual-facility-detail/criteria/state/QLD/year/2025/jurisdiction-facility/Q021NUP001
australia-npi	502808	2024/2025	QNP Ammonium Nitrate Plant	QUEENSLAND NITRATES PTY LTD	Australia	-24.5379	150.031	1813	Basic Inorganic Chemical Manufacturing	1813	Basic Inorganic Chemical Manufacturing	Manufacture of Ammonium Nitrate		http://www.npi.gov.au/npidata/action/load/individual-facility-detail/criteria/state/QLD/year/2025/jurisdiction-facility/Q021QNM001
australia-npi	502816	2024/2025	RECOCHEM INC.	RECOCHEM INC.	Australia	-27.423691	153.146907	1812	Basic Organic Chemical Manufacturing	1812	Basic Organic Chemical Manufacturing	Chemical storage Petroleum blending and packaging manufacture and storage of engine coolant		http://www.npi.gov.au/npidata/action/load/individual-facility-detail/criteria/state/QLD/year/2025/jurisdiction-facility/Q021REC001
australia-npi	502854	2024/2025	Sunland Proteins	NORGANIC PROTEINS PTY LTD	Australia	-26.811339	152.961914	1192	Prepared Animal and Bird Feed Manufacturing	1192	Prepared Animal and Bird Feed Manufacturing	Protein rendering		http://www.npi.gov.au/npidata/action/load/individual-facility-detail/criteria/state/QLD/year/2025/jurisdiction-facility/Q021SUE001
australia-npi	502870	2024/2025	INTEGRIA HEALTHCARE (AUSTRALIA) PTY LTD	INTEGRIA HEALTHCARE (AUSTRALIA) PTY LTD	Australia	-28.23428	152.038391	1841	Human Pharmaceutical and Medicinal Product Manufacturing	1841	Human Pharmaceutical and Medicinal Product Manufacturing	Herbal / Nutritional Tablet & Liquid Manufacture		http://www.npi.gov.au/npidata/action/load/individual-facility-detail/criteria/state/QLD/year/2025/jurisdiction-facility/Q021TEA001
australia-npi	506940	2024/2025	Bega Dairy & Drinks Malanda	BEGA-DAIRY & DRINKS PTY LTD	Australia	-17.351912	145.595819	1131	Milk and Cream Processing	1131	Milk and Cream Processing	Milk Processing		http://www.npi.gov.au/npidata/action/load/individual-facility-detail/criteria/state/QLD/year/2025/jurisdiction-facility/Q026MDL001
australia-npi	506958	2024/2025	BD&D Milk PTY LTD (Crestmead)	BEGA DAIRY AND DRINKS PTY LTD	Australia	-27.681667	153.071667	1131	Milk and Cream Processing	1131	Milk and Cream Processing	Milk and Cream Processing		http://www.npi.gov.au/npidata/action/load/individual-facility-detail/criteria/state/QLD/year/2025/jurisdiction-facility/Q026NAF001
australia-npi	506966	2024/2025	Norco Milk Labrador	NORCO CO-OPERATIVE LIMITED	Australia	-27.932722	153.376084	1131	Milk and Cream Processing	1131	Milk and Cream Processing	Processing and packaging dairy products (including milk& cream)		http://www.npi.gov.au/npidata/action/load/individual-facility-detail/criteria/state/QLD/year/2025/jurisdiction-facility/Q026PAU001
australia-npi	506982	2024/2025	South Brisbane	LACTALIS AUSTRALIA PTY LTD	Australia	-27.473324	153.010798	1131	Milk and Cream Processing	1131	Milk and Cream Processing	Processing and Packaging Dairy Products (including liquid milk, yoghurt, desserts products).		http://www.npi.gov.au/npidata/action/load/individual-facility-detail/criteria/state/QLD/year/2025/jurisdiction-facility/Q026PAU002
australia-npi	506998	2024/2025	Gibson Island	INCITEC PIVOT LIMITED	Australia	-27.433889	153.123948	1831	Fertiliser Manufacturing	1831	Fertiliser Manufacturing	Fishmeal fertiliser manufacturing		http://www.npi.gov.au/npidata/action/load/individual-facility-detail/criteria/state/QLD/year/2025/jurisdiction-facility/Q027INC001
australia-npi	507018	2024/2025	Phosphate Hill	SOUTHERN CROSS FERTILISERS PTY LTD	Australia	-21.880932	139.97639	1831	Fertiliser Manufacturing	1831	Fertiliser Manufacturing	Fishmeal fertiliser manufacturing		http://www.npi.gov.au/npidata/action/load/individual-facility-detail/criteria/state/QLD/year/2025/jurisdiction-facility/Q027WMC001
australia-npi	507036	2024/2025	Mount Isa	SOUTHERN CROSS FERTILISERS PTY LTD	Australia	-20.733	139.4827	1831	Fertiliser Manufacturing	1831	Fertiliser Manufacturing	Fishmeal fertiliser manufacturing		http://www.npi.gov.au/npidata/action/load/individual-facility-detail/criteria/state/QLD/year/2025/jurisdiction-facility/Q027WMC002
australia-npi	507054	2024/2025	Virginia	ARNOTT'S BISCUITS LIMITED	Australia	-27.372222	153.060833	1173	Biscuit Manufacturing (Factory based)	1173	Biscuit Manufacturing (Factory based)	Biscuit Manufacturing		http://www.npi.gov.au/npidata/action/load/individual-facility-detail/criteria/state/QLD/year/2025/jurisdiction-facility/Q028ART001
australia-npi	507112	2024/2025	Nestle Beverages - Gympie Factory	NESTLE AUSTRALIA LTD	Australia	-26.181833	152.648388	1199	Other Food Product Manufacturing n.e.c.	1199	Other Food Product Manufacturing n.e.c.	Manufacturing, filling and packaging of pure soluble coffee, roasted coffee beans and roasted ground coffee		http://www.npi.gov.au/npidata/action/load/individual-facility-detail/criteria/state/QLD/year/2025/jurisdiction-facility/Q028NES001
australia-npi	507128	2024/2025	Peanut Company of Australia Ltd	PEANUT COMPANY OF AUSTRALIA LTD	Australia	-26.539869	151.841154	1199	Other Food Product Manufacturing n.e.c.	1199	Other Food Product Manufacturing n.e.c.	Peanut storage and processing		http://www.npi.gov.au/npidata/action/load/individual-facility-detail/criteria/state/QLD/year/2025/jurisdiction-facility/Q028PCA001
australia-npi	507144	2024/2025	Tingalpa site	THE SMITH'S SNACKFOOD COMPANY PTY LIMITED	Australia	-27.473745	153.112	1199	Other Food Product Manufacturing n.e.c.	1199	Other Food Product Manufacturing n.e.c.	Snackfood manufacture and distribution		http://www.npi.gov.au/npidata/action/load/individual-facility-detail/criteria/state/QLD/year/2025/jurisdiction-facility/Q028SSC001
australia-npi	507164	2024/2025	Sanitarium The Health Food Company - Moorooka	AUSTRALIAN HEALTH & NUTRITION ASSOCIATION LIMITED	Australia	-27.527778	153.019444	1162	Cereal, Pasta and Baking Mix Manufacturing	1162	Cereal, Pasta and Baking Mix Manufacturing	Ready-to-Eat Breakfast Cereal Manufacturing		http://www.npi.gov.au/npidata/action/load/individual-facility-detail/criteria/state/QLD/year/2025/jurisdiction-facility/Q028TMT001
australia-npi	507168	2024/2025	Golden Circle Northgate	GOLDEN CIRCLE LTD	Australia	-27.38427	153.073324	1140	Fruit and Vegetable Processing	1140	Fruit and Vegetable Processing	Fruit and Vegetable Processing & Beverage Manufacturing		http://www.npi.gov.au/npidata/action/load/individual-facility-detail/criteria/state/QLD/year/2025/jurisdiction-facility/Q029GCL001
australia-npi	507202	2024/2025	Caboolture Asphalt Plant	ALLENS ASPHALT PTY LTD	Australia	-27.08286	152.98369	1709	Other Petroleum and Coal Product Manufacturing	1709	Other Petroleum and Coal Product Manufacturing	Asphalt manufacturing using drum mixer		http://www.npi.gov.au/npidata/action/load/individual-facility-detail/criteria/state/QLD/year/2025/jurisdiction-facility/Q031ALA001
australia-npi	507234	2024/2025	Eagle Farm Asphalt Plant	BRISBANE CITY COUNCIL	Australia	-27.439268	153.084179	1709	Other Petroleum and Coal Product Manufacturing	1709	Other Petroleum and Coal Product Manufacturing	Asphalt Manufacture		http://www.npi.gov.au/npidata/action/load/individual-facility-detail/criteria/state/QLD/year/2025/jurisdiction-facility/Q031BCC001
australia-npi	507250	2024/2025	Riverview Asphalt Plant	BRISBANE CITY COUNCIL	Australia	-27.590244	152.841888	1709	Other Petroleum and Coal Product Manufacturing	1709	Other Petroleum and Coal Product Manufacturing	Asphalt Manufacture		http://www.npi.gov.au/npidata/action/load/individual-facility-detail/criteria/state/QLD/year/2025/jurisdiction-facility/Q031BCC002
australia-npi	507266	2024/2025	Boral Asphalt West Burleigh	BORAL RESOURCES (QLD) PTY LIMITED	Australia	-28.11314	153.416411	1709	Other Petroleum and Coal Product Manufacturing	1709	Other Petroleum and Coal Product Manufacturing	Asphalt Manufacturing		http://www.npi.gov.au/npidata/action/load/individual-facility-detail/criteria/state/QLD/year/2025/jurisdiction-facility/Q031BOR001
australia-npi	507280	2024/2025	Boral Asphalt Whinstanes	BORAL RESOURCES (QLD) PTY LIMITED	Australia	-27.43809	153.081885	1709	Other Petroleum and Coal Product Manufacturing	1709	Other Petroleum and Coal Product Manufacturing	Asphalt Manufacturing		http://www.npi.gov.au/npidata/action/load/individual-facility-detail/criteria/state/QLD/year/2025/jurisdiction-facility/Q031BOR002
australia-npi	507320	2024/2025	Archerfield	DOWNER EDI WORKS PTY LTD	Australia	-27.565542	153.019595	1709	Other Petroleum and Coal Product Manufacturing	1709	Other Petroleum and Coal Product Manufacturing	Production of hot-mix asphalt		http://www.npi.gov.au/npidata/action/load/individual-facility-detail/criteria/state/QLD/year/2025/jurisdiction-facility/Q031CSR001
australia-npi	507334	2024/2025	Bli Bli	DOWNER EDI WORKS PTY LTD	Australia	-26.609156	152.977124	1709	Other Petroleum and Coal Product Manufacturing	1709	Other Petroleum and Coal Product Manufacturing	Production of hot-mix asphalt		http://www.npi.gov.au/npidata/action/load/individual-facility-detail/criteria/state/QLD/year/2025/jurisdiction-facility/Q031CSR002
australia-npi	507468	2024/2025	Bromelton Protein Recovery	A.J. BUSH & SONS (MANUFACTURES) PTY LTD	Australia	-27.995392	152.923608	1111	Meat Processing	1111	Meat Processing	Manufacturing of protein meals and tallow/oil from animal by-products		http://www.npi.gov.au/npidata/action/load/individual-facility-detail/criteria/state/QLD/year/2025/jurisdiction-facility/Q033AJB001
australia-npi	507482	2024/2025	Townsville Abattoir	JBS AUSTRALIA PTY LIMITED	Australia	-19.333333	146.854226	1111	Meat Processing	1111	Meat Processing	Meat Processing		http://www.npi.gov.au/npidata/action/load/individual-facility-detail/criteria/state/QLD/year/2025/jurisdiction-facility/Q033AMH001
australia-npi	507500	2024/2025	Dinmore Abattoirs	JBS AUSTRALIA PTY LIMITED	Australia	-27.5844	152.833972	1111	Meat Processing	1111	Meat Processing	Meat Processing		http://www.npi.gov.au/npidata/action/load/individual-facility-detail/criteria/state/QLD/year/2025/jurisdiction-facility/Q033AMH002
australia-npi	507518	2024/2025	Rockhampton Abattoir	JBS AUSTRALIA PTY LIMITED	Australia	-23.42223	150.601988	1111	Meat Processing	1111	Meat Processing	Meat Processing		http://www.npi.gov.au/npidata/action/load/individual-facility-detail/criteria/state/QLD/year/2025/jurisdiction-facility/Q033AMH003
australia-npi	507536	2024/2025	Beef City Abattoir	JBS AUSTRALIA PTY LIMITED	Australia	-27.526586	151.618899	1111	Meat Processing	1111	Meat Processing	Meat processing		http://www.npi.gov.au/npidata/action/load/individual-facility-detail/criteria/state/QLD/year/2025/jurisdiction-facility/Q033AMH004
australia-npi	507554	2024/2025	Australian Country Choice	CANNON HILL INVESTMENTS P/L	Australia	-27.4531	153.09	1111	Meat Processing	1111	Meat Processing	Meat processing, Rendering, Wastewater treatment ( minor) and fuel burning (black coal)		http://www.npi.gov.au/npidata/action/load/individual-facility-detail/criteria/state/QLD/year/2025/jurisdiction-facility/Q033CHI001
australia-npi	507598	2024/2025	Teys Australia Rockhampton	TEYS AUSTRALIA MEAT GROUP PTY LTD	Australia	-23.38	150.559722	1111	Meat Processing	1111	Meat Processing	Meat Processing, Incl. Rendering		http://www.npi.gov.au/npidata/action/load/individual-facility-detail/criteria/state/QLD/year/2025/jurisdiction-facility/Q033CMG002
australia-npi	507638	2024/2025	GELITA Australia	GELITA AUSTRALIA PTY LTD	Australia	-28.021047	152.932222	1199	Other Food Product Manufacturing n.e.c.	1199	Other Food Product Manufacturing n.e.c.	Gelatine manufacture		http://www.npi.gov.au/npidata/action/load/individual-facility-detail/criteria/state/QLD/year/2025/jurisdiction-facility/Q033GFL001
australia-npi	507672	2024/2025	Murrarie Processing	INGHAMS ENTERPRISES PTY LIMITED	Australia	-27.462277	153.11173	1112	Poultry Processing	1112	Poultry Processing	Poultry Processing		http://www.npi.gov.au/npidata/action/load/individual-facility-detail/criteria/state/QLD/year/2025/jurisdiction-facility/Q033INE002
australia-npi	507692	2024/2025	Kilcoy Pastoral Company Ltd	KILCOY PASTORAL COMPANY LTD	Australia	-26.936369	152.590403	1111	Meat Processing	1111	Meat Processing	Meat Processing		http://www.npi.gov.au/npidata/action/load/individual-facility-detail/criteria/state/QLD/year/2025/jurisdiction-facility/Q033KPC001
australia-npi	507698	2024/2025	Production St Smallgoods Wacol	HANS CONTINENTAL SMALLGOODS PTY LTD	Australia	-27.589916	152.931373	1113	Cured Meat and Smallgoods Manufacturing	1113	Cured Meat and Smallgoods Manufacturing	Meat and Meat product manufacturing		http://www.npi.gov.au/npidata/action/load/individual-facility-detail/criteria/state/QLD/year/2025/jurisdiction-facility/Q033MEA001
australia-npi	507714	2024/2025	Oakey Beef Exports Pty Ltd	OAKEY BEEF EXPORTS PTY. LTD	Australia	-27.425583	151.701306	1111	Meat Processing	1111	Meat Processing	Meat Processing		http://www.npi.gov.au/npidata/action/load/individual-facility-detail/criteria/state/QLD/year/2025/jurisdiction-facility/Q033OAA001
australia-npi	507756	2024/2025	Wacol Feed Mill	INGHAMS ENTERPRISES PTY LIMITED	Australia	-27.597	152.929	1192	Prepared Animal and Bird Feed Manufacturing	1192	Prepared Animal and Bird Feed Manufacturing	Feedmill production and animal feed distribution		http://www.npi.gov.au/npidata/action/load/individual-facility-detail/criteria/state/QLD/year/2025/jurisdiction-facility/Q033STG002
australia-npi	507770	2024/2025	Mareeba Processing Plant	BARTTER ENTERPRISES PTY LIMITED	Australia	-16.979863	145.416086	1112	Poultry Processing	1112	Poultry Processing	Poultry Processing		http://www.npi.gov.au/npidata/action/load/individual-facility-detail/criteria/state/QLD/year/2025/jurisdiction-facility/Q033STG003
australia-npi	507786	2024/2025	Swickers Kingaroy Bacon Factory	SWICKERS KINGAROY BACON FACTORY PTY LTD	Australia	-26.542911	151.859131	1111	Meat Processing	1111	Meat Processing	Pork killing and boning		http://www.npi.gov.au/npidata/action/load/individual-facility-detail/criteria/state/QLD/year/2025/jurisdiction-facility/Q033SWI001
australia-npi	507808	2024/2025	Teys Australia Beenleigh	TEYS AUSTRALIA BEENLEIGH PTY LTD	Australia	-27.714188	153.177433	1111	Meat Processing	1111	Meat Processing	Meat processing and rendering plant		http://www.npi.gov.au/npidata/action/load/individual-facility-detail/criteria/state/QLD/year/2025/jurisdiction-facility/Q033TEY001
australia-npi	507826	2024/2025	Teys Australia Biloela	TEYS AUSTRALIA BILOELA PTY LTD	Australia	-24.360537	150.496721	1111	Meat Processing	1111	Meat Processing	Meat processing and rendering plant		http://www.npi.gov.au/npidata/action/load/individual-facility-detail/criteria/state/QLD/year/2025/jurisdiction-facility/Q033TEY002
australia-npi	507838	2024/2025	Valley Beef	STANBROKE BEEF AUSTRALIA	Australia	-27.588547	152.175781	1111	Meat Processing	1111	Meat Processing	Beef Slaughter, Beef Boning, Freezing and Storage and Rendering.		http://www.npi.gov.au/npidata/action/load/individual-facility-detail/criteria/state/QLD/year/2025/jurisdiction-facility/Q033VBC001
australia-npi	507966	2024/2025	Cheetham Salt Ltd	CHEETHAM SALT LIMITED	Australia	-23.616115	150.710671	1813	Basic Inorganic Chemical Manufacturing	1813	Basic Inorganic Chemical Manufacturing	Site is operated for the production, refining, packaging and storage of sodium chloride (common salt)		http://www.npi.gov.au/npidata/action/load/individual-facility-detail/criteria/state/QLD/year/2025/jurisdiction-facility/Q038CSL001
australia-npi	507982	2024/2025	Coogee Queensland Chlor Alkali Pty Ltd	COOGEE QUEENSLAND CHLOR ALKALI PTY LTD	Australia	-27.420608	153.149837	1813	Basic Inorganic Chemical Manufacturing	1813	Basic Inorganic Chemical Manufacturing	Electrochemical plant producing sodium hypochlorite, sodium hydroxide and hydrochloric acid from sodium chloride/water brine.		http://www.npi.gov.au/npidata/action/load/individual-facility-detail/criteria/state/QLD/year/2025/jurisdiction-facility/Q038ECP001
australia-npi	508022	2024/2025	Omega Chemicals	CHEMPROD NOMINEES PROPRIETARY LIMITED	Australia	-27.564995	152.934659	1813	Basic Inorganic Chemical Manufacturing	1813	Basic Inorganic Chemical Manufacturing	Manufacture of liquid aluminium sulphate		http://www.npi.gov.au/npidata/action/load/individual-facility-detail/criteria/state/QLD/year/2025/jurisdiction-facility/Q038OMC001
australia-npi	508058	2024/2025	Omega Chemicals	CHEMPROD NOMINEES PROPRIETARY LIMITED	Australia	-27.975514	153.375129	1813	Basic Inorganic Chemical Manufacturing	1813	Basic Inorganic Chemical Manufacturing	Manufacture of solid and liquid aluminium sulphate		http://www.npi.gov.au/npidata/action/load/individual-facility-detail/criteria/state/QLD/year/2025/jurisdiction-facility/Q038OMC003
australia-npi	508076	2024/2025	Yarwun	ORICA AUSTRALIA PTY LTD	Australia	-23.8362	151.1667	1813	Basic Inorganic Chemical Manufacturing	1813	Basic Inorganic Chemical Manufacturing	Basic Inorganic Chemical Manufacturing		http://www.npi.gov.au/npidata/action/load/individual-facility-detail/criteria/state/QLD/year/2025/jurisdiction-facility/Q038ORI001
australia-npi	509172	2024/2025	Amcor Flexibles Australasia	AMCOR FLEXIBLES (AUSTRALIA) PTY LTD	Australia	-27.57851	153.038054	1911	Polymer Film and Sheet Packaging Material Manufacturing	1911	Polymer Film and Sheet Packaging Material Manufacturing	Extruders, printers and converters of polyethylene film.		http://www.npi.gov.au/npidata/action/load/individual-facility-detail/criteria/state/QLD/year/2025/jurisdiction-facility/Q048AMC001
australia-npi	509304	2024/2025	Dyno - Moura	DYNO NOBEL MOURA PTY LIMITED	Australia	-24.538333	150.033056	1892	Explosive Manufacturing	1892	Explosive Manufacturing	Gun cotton manufacturing		http://www.npi.gov.au/npidata/action/load/individual-facility-detail/criteria/state/QLD/year/2025/jurisdiction-facility/Q051DNM001
australia-npi	509422	2024/2025	The Riviera Group	RIVIERA AUSTRALIA PTY LTD	Australia	-27.865	153.3335	1919	Other Polymer Product Manufacturing	1919	Other Polymer Product Manufacturing	Production of luxury fiberglass boats		http://www.npi.gov.au/npidata/action/load/individual-facility-detail/criteria/state/QLD/year/2025/jurisdiction-facility/Q052TRG001
australia-npi	509438	2024/2025	BUNDABERG DISTILLING COMPANY PTY. LIMITED	BUNDABERG DISTILLING COMPANY PTY. LIMITED	Australia	-24.853889	152.366389	1213	Spirit Manufacturing	1213	Spirit Manufacturing	Molasses fermentation, distillation, maturation, bottling and tourism facilities		http://www.npi.gov.au/npidata/action/load/individual-facility-detail/criteria/state/QLD/year/2025/jurisdiction-facility/Q053BDC001
australia-npi	509974	2024/2025	Coca-Cola Europacific Partners - QLD	COCA-COLA EUROPACIFIC PARTNERS AUSTRALIA PTY LIMITED	Australia	-27.5894278	152.9511611	1211	Soft Drink, Cordial and Syrup Manufacturing	1211	Soft Drink, Cordial and Syrup Manufacturing	Manufacture and distribution of ready to drink non-alcoholic and alcoholic beverages		http://www.npi.gov.au/npidata/action/load/individual-facility-detail/criteria/state/QLD/year/2025/jurisdiction-facility/Q057OLA001
australia-npi	509984	2024/2025	Wulkuraka	ASAHI BEVERAGES PTY LTD	Australia	-27.618056	152.7225	1211	Soft Drink, Cordial and Syrup Manufacturing	1211	Soft Drink, Cordial and Syrup Manufacturing	Manufacture of carbonated beverages.		http://www.npi.gov.au/npidata/action/load/individual-facility-detail/criteria/state/QLD/year/2025/jurisdiction-facility/Q057SCH002
australia-npi	511284	2024/2025	Hemmant Feedmill	INGHAMS ENTERPRISES PTY LIMITED	Australia	-27.44212	153.133349	1192	Prepared Animal and Bird Feed Manufacturing	1192	Prepared Animal and Bird Feed Manufacturing	Poultry feed manufacture		http://www.npi.gov.au/npidata/action/load/individual-facility-detail/criteria/state/QLD/year/2025/jurisdiction-facility/Q059INE001
australia-npi	511312	2024/2025	Clifton	RIDLEY AGRIPRODUCTS PTY LTD	Australia	-27.930333	151.906361	1192	Prepared Animal and Bird Feed Manufacturing	1192	Prepared Animal and Bird Feed Manufacturing	Stockfeed manufacture and distribution		http://www.npi.gov.au/npidata/action/load/individual-facility-detail/criteria/state/QLD/year/2025/jurisdiction-facility/Q059RID002
australia-npi	511340	2024/2025	Narangba	RIDLEY AGRIPRODUCTS PTY LTD	Australia	-27.197068	153.007062	1192	Prepared Animal and Bird Feed Manufacturing	1192	Prepared Animal and Bird Feed Manufacturing	Manufacture of aqua-feed products		http://www.npi.gov.au/npidata/action/load/individual-facility-detail/criteria/state/QLD/year/2025/jurisdiction-facility/Q059RID004
australia-npi	511360	2024/2025	Toowoomba	RIDLEY AGRIPRODUCTS PTY LTD	Australia	-27.569775	151.927365	1192	Prepared Animal and Bird Feed Manufacturing	1192	Prepared Animal and Bird Feed Manufacturing	Stockfeed manufacturing and distribution		http://www.npi.gov.au/npidata/action/load/individual-facility-detail/criteria/state/QLD/year/2025/jurisdiction-facility/Q059RID006
australia-npi	511454	2024/2025	DUNLOP FOAMS	AUSTRALIAN COMFORT GROUP PTY LTD	Australia	-27.620833	152.923889	1913	Polymer Foam Product Manufacturing	1913	Polymer Foam Product Manufacturing	Polyurethane Foam Manufacturing and Fabrication		http://www.npi.gov.au/npidata/action/load/individual-facility-detail/criteria/state/QLD/year/2025/jurisdiction-facility/Q060PAD002
australia-npi	513126	2024/2025	Bandag Manufacturing Pty Limited	BANDAG MANUFACTURING P/L	Australia	-27.602488	152.928364	1914	Tyre Manufacturing	1914	Tyre Manufacturing	Manufacturing precured truck tyre retreading materials and associated products.		http://www.npi.gov.au/npidata/action/load/individual-facility-detail/criteria/state/QLD/year/2025/jurisdiction-facility/Q065BSA001
australia-npi	513202	2024/2025	Bulwer Island	BOC LIMITED	Australia	-27.403243	153.135516	1811	Industrial Gas Manufacturing	1811	Industrial Gas Manufacturing	Refines atmospheric gases to produce saleable products		http://www.npi.gov.au/npidata/action/load/individual-facility-detail/criteria/state/QLD/year/2025/jurisdiction-facility/Q070BOC001
australia-npi	513216	2024/2025	Rocklea	BOC LIMITED	Australia	-27.56053	153.003764	1811	Industrial Gas Manufacturing	1811	Industrial Gas Manufacturing	Stores gas, fills cylinders and distributes products.		http://www.npi.gov.au/npidata/action/load/individual-facility-detail/criteria/state/QLD/year/2025/jurisdiction-facility/Q070BOC002
australia-npi	514904	2024/2025	MILLICENT MILL	KIMBERLY-CLARK IFP ANZ PTY. LIMITED	Australia	-37.674541	140.430696	1510	Pulp, Paper and Paperboard Manufacturing	1510	Pulp, Paper and Paperboard Manufacturing	Premium manufacturer of facial, bath, and kitchen towel		http://www.npi.gov.au/npidata/action/load/individual-facility-detail/criteria/state/SA/year/2025/jurisdiction-facility/SA0030
australia-npi	515036	2024/2025	BORDERTOWN	JBS AUSTRALIA PTY LIMITED	Australia	-36.327778	140.737222	1111	Meat Processing	1111	Meat Processing	Export lamb slaughter and processing, plus rendering		http://www.npi.gov.au/npidata/action/load/individual-facility-detail/criteria/state/SA/year/2025/jurisdiction-facility/SA0038
australia-npi	515046	2024/2025	TEYS AUSTRALIA NARACOORTE PTY LTD	TEYS AUSTRALIA NARACOORTE PTY LTD	Australia	-36.93637	140.825767	1111	Meat Processing	1111	Meat Processing	Meat Processing and Rendering Plant		http://www.npi.gov.au/npidata/action/load/individual-facility-detail/criteria/state/SA/year/2025/jurisdiction-facility/SA0040
australia-npi	515056	2024/2025	Thomas Foods International Lagoon Road	THOMAS FOODS INTERNATIONAL MURRAY BRIDGE PTY LIMITED	Australia	-35.107778	139.2625	1111	Meat Processing	1111	Meat Processing	Export/Domestic meat processing		http://www.npi.gov.au/npidata/action/load/individual-facility-detail/criteria/state/SA/year/2025/jurisdiction-facility/SA0041
australia-npi	515224	2024/2025	Woodside Winery P/L	WOODSIDE WINERY PTY LTD	Australia	-34.963599	138.871614	1214	Wine and Other Alcoholic Beverage Manufacturing	1214	Wine and Other Alcoholic Beverage Manufacturing	Contract grape processing and winemaking facility		http://www.npi.gov.au/npidata/action/load/individual-facility-detail/criteria/state/SA/year/2025/jurisdiction-facility/SA0052
australia-npi	515250	2024/2025	COOPERS BREWERY LTD	COOPERS BREWERY LIMITED	Australia	-34.872662	138.5726	1212	Beer Manufacturing	1212	Beer Manufacturing	Beer brewing and packaging. Production of malt and homebrew extracts.		http://www.npi.gov.au/npidata/action/load/individual-facility-detail/criteria/state/SA/year/2025/jurisdiction-facility/SA0054
australia-npi	515276	2024/2025	Limestone Coast Wines	LCW PROPERTIES PTY LTD	Australia	-37.214063	140.874765	1214	Wine and Other Alcoholic Beverage Manufacturing	1214	Wine and Other Alcoholic Beverage Manufacturing	Winemaking Facility		http://www.npi.gov.au/npidata/action/load/individual-facility-detail/criteria/state/SA/year/2025/jurisdiction-facility/SA0056
australia-npi	516194	2024/2025	Hardy's Tintara Winery	ACCOLADE WINES AUSTRALIA LIMITED	Australia	-35.213333	138.536389	1214	Wine and Other Alcoholic Beverage Manufacturing	1214	Wine and Other Alcoholic Beverage Manufacturing	WINEMAKING		http://www.npi.gov.au/npidata/action/load/individual-facility-detail/criteria/state/SA/year/2025/jurisdiction-facility/SA0114
australia-npi	516208	2024/2025	Tim Adams Contract Processing	TIM ADAMS WINES PTY. LTD.	Australia	-33.837778	138.618333	1214	Wine and Other Alcoholic Beverage Manufacturing	1214	Wine and Other Alcoholic Beverage Manufacturing	Winery		http://www.npi.gov.au/npidata/action/load/individual-facility-detail/criteria/state/SA/year/2025/jurisdiction-facility/SA0115
australia-npi	516232	2024/2025	Coonawarra Wines Pty Ltd	COONAWARRA WINES PTY LTD	Australia	-36.659245	140.551958	1214	Wine and Other Alcoholic Beverage Manufacturing	1214	Wine and Other Alcoholic Beverage Manufacturing	Winemaking; Wine Grape Growing; Wine wholesale		http://www.npi.gov.au/npidata/action/load/individual-facility-detail/criteria/state/SA/year/2025/jurisdiction-facility/SA0117
australia-npi	516246	2024/2025	Suttontown	MONDELEZ AUSTRALIA PTY LTD	Australia	-37.797642	140.775234	1131	Milk and Cream Processing	1131	Milk and Cream Processing	Dairy Product Manufacturing		http://www.npi.gov.au/npidata/action/load/individual-facility-detail/criteria/state/SA/year/2025/jurisdiction-facility/SA0118
australia-npi	516400	2024/2025	Dry Creek	GEORGE WESTON FOODS LIMITED	Australia	-34.840278	138.590556	1171	Bread Manufacturing (Factory based)	1171	Bread Manufacturing (Factory based)	Bread production and packaging		http://www.npi.gov.au/npidata/action/load/individual-facility-detail/criteria/state/SA/year/2025/jurisdiction-facility/SA0130
australia-npi	516432	2024/2025	Illaparra Winery	ILLAPARRA WINERY PTY. LTD.	Australia	-34.519192	138.966702	1214	Wine and Other Alcoholic Beverage Manufacturing	1214	Wine and Other Alcoholic Beverage Manufacturing	WINEMAKING		http://www.npi.gov.au/npidata/action/load/individual-facility-detail/criteria/state/SA/year/2025/jurisdiction-facility/SA0132
australia-npi	516444	2024/2025	Cape Jaffa Winery	CAPE JAFFA WINES PTY LTD	Australia	-36.969335	139.757574	1214	Wine and Other Alcoholic Beverage Manufacturing	1214	Wine and Other Alcoholic Beverage Manufacturing	Winemaking		http://www.npi.gov.au/npidata/action/load/individual-facility-detail/criteria/state/SA/year/2025/jurisdiction-facility/SA0133
australia-npi	516452	2024/2025	Adchem (Australia) Pty Ltd	ADCHEM (AUSTRALIA) PTY. LTD.	Australia	-33.679725	138.917215	1813	Basic Inorganic Chemical Manufacturing	1813	Basic Inorganic Chemical Manufacturing	MANUFACTURE & PACKAGING OF COPPER (II) OXIDE & BASIC COPPER (II) CARBONATE.		http://www.npi.gov.au/npidata/action/load/individual-facility-detail/criteria/state/SA/year/2025/jurisdiction-facility/SA0134
australia-npi	516468	2024/2025	Haselgrove Wines	HASELGROVE WINES PTY LTD	Australia	-35.215278	138.5778	1214	Wine and Other Alcoholic Beverage Manufacturing	1214	Wine and Other Alcoholic Beverage Manufacturing	Crushing, Fermenting and Storage of Red & White Table Wine.		http://www.npi.gov.au/npidata/action/load/individual-facility-detail/criteria/state/SA/year/2025/jurisdiction-facility/SA0135
australia-npi	516506	2024/2025	Wingfield Protein Conversion Plant	INGHAMS ENTERPRISES PTY LIMITED	Australia	-34.840833	138.550833	1111	Meat Processing	1111	Meat Processing	Protein conversion		http://www.npi.gov.au/npidata/action/load/individual-facility-detail/criteria/state/SA/year/2025/jurisdiction-facility/SA0138
australia-npi	516582	2024/2025	Malt Cavan	BOORTMALT ASIA PACIFIC PTY LTD	Australia	-34.823725	138.596066	1161	Grain Mill Product Manufacturing	1161	Grain Mill Product Manufacturing	MANUFACTURE OF BARLEY & WHEAT MALT & MALT PRODUCTS.		http://www.npi.gov.au/npidata/action/load/individual-facility-detail/criteria/state/SA/year/2025/jurisdiction-facility/SA0147
australia-npi	516610	2024/2025	Chapel Hill Winery Pty Ltd	CHAPEL HILL WINERY PTY LTD	Australia	-35.1703	138.553073	1214	Wine and Other Alcoholic Beverage Manufacturing	1214	Wine and Other Alcoholic Beverage Manufacturing	Wine manufacturing		http://www.npi.gov.au/npidata/action/load/individual-facility-detail/criteria/state/SA/year/2025/jurisdiction-facility/SA0149
australia-npi	516622	2024/2025	JIM BARRY WINERY	JIM BARRY WINES PTY LTD	Australia	-33.818689	138.596907	1214	Wine and Other Alcoholic Beverage Manufacturing	1214	Wine and Other Alcoholic Beverage Manufacturing	WINE MANUFACTURING		http://www.npi.gov.au/npidata/action/load/individual-facility-detail/criteria/state/SA/year/2025/jurisdiction-facility/SA0150
australia-npi	516634	2024/2025	Malt Port Adelaide	BOORTMALT ASIA PACIFIC PTY LTD	Australia	-34.82825	138.5166111111	1161	Grain Mill Product Manufacturing	1161	Grain Mill Product Manufacturing	MALTING BARLEY FOR THE MANUFACTURE OF MALT		http://www.npi.gov.au/npidata/action/load/individual-facility-detail/criteria/state/SA/year/2025/jurisdiction-facility/SA0151
australia-npi	516654	2024/2025	YALDARA ESTATE	1847 WINERY (SA) PTY LTD	Australia	-34.576046	138.875311	1214	Wine and Other Alcoholic Beverage Manufacturing	1214	Wine and Other Alcoholic Beverage Manufacturing	WINE MANUFACTURING		http://www.npi.gov.au/npidata/action/load/individual-facility-detail/criteria/state/SA/year/2025/jurisdiction-facility/SA0152
australia-npi	516876	2024/2025	Kingston Estate Wines Pty Ltd	KINGSTON ESTATE WINES PTY LTD	Australia	-34.230278	140.339722	1214	Wine and Other Alcoholic Beverage Manufacturing	1214	Wine and Other Alcoholic Beverage Manufacturing	Winery processing grapes to table wine		http://www.npi.gov.au/npidata/action/load/individual-facility-detail/criteria/state/SA/year/2025/jurisdiction-facility/SA0165
australia-npi	516976	2024/2025	Langmeil Winery	LANGMEIL PTY LTD	Australia	-34.508333	138.963056	1214	Wine and Other Alcoholic Beverage Manufacturing	1214	Wine and Other Alcoholic Beverage Manufacturing	Grape crushing / Wine processing		http://www.npi.gov.au/npidata/action/load/individual-facility-detail/criteria/state/SA/year/2025/jurisdiction-facility/SA0172
australia-npi	516988	2024/2025	ST HALLETT WINES	BANKSIA WINES PTY LIMITED	Australia	-34.55	138.945556	1214	Wine and Other Alcoholic Beverage Manufacturing	1214	Wine and Other Alcoholic Beverage Manufacturing	WINEMAKING		http://www.npi.gov.au/npidata/action/load/individual-facility-detail/criteria/state/SA/year/2025/jurisdiction-facility/SA0173
australia-npi	517026	2024/2025	MBL By Products	MASTER BUTCHERS CO-OPERATIVE LIMITED	Australia	-34.847852	138.576173	1111	Meat Processing	1111	Meat Processing	Rendering of animal by products		http://www.npi.gov.au/npidata/action/load/individual-facility-detail/criteria/state/SA/year/2025/jurisdiction-facility/SA0176
australia-npi	517040	2024/2025	Coonawarra Jack Winery Pty Ltd	COONAWARRA JACK WINERY PTY LTD	Australia	-37.302778	140.842778	1214	Wine and Other Alcoholic Beverage Manufacturing	1214	Wine and Other Alcoholic Beverage Manufacturing	Wine production from grapes: crushing through to pre-bottling (no bottling on site)		http://www.npi.gov.au/npidata/action/load/individual-facility-detail/criteria/state/SA/year/2025/jurisdiction-facility/SA0177
australia-npi	517060	2024/2025	TWE Barossa Winery and Packaging	TREASURY WINE ESTATES LIMITED	Australia	-34.442391	139.030747	1214	Wine and Other Alcoholic Beverage Manufacturing	1214	Wine and Other Alcoholic Beverage Manufacturing	Manufacturing and packaging wine		http://www.npi.gov.au/npidata/action/load/individual-facility-detail/criteria/state/SA/year/2025/jurisdiction-facility/SA0179
australia-npi	517074	2024/2025	McLaren Vintners	MCLAREN VINTNERS PTY LTD	Australia	-35.187103	138.601474	1214	Wine and Other Alcoholic Beverage Manufacturing	1214	Wine and Other Alcoholic Beverage Manufacturing	Processing of grapes in the production of wine and the activities it entails.		http://www.npi.gov.au/npidata/action/load/individual-facility-detail/criteria/state/SA/year/2025/jurisdiction-facility/SA0180
australia-npi	517086	2024/2025	Dorrien Estate Winery Ltd	DORRIEN ESTATE WINERY PTY LTD	Australia	-34.499664	138.986612	1214	Wine and Other Alcoholic Beverage Manufacturing	1214	Wine and Other Alcoholic Beverage Manufacturing	winemaking		http://www.npi.gov.au/npidata/action/load/individual-facility-detail/criteria/state/SA/year/2025/jurisdiction-facility/SA0181
australia-npi	517276	2024/2025	Golden North Pty Ltd	GOLDEN NORTH PTY LTD	Australia	-33.1900583	138.29701	1132	Ice Cream Manufacturing	1132	Ice Cream Manufacturing	Ice Cream,  frozen flavoured ice blocks, and frozen flavoured milk manufacture.		http://www.npi.gov.au/npidata/action/load/individual-facility-detail/criteria/state/SA/year/2025/jurisdiction-facility/SA0192
australia-npi	517288	2024/2025	BD&D Milk PTY LTD (Salisbury)	BD&D MILK PTY LTD	Australia	-34.781431	138.636684	1131	Milk and Cream Processing	1131	Milk and Cream Processing	Milk & Cream Processing		http://www.npi.gov.au/npidata/action/load/individual-facility-detail/criteria/state/SA/year/2025/jurisdiction-facility/SA0193
australia-npi	517304	2024/2025	Rowland Flat Winery & Packaging	VINARCHY AUSTRALIA LIMITED	Australia	-34.57937	138.929683	1214	Wine and Other Alcoholic Beverage Manufacturing	1214	Wine and Other Alcoholic Beverage Manufacturing	WINE PRODUCTION		http://www.npi.gov.au/npidata/action/load/individual-facility-detail/criteria/state/SA/year/2025/jurisdiction-facility/SA0194
australia-npi	517488	2024/2025	Torresan Estate Adelaide Hills	TORRESAN ESTATE ADELAIDE HILLS PTY LTD	Australia	-34.952192	138.906262	1214	Wine and Other Alcoholic Beverage Manufacturing	1214	Wine and Other Alcoholic Beverage Manufacturing	Wine bottling, labelling and packaging		http://www.npi.gov.au/npidata/action/load/individual-facility-detail/criteria/state/SA/year/2025/jurisdiction-facility/SA0205
australia-npi	517504	2024/2025	PETER LEHMANN WINES	PETER LEHMANN WINES PTY LIMITED	Australia	-34.505648	138.964927	1214	Wine and Other Alcoholic Beverage Manufacturing	1214	Wine and Other Alcoholic Beverage Manufacturing	WINE MANUFACTURING		http://www.npi.gov.au/npidata/action/load/individual-facility-detail/criteria/state/SA/year/2025/jurisdiction-facility/SA0206
australia-npi	517516	2024/2025	Pikes Wines Pty Ltd	PIKES WINES PTY LTD	Australia	-33.885998	138.673547	1214	Wine and Other Alcoholic Beverage Manufacturing	1214	Wine and Other Alcoholic Beverage Manufacturing	Grape growing and winemaking		http://www.npi.gov.au/npidata/action/load/individual-facility-detail/criteria/state/SA/year/2025/jurisdiction-facility/SA0207
australia-npi	517540	2024/2025	Mile End Asphalt Plant	FULTON HOGAN AUSTRALIA PTY LTD	Australia	-34.938333	138.571389	1709	Other Petroleum and Coal Product Manufacturing	1709	Other Petroleum and Coal Product Manufacturing	HOT MIX ASPHALT PRODUCTION		http://www.npi.gov.au/npidata/action/load/individual-facility-detail/criteria/state/SA/year/2025/jurisdiction-facility/SA0209
australia-npi	517672	2024/2025	Forestville Bakery	QUALITY BAKERS AUSTRALIA PTY LIMITED	Australia	-34.949291	138.58062	1171	Bread Manufacturing (Factory based)	1171	Bread Manufacturing (Factory based)	BAKERIES - BREAD, MUFFINS & BREAD ROLLS		http://www.npi.gov.au/npidata/action/load/individual-facility-detail/criteria/state/SA/year/2025/jurisdiction-facility/SA0217
australia-npi	517692	2024/2025	ANGOVE FAMILY WINEMAKERS WINERY	ANGOVE'S PROPRIETARY LIMITED	Australia	-34.183889	140.724167	1214	Wine and Other Alcoholic Beverage Manufacturing	1214	Wine and Other Alcoholic Beverage Manufacturing	WINE & SPIRIT PRODUCTION		http://www.npi.gov.au/npidata/action/load/individual-facility-detail/criteria/state/SA/year/2025/jurisdiction-facility/SA0218
australia-npi	517704	2024/2025	WIRRA WIRRA WINERY	R.G. & R.T. TROTT PTY. LTD.	Australia	-35.226111	138.567778	1214	Wine and Other Alcoholic Beverage Manufacturing	1214	Wine and Other Alcoholic Beverage Manufacturing	WINEMAKING, STORAGE, SALES & ADMIN		http://www.npi.gov.au/npidata/action/load/individual-facility-detail/criteria/state/SA/year/2025/jurisdiction-facility/SA0219
australia-npi	517726	2024/2025	Leconfield Winery	LECONFIELD WINES PTY LTD	Australia	-37.340833	140.843192	1214	Wine and Other Alcoholic Beverage Manufacturing	1214	Wine and Other Alcoholic Beverage Manufacturing	Winemaking		http://www.npi.gov.au/npidata/action/load/individual-facility-detail/criteria/state/SA/year/2025/jurisdiction-facility/SA0221
australia-npi	517750	2024/2025	Wasleys	RIDLEY AGRIPRODUCTS PTY LTD	Australia	-34.441667	138.625	1192	Prepared Animal and Bird Feed Manufacturing	1192	Prepared Animal and Bird Feed Manufacturing	Stockfeed manufacturing and distribution		http://www.npi.gov.au/npidata/action/load/individual-facility-detail/criteria/state/SA/year/2025/jurisdiction-facility/SA0223
australia-npi	517906	2024/2025	Arnott's Biscuits Limited	ARNOTT'S BISCUITS LIMITED	Australia	-34.947778	138.558056	1173	Biscuit Manufacturing (Factory based)	1173	Biscuit Manufacturing (Factory based)	Food Manufacturing		http://www.npi.gov.au/npidata/action/load/individual-facility-detail/criteria/state/SA/year/2025/jurisdiction-facility/SA0234
australia-npi	517938	2024/2025	YALUMBA WINE COMPANY	S. SMITH & SON PTY. LIMITED	Australia	-34.5125	139.055556	1214	Wine and Other Alcoholic Beverage Manufacturing	1214	Wine and Other Alcoholic Beverage Manufacturing	WINEMAKING		http://www.npi.gov.au/npidata/action/load/individual-facility-detail/criteria/state/SA/year/2025/jurisdiction-facility/SA0237
australia-npi	518018	2024/2025	Ryecroft Winery	BOAR'S ROCK HOLDINGS PTY LTD	Australia	-35.202498	138.59489	1214	Wine and Other Alcoholic Beverage Manufacturing	1214	Wine and Other Alcoholic Beverage Manufacturing	Wine manufacturing		http://www.npi.gov.au/npidata/action/load/individual-facility-detail/criteria/state/SA/year/2025/jurisdiction-facility/SA0242
australia-npi	518040	2024/2025	Pirramimma Winery	GEOFF JOHNSTON WINES PTY LTD	Australia	-35.226389	138.536389	1214	Wine and Other Alcoholic Beverage Manufacturing	1214	Wine and Other Alcoholic Beverage Manufacturing	Winemaking		http://www.npi.gov.au/npidata/action/load/individual-facility-detail/criteria/state/SA/year/2025/jurisdiction-facility/SA0244
australia-npi	518114	2024/2025	TARAC TANUNDA ROAD	TARAC TECHNOLOGIES PTY LTD	Australia	-34.480498	138.988957	1213	Spirit Manufacturing	1213	Spirit Manufacturing	Distillation of Potable Grape Alcohol		http://www.npi.gov.au/npidata/action/load/individual-facility-detail/criteria/state/SA/year/2025/jurisdiction-facility/SA0249
australia-npi	518132	2024/2025	Tarac - Berri	TARAC TECHNOLOGIES PTY LTD	Australia	-34.280686	140.546883	1213	Spirit Manufacturing	1213	Spirit Manufacturing	Distillation of Potable Grape Alcohol		http://www.npi.gov.au/npidata/action/load/individual-facility-detail/criteria/state/SA/year/2025/jurisdiction-facility/SA0250
australia-npi	518146	2024/2025	TARAC SAMUEL ROAD	TARAC TECHNOLOGIES PTY LTD	Australia	-34.475	138.971389	1213	Spirit Manufacturing	1213	Spirit Manufacturing	Distillation of Potable Grape Alcohol and Recovery of Wine Tartrates		http://www.npi.gov.au/npidata/action/load/individual-facility-detail/criteria/state/SA/year/2025/jurisdiction-facility/SA0251
australia-npi	518212	2024/2025	Regency Park	THE SMITH'S SNACKFOOD COMPANY PTY LIMITED	Australia	-34.857535	138.566773	1191	Potato, Corn and Other Crisp Manufacturing	1191	Potato, Corn and Other Crisp Manufacturing	Manufacturer of salty snackfoods (potato chips, corn chips and cereal based products)		http://www.npi.gov.au/npidata/action/load/individual-facility-detail/criteria/state/SA/year/2025/jurisdiction-facility/SA0256
australia-npi	518242	2024/2025	Tim Adams Wines	TIM ADAMS WINES PTY. LTD.	Australia	-33.859167	138.624167	1214	Wine and Other Alcoholic Beverage Manufacturing	1214	Wine and Other Alcoholic Beverage Manufacturing	Winery		http://www.npi.gov.au/npidata/action/load/individual-facility-detail/criteria/state/SA/year/2025/jurisdiction-facility/SA0258
australia-npi	518250	2024/2025	Tinlins Wines Pty Ltd	TINLINS WINES PTY LTD	Australia	-35.210306	138.571813	1214	Wine and Other Alcoholic Beverage Manufacturing	1214	Wine and Other Alcoholic Beverage Manufacturing	Winemaking		http://www.npi.gov.au/npidata/action/load/individual-facility-detail/criteria/state/SA/year/2025/jurisdiction-facility/SA0259
australia-npi	518310	2024/2025	Topline Paint Pty Ltd	TOPLINE PAINT PROPRIETARY LIMITED	Australia	-35.1109	138.506498	1916	Paint and Coatings Manufacturing	1916	Paint and Coatings Manufacturing	Paint Manufacturer		http://www.npi.gov.au/npidata/action/load/individual-facility-detail/criteria/state/SA/year/2025/jurisdiction-facility/SA0264
australia-npi	518324	2024/2025	VISY BOARD GEPPS CROSS	VISY BOARD PROPRIETARY LIMITED	Australia	-34.840629	138.598264	1521	Corrugated Paperboard and Paperboard Container Manufacturing	1521	Corrugated Paperboard and Paperboard Container Manufacturing	The production of Card board products manufactured from paper and starch by a corrugating machine. The process uses heat produced by a boiler. The printing process uses water based inks.		http://www.npi.gov.au/npidata/action/load/individual-facility-detail/criteria/state/SA/year/2025/jurisdiction-facility/SA0265
australia-npi	518342	2024/2025	TWG Loxton	TWG AUSTRALIA II PTY LTD	Australia	-34.423701	140.590792	1214	Wine and Other Alcoholic Beverage Manufacturing	1214	Wine and Other Alcoholic Beverage Manufacturing	MANUFACTURE OF TABLE WINES, GRAPE JUICE & GRAPE JUICE CONCENTRATE		http://www.npi.gov.au/npidata/action/load/individual-facility-detail/criteria/state/SA/year/2025/jurisdiction-facility/SA0266
australia-npi	518354	2024/2025	Wattyl Paints	HEMPEL (WATTYL) AUSTRALIA PTY LTD	Australia	-34.850349	138.580714	1916	Paint and Coatings Manufacturing	1916	Paint and Coatings Manufacturing	Manufacture of water based paints involving dispersion of pigments in aqueous media and mixing of raw materials in a batch		http://www.npi.gov.au/npidata/action/load/individual-facility-detail/criteria/state/SA/year/2025/jurisdiction-facility/SA0267
australia-npi	518384	2024/2025	Katnook Estate	ACCOLADE WINES AUSTRALIA LIMITED	Australia	-37.332358	140.83329	1214	Wine and Other Alcoholic Beverage Manufacturing	1214	Wine and Other Alcoholic Beverage Manufacturing	Wine Production		http://www.npi.gov.au/npidata/action/load/individual-facility-detail/criteria/state/SA/year/2025/jurisdiction-facility/SA0269
australia-npi	518432	2024/2025	Oliver and Press Winemakers Pty Ltd	OLIVER AND PRESS WINEMAKERS PTY LTD	Australia	-35.208889	138.605833	1214	Wine and Other Alcoholic Beverage Manufacturing	1214	Wine and Other Alcoholic Beverage Manufacturing	Wine Making		http://www.npi.gov.au/npidata/action/load/individual-facility-detail/criteria/state/SA/year/2025/jurisdiction-facility/SA0272
australia-npi	518606	2024/2025	Pro Pac Group Regency Park	PRO-PAC GROUP PTY LIMITED	Australia	-34.854766	138.565799	1911	Polymer Film and Sheet Packaging Material Manufacturing	1911	Polymer Film and Sheet Packaging Material Manufacturing	MANUFACTURER OF PLASTIC PACKAGING		http://www.npi.gov.au/npidata/action/load/individual-facility-detail/criteria/state/SA/year/2025/jurisdiction-facility/SA0284
australia-npi	518634	2024/2025	Auburn Site	TAYLORS WINES PTY. LTD.	Australia	-34.00015	138.699353	1214	Wine and Other Alcoholic Beverage Manufacturing	1214	Wine and Other Alcoholic Beverage Manufacturing	Grape growing and wine production		http://www.npi.gov.au/npidata/action/load/individual-facility-detail/criteria/state/SA/year/2025/jurisdiction-facility/SA0286
australia-npi	518680	2024/2025	Barossa Valley Estate Pty Ltd	BAROSSA VALLEY ESTATE PTY LTD	Australia	-34.49	138.93	1214	Wine and Other Alcoholic Beverage Manufacturing	1214	Wine and Other Alcoholic Beverage Manufacturing	Wine Grape Growing and Processing in a 4000 tonne crush facility		http://www.npi.gov.au/npidata/action/load/individual-facility-detail/criteria/state/SA/year/2025/jurisdiction-facility/SA0289
australia-npi	518692	2024/2025	Barossa Vintners	BAROSSA VINTNERS PTY. LTD.	Australia	-34.536389	138.947778	1214	Wine and Other Alcoholic Beverage Manufacturing	1214	Wine and Other Alcoholic Beverage Manufacturing	Wine Processing to Pre-Bottling Stage		http://www.npi.gov.au/npidata/action/load/individual-facility-detail/criteria/state/SA/year/2025/jurisdiction-facility/SA0290
australia-npi	518766	2024/2025	Bleasdale Vineyards P/L	BLEASDALE VINEYARDS PROPRIETARY LIMITED	Australia	-35.308175	139.046343	1214	Wine and Other Alcoholic Beverage Manufacturing	1214	Wine and Other Alcoholic Beverage Manufacturing	Production of wine from grapes. Bottled Wine.		http://www.npi.gov.au/npidata/action/load/individual-facility-detail/criteria/state/SA/year/2025/jurisdiction-facility/SA0296
australia-npi	518778	2024/2025	Boar's Rock Winery	BOAR'S ROCK HOLDINGS PTY LTD	Australia	-35.222778	138.515	1214	Wine and Other Alcoholic Beverage Manufacturing	1214	Wine and Other Alcoholic Beverage Manufacturing	Wine process, wine storage & wine maturation		http://www.npi.gov.au/npidata/action/load/individual-facility-detail/criteria/state/SA/year/2025/jurisdiction-facility/SA0297
australia-npi	518790	2024/2025	Project Wine Pty Ltd	PROJECT WINE PTY LTD	Australia	-35.326667	138.971111	1214	Wine and Other Alcoholic Beverage Manufacturing	1214	Wine and Other Alcoholic Beverage Manufacturing	Grape/wine processing, wine storage and wine maturation		http://www.npi.gov.au/npidata/action/load/individual-facility-detail/criteria/state/SA/year/2025/jurisdiction-facility/SA0298
australia-npi	518928	2024/2025	BERRI ESTATES LTD	VINARCHY AUSTRALIA LIMITED	Australia	-34.281018	140.543826	1214	Wine and Other Alcoholic Beverage Manufacturing	1214	Wine and Other Alcoholic Beverage Manufacturing	WINE PRODUCTION & PACKAGING		http://www.npi.gov.au/npidata/action/load/individual-facility-detail/criteria/state/SA/year/2025/jurisdiction-facility/SA0308
australia-npi	519036	2024/2025	BETHANY WINES	BETHANY WINES PTY. LTD.	Australia	-34.54659	138.990173	1214	Wine and Other Alcoholic Beverage Manufacturing	1214	Wine and Other Alcoholic Beverage Manufacturing	Wine Processing/Manufacturing		http://www.npi.gov.au/npidata/action/load/individual-facility-detail/criteria/state/SA/year/2025/jurisdiction-facility/SA0315
australia-npi	519062	2024/2025	D'Arenberg	D'ARENBERG PTY LTD	Australia	-35.195833	138.552778	1214	Wine and Other Alcoholic Beverage Manufacturing	1214	Wine and Other Alcoholic Beverage Manufacturing	Wine Production		http://www.npi.gov.au/npidata/action/load/individual-facility-detail/criteria/state/SA/year/2025/jurisdiction-facility/SA0317
australia-npi	519382	2024/2025	KIRRIHILL WINES PTY LTD	KIRRIHILL WINES PTY LTD	Australia	-33.813458	138.691047	1214	Wine and Other Alcoholic Beverage Manufacturing	1214	Wine and Other Alcoholic Beverage Manufacturing	WINEMAKING		http://www.npi.gov.au/npidata/action/load/individual-facility-detail/criteria/state/SA/year/2025/jurisdiction-facility/SA0336
australia-npi	519394	2024/2025	Belvidere Winery	LANGHORNE CREEK PREMIUM VINEYARDS PTY LTD	Australia	-35.287428	138.942774	1214	Wine and Other Alcoholic Beverage Manufacturing	1214	Wine and Other Alcoholic Beverage Manufacturing	Wine production		http://www.npi.gov.au/npidata/action/load/individual-facility-detail/criteria/state/SA/year/2025/jurisdiction-facility/SA0337
australia-npi	519402	2024/2025	SA WINE CO	SA WINE CO PTY LTD	Australia	-35.454506	138.804833	1214	Wine and Other Alcoholic Beverage Manufacturing	1214	Wine and Other Alcoholic Beverage Manufacturing	Processing of grapes for wine production		http://www.npi.gov.au/npidata/action/load/individual-facility-detail/criteria/state/SA/year/2025/jurisdiction-facility/SA0338
australia-npi	519414	2024/2025	DANDELION VINEYARDS	DANDELION VINEYARDS FERMENTATION HALLS & CELLARS PTY LTD	Australia	-35.249575	138.538158	1214	Wine and Other Alcoholic Beverage Manufacturing	1214	Wine and Other Alcoholic Beverage Manufacturing	Grape Processing and Winemaking		http://www.npi.gov.au/npidata/action/load/individual-facility-detail/criteria/state/SA/year/2025/jurisdiction-facility/SA0339
australia-npi	519490	2024/2025	Norfolk Rise Vineyard	KR & V MCBRIDE & CO PTY LTD	Australia	-36.966013	139.759688	1214	Wine and Other Alcoholic Beverage Manufacturing	1214	Wine and Other Alcoholic Beverage Manufacturing	WINEMAKING		http://www.npi.gov.au/npidata/action/load/individual-facility-detail/criteria/state/SA/year/2025/jurisdiction-facility/SA0344
australia-npi	519516	2024/2025	Vinpac Angaston Bottling Plant	VINPAC INTERNATIONAL PTY. LIMITED	Australia	-34.496253	139.028479	1214	Wine and Other Alcoholic Beverage Manufacturing	1214	Wine and Other Alcoholic Beverage Manufacturing	Contract storage, bottling, warehousing and distribution of wine and wine products.		http://www.npi.gov.au/npidata/action/load/individual-facility-detail/criteria/state/SA/year/2025/jurisdiction-facility/SA0347
australia-npi	519530	2024/2025	VINPAC MCLAREN VALE BOTTLING PLANT	VINPAC INTERNATIONAL PTY. LIMITED	Australia	-35.187304	138.601377	1214	Wine and Other Alcoholic Beverage Manufacturing	1214	Wine and Other Alcoholic Beverage Manufacturing	Contract storage, bottling, warehousing and distribution of wine and wine products.		http://www.npi.gov.au/npidata/action/load/individual-facility-detail/criteria/state/SA/year/2025/jurisdiction-facility/SA0348
australia-npi	519544	2024/2025	Step Road Winery	MAKE WINES AUSTRALIA PTY LTD	Australia	-35.335703	139.021342	1214	Wine and Other Alcoholic Beverage Manufacturing	1214	Wine and Other Alcoholic Beverage Manufacturing	Wine production and wine storage		http://www.npi.gov.au/npidata/action/load/individual-facility-detail/criteria/state/SA/year/2025/jurisdiction-facility/SA0349
australia-npi	519556	2024/2025	Revenir Winery	REVENIR WINEMAKING PTY LTD	Australia	-34.944167	138.830833	1214	Wine and Other Alcoholic Beverage Manufacturing	1214	Wine and Other Alcoholic Beverage Manufacturing	Winemaking		http://www.npi.gov.au/npidata/action/load/individual-facility-detail/criteria/state/SA/year/2025/jurisdiction-facility/SA0350
australia-npi	519582	2024/2025	Paracombe Premium Wines	K.H DROGEMULLER & P.H DROGEMULLER	Australia	-34.852241	138.773643	1214	Wine and Other Alcoholic Beverage Manufacturing	1214	Wine and Other Alcoholic Beverage Manufacturing	Wine Manufacturing		http://www.npi.gov.au/npidata/action/load/individual-facility-detail/criteria/state/SA/year/2025/jurisdiction-facility/SA0353
australia-npi	519602	2024/2025	O'LEARY WALKER WINES PTY LTD	O'LEARY WALKER WINES PTY LTD	Australia	-33.988611	138.651111	1214	Wine and Other Alcoholic Beverage Manufacturing	1214	Wine and Other Alcoholic Beverage Manufacturing	Winery		http://www.npi.gov.au/npidata/action/load/individual-facility-detail/criteria/state/SA/year/2025/jurisdiction-facility/SA0355
australia-npi	519616	2024/2025	DiGiorgio Family Wines	DIGIORGIO FAMILY WINES PTY LTD	Australia	-37.293611	140.835833	1214	Wine and Other Alcoholic Beverage Manufacturing	1214	Wine and Other Alcoholic Beverage Manufacturing	Wine Production and storage, cellar door sales		http://www.npi.gov.au/npidata/action/load/individual-facility-detail/criteria/state/SA/year/2025/jurisdiction-facility/SA0357
australia-npi	519628	2024/2025	Elderton Wines	THE TRUSTEE FOR THE CITRUS CELLARS TRUST	Australia	-34.479394	138.999589	1214	Wine and Other Alcoholic Beverage Manufacturing	1214	Wine and Other Alcoholic Beverage Manufacturing	Wine Manufacturing		http://www.npi.gov.au/npidata/action/load/individual-facility-detail/criteria/state/SA/year/2025/jurisdiction-facility/SA0358
australia-npi	519758	2024/2025	SALISBURY	MAYNE PHARMA INTERNATIONAL PTY LTD	Australia	-34.783592	138.650499	1841	Human Pharmaceutical and Medicinal Product Manufacturing	1841	Human Pharmaceutical and Medicinal Product Manufacturing	PHARMACEUTICAL MANUFACTURE		http://www.npi.gov.au/npidata/action/load/individual-facility-detail/criteria/state/SA/year/2025/jurisdiction-facility/SA0367
australia-npi	519774	2024/2025	Balnaves of Coonawarra Winery	BALNAVES VINEYARD SERVICES PTY. LTD.	Australia	-37.347582	140.846459	1214	Wine and Other Alcoholic Beverage Manufacturing	1214	Wine and Other Alcoholic Beverage Manufacturing	Winemaking and Vineyard Management		http://www.npi.gov.au/npidata/action/load/individual-facility-detail/criteria/state/SA/year/2025/jurisdiction-facility/SA0368
australia-npi	519812	2024/2025	Shaw and Smith Winery	SHAW AND SMITH PTY. LTD.	Australia	-35.005556	138.823056	1214	Wine and Other Alcoholic Beverage Manufacturing	1214	Wine and Other Alcoholic Beverage Manufacturing	Wine Production		http://www.npi.gov.au/npidata/action/load/individual-facility-detail/criteria/state/SA/year/2025/jurisdiction-facility/SA0373
australia-npi	519820	2024/2025	Hollick Estates P/L	HOLLICK ESTATES PTY LIMITED	Australia	-37.355067	140.843214	1214	Wine and Other Alcoholic Beverage Manufacturing	1214	Wine and Other Alcoholic Beverage Manufacturing	Winery		http://www.npi.gov.au/npidata/action/load/individual-facility-detail/criteria/state/SA/year/2025/jurisdiction-facility/SA0374
australia-npi	519866	2024/2025	Whyalla	BOC LIMITED	Australia	-33.011986	137.591626	1811	Industrial Gas Manufacturing	1811	Industrial Gas Manufacturing	Refines atmospheric gases to produce stable products		http://www.npi.gov.au/npidata/action/load/individual-facility-detail/criteria/state/SA/year/2025/jurisdiction-facility/SA0380
australia-npi	519890	2024/2025	Penley Estate Pty Ltd	THE TRUSTEE FOR JAPHSAN UNIT TRUST	Australia	-37.2832	140.8543194444	1214	Wine and Other Alcoholic Beverage Manufacturing	1214	Wine and Other Alcoholic Beverage Manufacturing	Grow grapes and make wine.		http://www.npi.gov.au/npidata/action/load/individual-facility-detail/criteria/state/SA/year/2025/jurisdiction-facility/SA0383
australia-npi	519920	2024/2025	Oxford Landing Winery	S. SMITH & SON PROCESSING PTY LTD	Australia	-34.445	139.0125	1214	Wine and Other Alcoholic Beverage Manufacturing	1214	Wine and Other Alcoholic Beverage Manufacturing	Winemaking		http://www.npi.gov.au/npidata/action/load/individual-facility-detail/criteria/state/SA/year/2025/jurisdiction-facility/SA0387
australia-npi	519936	2024/2025	Kaesler Wines	DURAL WINES AUSTRALIA PTY LTD	Australia	-34.485833	138.991111	1214	Wine and Other Alcoholic Beverage Manufacturing	1214	Wine and Other Alcoholic Beverage Manufacturing	Grow grapes, make wine		http://www.npi.gov.au/npidata/action/load/individual-facility-detail/criteria/state/SA/year/2025/jurisdiction-facility/SA0389
australia-npi	519944	2024/2025	Bird in Hand Winery	BIRD IN HAND WINERY PTY LTD	Australia	-34.957681	138.896478	1214	Wine and Other Alcoholic Beverage Manufacturing	1214	Wine and Other Alcoholic Beverage Manufacturing	Winemaking		http://www.npi.gov.au/npidata/action/load/individual-facility-detail/criteria/state/SA/year/2025/jurisdiction-facility/SA0390
australia-npi	519950	2024/2025	Rocland Estate Wines	ROCLAND ESTATES PTY LTD	Australia	-34.459772	138.983734	1214	Wine and Other Alcoholic Beverage Manufacturing	1214	Wine and Other Alcoholic Beverage Manufacturing	Winemaking		http://www.npi.gov.au/npidata/action/load/individual-facility-detail/criteria/state/SA/year/2025/jurisdiction-facility/SA0391
australia-npi	519958	2024/2025	DiFabio Estate Wines	DI FABIO ESTATES PTY. LTD.	Australia	-35.211398	138.592404	1214	Wine and Other Alcoholic Beverage Manufacturing	1214	Wine and Other Alcoholic Beverage Manufacturing	Crushing and fermenting grapes for table wine only		http://www.npi.gov.au/npidata/action/load/individual-facility-detail/criteria/state/SA/year/2025/jurisdiction-facility/SA0392
australia-npi	519966	2024/2025	Serafino Wines Pty Ltd	THE TRUSTEE FOR S & L MAGLIERI TRUST	Australia	-35.221389	138.554444	1214	Wine and Other Alcoholic Beverage Manufacturing	1214	Wine and Other Alcoholic Beverage Manufacturing	Winemaking and Bottling		http://www.npi.gov.au/npidata/action/load/individual-facility-detail/criteria/state/SA/year/2025/jurisdiction-facility/SA0393
australia-npi	520090	2024/2025	Watkins Family Wine	WATKINS FAMILY WINES PTY LTD	Australia	-35.091151	138.613375	1214	Wine and Other Alcoholic Beverage Manufacturing	1214	Wine and Other Alcoholic Beverage Manufacturing	Winemaking and storage		http://www.npi.gov.au/npidata/action/load/individual-facility-detail/criteria/state/SA/year/2025/jurisdiction-facility/SA0414
australia-npi	520106	2024/2025	Rymill Coonawarra Winery	FURUNDE WINE CO. PTY LTD	Australia	-37.243333	140.826111	1214	Wine and Other Alcoholic Beverage Manufacturing	1214	Wine and Other Alcoholic Beverage Manufacturing	Wine production		http://www.npi.gov.au/npidata/action/load/individual-facility-detail/criteria/state/SA/year/2025/jurisdiction-facility/SA0417
australia-npi	520196	2024/2025	Viva Energy Birkenhead Bitumen Plant	VIVA ENERGY AUSTRALIA PTY LTD	Australia	-34.829076	138.503255	1709	Other Petroleum and Coal Product Manufacturing	1709	Other Petroleum and Coal Product Manufacturing	Bitumen Storage and Distribution		http://www.npi.gov.au/npidata/action/load/individual-facility-detail/criteria/state/SA/year/2025/jurisdiction-facility/SA0437
australia-npi	520200	2024/2025	Geber & Geber Barossa Cellars	GEBER & GEBER PTY LTD	Australia	-34.481159	138.990759	1214	Wine and Other Alcoholic Beverage Manufacturing	1214	Wine and Other Alcoholic Beverage Manufacturing	Winery - Contract Processing and Storage Facility		http://www.npi.gov.au/npidata/action/load/individual-facility-detail/criteria/state/SA/year/2025/jurisdiction-facility/SA0438
australia-npi	520216	2024/2025	Coopers Cogeneration	COOPERS BREWERY LIMITED	Australia	-34.872662	138.5726	1212	Beer Manufacturing	1212	Beer Manufacturing	Gas fired co-gen plant supplying steam and electricity to brewery		http://www.npi.gov.au/npidata/action/load/individual-facility-detail/criteria/state/SA/year/2025/jurisdiction-facility/SA0440
australia-npi	520252	2024/2025	OPAL FIBRE PACKAGING	OPAL PACKAGING AUSTRALIA PTY LTD	Australia	-34.85927	138.538763	1521	Corrugated Paperboard and Paperboard Container Manufacturing	1521	Corrugated Paperboard and Paperboard Container Manufacturing	Corrugated board and cardboard box manufacturing		http://www.npi.gov.au/npidata/action/load/individual-facility-detail/criteria/state/SA/year/2025/jurisdiction-facility/SA0455
australia-npi	520310	2024/2025	Koppers Performance Chemicals Australia Pty Ltd	KOPPERS PERFORMANCE CHEMICALS AUSTRALIA PTY LTD	Australia	-37.821129	140.718094	1813	Basic Inorganic Chemical Manufacturing	1813	Basic Inorganic Chemical Manufacturing	Manufacture of timber preservative chemicals - 'copper chromium arsenate'		http://www.npi.gov.au/npidata/action/load/individual-facility-detail/criteria/state/SA/year/2025/jurisdiction-facility/SA0478
australia-npi	520362	2024/2025	Henschke Cellars	HENSCHKE CELLARS PTY. LTD.	Australia	-34.52115	139.151125	1214	Wine and Other Alcoholic Beverage Manufacturing	1214	Wine and Other Alcoholic Beverage Manufacturing	Winemaking		http://www.npi.gov.au/npidata/action/load/individual-facility-detail/criteria/state/SA/year/2025/jurisdiction-facility/SA0483
australia-npi	520374	2024/2025	Seppeltsfield Winery	SEPPELTSFIELD WINES PTY LIMITED	Australia	-34.489167	138.919722	1214	Wine and Other Alcoholic Beverage Manufacturing	1214	Wine and Other Alcoholic Beverage Manufacturing	process and fermentation of grapes into wine; maturation of wine		http://www.npi.gov.au/npidata/action/load/individual-facility-detail/criteria/state/SA/year/2025/jurisdiction-facility/SA0484
australia-npi	520386	2024/2025	Coonawarra (Wynns) Winery	TREASURY WINE ESTATES LIMITED	Australia	-37.293181	140.831779	1214	Wine and Other Alcoholic Beverage Manufacturing	1214	Wine and Other Alcoholic Beverage Manufacturing	Manufacturing wine		http://www.npi.gov.au/npidata/action/load/individual-facility-detail/criteria/state/SA/year/2025/jurisdiction-facility/SA0485
australia-npi	520398	2024/2025	Freestone Estate Pty Ltd	FREESTONE ESTATE PTY LTD	Australia	-34.191667	140.004722	1214	Wine and Other Alcoholic Beverage Manufacturing	1214	Wine and Other Alcoholic Beverage Manufacturing	Wine production, wine storage		http://www.npi.gov.au/npidata/action/load/individual-facility-detail/criteria/state/SA/year/2025/jurisdiction-facility/SA0486
australia-npi	520526	2024/2025	MURRAY BRIDGE BACON PTY LTD	MURRAY BRIDGE BACON PTY LTD	Australia	-35.202778	139.296667	1111	Meat Processing	1111	Meat Processing	Pork abattoir and boning room		http://www.npi.gov.au/npidata/action/load/individual-facility-detail/criteria/state/SA/year/2025/jurisdiction-facility/SA0501
australia-npi	520686	2024/2025	Bolivar Primary Processing	INGHAMS ENTERPRISES PTY LIMITED	Australia	-34.744722	138.586944	1112	Poultry Processing	1112	Poultry Processing	Poultry processing (abattoir)		http://www.npi.gov.au/npidata/action/load/individual-facility-detail/criteria/state/SA/year/2025/jurisdiction-facility/SA0523
australia-npi	520810	2024/2025	FOAMEX Edinburgh North	FOAMEX SOUTH AUSTRALIA PTY LTD	Australia	-34.703134	138.662798	1913	Polymer Foam Product Manufacturing	1913	Polymer Foam Product Manufacturing	Manufacture of Polystyrene foam		http://www.npi.gov.au/npidata/action/load/individual-facility-detail/criteria/state/SA/year/2025/jurisdiction-facility/SA0536
australia-npi	520820	2024/2025	Knappstein Wines	AUSTRALIA YINMORE WINES PTY LTD	Australia	-33.829444	138.608611	1214	Wine and Other Alcoholic Beverage Manufacturing	1214	Wine and Other Alcoholic Beverage Manufacturing	Wine making		http://www.npi.gov.au/npidata/action/load/individual-facility-detail/criteria/state/SA/year/2025/jurisdiction-facility/SA0537
australia-npi	521038	2024/2025	Simplot Devonport Plant	SIMPLOT AUSTRALIA (PROPERTIES) PTY LIMITED	Australia	-41.207027	146.347882	1140	Fruit and Vegetable Processing	1140	Fruit and Vegetable Processing	Vegetable processing, freezing and packaging		http://www.npi.gov.au/npidata/action/load/individual-facility-detail/criteria/state/TAS/year/2025/jurisdiction-facility/TAS+134
australia-npi	521058	2024/2025	Simplot Ulverstone Plant	SIMPLOT AUSTRALIA (PROPERTIES) PTY LIMITED	Australia	-41.162845	146.15794	1140	Fruit and Vegetable Processing	1140	Fruit and Vegetable Processing	Manufacture of potato chips		http://www.npi.gov.au/npidata/action/load/individual-facility-detail/criteria/state/TAS/year/2025/jurisdiction-facility/TAS+135
australia-npi	521130	2024/2025	Tasmanian Alkaloids Pty. Ltd. Trading as Extractas Bioscience	TASMANIAN ALKALOIDS P/L	Australia	-41.513885	146.831168	1841	Human Pharmaceutical and Medicinal Product Manufacturing	1841	Human Pharmaceutical and Medicinal Product Manufacturing	Fully integrated manufacturer of plant derived controlled substances including opiate based alkaloid raw materials and medicinal cannabis. Poppy seed processing as a raw agricultural commodity.		http://www.npi.gov.au/npidata/action/load/individual-facility-detail/criteria/state/TAS/year/2025/jurisdiction-facility/TAS+140
australia-npi	521224	2024/2025	Fonterra Australia Pty Ltd - Spreyton	FONTERRA AUSTRALIA PTY LTD	Australia	-41.220142	146.359061	1131	Milk and Cream Processing	1131	Milk and Cream Processing	Manufacture of milk powder, lactose powder, butter and butteroil.		http://www.npi.gov.au/npidata/action/load/individual-facility-detail/criteria/state/TAS/year/2025/jurisdiction-facility/TAS+159
australia-npi	521242	2024/2025	Fonterra Australia Pty Ltd - Wynyard	FONTERRA AUSTRALIA PTY LTD	Australia	-40.989292	145.70972	1131	Milk and Cream Processing	1131	Milk and Cream Processing	Manufacture of milk powder, lactose powder, butter and butteroil.		http://www.npi.gov.au/npidata/action/load/individual-facility-detail/criteria/state/TAS/year/2025/jurisdiction-facility/TAS+168
australia-npi	521348	2024/2025	Lindisfarne - Flagstaff	DOWNER EDI WORKS PTY LTD	Australia	-42.83142	147.3761305556	1709	Other Petroleum and Coal Product Manufacturing	1709	Other Petroleum and Coal Product Manufacturing	production of hot mix asphalt		http://www.npi.gov.au/npidata/action/load/individual-facility-detail/criteria/state/TAS/year/2025/jurisdiction-facility/TAS+181
australia-npi	521364	2024/2025	Mowbray	DOWNER EDI WORKS PTY LTD	Australia	-41.405078	147.157479	1709	Other Petroleum and Coal Product Manufacturing	1709	Other Petroleum and Coal Product Manufacturing	production of hot mix asphalt		http://www.npi.gov.au/npidata/action/load/individual-facility-detail/criteria/state/TAS/year/2025/jurisdiction-facility/TAS+182
australia-npi	521426	2024/2025	Greenham Tasmania Pty Ltd	GREENHAM TASMANIA P/L	Australia	-40.858979	145.132756	1111	Meat Processing	1111	Meat Processing	Meat processing facility		http://www.npi.gov.au/npidata/action/load/individual-facility-detail/criteria/state/TAS/year/2025/jurisdiction-facility/TAS+19
australia-npi	522040	2024/2025	Cascade Brewery and Beverages	CUB PTY LTD	Australia	-42.895805	147.292264	1212	Beer Manufacturing	1212	Beer Manufacturing	Manufacturing and packaging beer, cider, vinegar and other beverages.  Malting of barley.		http://www.npi.gov.au/npidata/action/load/individual-facility-detail/criteria/state/TAS/year/2025/jurisdiction-facility/TAS+243
australia-npi	522338	2024/2025	Ixom Heybridge	IXOM OPERATIONS PTY LTD	Australia	-41.078627	145.974379	1813	Basic Inorganic Chemical Manufacturing	1813	Basic Inorganic Chemical Manufacturing	Bulk Inorganic Liquid Chemical Manufacture		http://www.npi.gov.au/npidata/action/load/individual-facility-detail/criteria/state/TAS/year/2025/jurisdiction-facility/TAS+3
australia-npi	522356	2024/2025	Mondelez Claremont	MONDELEZ AUSTRALIA PTY LTD	Australia	-42.792703	147.266846	1182	Confectionery Manufacturing	1182	Confectionery Manufacturing	CONFECTIONERY MANUFACTURE - Includes manufacture of chocolate crumb from milk concentrate, sugar and cocoa mass. Manufature of chocolate and other confetionery, wrapping, packing and palletising.		http://www.npi.gov.au/npidata/action/load/individual-facility-detail/criteria/state/TAS/year/2025/jurisdiction-facility/TAS+30
australia-npi	522520	2024/2025	Skretting Australia	GIBSONS LTD	Australia	-42.831572	147.451339	1192	Prepared Animal and Bird Feed Manufacturing	1192	Prepared Animal and Bird Feed Manufacturing	Production of Fish Feed		http://www.npi.gov.au/npidata/action/load/individual-facility-detail/criteria/state/TAS/year/2025/jurisdiction-facility/TAS+339
australia-npi	523426	2024/2025	Impact Fertilisers	AMEROPA AUSTRALIA PTY LTD	Australia	-42.830916	147.311143	1831	Fertiliser Manufacturing	1831	Fertiliser Manufacturing	Manufacture of fertiliser (Single Superphosphate) and dispatch to customers of large range of fertilisers.		http://www.npi.gov.au/npidata/action/load/individual-facility-detail/criteria/state/TAS/year/2025/jurisdiction-facility/TAS+81
australia-npi	523444	2024/2025	Boag & Son Brewing Ltd. (Lion)	J BOAG & SON BREWING LTD	Australia	-41.432018	147.138801	1212	Beer Manufacturing	1212	Beer Manufacturing	Beer Manufacturing		http://www.npi.gov.au/npidata/action/load/individual-facility-detail/criteria/state/TAS/year/2025/jurisdiction-facility/TAS+84
australia-npi	523482	2024/2025	King Island Dairy	THE KING ISLAND COMPANY PTY. LTD.	Australia	-39.854631	143.868565	1131	Milk and Cream Processing	1131	Milk and Cream Processing	Cheese, Cream and Dessert manufacturing		http://www.npi.gov.au/npidata/action/load/individual-facility-detail/criteria/state/TAS/year/2025/jurisdiction-facility/TAS+88
australia-npi	523494	2024/2025	Norske Skog Boyer	NORSKE SKOG PAPER MILLS (AUSTRALIA) LIMITED	Australia	-42.779551	147.103987	1510	Pulp, Paper and Paperboard Manufacturing	1510	Pulp, Paper and Paperboard Manufacturing	Pulp and paper manufacturer specialising in newsprint and light weight coated grades		http://www.npi.gov.au/npidata/action/load/individual-facility-detail/criteria/state/TAS/year/2025/jurisdiction-facility/TAS+9
australia-npi	523532	2024/2025	Old Surrey Road Cheese Factory	THE KING ISLAND COMPANY PTY. LTD.	Australia	-41.087761	145.910587	1131	Milk and Cream Processing	1131	Milk and Cream Processing	Production of Cheese from Milk		http://www.npi.gov.au/npidata/action/load/individual-facility-detail/criteria/state/TAS/year/2025/jurisdiction-facility/TAS+92
australia-npi	523550	2024/2025	Longford Abattoir and Rendering Plant	JBS AUSTRALIA PTY LIMITED	Australia	-41.587405	147.114323	1111	Meat Processing	1111	Meat Processing	Red Meat Processing		http://www.npi.gov.au/npidata/action/load/individual-facility-detail/criteria/state/TAS/year/2025/jurisdiction-facility/TAS+96
australia-npi	523578	2024/2025	McCain Foods ( Aust) Pty Ltd	MCCAIN FOODS (AUST) PTY LTD	Australia	-40.842122	145.119815	1199	Other Food Product Manufacturing n.e.c.	1199	Other Food Product Manufacturing n.e.c.	Frozen french fry manufacture		http://www.npi.gov.au/npidata/action/load/individual-facility-detail/criteria/state/TAS/year/2025/jurisdiction-facility/TAS+99
australia-npi	523636	2024/2025	Brown Brothers Tasmania	BROWN BROTHERS MILAWA VINEYARD PTY LIMITED	Australia	-41.188991	146.888394	1214	Wine and Other Alcoholic Beverage Manufacturing	1214	Wine and Other Alcoholic Beverage Manufacturing	Wine Production		http://www.npi.gov.au/npidata/action/load/individual-facility-detail/criteria/state/TAS/year/2025/jurisdiction-facility/TAS+425
australia-npi	523644	2024/2025	Frogmore Creek Wines	HATHAWAY TRADING CO P/L	Australia	-42.809819	147.428636	1214	Wine and Other Alcoholic Beverage Manufacturing	1214	Wine and Other Alcoholic Beverage Manufacturing	Winemaking		http://www.npi.gov.au/npidata/action/load/individual-facility-detail/criteria/state/TAS/year/2025/jurisdiction-facility/TAS+430
australia-npi	523740	2024/2025	Laverton North	NUFARM AUSTRALIA LIMITED	Australia	-37.828024	144.799182	1832	Pesticide Manufacturing	1832	Pesticide Manufacturing	Manufacture and formulation of phenoxy- based herbicides and other agricultural chemicals.		http://www.npi.gov.au/npidata/action/load/individual-facility-detail/criteria/state/VIC/year/2025/jurisdiction-facility/00003981
australia-npi	523760	2024/2025	Abbotsford Brewery	CUB PTY LTD	Australia	-37.808641	145.000973	1212	Beer Manufacturing	1212	Beer Manufacturing	Manufacturing and packaging beer		http://www.npi.gov.au/npidata/action/load/individual-facility-detail/criteria/state/VIC/year/2025/jurisdiction-facility/00003982
australia-npi	523780	2024/2025	Dow	DOW PERFORMANCE MATERIALS (AUSTRALIA) PTY LTD	Australia	-38.156084	144.445859	1916	Paint and Coatings Manufacturing	1916	Paint and Coatings Manufacturing	Production and development of acrylic / latex products.		http://www.npi.gov.au/npidata/action/load/individual-facility-detail/criteria/state/VIC/year/2025/jurisdiction-facility/00003984
australia-npi	523802	2024/2025	ContiTech Australia	CONTITECH AUSTRALIA PTY LTD	Australia	-37.841346	145.27379	1920	Natural Rubber Product Manufacturing	1920	Natural Rubber Product Manufacturing	Conveyor belt manufacture		http://www.npi.gov.au/npidata/action/load/individual-facility-detail/criteria/state/VIC/year/2025/jurisdiction-facility/00003987
australia-npi	523916	2024/2025	Victorian Chemicals	VICTORIAN CHEMICAL COMPANY PROPRIETARY LIMITED	Australia	-37.657195	144.9372113	1812	Basic Organic Chemical Manufacturing	1812	Basic Organic Chemical Manufacturing	Manufacture of agricultural and industrial oleo-chemical products, such as fatty esters, PEG esters, oleyl diethanolamine, fatty acid soaps and blended products.		http://www.npi.gov.au/npidata/action/load/individual-facility-detail/criteria/state/VIC/year/2025/jurisdiction-facility/00003999
australia-npi	523964	2024/2025	Omega Chemicals	CHEMPROD NOMINEES PROPRIETARY LIMITED	Australia	-37.82237	144.834566	1813	Basic Inorganic Chemical Manufacturing	1813	Basic Inorganic Chemical Manufacturing	Manufacture of liquid aluminium sulphate, liquid ferric sulphate, and aluminium  chloralhydrate for water and wastewater treatment		http://www.npi.gov.au/npidata/action/load/individual-facility-detail/criteria/state/VIC/year/2025/jurisdiction-facility/00004003
australia-npi	524004	2024/2025	The Laminex Group	LAMINEX GROUP PTY LIMITED	Australia	-37.956661	145.041183	1529	Other Converted Paper Product Manufacturing	1529	Other Converted Paper Product Manufacturing	High pressure laminate manufacturing		http://www.npi.gov.au/npidata/action/load/individual-facility-detail/criteria/state/VIC/year/2025/jurisdiction-facility/00004008
australia-npi	524130	2024/2025	Clariant	CLARIANT (AUSTRALIA) PTY LIMITED	Australia	-38.047888	144.378891	1812	Basic Organic Chemical Manufacturing	1812	Basic Organic Chemical Manufacturing	Chemical processing with major activities in esterification, quaternization and condensation reactions including hot and cold blends		http://www.npi.gov.au/npidata/action/load/individual-facility-detail/criteria/state/VIC/year/2025/jurisdiction-facility/00004017
australia-npi	524144	2024/2025	RLA Polymers Pty Ltd	RLA POLYMERS PTY LTD	Australia	-37.82017	145.304958	1812	Basic Organic Chemical Manufacturing	1812	Basic Organic Chemical Manufacturing	Chemical compounding, latex and adhesive manufacturing		http://www.npi.gov.au/npidata/action/load/individual-facility-detail/criteria/state/VIC/year/2025/jurisdiction-facility/00004018
australia-npi	524346	2024/2025	SAPUTO DAIRY AUSTRALIA - COBRAM SITE	SAPUTO DAIRY AUSTRALIA PTY LTD	Australia	-35.927452	145.593466	1131	Milk and Cream Processing	1131	Milk and Cream Processing	Food processing plant. Dairy		http://www.npi.gov.au/npidata/action/load/individual-facility-detail/criteria/state/VIC/year/2025/jurisdiction-facility/00004033
australia-npi	524420	2024/2025	Fawkner	SEALED AIR AUSTRALIA PTY LIMITED	Australia	-37.711234	144.962189	1911	Polymer Film and Sheet Packaging Material Manufacturing	1911	Polymer Film and Sheet Packaging Material Manufacturing	Manufacturing and printing of flexible plastic packaging material.		http://www.npi.gov.au/npidata/action/load/individual-facility-detail/criteria/state/VIC/year/2025/jurisdiction-facility/00004040
australia-npi	524440	2024/2025	PPG Clayton	PPG INDUSTRIES AUSTRALIA PTY LIMITED	Australia	-37.9275	145.1379	1916	Paint and Coatings Manufacturing	1916	Paint and Coatings Manufacturing	Manufacture of automotive, industrial, architectural and refinish coatings		http://www.npi.gov.au/npidata/action/load/individual-facility-detail/criteria/state/VIC/year/2025/jurisdiction-facility/00004041
australia-npi	524456	2024/2025	Orica Deer Park	ORICA AUSTRALIA PTY LTD	Australia	-37.778018	144.775687	1812	Basic Organic Chemical Manufacturing	1812	Basic Organic Chemical Manufacturing	Manufacture of chemicals		http://www.npi.gov.au/npidata/action/load/individual-facility-detail/criteria/state/VIC/year/2025/jurisdiction-facility/00004043
australia-npi	524768	2024/2025	Brooklyn	JBS AUSTRALIA PTY LIMITED	Australia	-37.812753	144.850751	1111	Meat Processing	1111	Meat Processing	Red Meat Processing (abattoir)		http://www.npi.gov.au/npidata/action/load/individual-facility-detail/criteria/state/VIC/year/2025/jurisdiction-facility/00004065
australia-npi	524948	2024/2025	AIRSTEP AUSTRALIA PTY LTD	AIRSTEP AUSTRALIA PTY LTD	Australia	-38.00193	145.224475	1920	Natural Rubber Product Manufacturing	1920	Natural Rubber Product Manufacturing	Carpet Underlay Manufacturing & Warehousing		http://www.npi.gov.au/npidata/action/load/individual-facility-detail/criteria/state/VIC/year/2025/jurisdiction-facility/00004082
australia-npi	525148	2024/2025	M.C. HERD PROPRIETARY LIMITED	M.C. HERD PROPRIETARY LIMITED	Australia	-38.06586	144.358963	1111	Meat Processing	1111	Meat Processing	Beef and lamb slaughtering and processing		http://www.npi.gov.au/npidata/action/load/individual-facility-detail/criteria/state/VIC/year/2025/jurisdiction-facility/00004098
australia-npi	525202	2024/2025	AUSTRALIAN MEAT GROUP DANDENONG	AUSTRALIAN MEAT GROUP PTY LTD	Australia	-38.028574	145.198767	1111	Meat Processing	1111	Meat Processing	Meat processing		http://www.npi.gov.au/npidata/action/load/individual-facility-detail/criteria/state/VIC/year/2025/jurisdiction-facility/00004104
australia-npi	525226	2024/2025	Numurkah	GRAINCORP OILSEEDS PTY LTD	Australia	-36.087975	145.451778	1150	Oil and Fat Manufacturing	1150	Oil and Fat Manufacturing	Oilseed Crushing and Refining		http://www.npi.gov.au/npidata/action/load/individual-facility-detail/criteria/state/VIC/year/2025/jurisdiction-facility/00004106
australia-npi	525326	2024/2025	AKZO NOBEL PTY LIMITED	AKZO NOBEL PTY LIMITED	Australia	-37.770685	144.828274	1916	Paint and Coatings Manufacturing	1916	Paint and Coatings Manufacturing	Manufacture of surface coatings and resins.		http://www.npi.gov.au/npidata/action/load/individual-facility-detail/criteria/state/VIC/year/2025/jurisdiction-facility/00004121
australia-npi	525394	2024/2025	CARGILL PROCESSING LIMITED	CARGILL PROCESSING LIMITED	Australia	-37.811078	144.857613	1150	Oil and Fat Manufacturing	1150	Oil and Fat Manufacturing	Oilseed Processing Plant - crushing canola to produce vegetable oil and high protein meal for stockfeed.		http://www.npi.gov.au/npidata/action/load/individual-facility-detail/criteria/state/VIC/year/2025/jurisdiction-facility/00004130
australia-npi	525466	2024/2025	BOSTIK AUSTRALIA PTY LTD	BOSTIK AUSTRALIA PTY LTD	Australia	-37.694824	145.011803	1915	Adhesive Manufacturing	1915	Adhesive Manufacturing	Adhesive and sealant manufacture		http://www.npi.gov.au/npidata/action/load/individual-facility-detail/criteria/state/VIC/year/2025/jurisdiction-facility/00004135
australia-npi	525658	2024/2025	Arch Wood Protection	ARCH WOOD PROTECTION (AUST) PTY LIMITED	Australia	-37.384452	144.323229	1813	Basic Inorganic Chemical Manufacturing	1813	Basic Inorganic Chemical Manufacturing	Manufacturing of timber preservation chemicals		http://www.npi.gov.au/npidata/action/load/individual-facility-detail/criteria/state/VIC/year/2025/jurisdiction-facility/00004156
australia-npi	525676	2024/2025	Laverton	RIDLEY AGRIPRODUCTS PTY LTD	Australia	-37.822893	144.814102	1150	Oil and Fat Manufacturing	1150	Oil and Fat Manufacturing	Processing inedible animal byproducts to produce fat (used in the soap, chemical and stockfeed industries) and protein meals (used in the stockfeed industry)		http://www.npi.gov.au/npidata/action/load/individual-facility-detail/criteria/state/VIC/year/2025/jurisdiction-facility/00004157
australia-npi	525736	2024/2025	THOMASTOWN	AFRO FOAM PTY LTD	Australia	-37.69074	145.004984	1913	Polymer Foam Product Manufacturing	1913	Polymer Foam Product Manufacturing	Polyurethane foam production and conversion for use in furniture and bedding.		http://www.npi.gov.au/npidata/action/load/individual-facility-detail/criteria/state/VIC/year/2025/jurisdiction-facility/00004164
australia-npi	525766	2024/2025	Springvale Site	SOLENIS AUSTRALIA PTY LTD	Australia	-37.933155	145.147622	1899	Other Basic Chemical Product Manufacturing n.e.c.	1899	Other Basic Chemical Product Manufacturing n.e.c.	Manufacturing and warehousing of chemical products for pulp &paper, industrial water treatment industries.		http://www.npi.gov.au/npidata/action/load/individual-facility-detail/criteria/state/VIC/year/2025/jurisdiction-facility/00004166
australia-npi	525984	2024/2025	MANPAK	CARLTON CHEMICALS PTY LTD	Australia	-37.7000818	144.850082	1812	Basic Organic Chemical Manufacturing	1812	Basic Organic Chemical Manufacturing	Bulk manufacture of solvent and water-based adhesives. Packaging of solvent and water-based products into packages of various sizes.		http://www.npi.gov.au/npidata/action/load/individual-facility-detail/criteria/state/VIC/year/2025/jurisdiction-facility/00004191
australia-npi	526096	2024/2025	Campbellfield	AFRO FOAM PTY LTD	Australia	-37.662347	144.957122	1913	Polymer Foam Product Manufacturing	1913	Polymer Foam Product Manufacturing	Manufacture and conversion of flexible polyurethane foam for furniture and bedding industries		http://www.npi.gov.au/npidata/action/load/individual-facility-detail/criteria/state/VIC/year/2025/jurisdiction-facility/00004200
australia-npi	526124	2024/2025	Cobram	JBS AUSTRALIA PTY LIMITED	Australia	-35.908211	145.622744	1111	Meat Processing	1111	Meat Processing	Red meat processing (abattoir)		http://www.npi.gov.au/npidata/action/load/individual-facility-detail/criteria/state/VIC/year/2025/jurisdiction-facility/00004202
australia-npi	526174	2024/2025	SUN ACE	SUN ACE AUSTRALIA PTY LTD	Australia	-38.031657	145.223758	1899	Other Basic Chemical Product Manufacturing n.e.c.	1899	Other Basic Chemical Product Manufacturing n.e.c.	Manufacture of Plastic Additives		http://www.npi.gov.au/npidata/action/load/individual-facility-detail/criteria/state/VIC/year/2025/jurisdiction-facility/00004207
australia-npi	526210	2024/2025	Visy Paper No. 4 and 5	VISY PAPER PTY LTD	Australia	-37.649051	144.937198	1521	Corrugated Paperboard and Paperboard Container Manufacturing	1521	Corrugated Paperboard and Paperboard Container Manufacturing	Paper recycling plant. Converting waste paper to new paper and then to corrugated cartons.		http://www.npi.gov.au/npidata/action/load/individual-facility-detail/criteria/state/VIC/year/2025/jurisdiction-facility/00004209
australia-npi	526264	2024/2025	Don KRC	GEORGE WESTON FOODS LIMITED	Australia	-37.050854	144.207926	1113	Cured Meat and Smallgoods Manufacturing	1113	Cured Meat and Smallgoods Manufacturing	Bacon, ham and smallgoods manufacturing		http://www.npi.gov.au/npidata/action/load/individual-facility-detail/criteria/state/VIC/year/2025/jurisdiction-facility/00004212
australia-npi	526326	2024/2025	Ampelite Australia Pty Ltd	AMPELITE AUSTRALIA PTY LTD	Australia	-38.01952	145.225759	1919	Other Polymer Product Manufacturing	1919	Other Polymer Product Manufacturing	Manufacture of fibreglass reinforced plastic roof sheeting through controlled non-atomised pulltrusion coating process with no spraying.		http://www.npi.gov.au/npidata/action/load/individual-facility-detail/criteria/state/VIC/year/2025/jurisdiction-facility/00004218
australia-npi	526396	2024/2025	West Footscray Site	HEMPEL (WATTYL) AUSTRALIA PTY LTD	Australia	-37.80338	144.880552	1916	Paint and Coatings Manufacturing	1916	Paint and Coatings Manufacturing	Manufacture of architectural and industrial surface coatings		http://www.npi.gov.au/npidata/action/load/individual-facility-detail/criteria/state/VIC/year/2025/jurisdiction-facility/00004223
australia-npi	526428	2024/2025	Peerless Foods	PEERLESS HOLDINGS PTY LIMITED	Australia	-37.776031	144.863168	1150	Oil and Fat Manufacturing	1150	Oil and Fat Manufacturing	Processing edible fats and oils		http://www.npi.gov.au/npidata/action/load/individual-facility-detail/criteria/state/VIC/year/2025/jurisdiction-facility/00004226
australia-npi	526446	2024/2025	SHEPPARTON SITE	SPC OPERATIONS PTY LTD	Australia	-36.376003	145.418219	1140	Fruit and Vegetable Processing	1140	Fruit and Vegetable Processing	Canning and other thermal processing of fruit and vegetable products		http://www.npi.gov.au/npidata/action/load/individual-facility-detail/criteria/state/VIC/year/2025/jurisdiction-facility/00004227
australia-npi	526512	2024/2025	Geelong	INCITEC PIVOT LIMITED	Australia	-38.097754	144.374918	1831	Fertiliser Manufacturing	1831	Fertiliser Manufacturing	Fertiliser manufacturing & distribution		http://www.npi.gov.au/npidata/action/load/individual-facility-detail/criteria/state/VIC/year/2025/jurisdiction-facility/00004232
australia-npi	526608	2024/2025	SDI LIMITED	SDI LIMITED	Australia	-37.849507	145.277009	1841	Human Pharmaceutical and Medicinal Product Manufacturing	1841	Human Pharmaceutical and Medicinal Product Manufacturing	Manufacturing of medical devices - dental restoratives		http://www.npi.gov.au/npidata/action/load/individual-facility-detail/criteria/state/VIC/year/2025/jurisdiction-facility/00004262
australia-npi	526742	2024/2025	Oztek	OZTEK HOLDINGS PTY LTD	Australia	-36.118339	146.69789	1111	Meat Processing	1111	Meat Processing	Meat fat rendering		http://www.npi.gov.au/npidata/action/load/individual-facility-detail/criteria/state/VIC/year/2025/jurisdiction-facility/00004318
australia-npi	526798	2024/2025	Tatura Milk Industries	TATURA MILK INDUSTRIES LIMITED	Australia	-36.440694	145.235016	1133	Cheese and Other Dairy Product Manufacturing	1133	Cheese and Other Dairy Product Manufacturing	Milk, cream cheese, butter and milk powder manufacture		http://www.npi.gov.au/npidata/action/load/individual-facility-detail/criteria/state/VIC/year/2025/jurisdiction-facility/00004324
australia-npi	526868	2024/2025	Tongala	H. W. GREENHAM & SONS PROPRIETARY LIMITED	Australia	-36.255388	144.93146	1111	Meat Processing	1111	Meat Processing	Meat Processing - Abattoir		http://www.npi.gov.au/npidata/action/load/individual-facility-detail/criteria/state/VIC/year/2025/jurisdiction-facility/00004332
australia-npi	526898	2024/2025	Viva Energy Geelong Refinery	VIVA ENERGY REFINING PTY LTD	Australia	-38.076224	144.379108	1701	Petroleum Refining and Petroleum Fuel Manufacturing	1701	Petroleum Refining and Petroleum Fuel Manufacturing	Petroleum refining		http://www.npi.gov.au/npidata/action/load/individual-facility-detail/criteria/state/VIC/year/2025/jurisdiction-facility/00004335
australia-npi	526918	2024/2025	KOROIT SITE	BEGA CHEESE LIMITED	Australia	-38.293628	142.37228	1131	Milk and Cream Processing	1131	Milk and Cream Processing	Dairy food processing plant		http://www.npi.gov.au/npidata/action/load/individual-facility-detail/criteria/state/VIC/year/2025/jurisdiction-facility/00004336
australia-npi	527022	2024/2025	QENOS PTY LTD	QENOS PTY LTD	Australia	-37.850816	144.813278	1821	Synthetic Resin and Synthetic Rubber Manufacturing	1821	Synthetic Resin and Synthetic Rubber Manufacturing	Production of polyethylene. Steam cracking of ethane and LPG.		http://www.npi.gov.au/npidata/action/load/individual-facility-detail/criteria/state/VIC/year/2025/jurisdiction-facility/00004342
australia-npi	527042	2024/2025	Cobden	FONTERRA AUSTRALIA PTY LTD	Australia	-38.333252	143.072247	1131	Milk and Cream Processing	1131	Milk and Cream Processing	Dairy product manufacturing		http://www.npi.gov.au/npidata/action/load/individual-facility-detail/criteria/state/VIC/year/2025/jurisdiction-facility/00004343
australia-npi	527060	2024/2025	SAPUTO DAIRY AUSTRALIA - Maffra	SAPUTO DAIRY AUSTRALIA PTY LTD	Australia	-37.97298	146.967114	1131	Milk and Cream Processing	1131	Milk and Cream Processing	Food processing plant. Dairy		http://www.npi.gov.au/npidata/action/load/individual-facility-detail/criteria/state/VIC/year/2025/jurisdiction-facility/00004344
australia-npi	527144	2024/2025	Darnum	FONTERRA AUSTRALIA PTY LTD	Australia	-38.180463	145.993085	1131	Milk and Cream Processing	1131	Milk and Cream Processing	Dairy product manufacturing		http://www.npi.gov.au/npidata/action/load/individual-facility-detail/criteria/state/VIC/year/2025/jurisdiction-facility/00004352
australia-npi	527184	2024/2025	SAPUTO DAIRY AUSTRALIA - LEONGATHA	SAPUTO DAIRY AUSTRALIA PTY LTD	Australia	-38.472948	145.946614	1131	Milk and Cream Processing	1131	Milk and Cream Processing	Food processing plant. Dairy		http://www.npi.gov.au/npidata/action/load/individual-facility-detail/criteria/state/VIC/year/2025/jurisdiction-facility/00004357
australia-npi	527192	2024/2025	Dennington	PROVICO AUSTRALIA PTY LTD	Australia	-38.35415	142.43803	1133	Cheese and Other Dairy Product Manufacturing	1133	Cheese and Other Dairy Product Manufacturing	Receiving fresh milk and processing into milk powder for packing and distribution to domestic and export markets		http://www.npi.gov.au/npidata/action/load/individual-facility-detail/criteria/state/VIC/year/2025/jurisdiction-facility/00004358
australia-npi	527248	2024/2025	Stanhope	FONTERRA AUSTRALIA PTY LTD	Australia	-36.450731	144.992714	1131	Milk and Cream Processing	1131	Milk and Cream Processing	Dairy product manufacturing		http://www.npi.gov.au/npidata/action/load/individual-facility-detail/criteria/state/VIC/year/2025/jurisdiction-facility/00004365
australia-npi	527302	2024/2025	Sugar Australia Yarraville Refinery	SUGAR AUSTRALIA PTY LIMITED	Australia	-37.817289	144.902408	1181	Sugar Manufacturing	1181	Sugar Manufacturing	Refining of raw sugar into refined sugar products. Raw sugar bulk ship discharge and storage. Warehousing and distribution of bulk and packaged refined sugar products.		http://www.npi.gov.au/npidata/action/load/individual-facility-detail/criteria/state/VIC/year/2025/jurisdiction-facility/00004368
australia-npi	527340	2024/2025	Mars Petcare Australia	MARS AUSTRALIA PTY LTD	Australia	-36.109549	146.872359	1192	Prepared Animal and Bird Feed Manufacturing	1192	Prepared Animal and Bird Feed Manufacturing	Petfood manufacturing		http://www.npi.gov.au/npidata/action/load/individual-facility-detail/criteria/state/VIC/year/2025/jurisdiction-facility/00004370
australia-npi	527364	2024/2025	Warrnambool Cheese & Butter Factory	SAPUTO DAIRY AUSTRALIA PTY LTD	Australia	-38.392322	142.627197	1133	Cheese and Other Dairy Product Manufacturing	1133	Cheese and Other Dairy Product Manufacturing	Milk powder, Whey protein concentrate, Bulk cheese, Butter, Cream, Market milk manufacture, Lactoferrin		http://www.npi.gov.au/npidata/action/load/individual-facility-detail/criteria/state/VIC/year/2025/jurisdiction-facility/00004372
australia-npi	527386	2024/2025	Sun Pharma Controlled Substances Division	SUN PHARMACEUTICAL INDUSTRIES (AUSTRALIA) PTY LTD	Australia	-38.381197	142.226442	1841	Human Pharmaceutical and Medicinal Product Manufacturing	1841	Human Pharmaceutical and Medicinal Product Manufacturing	Extraction of bulk narcotic pharmaceuticals from poppies. Synthesis of narcotic derivatives.		http://www.npi.gov.au/npidata/action/load/individual-facility-detail/criteria/state/VIC/year/2025/jurisdiction-facility/00004374
australia-npi	527436	2024/2025	SAPUTO DAIRY AUSTRALIA - Kiewa	SAPUTO DAIRY AUSTRALIA PTY LTD	Australia	-36.251249	147.034642	1131	Milk and Cream Processing	1131	Milk and Cream Processing	Food processing plant. Dairy		http://www.npi.gov.au/npidata/action/load/individual-facility-detail/criteria/state/VIC/year/2025/jurisdiction-facility/00004388
australia-npi	527516	2024/2025	Wodonga Rendering	WODONGA RENDERING PTY LTD	Australia	-36.11279	146.877509	1111	Meat Processing	1111	Meat Processing	"Processing livestock (beef, goats and sheep) in abattoir primarily for the export market. Rendering abattoir material to produce tallow, meat & bone meal and blood meal for the domestic and export market.
Salting small-stock skins for the export market."		http://www.npi.gov.au/npidata/action/load/individual-facility-detail/criteria/state/VIC/year/2025/jurisdiction-facility/00004409
australia-npi	527536	2024/2025	Thomas Foods International Stawell PTY LTD	THOMAS FOODS INTERNATIONAL STAWELL PTY LIMITED	Australia	-37.053728	142.75629	1111	Meat Processing	1111	Meat Processing	Sheep, lamb and goat abattoir		http://www.npi.gov.au/npidata/action/load/individual-facility-detail/criteria/state/VIC/year/2025/jurisdiction-facility/00004425
australia-npi	527572	2024/2025	Lockwood Processing Plant	HAZELDENE'S CHICKEN FARM PROPRIETARY LIMITED	Australia	-36.812428	144.165077	1112	Poultry Processing	1112	Poultry Processing	Poultry Processing		http://www.npi.gov.au/npidata/action/load/individual-facility-detail/criteria/state/VIC/year/2025/jurisdiction-facility/00004439
australia-npi	527664	2024/2025	Swan Hill Abattoirs	WOODWARD FOODS AUSTRALIA PTY LTD	Australia	-35.299949	143.563811	1111	Meat Processing	1111	Meat Processing	Meat processing & rendering		http://www.npi.gov.au/npidata/action/load/individual-facility-detail/criteria/state/VIC/year/2025/jurisdiction-facility/00004457
australia-npi	528104	2024/2025	Somerville Processing Plant	INGHAMS ENTERPRISES PTY LIMITED	Australia	-38.208564	145.182917	1112	Poultry Processing	1112	Poultry Processing	Poultry processing facility		http://www.npi.gov.au/npidata/action/load/individual-facility-detail/criteria/state/VIC/year/2025/jurisdiction-facility/00004530
australia-npi	528604	2024/2025	Strathmerton Site	BEGA CHEESE LIMITED	Australia	-35.9233888889	145.4882222222	1133	Cheese and Other Dairy Product Manufacturing	1133	Cheese and Other Dairy Product Manufacturing	Manufacture of processed cheese.		http://www.npi.gov.au/npidata/action/load/individual-facility-detail/criteria/state/VIC/year/2025/jurisdiction-facility/00004594
australia-npi	528622	2024/2025	Morwell	IXOM OPERATIONS PTY LTD	Australia	-38.224011	146.441466	1813	Basic Inorganic Chemical Manufacturing	1813	Basic Inorganic Chemical Manufacturing	Manufacture of chemicals for water and wastewater treatment and other industrial uses		http://www.npi.gov.au/npidata/action/load/individual-facility-detail/criteria/state/VIC/year/2025/jurisdiction-facility/00004611
australia-npi	528642	2024/2025	AUSTRALIAN CHAR PTY LTD	AUSTRALIAN CHAR PTY LTD	Australia	-38.242035	146.441329	1709	Other Petroleum and Coal Product Manufacturing	1709	Other Petroleum and Coal Product Manufacturing	Production of barbecue fuel briquettes from brown coal char		http://www.npi.gov.au/npidata/action/load/individual-facility-detail/criteria/state/VIC/year/2025/jurisdiction-facility/00004613
australia-npi	528850	2024/2025	Campbell Soup	CAMPBELL AUSTRALASIA PTY LTD	Australia	-36.340537	145.463506	1140	Fruit and Vegetable Processing	1140	Fruit and Vegetable Processing	Manufacture of food products		http://www.npi.gov.au/npidata/action/load/individual-facility-detail/criteria/state/VIC/year/2025/jurisdiction-facility/00004673
australia-npi	528990	2024/2025	Wagon Paints Australia Pty Ltd	WAGON PAINTS AUSTRALIA PTY LTD	Australia	-37.818305	145.300456	1916	Paint and Coatings Manufacturing	1916	Paint and Coatings Manufacturing	Manufacture of industrial surface coatings		http://www.npi.gov.au/npidata/action/load/individual-facility-detail/criteria/state/VIC/year/2025/jurisdiction-facility/00004691
australia-npi	529068	2024/2025	Malt Delacombe	BOORTMALT ASIA PACIFIC PTY LTD	Australia	-37.572087	143.821146	1161	Grain Mill Product Manufacturing	1161	Grain Mill Product Manufacturing	Malting barley for production of malt		http://www.npi.gov.au/npidata/action/load/individual-facility-detail/criteria/state/VIC/year/2025/jurisdiction-facility/00004701
australia-npi	529088	2024/2025	Visy Paper 2	VISY PAPER PTY LTD	Australia	-37.711338	144.983445	1510	Pulp, Paper and Paperboard Manufacturing	1510	Pulp, Paper and Paperboard Manufacturing	Paper recycling plant converting waste paper into new paper for use in the corrugated box industry.		http://www.npi.gov.au/npidata/action/load/individual-facility-detail/criteria/state/VIC/year/2025/jurisdiction-facility/00004702
australia-npi	529144	2024/2025	Tip Top Dandenong	GEORGE WESTON FOODS LIMITED	Australia	-38.015546	145.230981	1171	Bread Manufacturing (Factory based)	1171	Bread Manufacturing (Factory based)	Bread manufacturing and packing		http://www.npi.gov.au/npidata/action/load/individual-facility-detail/criteria/state/VIC/year/2025/jurisdiction-facility/00004710
australia-npi	529170	2024/2025	Opal Fibre Packaging Brooklyn	OPAL PACKAGING AUSTRALIA PTY LTD	Australia	-37.814649	144.855807	1510	Pulp, Paper and Paperboard Manufacturing	1510	Pulp, Paper and Paperboard Manufacturing	Manufacturing of cardboard boxes and packaging material from recycled paper		http://www.npi.gov.au/npidata/action/load/individual-facility-detail/criteria/state/VIC/year/2025/jurisdiction-facility/00004712
australia-npi	529204	2024/2025	Peters Ice Cream	AUSTRALASIAN FOOD GROUP PTY LTD	Australia	-37.920593	145.15135	1132	Ice Cream Manufacturing	1132	Ice Cream Manufacturing	Ice cream manufacturing		http://www.npi.gov.au/npidata/action/load/individual-facility-detail/criteria/state/VIC/year/2025/jurisdiction-facility/00004714
australia-npi	529222	2024/2025	Opal Australian Paper Maryvale Mill	PAPER AUSTRALIA PTY LTD	Australia	-38.179045	146.462361	1510	Pulp, Paper and Paperboard Manufacturing	1510	Pulp, Paper and Paperboard Manufacturing	Wood pulp manufacturing		http://www.npi.gov.au/npidata/action/load/individual-facility-detail/criteria/state/VIC/year/2025/jurisdiction-facility/00004715
australia-npi	529242	2024/2025	Seqirus (Parkville)	CSL LIMITED	Australia	-37.779327	144.947092	1841	Human Pharmaceutical and Medicinal Product Manufacturing	1841	Human Pharmaceutical and Medicinal Product Manufacturing	Manufacture, development and marketing of pharmaceutical products of biological origin.		http://www.npi.gov.au/npidata/action/load/individual-facility-detail/criteria/state/VIC/year/2025/jurisdiction-facility/00004716
australia-npi	529262	2024/2025	CSL Behring (Australia) Pty Ltd	CSL LIMITED	Australia	-37.688192	144.940536	1841	Human Pharmaceutical and Medicinal Product Manufacturing	1841	Human Pharmaceutical and Medicinal Product Manufacturing	Manufacture of pharmaceutical products of biological origin		http://www.npi.gov.au/npidata/action/load/individual-facility-detail/criteria/state/VIC/year/2025/jurisdiction-facility/00004717
australia-npi	529440	2024/2025	PRESCHEM PTY LTD	PRESCHEM PTY LTD	Australia	-37.951495	145.073637	1813	Basic Inorganic Chemical Manufacturing	1813	Basic Inorganic Chemical Manufacturing	Manufacture of clear timber oil finishes and remedial wood preservatives.		http://www.npi.gov.au/npidata/action/load/individual-facility-detail/criteria/state/VIC/year/2025/jurisdiction-facility/00004735
australia-npi	529696	2024/2025	Mars Chocolate Australia	MARS AUSTRALIA PTY LTD	Australia	-37.519424	143.816028	1182	Confectionery Manufacturing	1182	Confectionery Manufacturing	Chocolate Confectionery Manufacturing		http://www.npi.gov.au/npidata/action/load/individual-facility-detail/criteria/state/VIC/year/2025/jurisdiction-facility/00004764
australia-npi	529756	2024/2025	Opal Fibre Packaging Scoresby	OPAL PACKAGING AUSTRALIA PTY LTD	Australia	-37.901134	145.233724	1510	Pulp, Paper and Paperboard Manufacturing	1510	Pulp, Paper and Paperboard Manufacturing	Fibre box manufacturing and printing.		http://www.npi.gov.au/npidata/action/load/individual-facility-detail/criteria/state/VIC/year/2025/jurisdiction-facility/00004768
australia-npi	530476	2024/2025	Geelong Malthouse	BARRETT BURSTON MALTING CO PTY LTD	Australia	-38.11436	144.358592	1161	Grain Mill Product Manufacturing	1161	Grain Mill Product Manufacturing	Barley and wheat processing and germination to produce malt		http://www.npi.gov.au/npidata/action/load/individual-facility-detail/criteria/state/VIC/year/2025/jurisdiction-facility/00004834
australia-npi	530546	2024/2025	Bega Foods International-Port Melbourne	BEGA CHEESE LIMITED	Australia	-37.826687	144.924195	1199	Other Food Product Manufacturing n.e.c.	1199	Other Food Product Manufacturing n.e.c.	Manufacture of processed foods - major products are peanut butter, vegemite, salad dressings.		http://www.npi.gov.au/npidata/action/load/individual-facility-detail/criteria/state/VIC/year/2025/jurisdiction-facility/00004842
australia-npi	530676	2024/2025	Encore Tissue	ENCORE TISSUE (AUST) PTY LTD	Australia	-37.820751	144.795989	1510	Pulp, Paper and Paperboard Manufacturing	1510	Pulp, Paper and Paperboard Manufacturing	Manufacturing of Paper Personal Hygiene products		http://www.npi.gov.au/npidata/action/load/individual-facility-detail/criteria/state/VIC/year/2025/jurisdiction-facility/00004857
australia-npi	530864	2024/2025	Cheltenham	ECOLAB PTY LTD	Australia	-37.959305	145.037698	1813	Basic Inorganic Chemical Manufacturing	1813	Basic Inorganic Chemical Manufacturing	Chemical blending operations. Storage, handling and distribution.		http://www.npi.gov.au/npidata/action/load/individual-facility-detail/criteria/state/VIC/year/2025/jurisdiction-facility/00005121
australia-npi	530876	2024/2025	Haymes Paint	HENRY HAYMES PROPRIETARY LIMITED	Australia	-37.552036	143.808767	1916	Paint and Coatings Manufacturing	1916	Paint and Coatings Manufacturing	Manufacture of surface coating products		http://www.npi.gov.au/npidata/action/load/individual-facility-detail/criteria/state/VIC/year/2025/jurisdiction-facility/00005625
australia-npi	530924	2024/2025	Ringwood	MONDELEZ AUSTRALIA PTY LTD	Australia	-37.831116	145.220513	1182	Confectionery Manufacturing	1182	Confectionery Manufacturing	Confectionery manufacture		http://www.npi.gov.au/npidata/action/load/individual-facility-detail/criteria/state/VIC/year/2025/jurisdiction-facility/00006132
australia-npi	531030	2024/2025	DIC Moorabbin	DIC AUSTRALIA PTY LIMITED	Australia	-37.941349	145.067279	1916	Paint and Coatings Manufacturing	1916	Paint and Coatings Manufacturing	Manufacture of printing ink		http://www.npi.gov.au/npidata/action/load/individual-facility-detail/criteria/state/VIC/year/2025/jurisdiction-facility/00006658
australia-npi	531098	2024/2025	Geelong Processing	TUROSI PTY LTD	Australia	-38.173498	144.376322	1112	Poultry Processing	1112	Poultry Processing	Poultry processing		http://www.npi.gov.au/npidata/action/load/individual-facility-detail/criteria/state/VIC/year/2025/jurisdiction-facility/00006736
australia-npi	531160	2024/2025	Mulgrave Site	HOSPIRA AUSTRALIA PTY LTD	Australia	-37.910688	145.151598	1841	Human Pharmaceutical and Medicinal Product Manufacturing	1841	Human Pharmaceutical and Medicinal Product Manufacturing	Sterile pharmaceutical product manufacture and distribution		http://www.npi.gov.au/npidata/action/load/individual-facility-detail/criteria/state/VIC/year/2025/jurisdiction-facility/00006781
australia-npi	531252	2024/2025	REDOX LIMITED	REDOX LIMITED	Australia	-37.818431	144.804512	1813	Basic Inorganic Chemical Manufacturing	1813	Basic Inorganic Chemical Manufacturing	Importation, storage and distribution of industrial chemicals. Dilution and packaging of industrial chemicals.		http://www.npi.gov.au/npidata/action/load/individual-facility-detail/criteria/state/VIC/year/2025/jurisdiction-facility/00006811
australia-npi	531270	2024/2025	Facility Graincorp Foods West Footscray	GRAINCORP LIMITED	Australia	-37.800516	144.871548	1150	Oil and Fat Manufacturing	1150	Oil and Fat Manufacturing	Edible oil production		http://www.npi.gov.au/npidata/action/load/individual-facility-detail/criteria/state/VIC/year/2025/jurisdiction-facility/00006814
australia-npi	531306	2024/2025	Ararat Abattoir	ALINDARE PTY. LTD.	Australia	-37.271439	142.960688	1111	Meat Processing	1111	Meat Processing	Processing sheep and goats		http://www.npi.gov.au/npidata/action/load/individual-facility-detail/criteria/state/VIC/year/2025/jurisdiction-facility/00006820
australia-npi	531354	2024/2025	AUSTRALIAN TALLOW PRODUCERS PTY LTD	AUSTRALIAN TALLOW PRODUCERS PTY LTD	Australia	-37.81969	144.835781	1111	Meat Processing	1111	Meat Processing	Rendering of animal by-products to produce tallow/oil and meat meals		http://www.npi.gov.au/npidata/action/load/individual-facility-detail/criteria/state/VIC/year/2025/jurisdiction-facility/00006827
australia-npi	531370	2024/2025	Aspen Australia Dandenong	ASPEN PHARMA PTY LTD	Australia	-38.029646	145.210134	1841	Human Pharmaceutical and Medicinal Product Manufacturing	1841	Human Pharmaceutical and Medicinal Product Manufacturing	Manufacture of pharmaceutical products		http://www.npi.gov.au/npidata/action/load/individual-facility-detail/criteria/state/VIC/year/2025/jurisdiction-facility/00006830
australia-npi	531402	2024/2025	Bega Dairy & Drinks - Chelsea Heights	BEGA DAIRY AND DRINKS PTY LTD	Australia	-38.021054	145.121488	1131	Milk and Cream Processing	1131	Milk and Cream Processing	Milk and Cream Processing and Warehouse		http://www.npi.gov.au/npidata/action/load/individual-facility-detail/criteria/state/VIC/year/2025/jurisdiction-facility/00006834
australia-npi	531420	2024/2025	ROWVILLE	LACTALIS AUSTRALIA PTY LTD	Australia	-37.928154	145.221362	1131	Milk and Cream Processing	1131	Milk and Cream Processing	Processing and Packaging of Dairy and Juice Products		http://www.npi.gov.au/npidata/action/load/individual-facility-detail/criteria/state/VIC/year/2025/jurisdiction-facility/00006835
australia-npi	531432	2024/2025	Thales Australia Limited	THALES AUSTRALIA LIMITED	Australia	-36.508564	146.007358	1892	Explosive Manufacturing	1892	Explosive Manufacturing	Munitions manufacture		http://www.npi.gov.au/npidata/action/load/individual-facility-detail/criteria/state/VIC/year/2025/jurisdiction-facility/00006839
australia-npi	531450	2024/2025	BENDIGO	LACTALIS AUSTRALIA PTY LTD	Australia	-36.739675	144.284606	1131	Milk and Cream Processing	1131	Milk and Cream Processing	Processing and packaging of dairy and Soy products		http://www.npi.gov.au/npidata/action/load/individual-facility-detail/criteria/state/VIC/year/2025/jurisdiction-facility/00006840
australia-npi	531462	2024/2025	Bega Dairy and Drinks, Morwell	BEGA DAIRY AND DRINKS PTY LTD	Australia	-38.22994	146.454083	1133	Cheese and Other Dairy Product Manufacturing	1133	Cheese and Other Dairy Product Manufacturing	Dairy product manufacture		http://www.npi.gov.au/npidata/action/load/individual-facility-detail/criteria/state/VIC/year/2025/jurisdiction-facility/00006844
australia-npi	531488	2024/2025	Moncreiffs Winery	MONCREIFFS PTY LTD	Australia	-36.828083	145.139861	1214	Wine and Other Alcoholic Beverage Manufacturing	1214	Wine and Other Alcoholic Beverage Manufacturing	Winery		http://www.npi.gov.au/npidata/action/load/individual-facility-detail/criteria/state/VIC/year/2025/jurisdiction-facility/00006849
australia-npi	531496	2024/2025	Campbells Winery	CAMPBELLS WINES PTY LTD	Australia	-36.053852	146.440552	1214	Wine and Other Alcoholic Beverage Manufacturing	1214	Wine and Other Alcoholic Beverage Manufacturing	Production of wine, bottling, warehousing and retail selling.		http://www.npi.gov.au/npidata/action/load/individual-facility-detail/criteria/state/VIC/year/2025/jurisdiction-facility/00006854
australia-npi	531510	2024/2025	DeBortoli Wines Dixons Creek	DE BORTOLI WINES PTY LIMITED	Australia	-37.601879	145.420936	1214	Wine and Other Alcoholic Beverage Manufacturing	1214	Wine and Other Alcoholic Beverage Manufacturing	Wine making		http://www.npi.gov.au/npidata/action/load/individual-facility-detail/criteria/state/VIC/year/2025/jurisdiction-facility/00006855
australia-npi	531518	2024/2025	Great Western (Seppelts) Winery	TREASURY WINE ESTATES LIMITED	Australia	-37.152164	142.83126	1214	Wine and Other Alcoholic Beverage Manufacturing	1214	Wine and Other Alcoholic Beverage Manufacturing	Manufacturing wine		http://www.npi.gov.au/npidata/action/load/individual-facility-detail/criteria/state/VIC/year/2025/jurisdiction-facility/00006857
australia-npi	531532	2024/2025	Tahbilk Estate	TAHBILK PROPRIETARY LIMITED	Australia	-36.824523	145.085685	1214	Wine and Other Alcoholic Beverage Manufacturing	1214	Wine and Other Alcoholic Beverage Manufacturing	Winery		http://www.npi.gov.au/npidata/action/load/individual-facility-detail/criteria/state/VIC/year/2025/jurisdiction-facility/00006858
australia-npi	531540	2024/2025	Morris Wines	CASELLA WINES PTY. LIMITED	Australia	-36.025213	146.607236	1214	Wine and Other Alcoholic Beverage Manufacturing	1214	Wine and Other Alcoholic Beverage Manufacturing	Wine and Spirit Manufacture		http://www.npi.gov.au/npidata/action/load/individual-facility-detail/criteria/state/VIC/year/2025/jurisdiction-facility/00006860
australia-npi	531572	2024/2025	BEST'S WINES PROPRIETARY LIMITED	BEST'S WINES PROPRIETARY LIMITED	Australia	-37.100532	142.818764	1214	Wine and Other Alcoholic Beverage Manufacturing	1214	Wine and Other Alcoholic Beverage Manufacturing	Winemaking		http://www.npi.gov.au/npidata/action/load/individual-facility-detail/criteria/state/VIC/year/2025/jurisdiction-facility/00006886
australia-npi	531576	2024/2025	Brown Brothers Milawa Vineyard P/L	BROWN BROTHERS MILAWA VINEYARD PTY LIMITED	Australia	-36.455324	146.430244	1214	Wine and Other Alcoholic Beverage Manufacturing	1214	Wine and Other Alcoholic Beverage Manufacturing	Wine making and packaging		http://www.npi.gov.au/npidata/action/load/individual-facility-detail/criteria/state/VIC/year/2025/jurisdiction-facility/00006887
australia-npi	531606	2024/2025	CCEP Moorabbin	COCA-COLA EUROPACIFIC PARTNERS AUSTRALIA PTY LIMITED	Australia	-37.944597	145.063579	1211	Soft Drink, Cordial and Syrup Manufacturing	1211	Soft Drink, Cordial and Syrup Manufacturing	Soft Drink, Cordial and Syrup Manufacturing.		http://www.npi.gov.au/npidata/action/load/individual-facility-detail/criteria/state/VIC/year/2025/jurisdiction-facility/00006896
australia-npi	532284	2024/2025	Domaine Chandon	DOMAINE CHANDON AUST PTY LTD	Australia	-37.679988	145.432322	1214	Wine and Other Alcoholic Beverage Manufacturing	1214	Wine and Other Alcoholic Beverage Manufacturing	Grape growing, wine making and bottling		http://www.npi.gov.au/npidata/action/load/individual-facility-detail/criteria/state/VIC/year/2025/jurisdiction-facility/00007016
australia-npi	532294	2024/2025	Oakridge Winery	DORRIEN ESTATE WINERY PTY LTD	Australia	-37.68342	145.453229	1214	Wine and Other Alcoholic Beverage Manufacturing	1214	Wine and Other Alcoholic Beverage Manufacturing	Wine making		http://www.npi.gov.au/npidata/action/load/individual-facility-detail/criteria/state/VIC/year/2025/jurisdiction-facility/00007017
australia-npi	532382	2024/2025	Lindemans Karadoc Winery	TREASURY WINE ESTATES LIMITED	Australia	-34.319554	142.273013	1214	Wine and Other Alcoholic Beverage Manufacturing	1214	Wine and Other Alcoholic Beverage Manufacturing	Wine manufacturing and packaging		http://www.npi.gov.au/npidata/action/load/individual-facility-detail/criteria/state/VIC/year/2025/jurisdiction-facility/00007086
australia-npi	532406	2024/2025	Nestle Confectionery	NESTLE AUSTRALIA LTD	Australia	-37.675819	144.954485	1182	Confectionery Manufacturing	1182	Confectionery Manufacturing	Confectionery manufacturing		http://www.npi.gov.au/npidata/action/load/individual-facility-detail/criteria/state/VIC/year/2025/jurisdiction-facility/00007092
australia-npi	532502	2024/2025	Ballarat	MCCAIN FOODS (AUST) PTY LTD	Australia	-37.52222222	143.81238888	1199	Other Food Product Manufacturing n.e.c.	1199	Other Food Product Manufacturing n.e.c.	Food Manufacture		http://www.npi.gov.au/npidata/action/load/individual-facility-detail/criteria/state/VIC/year/2025/jurisdiction-facility/00007108
australia-npi	532588	2024/2025	Henkel - Kilsyth	HENKEL AUSTRALIA PTY LTD	Australia	-37.825626	145.308241	1899	Other Basic Chemical Product Manufacturing n.e.c.	1899	Other Basic Chemical Product Manufacturing n.e.c.	Chemical blending for metal pretreatment products: acid/alkali cleaners, zinc phosphates, chromates. Adhesive and sealant manufacturing.		http://www.npi.gov.au/npidata/action/load/individual-facility-detail/criteria/state/VIC/year/2025/jurisdiction-facility/00007618
australia-npi	532656	2024/2025	Welvic	WELVIC AUSTRALIA PTY LTD	Australia	-37.778018	144.775687	1912	Rigid and Semi-Rigid Polymer Product Manufacturing	1912	Rigid and Semi-Rigid Polymer Product Manufacturing	Manufacture of PVC Compound		http://www.npi.gov.au/npidata/action/load/individual-facility-detail/criteria/state/VIC/year/2025/jurisdiction-facility/00007632
australia-npi	532676	2024/2025	Henry Jones Foods - Goulburn Valley Creamery	HENRY JONES FOODS PTY LTD	Australia	-36.30640965	145.0405655	1131	Milk and Cream Processing	1131	Milk and Cream Processing	Manufacturing of dairy products and sauces		http://www.npi.gov.au/npidata/action/load/individual-facility-detail/criteria/state/VIC/year/2025/jurisdiction-facility/00007635
australia-npi	532938	2024/2025	Boral Asphalt - Deer Park	BORAL RESOURCES (VIC) PTY LIMITED	Australia	-37.779961	144.735891	1709	Other Petroleum and Coal Product Manufacturing	1709	Other Petroleum and Coal Product Manufacturing	Asphalt Production		http://www.npi.gov.au/npidata/action/load/individual-facility-detail/criteria/state/VIC/year/2025/jurisdiction-facility/00008623
australia-npi	532956	2024/2025	Boral Asphalt - Montrose	BORAL RESOURCES (VIC) PTY LIMITED	Australia	-37.816843	145.324347	1709	Other Petroleum and Coal Product Manufacturing	1709	Other Petroleum and Coal Product Manufacturing	Asphalt Production		http://www.npi.gov.au/npidata/action/load/individual-facility-detail/criteria/state/VIC/year/2025/jurisdiction-facility/00008624
australia-npi	532974	2024/2025	Midfield Meat Group	MIDFIELD MEAT PROCESSING PTY LTD	Australia	-38.374299	142.461047	1111	Meat Processing	1111	Meat Processing	Abattoir		http://www.npi.gov.au/npidata/action/load/individual-facility-detail/criteria/state/VIC/year/2025/jurisdiction-facility/00009122
australia-npi	533226	2024/2025	HUNTSMAN POLYURETHANES (AUSTRALIA) PTY LTD	HUNTSMAN POLYURETHANES (AUSTRALIA) PTY LTD	Australia	-37.773081	144.781512	1812	Basic Organic Chemical Manufacturing	1812	Basic Organic Chemical Manufacturing	Manufacture of polyurethane precursors		http://www.npi.gov.au/npidata/action/load/individual-facility-detail/criteria/state/VIC/year/2025/jurisdiction-facility/00010625
australia-npi	533262	2024/2025	Visy Board Dandenong	VISY BOARD PROPRIETARY LIMITED	Australia	-38.010899	145.206081	1521	Corrugated Paperboard and Paperboard Container Manufacturing	1521	Corrugated Paperboard and Paperboard Container Manufacturing	Corrugating and carton manufacturing		http://www.npi.gov.au/npidata/action/load/individual-facility-detail/criteria/state/VIC/year/2025/jurisdiction-facility/00010628
australia-npi	533288	2024/2025	Uncle Tobys	NESTLE AUSTRALIA LTD	Australia	-36.012679	146.408662	1162	Cereal, Pasta and Baking Mix Manufacturing	1162	Cereal, Pasta and Baking Mix Manufacturing	Snacks & Cereal Production		http://www.npi.gov.au/npidata/action/load/individual-facility-detail/criteria/state/VIC/year/2025/jurisdiction-facility/00010633
australia-npi	533524	2024/2025	Ixom - Chemicals, Chloralkali	IXOM OPERATIONS PTY LTD	Australia	-37.825773	144.77539	1813	Basic Inorganic Chemical Manufacturing	1813	Basic Inorganic Chemical Manufacturing	Manufacture of chloralkali products including chlorine, sodium hydroxide, sodium hypochlorite, hydrochloric acid and chlorinated paraffin.		http://www.npi.gov.au/npidata/action/load/individual-facility-detail/criteria/state/VIC/year/2025/jurisdiction-facility/00015095
australia-npi	533668	2024/2025	Scoresby	MONDELEZ AUSTRALIA PTY LTD	Australia	-37.903749	145.227975	1182	Confectionery Manufacturing	1182	Confectionery Manufacturing	Sugar confectionery manufacture		http://www.npi.gov.au/npidata/action/load/individual-facility-detail/criteria/state/VIC/year/2025/jurisdiction-facility/00015208
australia-npi	533732	2024/2025	Dandenong	BOC LIMITED	Australia	-38.001671	145.207398	1811	Industrial Gas Manufacturing	1811	Industrial Gas Manufacturing	Manufacture, storage and distribution of industrial, scientific and medical gases		http://www.npi.gov.au/npidata/action/load/individual-facility-detail/criteria/state/VIC/year/2025/jurisdiction-facility/00016637
australia-npi	533856	2024/2025	Clyde Feedmill	INGHAMS ENTERPRISES PTY LIMITED	Australia	-38.13522	145.342191	1192	Prepared Animal and Bird Feed Manufacturing	1192	Prepared Animal and Bird Feed Manufacturing	Poultry Feed Manufacturing		http://www.npi.gov.au/npidata/action/load/individual-facility-detail/criteria/state/VIC/year/2025/jurisdiction-facility/00016665
australia-npi	533888	2024/2025	Pakenham	RIDLEY AGRIPRODUCTS PTY LTD	Australia	-38.082765	145.495589	1192	Prepared Animal and Bird Feed Manufacturing	1192	Prepared Animal and Bird Feed Manufacturing	Stockfeed manufacturing and distribution		http://www.npi.gov.au/npidata/action/load/individual-facility-detail/criteria/state/VIC/year/2025/jurisdiction-facility/00016667
australia-npi	534182	2024/2025	Ixom Yarraville	IXOM OPERATIONS PTY LTD	Australia	-37.818179	144.901713	1813	Basic Inorganic Chemical Manufacturing	1813	Basic Inorganic Chemical Manufacturing	Repacking & despatch of sulphuric acid, caustic soda, hydrochloric acid and derivative products		http://www.npi.gov.au/npidata/action/load/individual-facility-detail/criteria/state/VIC/year/2025/jurisdiction-facility/00019255
australia-npi	534232	2024/2025	Dandenong Site	FLINT GROUP AUSTRALIA PTY LTD	Australia	-38.026719	145.195395	1916	Paint and Coatings Manufacturing	1916	Paint and Coatings Manufacturing	Manufacture of printing ink		http://www.npi.gov.au/npidata/action/load/individual-facility-detail/criteria/state/VIC/year/2025/jurisdiction-facility/00019476
australia-npi	534264	2024/2025	RUTHERGLEN ESTATES WINERY	DE BORTOLI WINES PTY LIMITED	Australia	-36.052015	146.538267	1214	Wine and Other Alcoholic Beverage Manufacturing	1214	Wine and Other Alcoholic Beverage Manufacturing	Wine Production & Sales		http://www.npi.gov.au/npidata/action/load/individual-facility-detail/criteria/state/VIC/year/2025/jurisdiction-facility/00019567
australia-npi	534272	2024/2025	Pfeiffer Wines	CM & RH PFEIFFER	Australia	-36.037111	146.396083	1214	Wine and Other Alcoholic Beverage Manufacturing	1214	Wine and Other Alcoholic Beverage Manufacturing	Wine Production		http://www.npi.gov.au/npidata/action/load/individual-facility-detail/criteria/state/VIC/year/2025/jurisdiction-facility/00019568
australia-npi	534286	2024/2025	Victorian Alps Company Pty Ltd	VICTORIAN ALPS WINE COMPANY PTY LTD	Australia	-36.503247	146.677416	1214	Wine and Other Alcoholic Beverage Manufacturing	1214	Wine and Other Alcoholic Beverage Manufacturing	Wine manufacturing		http://www.npi.gov.au/npidata/action/load/individual-facility-detail/criteria/state/VIC/year/2025/jurisdiction-facility/00019569
australia-npi	534300	2024/2025	Andrew Peace Wines	GARACAMA PTY LTD	Australia	-35.065866	143.326221	1214	Wine and Other Alcoholic Beverage Manufacturing	1214	Wine and Other Alcoholic Beverage Manufacturing	Vineyard and winery		http://www.npi.gov.au/npidata/action/load/individual-facility-detail/criteria/state/VIC/year/2025/jurisdiction-facility/00019570
australia-npi	534314	2024/2025	BLUE PYRENEES ESTATE PTY LTD	BLUE PYRENEES ESTATE PTY LTD	Australia	-37.0681194444	143.4048888889	1214	Wine and Other Alcoholic Beverage Manufacturing	1214	Wine and Other Alcoholic Beverage Manufacturing	Grape growing, wine production, wine packaging, and wine sales		http://www.npi.gov.au/npidata/action/load/individual-facility-detail/criteria/state/VIC/year/2025/jurisdiction-facility/00019574
australia-npi	534336	2024/2025	Gill Estate	GILL WINE ESTATE PTY LTD	Australia	-34.410485	142.198226	1214	Wine and Other Alcoholic Beverage Manufacturing	1214	Wine and Other Alcoholic Beverage Manufacturing	Wine manufacturing		http://www.npi.gov.au/npidata/action/load/individual-facility-detail/criteria/state/VIC/year/2025/jurisdiction-facility/00019577
australia-npi	534360	2024/2025	Merbein Packaging	AUSTRALIAN VINTAGE LTD	Australia	-34.155381	141.984167	1214	Wine and Other Alcoholic Beverage Manufacturing	1214	Wine and Other Alcoholic Beverage Manufacturing	Wine blending and packaging		http://www.npi.gov.au/npidata/action/load/individual-facility-detail/criteria/state/VIC/year/2025/jurisdiction-facility/00019579
australia-npi	534420	2024/2025	Zilzie Wines	ZILZIE WINES PTY LTD	Australia	-34.341487	142.244209	1214	Wine and Other Alcoholic Beverage Manufacturing	1214	Wine and Other Alcoholic Beverage Manufacturing	Wine Production		http://www.npi.gov.au/npidata/action/load/individual-facility-detail/criteria/state/VIC/year/2025/jurisdiction-facility/00019591
australia-npi	534460	2024/2025	Smith Family Trust	WARRABILLA WINES PTY LTD	Australia	-36.073208	146.268281	1214	Wine and Other Alcoholic Beverage Manufacturing	1214	Wine and Other Alcoholic Beverage Manufacturing	Winemaking		http://www.npi.gov.au/npidata/action/load/individual-facility-detail/criteria/state/VIC/year/2025/jurisdiction-facility/00019601
australia-npi	534470	2024/2025	Nestle Confectionery & Snacks	NESTLE AUSTRALIA LTD	Australia	-37.212763	145.062103	1182	Confectionery Manufacturing	1182	Confectionery Manufacturing	Production of jelly confectionery		http://www.npi.gov.au/npidata/action/load/individual-facility-detail/criteria/state/VIC/year/2025/jurisdiction-facility/00019620
australia-npi	534484	2024/2025	Hanging Rock Winery	THE HANGING ROCK WINERY PTY LTD	Australia	-37.299341	144.584558	1214	Wine and Other Alcoholic Beverage Manufacturing	1214	Wine and Other Alcoholic Beverage Manufacturing	Winemaking		http://www.npi.gov.au/npidata/action/load/individual-facility-detail/criteria/state/VIC/year/2025/jurisdiction-facility/00019634
australia-npi	534488	2024/2025	Factory 1	MOTHERSON ELASTOMERS PTY LTD	Australia	-36.741143	144.296473	1919	Other Polymer Product Manufacturing	1919	Other Polymer Product Manufacturing	Rubber compounding, calendaring and extrusion.		http://www.npi.gov.au/npidata/action/load/individual-facility-detail/criteria/state/VIC/year/2025/jurisdiction-facility/00019639
australia-npi	534752	2024/2025	Bayswater	DOWNER EDI WORKS PTY LTD	Australia	-37.840531	145.279491	1709	Other Petroleum and Coal Product Manufacturing	1709	Other Petroleum and Coal Product Manufacturing	Production of hot-mix asphalt		http://www.npi.gov.au/npidata/action/load/individual-facility-detail/criteria/state/VIC/year/2025/jurisdiction-facility/00019878
australia-npi	534788	2024/2025	Shepparton	DOWNER EDI WORKS PTY LTD	Australia	-36.363779	145.426916	1709	Other Petroleum and Coal Product Manufacturing	1709	Other Petroleum and Coal Product Manufacturing	Production of hot mix asphalt		http://www.npi.gov.au/npidata/action/load/individual-facility-detail/criteria/state/VIC/year/2025/jurisdiction-facility/00019882
australia-npi	534824	2024/2025	Tatura	UNILEVER AUSTRALIA TRADING LIMITED	Australia	-36.435681	145.228271	1140	Fruit and Vegetable Processing	1140	Fruit and Vegetable Processing	Manufacture of Mayo, dry soup and side dishes.		http://www.npi.gov.au/npidata/action/load/individual-facility-detail/criteria/state/VIC/year/2025/jurisdiction-facility/00019889
australia-npi	534954	2024/2025	Tullamarine	ASAHI BEVERAGES PTY LTD	Australia	-37.717972	144.863008	1211	Soft Drink, Cordial and Syrup Manufacturing	1211	Soft Drink, Cordial and Syrup Manufacturing	Manufacture of carbonated and non-carbonated beverages.		http://www.npi.gov.au/npidata/action/load/individual-facility-detail/criteria/state/VIC/year/2025/jurisdiction-facility/00019906
australia-npi	534968	2024/2025	St Arnaud	RIDLEY AGRIPRODUCTS PTY LTD	Australia	-36.62007	143.2585	1192	Prepared Animal and Bird Feed Manufacturing	1192	Prepared Animal and Bird Feed Manufacturing	Stockfeed manufacturing and distribution		http://www.npi.gov.au/npidata/action/load/individual-facility-detail/criteria/state/VIC/year/2025/jurisdiction-facility/00020238
australia-npi	534982	2024/2025	Terang	RIDLEY AGRIPRODUCTS PTY LTD	Australia	-38.24696	142.9269	1192	Prepared Animal and Bird Feed Manufacturing	1192	Prepared Animal and Bird Feed Manufacturing	Stockfeed manufacturing and distribution		http://www.npi.gov.au/npidata/action/load/individual-facility-detail/criteria/state/VIC/year/2025/jurisdiction-facility/00020239
australia-npi	535050	2024/2025	Vitasoy Australia	VITASOY AUSTRALIA PRODUCTS PTY LTD	Australia	-36.161084	146.945658	1199	Other Food Product Manufacturing n.e.c.	1199	Other Food Product Manufacturing n.e.c.	Beverage manufacture.		http://www.npi.gov.au/npidata/action/load/individual-facility-detail/criteria/state/VIC/year/2025/jurisdiction-facility/00020245
australia-npi	535072	2024/2025	Taghleef Industries - Wodonga	TAGHLEEF INDUSTRIES PTY LTD	Australia	-36.106062	146.860759	1911	Polymer Film and Sheet Packaging Material Manufacturing	1911	Polymer Film and Sheet Packaging Material Manufacturing	Manufacture of polypropylene film		http://www.npi.gov.au/npidata/action/load/individual-facility-detail/criteria/state/VIC/year/2025/jurisdiction-facility/00020295
australia-npi	535176	2024/2025	Geelong Polypropylene Plant	VIVA ENERGY POLYMERS	Australia	-38.075347	144.380279	1821	Synthetic Resin and Synthetic Rubber Manufacturing	1821	Synthetic Resin and Synthetic Rubber Manufacturing	Manufacture of polypropylene resins. The processes include monomer storage, catalytic polymerisation, separation and extrusion of polymer powder and product storage.		http://www.npi.gov.au/npidata/action/load/individual-facility-detail/criteria/state/VIC/year/2025/jurisdiction-facility/00020353
australia-npi	535196	2024/2025	Ego Pharmaceuticals	EGO PHARMACEUTICALS PROPRIETARY LIMITED	Australia	-37.998351	145.110679	1841	Human Pharmaceutical and Medicinal Product Manufacturing	1841	Human Pharmaceutical and Medicinal Product Manufacturing	Pharmaceutical Product Manufacturing		http://www.npi.gov.au/npidata/action/load/individual-facility-detail/criteria/state/VIC/year/2025/jurisdiction-facility/00020378
australia-npi	535212	2024/2025	Visy Board - Campbellfield	VISY BOARD PROPRIETARY LIMITED	Australia	-37.650325	144.935503	1510	Pulp, Paper and Paperboard Manufacturing	1510	Pulp, Paper and Paperboard Manufacturing	Manufacturing of corrugated cartons		http://www.npi.gov.au/npidata/action/load/individual-facility-detail/criteria/state/VIC/year/2025/jurisdiction-facility/00020387
australia-npi	535244	2024/2025	Visy Board Wodonga	VISY BOARD (WODONGA) PTY LTD	Australia	-36.107647	146.829057	1521	Corrugated Paperboard and Paperboard Container Manufacturing	1521	Corrugated Paperboard and Paperboard Container Manufacturing	Corrugating and converting cardboard		http://www.npi.gov.au/npidata/action/load/individual-facility-detail/criteria/state/VIC/year/2025/jurisdiction-facility/00021303
australia-npi	535334	2024/2025	Maffra	RIDLEY AGRIPRODUCTS PTY LTD	Australia	-37.9698961094	146.9779647942	1192	Prepared Animal and Bird Feed Manufacturing	1192	Prepared Animal and Bird Feed Manufacturing	Stockfeed manufacture and distribution		http://www.npi.gov.au/npidata/action/load/individual-facility-detail/criteria/state/VIC/year/2025/jurisdiction-facility/00021357
australia-npi	535788	2024/2025	H B FULLER COMPANY AUSTRALIA PTY LIMITED	H B FULLER COMPANY AUSTRALIA PTY LIMITED	Australia	-38.024123	145.202294	1915	Adhesive Manufacturing	1915	Adhesive Manufacturing	Manufacture of adhesive and sealants		http://www.npi.gov.au/npidata/action/load/individual-facility-detail/criteria/state/VIC/year/2025/jurisdiction-facility/00023795
australia-npi	535806	2024/2025	Impact Fertilisers Portland	AMEROPA AUSTRALIA PTY LTD	Australia	-38.332311	141.586079	1831	Fertiliser Manufacturing	1831	Fertiliser Manufacturing	Fertiliser blending and distribution.		http://www.npi.gov.au/npidata/action/load/individual-facility-detail/criteria/state/VIC/year/2025/jurisdiction-facility/00023842
australia-npi	535846	2024/2025	Cummins Filtration	CUMMINS FILTRATION INTERNATIONAL CORP	Australia	-37.816625	145.310504	1899	Other Basic Chemical Product Manufacturing n.e.c.	1899	Other Basic Chemical Product Manufacturing n.e.c.	Manufacturing coolant and airfilter products for heavy duty vehicles.		http://www.npi.gov.au/npidata/action/load/individual-facility-detail/criteria/state/VIC/year/2025/jurisdiction-facility/00023862
australia-npi	535856	2024/2025	Stonier Wines	CIRCE WINES PTY LTD	Australia	-38.391457	145.06786	1214	Wine and Other Alcoholic Beverage Manufacturing	1214	Wine and Other Alcoholic Beverage Manufacturing	Grape growing and wine making		http://www.npi.gov.au/npidata/action/load/individual-facility-detail/criteria/state/VIC/year/2025/jurisdiction-facility/00023870
australia-npi	536166	2024/2025	Mitchelton Wines	NAGAMBIE WINE CORPORATION PTY LTD	Australia	-36.84875	145.0899722222	1214	Wine and Other Alcoholic Beverage Manufacturing	1214	Wine and Other Alcoholic Beverage Manufacturing	Winery, Vineyard.		http://www.npi.gov.au/npidata/action/load/individual-facility-detail/criteria/state/VIC/year/2025/jurisdiction-facility/00024842
australia-npi	536210	2024/2025	Yarraville Distillery	WILMAR BIOETHANOL (AUSTRALIA) PTY LTD	Australia	-37.817289	144.902408	1812	Basic Organic Chemical Manufacturing	1812	Basic Organic Chemical Manufacturing	Storage, loading, unloading of ethanol and other solvents		http://www.npi.gov.au/npidata/action/load/individual-facility-detail/criteria/state/VIC/year/2025/jurisdiction-facility/00026448
australia-npi	536308	2024/2025	Coldstream Hills Winery	TREASURY WINE ESTATES LIMITED	Australia	-37.71958	145.461554	1214	Wine and Other Alcoholic Beverage Manufacturing	1214	Wine and Other Alcoholic Beverage Manufacturing	Manufacturing wine		http://www.npi.gov.au/npidata/action/load/individual-facility-detail/criteria/state/VIC/year/2025/jurisdiction-facility/00026902
australia-npi	536382	2024/2025	Gunbower	RIDLEY AGRIPRODUCTS PTY LTD	Australia	-35.966897254	144.3935618376	1192	Prepared Animal and Bird Feed Manufacturing	1192	Prepared Animal and Bird Feed Manufacturing	Stockfeed manufacture and distribution		http://www.npi.gov.au/npidata/action/load/individual-facility-detail/criteria/state/VIC/year/2025/jurisdiction-facility/00027058
australia-npi	536388	2024/2025	Ensign Laboratories Pty Ltd	ENSIGN LABORATORIES PROPRIETARY LIMITED	Australia	-37.921688	145.179133	1841	Human Pharmaceutical and Medicinal Product Manufacturing	1841	Human Pharmaceutical and Medicinal Product Manufacturing	Manufacture of medicinal products, aerosols (insecticides, personal insect repellants, air fresheners, personal deodorants), sunscreens, toothpaste, body washes, skin cleansers, hair care and detergents.		http://www.npi.gov.au/npidata/action/load/individual-facility-detail/criteria/state/VIC/year/2025/jurisdiction-facility/00027483
australia-npi	536418	2024/2025	Clayton (Fairbank) Bakery	QUALITY BAKERS AUSTRALIA PTY LIMITED	Australia	-37.938287	145.130425	1171	Bread Manufacturing (Factory based)	1171	Bread Manufacturing (Factory based)	Bakery		http://www.npi.gov.au/npidata/action/load/individual-facility-detail/criteria/state/VIC/year/2025/jurisdiction-facility/00027985
australia-npi	536430	2024/2025	ARYZTA Australia PTY LTD	ARYZTA AUSTRALIA PTY LTD	Australia	-38.036313	145.233951	1171	Bread Manufacturing (Factory based)	1171	Bread Manufacturing (Factory based)	Bread manufacture		http://www.npi.gov.au/npidata/action/load/individual-facility-detail/criteria/state/VIC/year/2025/jurisdiction-facility/00027988
australia-npi	536436	2024/2025	Laverton Chlor Alkali Plant	CHEMPROD NOMINEES PROPRIETARY LIMITED	Australia	-37.839475	144.785205	1813	Basic Inorganic Chemical Manufacturing	1813	Basic Inorganic Chemical Manufacturing	Manufacture of sodium hypochlorite, caustic soda and hydrochloric acid		http://www.npi.gov.au/npidata/action/load/individual-facility-detail/criteria/state/VIC/year/2025/jurisdiction-facility/00027990
australia-npi	536512	2024/2025	Wodonga	DOWNER EDI WORKS PTY LTD	Australia	-36.103765	146.854456	1709	Other Petroleum and Coal Product Manufacturing	1709	Other Petroleum and Coal Product Manufacturing	Hot mix asphalt production		http://www.npi.gov.au/npidata/action/load/individual-facility-detail/criteria/state/VIC/year/2025/jurisdiction-facility/00028995
australia-npi	536544	2024/2025	HUHTAMAKI FIBER PRESTON	HUHTAMAKI AUSTRALIA PTY LIMITED	Australia	-37.75182	145.025033	1510	Pulp, Paper and Paperboard Manufacturing	1510	Pulp, Paper and Paperboard Manufacturing	Manufacture of Paper Pulp Moulded Fibre Packaging Products		http://www.npi.gov.au/npidata/action/load/individual-facility-detail/criteria/state/VIC/year/2025/jurisdiction-facility/00029064
australia-npi	536556	2024/2025	Thomastown	INGHAMS ENTERPRISES PTY LIMITED	Australia	-37.6897	145.025806	1112	Poultry Processing	1112	Poultry Processing	Processing poultry		http://www.npi.gov.au/npidata/action/load/individual-facility-detail/criteria/state/VIC/year/2025/jurisdiction-facility/00029068
australia-npi	536770	2024/2025	Opal Fibre Packaging Spearwood Site	OPAL PACKAGING AUSTRALIA PTY LTD	Australia	-32.096173	115.811048	1521	Corrugated Paperboard and Paperboard Container Manufacturing	1521	Corrugated Paperboard and Paperboard Container Manufacturing	Produce paper and paper board for corrugating and tube winding markets. Convert packaging paper into boxes for all uses.		http://www.npi.gov.au/npidata/action/load/individual-facility-detail/criteria/state/WA/year/2025/jurisdiction-facility/WA0010
australia-npi	537326	2024/2025	BP Refinery (Kwinana) Pty Ltd	BP REFINERY (KWINANA) PROPRIETARY LIMITED	Australia	-32.227778	115.767222	1701	Petroleum Refining and Petroleum Fuel Manufacturing	1701	Petroleum Refining and Petroleum Fuel Manufacturing	Petroleum Refining and Petroleum Fuel Manufacturing and Storage		http://www.npi.gov.au/npidata/action/load/individual-facility-detail/criteria/state/WA/year/2025/jurisdiction-facility/WA0040
australia-npi	537610	2024/2025	Kwinana Operations	COOGEE CHEMICAL PTY LTD	Australia	-32.244722	115.772778	1813	Basic Inorganic Chemical Manufacturing	1813	Basic Inorganic Chemical Manufacturing	Chemical manufacture & bulk storage facility		http://www.npi.gov.au/npidata/action/load/individual-facility-detail/criteria/state/WA/year/2025/jurisdiction-facility/WA0058
australia-npi	537856	2024/2025	Dardanup	HEXION AUSTRALIA PTY LTD	Australia	-33.382222	115.711389	1812	Basic Organic Chemical Manufacturing	1812	Basic Organic Chemical Manufacturing	Production of Urea Formaldehyde & Melamine Formaldehyde Resin and other toll manufactured chemicals		http://www.npi.gov.au/npidata/action/load/individual-facility-detail/criteria/state/WA/year/2025/jurisdiction-facility/WA0073
australia-npi	537876	2024/2025	Harvey Beef Export Abattoir	HARVEY INDUSTRIES GROUP PTY LTD	Australia	-33.076389	115.869444	1111	Meat Processing	1111	Meat Processing	Cattle slaughtering, boning, rendering		http://www.npi.gov.au/npidata/action/load/individual-facility-detail/criteria/state/WA/year/2025/jurisdiction-facility/WA0074
australia-npi	537960	2024/2025	Tip Top Bakery Canningvale	DERBY INDUSTRIES PTY LTD	Australia	-32.060833	115.924722	1171	Bread Manufacturing (Factory based)	1171	Bread Manufacturing (Factory based)	Bread Production and Packaging		http://www.npi.gov.au/npidata/action/load/individual-facility-detail/criteria/state/WA/year/2025/jurisdiction-facility/WA0079
australia-npi	538328	2024/2025	Malt Perth	BOORTMALT ASIA PACIFIC PTY LTD	Australia	-31.969722	115.986944	1161	Grain Mill Product Manufacturing	1161	Grain Mill Product Manufacturing	Malting barley for production of malt		http://www.npi.gov.au/npidata/action/load/individual-facility-detail/criteria/state/WA/year/2025/jurisdiction-facility/WA0099
australia-npi	539088	2024/2025	Kemerton Chlor-Alkali Plant	COOGEE CHLOR ALKALI PTY LIMITED	Australia	-33.218611	115.757222	1813	Basic Inorganic Chemical Manufacturing	1813	Basic Inorganic Chemical Manufacturing	Manufacture of chlorine, caustic soda, hydrochloric acid and sodium hypochlorite via membrane technology electrolysis of sodium chloride Chlor Alkali Plant.		http://www.npi.gov.au/npidata/action/load/individual-facility-detail/criteria/state/WA/year/2025/jurisdiction-facility/WA0141
australia-npi	539102	2024/2025	Kwinana Chlor-Alkali Plant	KWINANA CHLOR ALKALI PTY LTD	Australia	-32.2325	115.773611	1813	Basic Inorganic Chemical Manufacturing	1813	Basic Inorganic Chemical Manufacturing	Manufacture of chlorine, caustic soda, sodium hypochlorite and hydrochloric acid in a membrane technology chlor-alkali plant		http://www.npi.gov.au/npidata/action/load/individual-facility-detail/criteria/state/WA/year/2025/jurisdiction-facility/WA0142
australia-npi	539116	2024/2025	Nufarm Kwinana	NUFARM AUSTRALIA LIMITED	Australia	-32.230278	115.779444	1832	Pesticide Manufacturing	1832	Pesticide Manufacturing	Manufacture of herbicides		http://www.npi.gov.au/npidata/action/load/individual-facility-detail/criteria/state/WA/year/2025/jurisdiction-facility/WA0143
australia-npi	539610	2024/2025	Talloman	DERBY INDUSTRIES PTY LTD	Australia	-31.916111	116.005278	1111	Meat Processing	1111	Meat Processing	Meat rendering facility for the production of tallow (feed grade), oils and meat meal products (Pet food manufacturing).		http://www.npi.gov.au/npidata/action/load/individual-facility-detail/criteria/state/WA/year/2025/jurisdiction-facility/WA0178
australia-npi	539730	2024/2025	Kleenheat Gas, Kwinana Production Facility	WESFARMERS LPG PTY LTD	Australia	-32.221	115.778	1811	Industrial Gas Manufacturing	1811	Industrial Gas Manufacturing	"Liquified petroleum gas extraction plant. LPG extracted from natural gas and stored on site - 
a) Atmospheric pressure 
b) Ambient vapour pressure"		http://www.npi.gov.au/npidata/action/load/individual-facility-detail/criteria/state/WA/year/2025/jurisdiction-facility/WA0185
australia-npi	540292	2024/2025	Boral Asphalt WA	BORAL RESOURCES (WA) LTD	Australia	-31.991111	115.971111	1709	Other Petroleum and Coal Product Manufacturing	1709	Other Petroleum and Coal Product Manufacturing	Asphalt production by batch plant process. Raw materials (aggregate & sand) are mixed with hot bitumen.		http://www.npi.gov.au/npidata/action/load/individual-facility-detail/criteria/state/WA/year/2025/jurisdiction-facility/WA0221
australia-npi	540714	2024/2025	Albany	DOWNER EDI WORKS PTY LTD	Australia	-34.9509166667	117.8554444444	1709	Other Petroleum and Coal Product Manufacturing	1709	Other Petroleum and Coal Product Manufacturing	Hot mix asphalt production		http://www.npi.gov.au/npidata/action/load/individual-facility-detail/criteria/state/WA/year/2025/jurisdiction-facility/WA0251
australia-npi	540748	2024/2025	Gosnells	DOWNER EDI WORKS PTY LTD	Australia	-32.0661666667	116.0216944444	1709	Other Petroleum and Coal Product Manufacturing	1709	Other Petroleum and Coal Product Manufacturing	Hot mix asphalt production		http://www.npi.gov.au/npidata/action/load/individual-facility-detail/criteria/state/WA/year/2025/jurisdiction-facility/WA0253
australia-npi	541078	2024/2025	Klen International (74) P/L	KLEN INTERNATIONAL (74) PTY LTD	Australia	-31.686002	115.780152	1899	Other Basic Chemical Product Manufacturing n.e.c.	1899	Other Basic Chemical Product Manufacturing n.e.c.	Formulation of litharge based flux, repackaging of laboratory supplies		http://www.npi.gov.au/npidata/action/load/individual-facility-detail/criteria/state/WA/year/2025/jurisdiction-facility/WA0276
australia-npi	541150	2024/2025	Bega Dairy & Drinks Pty Ltd	BEGA DAIRY AND DRINKS PTY LTD	Australia	-32.0025	115.9275	1131	Milk and Cream Processing	1131	Milk and Cream Processing	Milk processing		http://www.npi.gov.au/npidata/action/load/individual-facility-detail/criteria/state/WA/year/2025/jurisdiction-facility/WA0280
australia-npi	541238	2024/2025	Orica Explosives Detonation Range	ORICA AUSTRALIA PTY LTD	Australia	-28.498333	119.914444	1892	Explosive Manufacturing	1892	Explosive Manufacturing	Explosives detonation range at remote site		http://www.npi.gov.au/npidata/action/load/individual-facility-detail/criteria/state/WA/year/2025/jurisdiction-facility/WA0286
australia-npi	541362	2024/2025	Brownes Foods Operations – Brunswick Junction	BROWNES FOODS OPERATIONS PTY LIMITED	Australia	-33.255833	115.836944	1133	Cheese and Other Dairy Product Manufacturing	1133	Cheese and Other Dairy Product Manufacturing	Manufacture of dairy products		http://www.npi.gov.au/npidata/action/load/individual-facility-detail/criteria/state/WA/year/2025/jurisdiction-facility/WA0295
australia-npi	541380	2024/2025	Brownes Foods Operations – Balcatta	BROWNES FOODS OPERATIONS PTY LIMITED	Australia	-31.859722	115.819167	1131	Milk and Cream Processing	1131	Milk and Cream Processing	Manufacturing and distribution of dairy products		http://www.npi.gov.au/npidata/action/load/individual-facility-detail/criteria/state/WA/year/2025/jurisdiction-facility/WA0296
australia-npi	541480	2024/2025	Hazelmere Asphalt Plant	FULTON HOGAN AUSTRALIA PTY LTD	Australia	-31.921406	116.005368	1709	Other Petroleum and Coal Product Manufacturing	1709	Other Petroleum and Coal Product Manufacturing	Hot mix asphalt manufacture and main WA depot.		http://www.npi.gov.au/npidata/action/load/individual-facility-detail/criteria/state/WA/year/2025/jurisdiction-facility/WA0302
australia-npi	541840	2024/2025	Kwinana Pigment Plant	TRONOX MANAGEMENT PTY LTD	Australia	-32.227121	115.77518	1813	Basic Inorganic Chemical Manufacturing	1813	Basic Inorganic Chemical Manufacturing	Manufacturing		http://www.npi.gov.au/npidata/action/load/individual-facility-detail/criteria/state/WA/year/2025/jurisdiction-facility/WA0329
australia-npi	541882	2024/2025	Visy Board O'Connor	VISY BOARD PROPRIETARY LIMITED	Australia	-32.060833	115.799444	1521	Corrugated Paperboard and Paperboard Container Manufacturing	1521	Corrugated Paperboard and Paperboard Container Manufacturing	Manufacture of corrugated cardboard cartons		http://www.npi.gov.au/npidata/action/load/individual-facility-detail/criteria/state/WA/year/2025/jurisdiction-facility/WA0332
australia-npi	542116	2024/2025	CSBP Kwinana Operations	CSBP LIMITED	Australia	-32.241111	115.761389	1831	Fertiliser Manufacturing	1831	Fertiliser Manufacturing	Fertiliser storage and distribution		http://www.npi.gov.au/npidata/action/load/individual-facility-detail/criteria/state/WA/year/2025/jurisdiction-facility/WA0345
australia-npi	542380	2024/2025	Bartter Enterprises Pty Limited	BARTTER ENTERPRISES PTY LIMITED	Australia	-31.909722	115.818611	1112	Poultry Processing	1112	Poultry Processing	Poultry processing		http://www.npi.gov.au/npidata/action/load/individual-facility-detail/criteria/state/WA/year/2025/jurisdiction-facility/WA0361
australia-npi	542442	2024/2025	Dunlop Foams	AUSTRALIAN COMFORT GROUP PTY LTD	Australia	-32.123056	115.842222	1913	Polymer Foam Product Manufacturing	1913	Polymer Foam Product Manufacturing	Manufacture and fabrication of polyurethane foams		http://www.npi.gov.au/npidata/action/load/individual-facility-detail/criteria/state/WA/year/2025/jurisdiction-facility/WA0365
australia-npi	542760	2024/2025	West Cape Howe Wines	WEST CAPE HOWE WINES PTY LTD	Australia	-34.655556	117.556667	1214	Wine and Other Alcoholic Beverage Manufacturing	1214	Wine and Other Alcoholic Beverage Manufacturing	Wine making		http://www.npi.gov.au/npidata/action/load/individual-facility-detail/criteria/state/WA/year/2025/jurisdiction-facility/WA0398
australia-npi	542880	2024/2025	Nikola Winery	OAKOVER VINEYARDS PTY LTD	Australia	-31.85383	115.998158	1214	Wine and Other Alcoholic Beverage Manufacturing	1214	Wine and Other Alcoholic Beverage Manufacturing	winemaking		http://www.npi.gov.au/npidata/action/load/individual-facility-detail/criteria/state/WA/year/2025/jurisdiction-facility/WA0411
australia-npi	542906	2024/2025	Australind Finishing Plant	TRONOX MANAGEMENT PTY LTD	Australia	-33.2975	115.711111	1813	Basic Inorganic Chemical Manufacturing	1813	Basic Inorganic Chemical Manufacturing	Chemical manufacturing - Conversion of titanium dioxide slurry into saleable pigment.		http://www.npi.gov.au/npidata/action/load/individual-facility-detail/criteria/state/WA/year/2025/jurisdiction-facility/WA0415
australia-npi	542922	2024/2025	Kemerton Processing Plant	TRONOX MANAGEMENT PTY LTD	Australia	-33.216667	115.755278	1813	Basic Inorganic Chemical Manufacturing	1813	Basic Inorganic Chemical Manufacturing	Chemical manufacturing - Conversion of synthetic rutile into titanium dioxide slurry.		http://www.npi.gov.au/npidata/action/load/individual-facility-detail/criteria/state/WA/year/2025/jurisdiction-facility/WA0416
australia-npi	543070	2024/2025	BridgeWest Perth Pharma (NovaCina)	BRIDGEWEST PERTH PHARMA PTY LTD	Australia	-31.996944	115.893056	1841	Human Pharmaceutical and Medicinal Product Manufacturing	1841	Human Pharmaceutical and Medicinal Product Manufacturing	Pharmaceutical manufacturing		http://www.npi.gov.au/npidata/action/load/individual-facility-detail/criteria/state/WA/year/2025/jurisdiction-facility/WA0441
australia-npi	543442	2024/2025	Nannup Winery	MARGARET RIVER WINE PRODUCTION PTY LTD	Australia	-34.00408	115.764136	1214	Wine and Other Alcoholic Beverage Manufacturing	1214	Wine and Other Alcoholic Beverage Manufacturing	Wine production		http://www.npi.gov.au/npidata/action/load/individual-facility-detail/criteria/state/WA/year/2025/jurisdiction-facility/WA0473
australia-npi	543770	2024/2025	Vasse Felix Pty Ltd	VASSE FELIX PTY LTD	Australia	-33.825	115.041667	1214	Wine and Other Alcoholic Beverage Manufacturing	1214	Wine and Other Alcoholic Beverage Manufacturing	Grape growing, wine production, sales.		http://www.npi.gov.au/npidata/action/load/individual-facility-detail/criteria/state/WA/year/2025/jurisdiction-facility/WA0501
australia-npi	543872	2024/2025	Cape Mentelle	CAPE MENTELLE VINEYARDS LTD	Australia	-33.964167	115.041667	1214	Wine and Other Alcoholic Beverage Manufacturing	1214	Wine and Other Alcoholic Beverage Manufacturing	Growing grapevines, producing and selling wine		http://www.npi.gov.au/npidata/action/load/individual-facility-detail/criteria/state/WA/year/2025/jurisdiction-facility/WA0510
australia-npi	543916	2024/2025	Devil's Lair Winery	TREASURY WINE ESTATES LIMITED	Australia	-34.063333	115.12	1214	Wine and Other Alcoholic Beverage Manufacturing	1214	Wine and Other Alcoholic Beverage Manufacturing	Manufacturing wine		http://www.npi.gov.au/npidata/action/load/individual-facility-detail/criteria/state/WA/year/2025/jurisdiction-facility/WA0514
australia-npi	543986	2024/2025	Orica Kalgoorlie Plant	ORICA AUSTRALIA PTY LTD	Australia	-30.761764	121.438311	1892	Explosive Manufacturing	1892	Explosive Manufacturing	manufacturing of Package Explosives and ammonium nitrate emulsion.  Dangerous goods storage depot for ammonium nitrate, ammonium nitrate emulsion and diesel to support bulk explosives delivery to mines		http://www.npi.gov.au/npidata/action/load/individual-facility-detail/criteria/state/WA/year/2025/jurisdiction-facility/WA0520
australia-npi	544010	2024/2025	Air Liquide Henderson	AIR LIQUIDE AUSTRALIA PTY LTD	Australia	-32.1525	115.77	1811	Industrial Gas Manufacturing	1811	Industrial Gas Manufacturing	Manufacture of acetylene gas. Refilling industrial and medical gas cylinders.		http://www.npi.gov.au/npidata/action/load/individual-facility-detail/criteria/state/WA/year/2025/jurisdiction-facility/WA0522
australia-npi	544312	2024/2025	Margaret River Vintners	MARGARET RIVER WINE PRODUCTION PTY LTD	Australia	-33.752222	115.213056	1214	Wine and Other Alcoholic Beverage Manufacturing	1214	Wine and Other Alcoholic Beverage Manufacturing	Wine Production		http://www.npi.gov.au/npidata/action/load/individual-facility-detail/criteria/state/WA/year/2025/jurisdiction-facility/WA0549
australia-npi	544364	2024/2025	Leeuwin Estate	RURAL DEVELOPMENTS PTY LTD	Australia	-34.006389	115.051667	1214	Wine and Other Alcoholic Beverage Manufacturing	1214	Wine and Other Alcoholic Beverage Manufacturing	Winemaking		http://www.npi.gov.au/npidata/action/load/individual-facility-detail/criteria/state/WA/year/2025/jurisdiction-facility/WA0557
australia-npi	544404	2024/2025	Osborne Park	INGHAMS ENTERPRISES PTY LIMITED	Australia	-31.911667	115.826111	1112	Poultry Processing	1112	Poultry Processing	Poultry Processing		http://www.npi.gov.au/npidata/action/load/individual-facility-detail/criteria/state/WA/year/2025/jurisdiction-facility/WA0560
australia-npi	544464	2024/2025	Alkoomi Wines	ROSALURY PTY LTD	Australia	-34.355461	116.965043	1214	Wine and Other Alcoholic Beverage Manufacturing	1214	Wine and Other Alcoholic Beverage Manufacturing	Wine Making		http://www.npi.gov.au/npidata/action/load/individual-facility-detail/criteria/state/WA/year/2025/jurisdiction-facility/WA0566
australia-npi	544480	2024/2025	Solenis Australia Pty Ltd	SOLENIS AUSTRALIA PTY LTD	Australia	-32.21	115.776667	1829	Other Basic Polymer Manufacturing	1829	Other Basic Polymer Manufacturing	Isothermal solution polymerization of acrylic monomers to produce water treatment flocculants. Blending and maturation activities to produce concrete additives and accelerants		http://www.npi.gov.au/npidata/action/load/individual-facility-detail/criteria/state/WA/year/2025/jurisdiction-facility/WA0568
australia-npi	544852	2024/2025	Nalco Australia Pty Ltd	NALCO AUSTRALIA PTY LTD	Australia	-32.240833	115.778611	1812	Basic Organic Chemical Manufacturing	1812	Basic Organic Chemical Manufacturing	Manufacture of water treatment chemicals ie. Flocculants etc.		http://www.npi.gov.au/npidata/action/load/individual-facility-detail/criteria/state/WA/year/2025/jurisdiction-facility/WA0603
australia-npi	544890	2024/2025	V & V Walsh	THE TRUSTEE FOR V&V UNIT TRUST AND VERNON WALSH PTY LTD	Australia	-33.363333	115.686944	1111	Meat Processing	1111	Meat Processing	Beef and sheep abattoir		http://www.npi.gov.au/npidata/action/load/individual-facility-detail/criteria/state/WA/year/2025/jurisdiction-facility/WA0608
australia-npi	545018	2024/2025	Fletcher International WA	THE TRUSTEE FOR FLETCHER UNIT TRUST	Australia	-34.835278	117.791944	1111	Meat Processing	1111	Meat Processing	Meat processing (abattoir), rendering operation, fell mongering		http://www.npi.gov.au/npidata/action/load/individual-facility-detail/criteria/state/WA/year/2025/jurisdiction-facility/WA0620
australia-npi	545238	2024/2025	WAMMCO International	WESTERN AUSTRALIAN MEAT MARKETING CO-OPERATIVE LIMITED	Australia	-33.673301	117.526368	1111	Meat Processing	1111	Meat Processing	Abattoir		http://www.npi.gov.au/npidata/action/load/individual-facility-detail/criteria/state/WA/year/2025/jurisdiction-facility/WA0639
australia-npi	545550	2024/2025	Wren Oil	ROMINE HOLDINGS PTY LTD	Australia	-33.356111	115.716944	1709	Other Petroleum and Coal Product Manufacturing	1709	Other Petroleum and Coal Product Manufacturing	Oil Recycling		http://www.npi.gov.au/npidata/action/load/individual-facility-detail/criteria/state/WA/year/2025/jurisdiction-facility/WA0669
australia-npi	545580	2024/2025	Coca Cola Euro pacific Partners (Aust) P/L	COCA-COLA EUROPACIFIC PARTNERS AUSTRALIA PTY LIMITED	Australia	-31.981389	115.95	1211	Soft Drink, Cordial and Syrup Manufacturing	1211	Soft Drink, Cordial and Syrup Manufacturing	Manufacture and distribution of ready to drink non-alcoholic and alcoholic beverages		http://www.npi.gov.au/npidata/action/load/individual-facility-detail/criteria/state/WA/year/2025/jurisdiction-facility/WA0672
australia-npi	545624	2024/2025	Sandalford Wines Pty Ltd	SANDALFORD WINES PTY LTD	Australia	-31.868056	115.990278	1214	Wine and Other Alcoholic Beverage Manufacturing	1214	Wine and Other Alcoholic Beverage Manufacturing	Winemaking		http://www.npi.gov.au/npidata/action/load/individual-facility-detail/criteria/state/WA/year/2025/jurisdiction-facility/WA0677
australia-npi	545644	2024/2025	Ferngrove Vineyards Estate	FERNGROVE VINEYARDS LTD	Australia	-34.379444	116.933611	1214	Wine and Other Alcoholic Beverage Manufacturing	1214	Wine and Other Alcoholic Beverage Manufacturing	Production of grapes and wine		http://www.npi.gov.au/npidata/action/load/individual-facility-detail/criteria/state/WA/year/2025/jurisdiction-facility/WA0679
australia-npi	545702	2024/2025	3 Oceans Wine Company	3 OCEANS WINE COMPANY PTY LTD	Australia	-33.814167	115.119444	1214	Wine and Other Alcoholic Beverage Manufacturing	1214	Wine and Other Alcoholic Beverage Manufacturing	WINEMAKING		http://www.npi.gov.au/npidata/action/load/individual-facility-detail/criteria/state/WA/year/2025/jurisdiction-facility/WA0685
australia-npi	545768	2024/2025	Juniper Estate	G.M ANDERSON & R.N HILL	Australia	-33.825833	115.0475	1214	Wine and Other Alcoholic Beverage Manufacturing	1214	Wine and Other Alcoholic Beverage Manufacturing	Winemaking - fermentation of grapes		http://www.npi.gov.au/npidata/action/load/individual-facility-detail/criteria/state/WA/year/2025/jurisdiction-facility/WA0692
australia-npi	546002	2024/2025	ECOLAB Pty Ltd	ECOLAB PTY LTD	Australia	-32.055556	115.926389	1851	Cleaning Compound Manufacturing	1851	Cleaning Compound Manufacturing	Chemical blending operations. Storage handling and distribution.		http://www.npi.gov.au/npidata/action/load/individual-facility-detail/criteria/state/WA/year/2025/jurisdiction-facility/WA0718
australia-npi	546060	2024/2025	Margret River Winery	HOWARD PARK WINES PTY LTD	Australia	-33.824444	115.064444	1214	Wine and Other Alcoholic Beverage Manufacturing	1214	Wine and Other Alcoholic Beverage Manufacturing	Winery with bottling line		http://www.npi.gov.au/npidata/action/load/individual-facility-detail/criteria/state/WA/year/2025/jurisdiction-facility/WA0725
australia-npi	546080	2024/2025	Forest Hill Winery	PASSCHENDAELE RIDGE PTY LTD	Australia	-34.976667	117.311944	1214	Wine and Other Alcoholic Beverage Manufacturing	1214	Wine and Other Alcoholic Beverage Manufacturing	Winemaking		http://www.npi.gov.au/npidata/action/load/individual-facility-detail/criteria/state/WA/year/2025/jurisdiction-facility/WA0728
australia-npi	546166	2024/2025	Harewood Estate Wines	THE TRUSTEE FOR HAREWOOD ESTATE WINES UNIT TRUST	Australia	-34.911944	117.239444	1214	Wine and Other Alcoholic Beverage Manufacturing	1214	Wine and Other Alcoholic Beverage Manufacturing	Wine production and bottling		http://www.npi.gov.au/npidata/action/load/individual-facility-detail/criteria/state/WA/year/2025/jurisdiction-facility/WA0742
australia-npi	546330	2024/2025	Linley Valley Pork	DERBY INDUSTRIES PTY LTD	Australia	-31.808056	116.347778	1111	Meat Processing	1111	Meat Processing	slaughtering of pigs and boning		http://www.npi.gov.au/npidata/action/load/individual-facility-detail/criteria/state/WA/year/2025/jurisdiction-facility/WA0788
australia-npi	546362	2024/2025	Cullen Wines	CULLEN WINES (AUSTRALIA) PTY LTD	Australia	-33.818923	115.038151	1214	Wine and Other Alcoholic Beverage Manufacturing	1214	Wine and Other Alcoholic Beverage Manufacturing	Wine Production		http://www.npi.gov.au/npidata/action/load/individual-facility-detail/criteria/state/WA/year/2025/jurisdiction-facility/WA0809
australia-npi	546378	2024/2025	Driftwood Estate	THE TRUSTEE FOR GALOPOULOS FAMILY TRUST	Australia	-33.733333	115.031389	1214	Wine and Other Alcoholic Beverage Manufacturing	1214	Wine and Other Alcoholic Beverage Manufacturing	Wine Production		http://www.npi.gov.au/npidata/action/load/individual-facility-detail/criteria/state/WA/year/2025/jurisdiction-facility/WA0812
australia-npi	546392	2024/2025	Happs Pty Ltd	HAPPS PTY LTD	Australia	-33.664722	115.097222	1214	Wine and Other Alcoholic Beverage Manufacturing	1214	Wine and Other Alcoholic Beverage Manufacturing	Wine Production and Bottling		http://www.npi.gov.au/npidata/action/load/individual-facility-detail/criteria/state/WA/year/2025/jurisdiction-facility/WA0817
australia-npi	546438	2024/2025	Idee Fixe	IDEE FIXE PTY LTD	Australia	-33.992778	115.093611	1214	Wine and Other Alcoholic Beverage Manufacturing	1214	Wine and Other Alcoholic Beverage Manufacturing	Grape growing, wine production, sales.		http://www.npi.gov.au/npidata/action/load/individual-facility-detail/criteria/state/WA/year/2025/jurisdiction-facility/WA0840
australia-npi	546984	2024/2025	Dyno - Kalgoorlie	DYNO NOBEL ASIA PACIFIC PTY LIMITED	Australia	-30.757778	121.430556	1892	Explosive Manufacturing	1892	Explosive Manufacturing	Gun cotton manufacturing		http://www.npi.gov.au/npidata/action/load/individual-facility-detail/criteria/state/WA/year/2025/jurisdiction-facility/WA0919
australia-npi	547078	2024/2025	Yara Pilbara Fertiliser Plant	YARA PILBARA FERTILISERS PTY LTD	Australia	-20.626389	116.7775	1831	Fertiliser Manufacturing	1831	Fertiliser Manufacturing	Synthesis of Ammonia from natural gas for use in manufacture of fertiliser		http://www.npi.gov.au/npidata/action/load/individual-facility-detail/criteria/state/WA/year/2025/jurisdiction-facility/WA0940
australia-npi	547264	2024/2025	Recochem Inc	RECOCHEM INC.	Australia	-31.975	115.963056	1812	Basic Organic Chemical Manufacturing	1812	Basic Organic Chemical Manufacturing	Chemical Storage, Petroleum Blending and packaging, storage of engine coolant		http://www.npi.gov.au/npidata/action/load/individual-facility-detail/criteria/state/WA/year/2025/jurisdiction-facility/WA0987
australia-npi	548278	2024/2025	Simplot Echuca Plant	SIMPLOT AUSTRALIA (PROPERTIES) PTY LIMITED	Australia	-36.1530947212	144.7684626193	1140	Fruit and Vegetable Processing	1140	Fruit and Vegetable Processing	Fruit and vegetable processing		http://www.npi.gov.au/npidata/action/load/individual-facility-detail/criteria/state/VIC/year/2025/jurisdiction-facility/00029100
australia-npi	548286	2024/2025	IXOM Wyong	IXOM OPERATIONS PTY LTD	Australia	-33.26379	151.448515	1813	Basic Inorganic Chemical Manufacturing	1813	Basic Inorganic Chemical Manufacturing	POLY ALUMINIUM CHLORIDE MANUFACTURE		http://www.npi.gov.au/npidata/action/load/individual-facility-detail/criteria/state/NSW/year/2025/jurisdiction-facility/1123
australia-npi	548288	2024/2025	Simplot Bathurst Plant	SIMPLOT AUSTRALIA (PROPERTIES) PTY LIMITED	Australia	-33.41256	149.580437	1199	Other Food Product Manufacturing n.e.c.	1199	Other Food Product Manufacturing n.e.c.	Corn and vegetable processing and packaging		http://www.npi.gov.au/npidata/action/load/individual-facility-detail/criteria/state/NSW/year/2025/jurisdiction-facility/1124
australia-npi	548290	2024/2025	Simplot Kelso Plant	SIMPLOT AUSTRALIA (PROPERTIES) PTY LIMITED	Australia	-33.424991	149.60866	1199	Other Food Product Manufacturing n.e.c.	1199	Other Food Product Manufacturing n.e.c.	Fish processing		http://www.npi.gov.au/npidata/action/load/individual-facility-detail/criteria/state/NSW/year/2025/jurisdiction-facility/1125
australia-npi	548964	2024/2025	Altona	BOC LIMITED	Australia	-37.8483682494	144.8169735562	1811	Industrial Gas Manufacturing	1811	Industrial Gas Manufacturing	Industrial gas manufacturing		http://www.npi.gov.au/npidata/action/load/individual-facility-detail/criteria/state/VIC/year/2025/jurisdiction-facility/00016638
australia-npi	549004	2024/2025	Pluto Onshore Gas Treatment Plant	WOODSIDE ENERGY LTD	Australia	-20.605884	116.770727	1811	Industrial Gas Manufacturing	1811	Industrial Gas Manufacturing	LNG and Condensate production		http://www.npi.gov.au/npidata/action/load/individual-facility-detail/criteria/state/WA/year/2025/jurisdiction-facility/WA1033
australia-npi	549014	2024/2025	Buronga Hill Winery	AUSTRALIAN VINTAGE LTD	Australia	-34.153503	142.180365	1214	Wine and Other Alcoholic Beverage Manufacturing	1214	Wine and Other Alcoholic Beverage Manufacturing	Winemaking		http://www.npi.gov.au/npidata/action/load/individual-facility-detail/criteria/state/NSW/year/2025/jurisdiction-facility/1127
australia-npi	549030	2024/2025	DOMINANT (AUSTRALIA) PTY. LTD.	DOMINANT (AUSTRALIA) PTY. LTD.	Australia	-34.900664	138.570526	1851	Cleaning Compound Manufacturing	1851	Cleaning Compound Manufacturing	Manufacture of Cleaning Chemicals		http://www.npi.gov.au/npidata/action/load/individual-facility-detail/criteria/state/SA/year/2025/jurisdiction-facility/SA0450
australia-npi	549036	2024/2025	Amiblu Pipe Systems	RPC PIPE SYSTEMS PTY LTD	Australia	-35.103281	138.492595	1912	Rigid and Semi-Rigid Polymer Product Manufacturing	1912	Rigid and Semi-Rigid Polymer Product Manufacturing	Manufacture of glass reinforced polymer pipes (mainly for sewer & water use)		http://www.npi.gov.au/npidata/action/load/individual-facility-detail/criteria/state/SA/year/2025/jurisdiction-facility/SA0452
australia-npi	549136	2024/2025	Josef Chromy Wines	JOSEF CHROMY WINES	Australia	-41.5080856471	147.2041635225	1214	Wine and Other Alcoholic Beverage Manufacturing	1214	Wine and Other Alcoholic Beverage Manufacturing	Wine Production		http://www.npi.gov.au/npidata/action/load/individual-facility-detail/criteria/state/TAS/year/2025/jurisdiction-facility/TAS+447
australia-npi	549230	2024/2025	Visy Board Yatala	VISY BOARD PROPRIETARY LIMITED	Australia	-27.723766	153.2526986433	1521	Corrugated Paperboard and Paperboard Container Manufacturing	1521	Corrugated Paperboard and Paperboard Container Manufacturing	Manufacture of corrugated cartons with minor flexographic printing and also beverage can manufacture.		http://www.npi.gov.au/npidata/action/load/individual-facility-detail/criteria/state/QLD/year/2025/jurisdiction-facility/Q007VIB002
australia-npi	549488	2024/2025	Cleanaway Refining Rutherford	CLEANAWAY PTY LTD	Australia	-32.70739	151.499221	1709	Other Petroleum and Coal Product Manufacturing	1709	Other Petroleum and Coal Product Manufacturing	Hydrogenation of Refined Waste Oil		http://www.npi.gov.au/npidata/action/load/individual-facility-detail/criteria/state/NSW/year/2025/jurisdiction-facility/1130
australia-npi	549580	2024/2025	Darwin Chemicals	IXOM OPERATIONS PTY LTD	Australia	-12.4646	130.9432	1813	Basic Inorganic Chemical Manufacturing	1813	Basic Inorganic Chemical Manufacturing	Storage and despatch of chlorine containers (drums and cylinders). Manufacturing, packaging and despatch of sodium hypochlorite. Despatch of caustic in IBC and packaged chemicals.		http://www.npi.gov.au/npidata/action/load/individual-facility-detail/criteria/state/NT/year/2025/jurisdiction-facility/NT488
australia-npi	549588	2024/2025	IXOM Watercare Osborne	IXOM OPERATIONS PTY LTD	Australia	-34.801029	138.506619	1813	Basic Inorganic Chemical Manufacturing	1813	Basic Inorganic Chemical Manufacturing	Storage and despatch of chlorine containers, 50% caustic, 33% hydrochloric acid.  Storage of 98% sulphuric acid. Manufacturing and despatch of sodium hypochlorite and aluminium sulphate solution.		http://www.npi.gov.au/npidata/action/load/individual-facility-detail/criteria/state/SA/year/2025/jurisdiction-facility/SA0454
australia-npi	549848	2024/2025	Lopa	ASAHI BEVERAGES PTY LTD	Australia	-36.113751	146.89376	1211	Soft Drink, Cordial and Syrup Manufacturing	1211	Soft Drink, Cordial and Syrup Manufacturing	Manufacture of beverage syrups		http://www.npi.gov.au/npidata/action/load/individual-facility-detail/criteria/state/VIC/year/2025/jurisdiction-facility/00029116
australia-npi	549956	2024/2025	Somerton	DOWNER EDI WORKS PTY LTD	Australia	-37.641832	144.941312	1709	Other Petroleum and Coal Product Manufacturing	1709	Other Petroleum and Coal Product Manufacturing	Hot mix asphalt production		http://www.npi.gov.au/npidata/action/load/individual-facility-detail/criteria/state/VIC/year/2025/jurisdiction-facility/00029117
australia-npi	550438	2024/2025	Edinburgh Parks FP	INGHAMS ENTERPRISES PTY LIMITED	Australia	-34.72777	138.63263	1112	Poultry Processing	1112	Poultry Processing	Poultry Further Processing Plant		http://www.npi.gov.au/npidata/action/load/individual-facility-detail/criteria/state/SA/year/2025/jurisdiction-facility/SA0463
australia-npi	550508	2024/2025	Good Stuff Bakery	GEORGE WESTON FOODS LIMITED	Australia	-28.0336	153.3534	1171	Bread Manufacturing (Factory based)	1171	Bread Manufacturing (Factory based)	Bakery		http://www.npi.gov.au/npidata/action/load/individual-facility-detail/criteria/state/QLD/year/2025/jurisdiction-facility/Q009GWF006
australia-npi	550524	2024/2025	Brimbank	HEXION PTY LTD	Australia	-37.772944	144.790362	1821	Synthetic Resin and Synthetic Rubber Manufacturing	1821	Synthetic Resin and Synthetic Rubber Manufacturing	Manufacture of formaldehyde based resins		http://www.npi.gov.au/npidata/action/load/individual-facility-detail/criteria/state/VIC/year/2025/jurisdiction-facility/00028989
australia-npi	551868	2024/2025	Mackay Asphalt Plant	FULTON HOGAN INDUSTRIES PTY LTD	Australia	-21.069248	149.08507	1709	Other Petroleum and Coal Product Manufacturing	1709	Other Petroleum and Coal Product Manufacturing	Hot Mix Asphalt Production		http://www.npi.gov.au/npidata/action/load/individual-facility-detail/criteria/state/QLD/year/2025/jurisdiction-facility/Q031PIO004
australia-npi	551870	2024/2025	Toowoomba Asphalt Plant	FULTON HOGAN INDUSTRIES PTY LTD	Australia	-27.54062	151.90543	1709	Other Petroleum and Coal Product Manufacturing	1709	Other Petroleum and Coal Product Manufacturing	Hot Mix Asphalt Production		http://www.npi.gov.au/npidata/action/load/individual-facility-detail/criteria/state/QLD/year/2025/jurisdiction-facility/Q031PIO005
australia-npi	552158	2024/2025	Botanical Resources Australia	BOTANICAL RESOURCES AUSTRALIA MANUFACTURING SERVICES PTY LTD	Australia	-41.1568340918	146.2047320065	1899	Other Basic Chemical Product Manufacturing n.e.c.	1899	Other Basic Chemical Product Manufacturing n.e.c.	Extraction of pyrethrins from pyrethrum plant matter		http://www.npi.gov.au/npidata/action/load/individual-facility-detail/criteria/state/TAS/year/2025/jurisdiction-facility/TAS+451
australia-npi	552542	2024/2025	Townsville Asphalt	BORAL RESOURCES (QLD) PTY LIMITED	Australia	-19.263305	146.741916	1709	Other Petroleum and Coal Product Manufacturing	1709	Other Petroleum and Coal Product Manufacturing	Asphalt Manufacture		http://www.npi.gov.au/npidata/action/load/individual-facility-detail/criteria/state/QLD/year/2025/jurisdiction-facility/Q031BOR005
australia-npi	553514	2024/2025	Dandenong Asphalt Plant	FULTON HOGAN INDUSTRIES PTY LTD	Australia	-38.0059	145.214188	1709	Other Petroleum and Coal Product Manufacturing	1709	Other Petroleum and Coal Product Manufacturing	Hot asphalt manufacture		http://www.npi.gov.au/npidata/action/load/individual-facility-detail/criteria/state/VIC/year/2025/jurisdiction-facility/00029128
australia-npi	554028	2024/2025	Boral Asphalt - Bendigo	BORAL RESOURCES (VIC) PTY LIMITED	Australia	-36.73341	144.300044	1709	Other Petroleum and Coal Product Manufacturing	1709	Other Petroleum and Coal Product Manufacturing	Asphalt Production		http://www.npi.gov.au/npidata/action/load/individual-facility-detail/criteria/state/VIC/year/2025/jurisdiction-facility/00029129
australia-npi	554082	2024/2025	Jasol - Braeside	GEORGE WESTON FOODS LIMITED	Australia	-37.9893	145.113544	1851	Cleaning Compound Manufacturing	1851	Cleaning Compound Manufacturing	Decanting, blending and packing of cleaning products.		http://www.npi.gov.au/npidata/action/load/individual-facility-detail/criteria/state/VIC/year/2025/jurisdiction-facility/00029130
australia-npi	554948	2024/2025	Dandenong South Woodcare	DULUXGROUP (AUSTRALIA) PTY LTD	Australia	-38.026293	145.23965	1899	Other Basic Chemical Product Manufacturing n.e.c.	1899	Other Basic Chemical Product Manufacturing n.e.c.	Manufacture of decking oils, of heavy duty protective coatings and other woodcare products		http://www.npi.gov.au/npidata/action/load/individual-facility-detail/criteria/state/VIC/year/2025/jurisdiction-facility/00026929
australia-npi	555434	2024/2025	Jasol - O'Connor	GEORGE WESTON FOODS LIMITED	Australia	-32.056954	115.795272	1851	Cleaning Compound Manufacturing	1851	Cleaning Compound Manufacturing	Cleaning compound manufacturing		http://www.npi.gov.au/npidata/action/load/individual-facility-detail/criteria/state/WA/year/2025/jurisdiction-facility/WA1087
australia-npi	555480	2024/2025	Freedom Pools & Spas	RIO VISTA PTY LTD	Australia	-32.04235	115.972	1919	Other Polymer Product Manufacturing	1919	Other Polymer Product Manufacturing	Manufacturing of swimming pools and spas using fibregalss matte and resin with gelcoat finish		http://www.npi.gov.au/npidata/action/load/individual-facility-detail/criteria/state/WA/year/2025/jurisdiction-facility/WA1073
australia-npi	555492	2024/2025	SWARCO RMS Pty Ltd	SWARCO RMS PTY LTD	Australia	-31.9757	115.9658	1916	Paint and Coatings Manufacturing	1916	Paint and Coatings Manufacturing	Coatings manufacture		http://www.npi.gov.au/npidata/action/load/individual-facility-detail/criteria/state/WA/year/2025/jurisdiction-facility/WA1093
australia-npi	555762	2024/2025	Minto Asphalt Plant	FULTON HOGAN INDUSTRIES PTY LTD	Australia	-34.037153	150.834725	1709	Other Petroleum and Coal Product Manufacturing	1709	Other Petroleum and Coal Product Manufacturing	Hot mix asphalt manufacturing		http://www.npi.gov.au/npidata/action/load/individual-facility-detail/criteria/state/NSW/year/2025/jurisdiction-facility/1152
australia-npi	555924	2024/2025	Weston Milling - Enfield	GEORGE WESTON FOODS LIMITED	Australia	-33.88775	151.071111	1161	Grain Mill Product Manufacturing	1161	Grain Mill Product Manufacturing	Grain mill and Product Manufacturing		http://www.npi.gov.au/npidata/action/load/individual-facility-detail/criteria/state/NSW/year/2025/jurisdiction-facility/1161
australia-npi	555996	2024/2025	Laverton Processing Plant	BAIADA POULTRY PTY LIMITED	Australia	-37.821	144.816	1112	Poultry Processing	1112	Poultry Processing	Poultry Processing		http://www.npi.gov.au/npidata/action/load/individual-facility-detail/criteria/state/VIC/year/2025/jurisdiction-facility/00021389
australia-npi	556470	2024/2025	Steggles Foods Mt Kuring-Gai Pty Limited	STEGGLES FOODS MT KURING-GAI PTY LIMITED	Australia	-33.641944	151.13	1112	Poultry Processing	1112	Poultry Processing	Production of cooked poultry and meat products		http://www.npi.gov.au/npidata/action/load/individual-facility-detail/criteria/state/NSW/year/2025/jurisdiction-facility/1162
australia-npi	556772	2024/2025	Malteurop Australia	MALTEUROP AUSTRALIA PTY LTD	Australia	-38.109617	144.363117	1199	Other Food Product Manufacturing n.e.c.	1199	Other Food Product Manufacturing n.e.c.	Production of malted barley for the beverage and food industries		http://www.npi.gov.au/npidata/action/load/individual-facility-detail/criteria/state/VIC/year/2025/jurisdiction-facility/00029148
australia-npi	556806	2024/2025	Cameleon Coatings & Paint Manufacturers	RED FIRE HOLDINGS PTY LTD	Australia	-31.791023	115.83129163	1916	Paint and Coatings Manufacturing	1916	Paint and Coatings Manufacturing	Manufacturing and packing of surface coatings and paint products		http://www.npi.gov.au/npidata/action/load/individual-facility-detail/criteria/state/WA/year/2025/jurisdiction-facility/WA1102
australia-npi	556810	2024/2025	Pascom Commercial Pty Ltd	PASCOM COMMERCIAL PTY LTD	Australia	-31.9903	115.958	1899	Other Basic Chemical Product Manufacturing n.e.c.	1899	Other Basic Chemical Product Manufacturing n.e.c.	Chemical Blending and Decanting		http://www.npi.gov.au/npidata/action/load/individual-facility-detail/criteria/state/WA/year/2025/jurisdiction-facility/WA1103
australia-npi	556944	2024/2025	Armstrong Flooring	BRAESIDE MILLS OPERATIONS PTY LTD	Australia	-37.993812	145.112379	1919	Other Polymer Product Manufacturing	1919	Other Polymer Product Manufacturing	Manufacturing commercial vinyl sheet flooring		http://www.npi.gov.au/npidata/action/load/individual-facility-detail/criteria/state/VIC/year/2025/jurisdiction-facility/00004136
australia-npi	556950	2024/2025	Geelong Distribution Centre	AMEROPA AUSTRALIA PTY LTD	Australia	-38.05173	144.385592	1831	Fertiliser Manufacturing	1831	Fertiliser Manufacturing	Fertiliser import, blending and distribution.		http://www.npi.gov.au/npidata/action/load/individual-facility-detail/criteria/state/VIC/year/2025/jurisdiction-facility/00023844
australia-npi	557082	2024/2025	Sara Lee	SARA LEE HOLDINGS PTY LTD	Australia	-33.381093	151.357484	1172	Cake and Pastry Manufacturing (Factory based)	1172	Cake and Pastry Manufacturing (Factory based)	Food Manufacturing - Bakery and associated processes (raw material intake and storage, heating, refrigeration, dispatch)		http://www.npi.gov.au/npidata/action/load/individual-facility-detail/criteria/state/NSW/year/2025/jurisdiction-facility/1168
australia-npi	557362	2024/2025	Joyce Foam Products (S.A.)	JOYCE FOAM PTY LTD	Australia	-34.702477	138.659885	1913	Polymer Foam Product Manufacturing	1913	Polymer Foam Product Manufacturing	Manufacture of flexible polyurethane foam.  Conversion of polyurethane foam to furniture, bedding and automotive industries.		http://www.npi.gov.au/npidata/action/load/individual-facility-detail/criteria/state/SA/year/2025/jurisdiction-facility/SA0549
australia-npi	557884	2024/2025	JBS Pork Australia - Laverton Processing	JBS PORK AUSTRALIA PTY LTD	Australia	-37.82095	144.8054611111	1111	Meat Processing	1111	Meat Processing	Meat processing		http://www.npi.gov.au/npidata/action/load/individual-facility-detail/criteria/state/VIC/year/2025/jurisdiction-facility/00024841
australia-npi	558148	2024/2025	FMC Manufacturing Wyong	FMC MANUFACTURING PTY LTD	Australia	-33.263022	151.445992	1832	Pesticide Manufacturing	1832	Pesticide Manufacturing	Formulation and packaging of agricultural products		http://www.npi.gov.au/npidata/action/load/individual-facility-detail/criteria/state/NSW/year/2025/jurisdiction-facility/1189
australia-npi	558498	2024/2025	Ixom Welshpool	IXOM OPERATIONS PTY LTD	Australia	-31.990002	115.970717	1813	Basic Inorganic Chemical Manufacturing	1813	Basic Inorganic Chemical Manufacturing	Sodium Hypochlorite Manufacturing, Warehousing and Distribution of Chlorine		http://www.npi.gov.au/npidata/action/load/individual-facility-detail/criteria/state/WA/year/2025/jurisdiction-facility/WA1126
australia-npi	558550	2024/2025	Minova Nowra Plant	MINOVA AUSTRALIA PTY LTD	Australia	-34.903649	150.581734	1899	Other Basic Chemical Product Manufacturing n.e.c.	1899	Other Basic Chemical Product Manufacturing n.e.c.	Manufacture of polyester resin capsules, cement powder grouts and phenolic resin blends for underground mining industry		http://www.npi.gov.au/npidata/action/load/individual-facility-detail/criteria/state/NSW/year/2025/jurisdiction-facility/982
australia-npi	558554	2024/2025	Bayswater North	FOAMEX VICTORIA PTY LTD	Australia	-37.8177777778	145.2969444444	1913	Polymer Foam Product Manufacturing	1913	Polymer Foam Product Manufacturing	Manufacture of polystyrene foam.		http://www.npi.gov.au/npidata/action/load/individual-facility-detail/criteria/state/VIC/year/2025/jurisdiction-facility/00029262
australia-npi	558616	2024/2025	Bituminous Products- Dandenong	BITUMINOUS PRODUCTS PTY LTD	Australia	-38.026589	145.195264	1709	Other Petroleum and Coal Product Manufacturing	1709	Other Petroleum and Coal Product Manufacturing	Manufacturing of bitumen based products		http://www.npi.gov.au/npidata/action/load/individual-facility-detail/criteria/state/VIC/year/2025/jurisdiction-facility/00029268
australia-npi	558690	2024/2025	Mondelez Burnie	MONDELEZ AUSTRALIA PTY LTD	Australia	-41.043345	145.879974	1131	Milk and Cream Processing	1131	Milk and Cream Processing	Milk Processing		http://www.npi.gov.au/npidata/action/load/individual-facility-detail/criteria/state/TAS/year/2025/jurisdiction-facility/TAS+465
australia-npi	558776	2024/2025	Marathon Food Industries Pty Ltd	MARATHON FOOD INDUSTRIES PROPRIETARY LIMITED	Australia	-37.797478	144.917046	1199	Other Food Product Manufacturing n.e.c.	1199	Other Food Product Manufacturing n.e.c.	Frozen food manufacture		http://www.npi.gov.au/npidata/action/load/individual-facility-detail/criteria/state/VIC/year/2025/jurisdiction-facility/00029273
australia-npi	558848	2024/2025	GREAT OCEAN INGREDIENTS PTY LTD	GREAT OCEAN INGREDIENTS PTY LTD	Australia	-38.39438889	142.6276944	1133	Cheese and Other Dairy Product Manufacturing	1133	Cheese and Other Dairy Product Manufacturing	Dairy product manufacturing		http://www.npi.gov.au/npidata/action/load/individual-facility-detail/criteria/state/VIC/year/2025/jurisdiction-facility/00029277
australia-npi	558880	2024/2025	Ormeau Asphalt Plant	FULTON HOGAN INDUSTRIES PTY LTD	Australia	-27.7512528	153.255494	1709	Other Petroleum and Coal Product Manufacturing	1709	Other Petroleum and Coal Product Manufacturing	Asphalt production - hot mix and warm mix		http://www.npi.gov.au/npidata/action/load/individual-facility-detail/criteria/state/QLD/year/2025/jurisdiction-facility/Q031FUL001
australia-npi	559020	2024/2025	VALLS STYRENE PACKAGING CO PTY LTD	VALLS STYRENE PACKAGING CO. PTY. LTD.	Australia	-34.2765632891	140.5785226822	1913	Polymer Foam Product Manufacturing	1913	Polymer Foam Product Manufacturing	Expanded Polystyrene Manufacture		http://www.npi.gov.au/npidata/action/load/individual-facility-detail/criteria/state/SA/year/2025/jurisdiction-facility/SA0557
australia-npi	559462	2024/2025	Australian Lamb (Colac) Pty Ltd	AUSTRALIAN LAMB (COLAC) PTY LTD	Australia	-38.327026	143.608721	1111	Meat Processing	1111	Meat Processing	Meat Processing		http://www.npi.gov.au/npidata/action/load/individual-facility-detail/criteria/state/VIC/year/2025/jurisdiction-facility/00022776
australia-npi	559642	2024/2025	Bailey's of Glenrowan Winery	CASELLA WINES PTY. LIMITED	Australia	-36.4172	146.1909	1214	Wine and Other Alcoholic Beverage Manufacturing	1214	Wine and Other Alcoholic Beverage Manufacturing	Manufacturing wine		http://www.npi.gov.au/npidata/action/load/individual-facility-detail/criteria/state/VIC/year/2025/jurisdiction-facility/00019564
australia-npi	559956	2024/2025	Australian Tartaric Products	AUSTRALIAN TARTARIC PRODUCTS PTY LTD	Australia	-34.54882	142.33104	1214	Wine and Other Alcoholic Beverage Manufacturing	1214	Wine and Other Alcoholic Beverage Manufacturing	Recovery of wine tartrates and distillation of grape spirit.		http://www.npi.gov.au/npidata/action/load/individual-facility-detail/criteria/state/VIC/year/2025/jurisdiction-facility/00029289
australia-npi	560658	2024/2025	Hellyers Road Distillery	WHISKEY TASMANIA PTY LTD	Australia	-41.0827861283	145.9122377791	1213	Spirit Manufacturing	1213	Spirit Manufacturing	Distilling, packaging and selling single malt whisky, whisky cream liqueur, tourism and hospitality		http://www.npi.gov.au/npidata/action/load/individual-facility-detail/criteria/state/TAS/year/2025/jurisdiction-facility/TAS+471
australia-npi	561458	2024/2025	Dulux Powder Coatings	DULUXGROUP (AUSTRALIA) PTY LTD	Australia	-38.027	145.243	1916	Paint and Coatings Manufacturing	1916	Paint and Coatings Manufacturing	Manufacture of powder coatings		http://www.npi.gov.au/npidata/action/load/individual-facility-detail/criteria/state/VIC/year/2025/jurisdiction-facility/00029169
australia-npi	562028	2024/2025	BPL Adelaide Pty Limited	BPL ADELAIDE PTY LIMITED	Australia	-34.841451	138.579445	1112	Poultry Processing	1112	Poultry Processing	Poultry Processing and Distribution		http://www.npi.gov.au/npidata/action/load/individual-facility-detail/criteria/state/SA/year/2025/jurisdiction-facility/SA0554
australia-npi	566372	2024/2025	Torbreck Vintners	TORBRECK VINTNERS PTY LIMITED	Australia	-34.4788888889	138.9513888889	1214	Wine and Other Alcoholic Beverage Manufacturing	1214	Wine and Other Alcoholic Beverage Manufacturing	Winery		http://www.npi.gov.au/npidata/action/load/individual-facility-detail/criteria/state/SA/year/2025/jurisdiction-facility/SA0568
australia-npi	566424	2024/2025	Polyfoam	POLYFOAM (AUSTRALIA) PTY LTD	Australia	-37.993213	145.199381	1912	Rigid and Semi-Rigid Polymer Product Manufacturing	1912	Rigid and Semi-Rigid Polymer Product Manufacturing	Plastics converting into moulded products		http://www.npi.gov.au/npidata/action/load/individual-facility-detail/criteria/state/VIC/year/2025/jurisdiction-facility/00029309
australia-npi	566430	2024/2025	Polyfoam (Sydney) Pty Ltd	POLYFOAM (SYDNEY) PTY LTD	Australia	-33.931097	150.928406	1912	Rigid and Semi-Rigid Polymer Product Manufacturing	1912	Rigid and Semi-Rigid Polymer Product Manufacturing	plastics converted into moulded plastics		http://www.npi.gov.au/npidata/action/load/individual-facility-detail/criteria/state/NSW/year/2025/jurisdiction-facility/1239
australia-npi	566432	2024/2025	Milne Feeds	MILNE AGRIGROUP PTY LTD	Australia	-31.994889	115.928284	1192	Prepared Animal and Bird Feed Manufacturing	1192	Prepared Animal and Bird Feed Manufacturing	Animal feed manufacturing		http://www.npi.gov.au/npidata/action/load/individual-facility-detail/criteria/state/WA/year/2025/jurisdiction-facility/WA1179
australia-npi	566446	2024/2025	Polyfoam	POLYFOAM (AUSTRALIA) PTY LTD	Australia	-42.7366166667	147.2549333333	1913	Polymer Foam Product Manufacturing	1913	Polymer Foam Product Manufacturing	Plastics converting into moulded products.		http://www.npi.gov.au/npidata/action/load/individual-facility-detail/criteria/state/TAS/year/2025/jurisdiction-facility/TAS+473
australia-npi	566592	2024/2025	LAP Dandenong	LESAFFRE AUSTRALIA PACIFIC PTY LTD	Australia	-38.030042	145.198819	1199	Other Food Product Manufacturing n.e.c.	1199	Other Food Product Manufacturing n.e.c.	Manufacturing Bakers Yeast		http://www.npi.gov.au/npidata/action/load/individual-facility-detail/criteria/state/VIC/year/2025/jurisdiction-facility/00029313
australia-npi	566966	2024/2025	Mission Foods	GRUMA OCEANIA PTY LTD	Australia	-37.6447540666	144.9982790407	1171	Bread Manufacturing (Factory based)	1171	Bread Manufacturing (Factory based)	Food manufacturing (tortillas)		http://www.npi.gov.au/npidata/action/load/individual-facility-detail/criteria/state/VIC/year/2025/jurisdiction-facility/00029320
australia-npi	567478	2024/2025	Snack Brands Australia Blacktown	SNACK BRANDS INDUSTRIES PTY LTD & SNACK BRANDS FOODS PTY LTD	Australia	-33.755	150.907778	1199	Other Food Product Manufacturing n.e.c.	1199	Other Food Product Manufacturing n.e.c.	Manufacture of Snack Foods		http://www.npi.gov.au/npidata/action/load/individual-facility-detail/criteria/state/NSW/year/2025/jurisdiction-facility/1243
australia-npi	567534	2024/2025	Naturaliste Vintners Pty Ltd	NATURALISTE VINTNERS PTY LTD	Australia	-33.72873	115.170339	1214	Wine and Other Alcoholic Beverage Manufacturing	1214	Wine and Other Alcoholic Beverage Manufacturing	Wine Manufacture		http://www.npi.gov.au/npidata/action/load/individual-facility-detail/criteria/state/WA/year/2025/jurisdiction-facility/WA1184
australia-npi	567588	2024/2025	Goodman Fielder Consumer Foods Erskine Park	GOODMAN FIELDER CONSUMER FOODS PTY LIMITED	Australia	-33.818288	150.797025	1199	Other Food Product Manufacturing n.e.c.	1199	Other Food Product Manufacturing n.e.c.	Manufacturing of liquid groceries such as mayonnaise, vinegar and salad dressing		http://www.npi.gov.au/npidata/action/load/individual-facility-detail/criteria/state/NSW/year/2025/jurisdiction-facility/1247
australia-npi	567668	2024/2025	McHenry Hohnen Vintners	MCHENRY HOHNEN VINTERS PTY LTD	Australia	-34.056048	115.13445	1214	Wine and Other Alcoholic Beverage Manufacturing	1214	Wine and Other Alcoholic Beverage Manufacturing	Wine making		http://www.npi.gov.au/npidata/action/load/individual-facility-detail/criteria/state/WA/year/2025/jurisdiction-facility/WA1185
australia-npi	567688	2024/2025	Willow Bridge Estate	FERGUSON VALLEY WINES PTY LTD	Australia	-33.391452	115.863615	1214	Wine and Other Alcoholic Beverage Manufacturing	1214	Wine and Other Alcoholic Beverage Manufacturing	Winery		http://www.npi.gov.au/npidata/action/load/individual-facility-detail/criteria/state/WA/year/2025/jurisdiction-facility/WA0843
australia-npi	567696	2024/2025	Credaro Winemaking	CARBUNUP PTY LTD	Australia	-33.700877	115.195995	1214	Wine and Other Alcoholic Beverage Manufacturing	1214	Wine and Other Alcoholic Beverage Manufacturing	Winemaking - beverage manufacture		http://www.npi.gov.au/npidata/action/load/individual-facility-detail/criteria/state/WA/year/2025/jurisdiction-facility/WA1187
australia-npi	567706	2024/2025	Ixom Kwinana	IXOM OPERATIONS PTY LTD	Australia	-32.232982	115.780693	1813	Basic Inorganic Chemical Manufacturing	1813	Basic Inorganic Chemical Manufacturing	Production of ferric sulfate		http://www.npi.gov.au/npidata/action/load/individual-facility-detail/criteria/state/WA/year/2025/jurisdiction-facility/WA1188
australia-npi	567716	2024/2025	Flametree Wines	FLAMETREE WINES PTY LTD	Australia	-33.646671	115.187101	1214	Wine and Other Alcoholic Beverage Manufacturing	1214	Wine and Other Alcoholic Beverage Manufacturing	Winery		http://www.npi.gov.au/npidata/action/load/individual-facility-detail/criteria/state/WA/year/2025/jurisdiction-facility/WA1190
australia-npi	568064	2024/2025	Voyager Estate (WA) Pty Ltd	VOYAGER ESTATE (WA) PTY LTD	Australia	-33.996266	115.054214	1214	Wine and Other Alcoholic Beverage Manufacturing	1214	Wine and Other Alcoholic Beverage Manufacturing	Viticulture and wine beverage manufacturing		http://www.npi.gov.au/npidata/action/load/individual-facility-detail/criteria/state/WA/year/2025/jurisdiction-facility/WA0839
australia-npi	568202	2024/2025	Xanadu Wines	XANADU WINES PTY LTD	Australia	-33.982066	115.054351	1214	Wine and Other Alcoholic Beverage Manufacturing	1214	Wine and Other Alcoholic Beverage Manufacturing	Wine making		http://www.npi.gov.au/npidata/action/load/individual-facility-detail/criteria/state/WA/year/2025/jurisdiction-facility/WA0844
australia-npi	568278	2024/2025	Flying Fish Cove Winery	FLYING FISH COVE PTY LTD	Australia	-33.769899	115.040352	1214	Wine and Other Alcoholic Beverage Manufacturing	1214	Wine and Other Alcoholic Beverage Manufacturing	Wine production		http://www.npi.gov.au/npidata/action/load/individual-facility-detail/criteria/state/WA/year/2025/jurisdiction-facility/WA1203
australia-npi	568496	2024/2025	Stella Bella Wines Pty Ltd	STELLA BELLA WINES PTY LTD	Australia	-34.187772	115.13532	1214	Wine and Other Alcoholic Beverage Manufacturing	1214	Wine and Other Alcoholic Beverage Manufacturing	Wine production and sales		http://www.npi.gov.au/npidata/action/load/individual-facility-detail/criteria/state/WA/year/2025/jurisdiction-facility/WA0837
australia-npi	568630	2024/2025	Frankland Estate Wines	FRANKLAND ESTATE WINES PTY LTD	Australia	-34.465594	117.006154	1214	Wine and Other Alcoholic Beverage Manufacturing	1214	Wine and Other Alcoholic Beverage Manufacturing	Production of grapes and wine		http://www.npi.gov.au/npidata/action/load/individual-facility-detail/criteria/state/WA/year/2025/jurisdiction-facility/WA0816
australia-npi	568996	2024/2025	Magill Estate	TREASURY WINE ESTATES LIMITED	Australia	-34.921	138.679	1214	Wine and Other Alcoholic Beverage Manufacturing	1214	Wine and Other Alcoholic Beverage Manufacturing	Manufacturing wine		http://www.npi.gov.au/npidata/action/load/individual-facility-detail/criteria/state/SA/year/2025/jurisdiction-facility/SA0573
australia-npi	569400	2024/2025	Albright & Wilson (Aust Ltd)	ALBRIGHT & WILSON (AUSTRALIA) LIMITED	Australia	-33.835382	150.897475	1812	Basic Organic Chemical Manufacturing	1812	Basic Organic Chemical Manufacturing	Surfactant chemical manufacturing		http://www.npi.gov.au/npidata/action/load/individual-facility-detail/criteria/state/NSW/year/2025/jurisdiction-facility/1255
australia-npi	571284	2024/2025	Graincorp Oilseeds Pty Ltd	GRAINCORP OILSEEDS PTY LTD	Australia	-32.639556	115.850143	1150	Oil and Fat Manufacturing	1150	Oil and Fat Manufacturing	Processing vegetable oilseeds		http://www.npi.gov.au/npidata/action/load/individual-facility-detail/criteria/state/WA/year/2025/jurisdiction-facility/WA1222
australia-npi	572732	2024/2025	BBM Perth	BARRETT BURSTON MALTING CO PTY LTD	Australia	-31.99485	115.968472	1161	Grain Mill Product Manufacturing	1161	Grain Mill Product Manufacturing	Turning barley to malt through cleaning, steeping, germination and kilning stages.		http://www.npi.gov.au/npidata/action/load/individual-facility-detail/criteria/state/WA/year/2025/jurisdiction-facility/WA1223
australia-npi	573678	2024/2025	Harvey Fresh Milk	HARVEY FRESH (1994) LTD	Australia	-33.061531	115.894603	1131	Milk and Cream Processing	1131	Milk and Cream Processing	milk products		http://www.npi.gov.au/npidata/action/load/individual-facility-detail/criteria/state/WA/year/2025/jurisdiction-facility/WA1224
australia-npi	573690	2024/2025	Bartter Hanwood Feed Mill	BARTTER ENTERPRISES PTY LIMITED	Australia	-34.340247	146.043749	1192	Prepared Animal and Bird Feed Manufacturing	1192	Prepared Animal and Bird Feed Manufacturing	Feed milling		http://www.npi.gov.au/npidata/action/load/individual-facility-detail/criteria/state/NSW/year/2025/jurisdiction-facility/1266
australia-npi	573814	2024/2025	Boral Asphalt Ballarat	BORAL RESOURCES (VIC) PTY LIMITED	Australia	-37.51961111	143.8499167	1709	Other Petroleum and Coal Product Manufacturing	1709	Other Petroleum and Coal Product Manufacturing	Asphalt production		http://www.npi.gov.au/npidata/action/load/individual-facility-detail/criteria/state/VIC/year/2025/jurisdiction-facility/00029432
australia-npi	574256	2024/2025	Forester Estate	FORESTER ESTATE PTY LTD	Australia	-33.695836	115.086969	1214	Wine and Other Alcoholic Beverage Manufacturing	1214	Wine and Other Alcoholic Beverage Manufacturing	Wine making		http://www.npi.gov.au/npidata/action/load/individual-facility-detail/criteria/state/WA/year/2025/jurisdiction-facility/WA0815
australia-npi	575184	2024/2025	La Ionica	TUROSI PTY LTD	Australia	-37.691076	144.998192	1112	Poultry Processing	1112	Poultry Processing	Poultry processing		http://www.npi.gov.au/npidata/action/load/individual-facility-detail/criteria/state/VIC/year/2025/jurisdiction-facility/00029441
australia-npi	575698	2024/2025	Burra Foods Factory	BURRA FOODS PTY LTD	Australia	-38.427957	145.821608	1131	Milk and Cream Processing	1131	Milk and Cream Processing	Dairy product manufacturing		http://www.npi.gov.au/npidata/action/load/individual-facility-detail/criteria/state/VIC/year/2025/jurisdiction-facility/00029446
australia-npi	575708	2024/2025	G & K O'CONNOR PTY LTD	G & K O'CONNOR PTY LTD	Australia	-38.114626	145.496233	1111	Meat Processing	1111	Meat Processing	Meat processing		http://www.npi.gov.au/npidata/action/load/individual-facility-detail/criteria/state/VIC/year/2025/jurisdiction-facility/00004115
australia-npi	575738	2024/2025	Kagome Foods Aust	KAGOME FOODS AUSTRALIA PTY LTD	Australia	-36.14977	144.765998	1140	Fruit and Vegetable Processing	1140	Fruit and Vegetable Processing	Tomato paste manufacturing		http://www.npi.gov.au/npidata/action/load/individual-facility-detail/criteria/state/VIC/year/2025/jurisdiction-facility/00029447
australia-npi	575744	2024/2025	Fowles Wine	FOWLES WINE PTY LTD	Australia	-36.9006819	145.3963886	1214	Wine and Other Alcoholic Beverage Manufacturing	1214	Wine and Other Alcoholic Beverage Manufacturing	Wine processing for Fowles Wine and external clients		http://www.npi.gov.au/npidata/action/load/individual-facility-detail/criteria/state/VIC/year/2025/jurisdiction-facility/00029448
australia-npi	575816	2024/2025	Luv-a-Duck Processing, Nhill	LUV-A-DUCK PTY LTD	Australia	-36.323113	141.62869	1112	Poultry Processing	1112	Poultry Processing	Duck processing plant		http://www.npi.gov.au/npidata/action/load/individual-facility-detail/criteria/state/VIC/year/2025/jurisdiction-facility/00029452
australia-npi	575986	2024/2025	VISCOUNT ROTATIONAL MOULDINGS PTY LTD	VISCOUNT ROTATIONAL MOULDINGS PTY LTD	Australia	-38.096636	145.159044	1912	Rigid and Semi-Rigid Polymer Product Manufacturing	1912	Rigid and Semi-Rigid Polymer Product Manufacturing	Manufacture of plastic tanks		http://www.npi.gov.au/npidata/action/load/individual-facility-detail/criteria/state/VIC/year/2025/jurisdiction-facility/00029456
australia-npi	577424	2024/2025	Pascoe's Pty Ltd	PASCOE'S PTY LTD	Australia	-33.8703	150.9807	1851	Cleaning Compound Manufacturing	1851	Cleaning Compound Manufacturing	Manufacture and filling of household cleaning products and food aerosols		http://www.npi.gov.au/npidata/action/load/individual-facility-detail/criteria/state/NSW/year/2025/jurisdiction-facility/1276
australia-npi	577468	2024/2025	Ferrero Australia Pty Ltd	FERRERO AUSTRALIA PTY LTD	Australia	-33.480007	150.139024	1182	Confectionery Manufacturing	1182	Confectionery Manufacturing	Food Manufacturing		http://www.npi.gov.au/npidata/action/load/individual-facility-detail/criteria/state/NSW/year/2025/jurisdiction-facility/1277
australia-npi	577656	2024/2025	Laverton	ASAHI PREMIUM BEVERAGES PTY LTD	Australia	-37.803226	144.780458	1212	Beer Manufacturing	1212	Beer Manufacturing	Manufacturer of alcoholic and non-alcoholic beverages		http://www.npi.gov.au/npidata/action/load/individual-facility-detail/criteria/state/VIC/year/2025/jurisdiction-facility/00029398
australia-npi	578668	2024/2025	Pinkenba Malthouse	BARRETT BURSTON MALTING CO PTY LTD	Australia	-27.426389	153.121667	1161	Grain Mill Product Manufacturing	1161	Grain Mill Product Manufacturing	Barley processing and germination to produce malted barley		http://www.npi.gov.au/npidata/action/load/individual-facility-detail/criteria/state/QLD/year/2025/jurisdiction-facility/Q010BBM002
australia-npi	578720	2024/2025	Riverina Abattoir	JBS AUSTRALIA PTY LIMITED	Australia	-34.64526	146.483766	1111	Meat Processing	1111	Meat Processing	Beef Processing Abattoir		http://www.npi.gov.au/npidata/action/load/individual-facility-detail/criteria/state/NSW/year/2025/jurisdiction-facility/1297
australia-npi	578786	2024/2025	Dunlop Foams	AUSTRALIAN COMFORT GROUP PTY LTD	Australia	-37.78396	144.78511	1913	Polymer Foam Product Manufacturing	1913	Polymer Foam Product Manufacturing	Foam manufacture		http://www.npi.gov.au/npidata/action/load/individual-facility-detail/criteria/state/VIC/year/2025/jurisdiction-facility/00029476
australia-npi	578854	2024/2025	Labelmakers - Somerton	LABELMAKERS GROUP PTY LTD	Australia	-37.633289	144.944665	1911	Polymer Film and Sheet Packaging Material Manufacturing	1911	Polymer Film and Sheet Packaging Material Manufacturing	Packaging Material Manufacturing		http://www.npi.gov.au/npidata/action/load/individual-facility-detail/criteria/state/VIC/year/2025/jurisdiction-facility/00006873
australia-npi	579838	2024/2025	Moolap Asphalt	BORAL RESOURCES (VIC) PTY LIMITED	Australia	-38.162717	144.431177	1709	Other Petroleum and Coal Product Manufacturing	1709	Other Petroleum and Coal Product Manufacturing	Asphalt Production		http://www.npi.gov.au/npidata/action/load/individual-facility-detail/criteria/state/VIC/year/2025/jurisdiction-facility/00029479
australia-npi	579868	2024/2025	Somerton	FOAMEX GROUP PTY LTD	Australia	-37.64293	144.96385	1913	Polymer Foam Product Manufacturing	1913	Polymer Foam Product Manufacturing	Manufacture and Storage of Polystyrene Foam Products		http://www.npi.gov.au/npidata/action/load/individual-facility-detail/criteria/state/VIC/year/2025/jurisdiction-facility/00029481
australia-npi	583332	2024/2025	Freedom Pools Factory	DEXBAR PTY. LTD.	Australia	-34.732762	138.589498	1919	Other Polymer Product Manufacturing	1919	Other Polymer Product Manufacturing	Manufacturing of swimming pools and spas using fibreglass matte and resin		http://www.npi.gov.au/npidata/action/load/individual-facility-detail/criteria/state/SA/year/2025/jurisdiction-facility/SA0610
australia-npi	585814	2024/2025	FELTON GRIMWADE & BOSISTO'S PTY LTD	FELTON GRIMWADE & BOSISTO'S PTY LTD	Australia	-37.933385	145.099178	1841	Human Pharmaceutical and Medicinal Product Manufacturing	1841	Human Pharmaceutical and Medicinal Product Manufacturing	Manufacture of pharmaceutical products		http://www.npi.gov.au/npidata/action/load/individual-facility-detail/criteria/state/VIC/year/2025/jurisdiction-facility/00030008
australia-npi	585826	2024/2025	Blackmores Braeside	BLACKMORES LIMITED	Australia	-38.007632	145.107844	1841	Human Pharmaceutical and Medicinal Product Manufacturing	1841	Human Pharmaceutical and Medicinal Product Manufacturing	Manufacture of pharmaceutical products		http://www.npi.gov.au/npidata/action/load/individual-facility-detail/criteria/state/VIC/year/2025/jurisdiction-facility/00030010
australia-npi	585878	2024/2025	Tri-Tech Chemical	TRI-TECH CHEMICAL CO PTY LTD	Australia	-37.811647	144.812479	1812	Basic Organic Chemical Manufacturing	1812	Basic Organic Chemical Manufacturing	Chemical Manufacturing and Warehousing		http://www.npi.gov.au/npidata/action/load/individual-facility-detail/criteria/state/VIC/year/2025/jurisdiction-facility/00030513
australia-npi	585886	2024/2025	Devro Sausage Casings	DEVRO PTY LTD	Australia	-33.421126	149.620013	1199	Other Food Product Manufacturing n.e.c.	1199	Other Food Product Manufacturing n.e.c.	Manufacture of collagen sausage casings		http://www.npi.gov.au/npidata/action/load/individual-facility-detail/criteria/state/NSW/year/2025/jurisdiction-facility/1315
australia-npi	585952	2024/2025	Pope Packaging	O.E. & D.R. POPE PTY. LTD.	Australia	-34.863905	138.538726	1911	Polymer Film and Sheet Packaging Material Manufacturing	1911	Polymer Film and Sheet Packaging Material Manufacturing	Manufacturing		http://www.npi.gov.au/npidata/action/load/individual-facility-detail/criteria/state/SA/year/2025/jurisdiction-facility/SA0619
australia-npi	586080	2024/2025	Just Biodiesel	JUST BIODIESEL PTY LTD	Australia	-36.1185	146.699	1899	Other Basic Chemical Product Manufacturing n.e.c.	1899	Other Basic Chemical Product Manufacturing n.e.c.	Biodiesel production		http://www.npi.gov.au/npidata/action/load/individual-facility-detail/criteria/state/VIC/year/2025/jurisdiction-facility/00030515
australia-npi	586116	2024/2025	Steggles Beresfield Site No 2	STEGGLES FOODS PRODUCTS PTY LTD	Australia	-32.795299	151.645919	1112	Poultry Processing	1112	Poultry Processing	Further processing poultry plant		http://www.npi.gov.au/npidata/action/load/individual-facility-detail/criteria/state/NSW/year/2025/jurisdiction-facility/1325
australia-npi	586136	2024/2025	Bartter Beresfield Feed Mill	BARTTER ENTERPRISES PTY LIMITED	Australia	-32.795843	151.653428	1192	Prepared Animal and Bird Feed Manufacturing	1192	Prepared Animal and Bird Feed Manufacturing	Feed manufacturing		http://www.npi.gov.au/npidata/action/load/individual-facility-detail/criteria/state/NSW/year/2025/jurisdiction-facility/1327
australia-npi	586330	2024/2025	Bega Cheese Limited DPU	BEGA CHEESE LIMITED	Australia	-36.668322	149.83048	1133	Cheese and Other Dairy Product Manufacturing	1133	Cheese and Other Dairy Product Manufacturing	Cheddar cheese and powder manufacture		http://www.npi.gov.au/npidata/action/load/individual-facility-detail/criteria/state/NSW/year/2025/jurisdiction-facility/1328
australia-npi	586396	2024/2025	Hume Asphalt Plant	DOWNER EDI WORKS PTY LTD	Australia	-35.400025	149.1627805556	1709	Other Petroleum and Coal Product Manufacturing	1709	Other Petroleum and Coal Product Manufacturing	Asphalt Production and Spray Seal Operations		http://www.npi.gov.au/npidata/action/load/individual-facility-detail/criteria/state/ACT/year/2025/jurisdiction-facility/ACT043
australia-npi	586734	2024/2025	Orica Kurri Kurri Explosives Manufacturing Plant	ORICA AUSTRALIA PTY LTD	Australia	-32.8663	151.535	1813	Basic Inorganic Chemical Manufacturing	1813	Basic Inorganic Chemical Manufacturing	Explosives Manufacturing		http://www.npi.gov.au/npidata/action/load/individual-facility-detail/criteria/state/NSW/year/2025/jurisdiction-facility/1331
australia-npi	587730	2024/2025	Downer Narrandera	DOWNER EDI WORKS PTY LTD	Australia	-34.725812	146.56997	1709	Other Petroleum and Coal Product Manufacturing	1709	Other Petroleum and Coal Product Manufacturing	Asphalt Production and Spray Seal Operations		http://www.npi.gov.au/npidata/action/load/individual-facility-detail/criteria/state/NSW/year/2025/jurisdiction-facility/1338
australia-npi	589000	2024/2025	Gepps Cross Asphalt Plant	BORAL RESOURCES (SA) LIMITED	Australia	-34.845898	138.590564	1709	Other Petroleum and Coal Product Manufacturing	1709	Other Petroleum and Coal Product Manufacturing	Hot Mix Asphalt Preparation		http://www.npi.gov.au/npidata/action/load/individual-facility-detail/criteria/state/SA/year/2025/jurisdiction-facility/SA0628
australia-npi	589546	2024/2025	Malt Sydney	BOORTMALT ASIA PACIFIC PTY LTD	Australia	-34.035899	150.840543	1161	Grain Mill Product Manufacturing	1161	Grain Mill Product Manufacturing	Malting barley for production of malt		http://www.npi.gov.au/npidata/action/load/individual-facility-detail/criteria/state/NSW/year/2025/jurisdiction-facility/1341
australia-npi	590762	2024/2025	Lara Asphalt Plant	FULTON HOGAN INDUSTRIES PTY LTD	Australia	-38.0449	144.369476	1709	Other Petroleum and Coal Product Manufacturing	1709	Other Petroleum and Coal Product Manufacturing	Hot mix asphalt production		http://www.npi.gov.au/npidata/action/load/individual-facility-detail/criteria/state/VIC/year/2025/jurisdiction-facility/00030541
australia-npi	592836	2024/2025	Keith Proteins Division	MASTER BUTCHERS CO-OPERATIVE LIMITED	Australia	-36.061437	140.451907	1111	Meat Processing	1111	Meat Processing	Rendering		http://www.npi.gov.au/npidata/action/load/individual-facility-detail/criteria/state/SA/year/2025/jurisdiction-facility/SA0631
australia-npi	594054	2024/2025	Wing Plastics	WING PLASTICS PTY LTD	Australia	-35.111273	138.500355	1911	Polymer Film and Sheet Packaging Material Manufacturing	1911	Polymer Film and Sheet Packaging Material Manufacturing	Manufacture of Printed Flexographic Flexible Packaging		http://www.npi.gov.au/npidata/action/load/individual-facility-detail/criteria/state/SA/year/2025/jurisdiction-facility/SA0636
australia-npi	595080	2024/2025	Deep Woods Estate	FOGARTY FAMILY WINES PTY LTD T/AS DEEP WOODS ESTATE	Australia	-33.689139	115.079856	1214	Wine and Other Alcoholic Beverage Manufacturing	1214	Wine and Other Alcoholic Beverage Manufacturing	Wine Manufacture		http://www.npi.gov.au/npidata/action/load/individual-facility-detail/criteria/state/WA/year/2025/jurisdiction-facility/WA1341
australia-npi	595092	2024/2025	Environex International Pty Ltd	ENVIRONEX INTERNATIONAL PTY LTD	Australia	-31.795278	115.8325	1899	Other Basic Chemical Product Manufacturing n.e.c.	1899	Other Basic Chemical Product Manufacturing n.e.c.	Chemical blending		http://www.npi.gov.au/npidata/action/load/individual-facility-detail/criteria/state/WA/year/2025/jurisdiction-facility/WA1342
australia-npi	595250	2024/2025	Parchem Construction Supplies	DULUXGROUP (AUSTRALIA) PTY LTD	Australia	-33.264523	151.443937	1813	Basic Inorganic Chemical Manufacturing	1813	Basic Inorganic Chemical Manufacturing	Manufacture of construction products and National Distribution Warehouse		http://www.npi.gov.au/npidata/action/load/individual-facility-detail/criteria/state/NSW/year/2025/jurisdiction-facility/1351
australia-npi	595750	2024/2025	Little World Beverages - Geelong	LION PTY LTD	Australia	-38.165806	144.360944	1212	Beer Manufacturing	1212	Beer Manufacturing	Manufacture of beer		http://www.npi.gov.au/npidata/action/load/individual-facility-detail/criteria/state/VIC/year/2025/jurisdiction-facility/00030557
australia-npi	595764	2024/2025	Good Drinks Australia Ltd	GOOD DRINKS AUSTRALIA LTD	Australia	-32.051512	115.792015	1212	Beer Manufacturing	1212	Beer Manufacturing	Brewing, bottling and kegging beer and cider		http://www.npi.gov.au/npidata/action/load/individual-facility-detail/criteria/state/WA/year/2025/jurisdiction-facility/WA1351
australia-npi	595818	2024/2025	Riverina Fresh Wagga Wagga	RIVERINA FRESH PTY LTD	Australia	-35.120665	147.379568	1131	Milk and Cream Processing	1131	Milk and Cream Processing	Production of dairy products		http://www.npi.gov.au/npidata/action/load/individual-facility-detail/criteria/state/NSW/year/2025/jurisdiction-facility/1354
australia-npi	595872	2024/2025	Orica Pippingarra Plant	ORICA AUSTRALIA PTY LTD	Australia	-20.415	118.692	1892	Explosive Manufacturing	1892	Explosive Manufacturing	Explosives manufacture		http://www.npi.gov.au/npidata/action/load/individual-facility-detail/criteria/state/WA/year/2025/jurisdiction-facility/WA1352
australia-npi	596206	2024/2025	Hans Continental Smallgoods - QDC	JBS AUSTRALIA PTY LIMITED	Australia	-27.597133	152.936299	1113	Cured Meat and Smallgoods Manufacturing	1113	Cured Meat and Smallgoods Manufacturing	Meat and meat product manufacturing		http://www.npi.gov.au/npidata/action/load/individual-facility-detail/criteria/state/QLD/year/2025/jurisdiction-facility/Q033MEA003
australia-npi	596420	2024/2025	Dandenong South	ALEX FRASER ASPHALT PTY LTD	Australia	-38.0226	145.19592	1709	Other Petroleum and Coal Product Manufacturing	1709	Other Petroleum and Coal Product Manufacturing	Petroleum coke and petroleum coke product manufacturing		http://www.npi.gov.au/npidata/action/load/individual-facility-detail/criteria/state/VIC/year/2025/jurisdiction-facility/00030562
australia-npi	596424	2024/2025	SAPUTO DAIRY AUSTRALIA - Smithton	SAPUTO DAIRY AUSTRALIA PTY LTD	Australia	-40.862114	145.14031	1133	Cheese and Other Dairy Product Manufacturing	1133	Cheese and Other Dairy Product Manufacturing	Dairy Product Manufacturing		http://www.npi.gov.au/npidata/action/load/individual-facility-detail/criteria/state/TAS/year/2025/jurisdiction-facility/TAS+508
australia-npi	598022	2024/2025	Quaker Oats Australia Pty Ltd	QUAKER OATS AUSTRALIA PTY LTD	Australia	-31.97	115.99	1161	Grain Mill Product Manufacturing	1161	Grain Mill Product Manufacturing	Oat milling		http://www.npi.gov.au/npidata/action/load/individual-facility-detail/criteria/state/WA/year/2025/jurisdiction-facility/WA1393
australia-npi	598250	2024/2025	Ipswich Asphalt	BORAL RESOURCES (QLD) PTY LIMITED	Australia	-27.636238	152.822045	1709	Other Petroleum and Coal Product Manufacturing	1709	Other Petroleum and Coal Product Manufacturing	Asphalt manufacturing		http://www.npi.gov.au/npidata/action/load/individual-facility-detail/criteria/state/QLD/year/2025/jurisdiction-facility/Q031BOR008
australia-npi	598262	2024/2025	Rockhampton Asphalt	BORAL RESOURCES (QLD) PTY LIMITED	Australia	-23.387458	150.56797	1709	Other Petroleum and Coal Product Manufacturing	1709	Other Petroleum and Coal Product Manufacturing	Asphalt manufacturing		http://www.npi.gov.au/npidata/action/load/individual-facility-detail/criteria/state/QLD/year/2025/jurisdiction-facility/Q031BOR010
australia-npi	599188	2024/2025	Dyno - Moranbah	DYNO NOBEL MORANBAH PTY LTD	Australia	-21.972444	147.983832	1892	Explosive Manufacturing	1892	Explosive Manufacturing	Gun cotton manufacturing		http://www.npi.gov.au/npidata/action/load/individual-facility-detail/criteria/state/QLD/year/2025/jurisdiction-facility/Q051DNM002
australia-npi	602118	2024/2025	Kembla Grange Asphalt Plant	FULTON HOGAN INDUSTRIES PTY LTD	Australia	-34.465492	150.804042	1709	Other Petroleum and Coal Product Manufacturing	1709	Other Petroleum and Coal Product Manufacturing	Hot mix asphalt manufacturing		http://www.npi.gov.au/npidata/action/load/individual-facility-detail/criteria/state/NSW/year/2025/jurisdiction-facility/1376
australia-npi	602496	2024/2025	Atlas Wines	ATLAS WINES	Australia	-34.591265	138.860942	1214	Wine and Other Alcoholic Beverage Manufacturing	1214	Wine and Other Alcoholic Beverage Manufacturing	Wine making		http://www.npi.gov.au/npidata/action/load/individual-facility-detail/criteria/state/SA/year/2025/jurisdiction-facility/SA0647
australia-npi	602666	2024/2025	Pental Limited	DULUXGROUP (AUSTRALIA) PTY LTD	Australia	-36.368049	145.425317	1851	Cleaning Compound Manufacturing	1851	Cleaning Compound Manufacturing	The principal activities of the Group during the course of the financial year were the manufacturing and distribution of personal care and home products.		http://www.npi.gov.au/npidata/action/load/individual-facility-detail/criteria/state/VIC/year/2025/jurisdiction-facility/00030574
australia-npi	602740	2024/2025	GCP Australia Archerfield	GCP AUSTRALIA PTY LTD	Australia	-27.577097	153.003985	1899	Other Basic Chemical Product Manufacturing n.e.c.	1899	Other Basic Chemical Product Manufacturing n.e.c.	Manufacture of chemical concrete admixtures for the construction industry (blending operation)		http://www.npi.gov.au/npidata/action/load/individual-facility-detail/criteria/state/QLD/year/2025/jurisdiction-facility/Q021GRA001
australia-npi	603044	2024/2025	LARA	CHEMRING AUSTRALIA PTY LTD	Australia	-38.010651	144.324731	1892	Explosive Manufacturing	1892	Explosive Manufacturing	Manufacture and distribution of energetic materials and products		http://www.npi.gov.au/npidata/action/load/individual-facility-detail/criteria/state/VIC/year/2025/jurisdiction-facility/00030576
australia-npi	603226	2024/2025	MICHELINI WINES	VALLUNGA PTY LTD	Australia	-36.55936	146.720695	1214	Wine and Other Alcoholic Beverage Manufacturing	1214	Wine and Other Alcoholic Beverage Manufacturing	Wine making		http://www.npi.gov.au/npidata/action/load/individual-facility-detail/criteria/state/VIC/year/2025/jurisdiction-facility/00019595
australia-npi	603228	2024/2025	Helen Hill Estate	MCCARTHY WINE SERVICES PTY LTD	Australia	-37.739957	145.389891	1214	Wine and Other Alcoholic Beverage Manufacturing	1214	Wine and Other Alcoholic Beverage Manufacturing	Winery		http://www.npi.gov.au/npidata/action/load/individual-facility-detail/criteria/state/VIC/year/2025/jurisdiction-facility/00030578
australia-npi	603264	2024/2025	Hoddles Creek Estate	BOCCACCIO PTY LTD	Australia	-37.815226	145.592065	1214	Wine and Other Alcoholic Beverage Manufacturing	1214	Wine and Other Alcoholic Beverage Manufacturing	Vineyard and winery		http://www.npi.gov.au/npidata/action/load/individual-facility-detail/criteria/state/VIC/year/2025/jurisdiction-facility/00030579
australia-npi	603272	2024/2025	PUNT ROAD WINES	LENBRIDGE FORGE PTY LTD	Australia	-37.695622	145.415144	1214	Wine and Other Alcoholic Beverage Manufacturing	1214	Wine and Other Alcoholic Beverage Manufacturing	Winemaking and cidermaking		http://www.npi.gov.au/npidata/action/load/individual-facility-detail/criteria/state/VIC/year/2025/jurisdiction-facility/00030580
australia-npi	604218	2024/2025	Wacol Production Plant	RIVIANA FOODS PTY LTD	Australia	-27.588907	152.929748	1199	Other Food Product Manufacturing n.e.c.	1199	Other Food Product Manufacturing n.e.c.	Manufacture of Vinegar Warehousing		http://www.npi.gov.au/npidata/action/load/individual-facility-detail/criteria/state/QLD/year/2025/jurisdiction-facility/Q021RIV001
australia-npi	605062	2024/2025	Boral Asphalt Carrington	BORAL ASPHALT	Australia	-32.904708	151.762735	1709	Other Petroleum and Coal Product Manufacturing	1709	Other Petroleum and Coal Product Manufacturing	Bitumen pre-mix or ashpalt hot mix production		http://www.npi.gov.au/npidata/action/load/individual-facility-detail/criteria/state/NSW/year/2025/jurisdiction-facility/1384
australia-npi	605206	2024/2025	Lion - Little Creatures Brewing Fremantle	LITTLE CREATURES BREWING PTY LTD	Australia	-32.059088	115.744558	1212	Beer Manufacturing	1212	Beer Manufacturing	Brewing, Fermentation, Cellaring, Filtration, Tanker Loading		http://www.npi.gov.au/npidata/action/load/individual-facility-detail/criteria/state/WA/year/2025/jurisdiction-facility/WA1422
australia-npi	605210	2024/2025	Lion - Little Creatures Packaging O'Connor	LITTLE CREATURES BREWING PTY LTD	Australia	-32.060491	115.788005	1212	Beer Manufacturing	1212	Beer Manufacturing	Tanker Loading, Bottling, Kegging		http://www.npi.gov.au/npidata/action/load/individual-facility-detail/criteria/state/WA/year/2025/jurisdiction-facility/WA1423
australia-npi	606088	2024/2025	Dyno - Port Hedland	DYNO NOBEL ASIA PACIFIC PTY LIMITED	Australia	-20.386106	118.659039	1892	Explosive Manufacturing	1892	Explosive Manufacturing	Explosive fuse manufacturing		http://www.npi.gov.au/npidata/action/load/individual-facility-detail/criteria/state/WA/year/2025/jurisdiction-facility/WA1429
australia-npi	606126	2024/2025	Wingfield	DOWNER EDI WORKS PTY LTD	Australia	-34.848011	138.572556	1709	Other Petroleum and Coal Product Manufacturing	1709	Other Petroleum and Coal Product Manufacturing	Hot mix asphalt		http://www.npi.gov.au/npidata/action/load/individual-facility-detail/criteria/state/SA/year/2025/jurisdiction-facility/SA0661
australia-npi	606784	2024/2025	Sika Australia Wetherill Park (Site B)	SIKA AUSTRALIA	Australia	-33.842185	150.89877	1812	Basic Organic Chemical Manufacturing	1812	Basic Organic Chemical Manufacturing	Manufacturing of construction chemicals, additives & refurbish chemicals, epoxy and polyurethane coatings.		http://www.npi.gov.au/npidata/action/load/individual-facility-detail/criteria/state/NSW/year/2025/jurisdiction-facility/1395
australia-npi	607002	2024/2025	Welshpool	ASAHI BEVERAGES PTY LTD	Australia	-31.988413	115.943316	1211	Soft Drink, Cordial and Syrup Manufacturing	1211	Soft Drink, Cordial and Syrup Manufacturing	Manufacture of beverages		http://www.npi.gov.au/npidata/action/load/individual-facility-detail/criteria/state/WA/year/2025/jurisdiction-facility/WA1440
australia-npi	607408	2024/2025	Riverina Oils and Bio Energy	RIVERINA OILS AND BIO ENERGY PTY LTD	Australia	-35.046406	147.430124	1150	Oil and Fat Manufacturing	1150	Oil and Fat Manufacturing	Integrated oilseed crushing and refining plant		http://www.npi.gov.au/npidata/action/load/individual-facility-detail/criteria/state/NSW/year/2025/jurisdiction-facility/1419
australia-npi	611768	2024/2025	Thomas Foods International Tamworth	THOMAS FOODS INTERNATIONAL TAMWORTH PTY LIMITED	Australia	-31.072203	150.853292	1111	Meat Processing	1111	Meat Processing	Sheep and lamb processing		http://www.npi.gov.au/npidata/action/load/individual-facility-detail/criteria/state/NSW/year/2025/jurisdiction-facility/1421
australia-npi	612142	2024/2025	Seven Point Pork	SEVEN POINT PORK PTY LTD	Australia	-34.141816	138.182631	1111	Meat Processing	1111	Meat Processing	Abattoir		http://www.npi.gov.au/npidata/action/load/individual-facility-detail/criteria/state/SA/year/2025/jurisdiction-facility/SA0665
australia-npi	612300	2024/2025	Jurlique International	JURLIQUE INTERNATIONAL PTY. LTD.	Australia	-35.078414	138.877606	1852	Cosmetic and Toiletry Preparation Manufacturing	1852	Cosmetic and Toiletry Preparation Manufacturing	Manufacturing skin care products		http://www.npi.gov.au/npidata/action/load/individual-facility-detail/criteria/state/SA/year/2025/jurisdiction-facility/SA0666
australia-npi	613338	2024/2025	IXOM Deer Park	IXOM OPERATIONS PTY LTD	Australia	-37.778018	144.775687	1813	Basic Inorganic Chemical Manufacturing	1813	Basic Inorganic Chemical Manufacturing	Basic inorganic chemical & polymer manufacturing		http://www.npi.gov.au/npidata/action/load/individual-facility-detail/criteria/state/VIC/year/2025/jurisdiction-facility/00030600
australia-npi	613598	2024/2025	IXOM Botany Chloralkali Plant	IXOM OPERATIONS PTY LTD	Australia	-33.956085	151.2208766	1813	Basic Inorganic Chemical Manufacturing	1813	Basic Inorganic Chemical Manufacturing	Manufacture of Chloralkali Products		http://www.npi.gov.au/npidata/action/load/individual-facility-detail/criteria/state/NSW/year/2025/jurisdiction-facility/1430
australia-npi	614878	2024/2025	Northern Oil Refinery	NORTHERN OIL REFINERIES PTY LTD	Australia	-23.81	151.1481	1701	Petroleum Refining and Petroleum Fuel Manufacturing	1701	Petroleum Refining and Petroleum Fuel Manufacturing	Used oil recycling		http://www.npi.gov.au/npidata/action/load/individual-facility-detail/criteria/state/QLD/year/2025/jurisdiction-facility/Q013NOR001
australia-npi	616888	2024/2025	Laverton North	COLES FRESH MILK CO. PTY LTD	Australia	-37.822	144.772	1131	Milk and Cream Processing	1131	Milk and Cream Processing	Dairy product manufacturing		http://www.npi.gov.au/npidata/action/load/individual-facility-detail/criteria/state/VIC/year/2025/jurisdiction-facility/00030610
australia-npi	617098	2024/2025	Coles Fresh Milk Co (Saputo Dairy Erskine Park)	COLES FRESH MILK CO. PTY LTD	Australia	-33.81964	150.776315	1131	Milk and Cream Processing	1131	Milk and Cream Processing	Food processing plant. Dairy		http://www.npi.gov.au/npidata/action/load/individual-facility-detail/criteria/state/NSW/year/2025/jurisdiction-facility/1435
australia-npi	617366	2024/2025	BD&D - Lenah Valley	BD&D MILK PTY LTD	Australia	-42.860851	147.286419	1131	Milk and Cream Processing	1131	Milk and Cream Processing	Manufacture of dairy products		http://www.npi.gov.au/npidata/action/load/individual-facility-detail/criteria/state/TAS/year/2025/jurisdiction-facility/TAS+517
australia-npi	618880	2024/2025	Primo Chullora	JBS AUSTRALIA PTY LIMITED	Australia	-33.894115	151.052067	1111	Meat Processing	1111	Meat Processing	Meat processing		http://www.npi.gov.au/npidata/action/load/individual-facility-detail/criteria/state/NSW/year/2025/jurisdiction-facility/1436
australia-npi	620988	2024/2025	Aquatic Leisure Technologies	AQUATIC LEISURE TECHNOLOGIES PTY LTD	Australia	-32.085	115.8799	1912	Rigid and Semi-Rigid Polymer Product Manufacturing	1912	Rigid and Semi-Rigid Polymer Product Manufacturing	Fibreglass swimming pool manufacture		http://www.npi.gov.au/npidata/action/load/individual-facility-detail/criteria/state/WA/year/2025/jurisdiction-facility/WA1465
australia-npi	622086	2024/2025	Mollydooker Wines	MOLLYDOOKER WINES PTY LTD	Australia	-35.185581	138.537447	1214	Wine and Other Alcoholic Beverage Manufacturing	1214	Wine and Other Alcoholic Beverage Manufacturing	Wine production		http://www.npi.gov.au/npidata/action/load/individual-facility-detail/criteria/state/SA/year/2025/jurisdiction-facility/SA0684
australia-npi	622164	2024/2025	Dulux Acratex	DULUXGROUP (AUSTRALIA) PTY LTD	Australia	-34.892871	138.550207	1916	Paint and Coatings Manufacturing	1916	Paint and Coatings Manufacturing	Paint manufacture		http://www.npi.gov.au/npidata/action/load/individual-facility-detail/criteria/state/SA/year/2025/jurisdiction-facility/SA0685
australia-npi	622370	2024/2025	Auckland Point	IXOM OPERATIONS PTY LTD	Australia	-23.893	151.26	1899	Other Basic Chemical Product Manufacturing n.e.c.	1899	Other Basic Chemical Product Manufacturing n.e.c.	"Storing of Concentrated Sulphuric Acid delivered from sea tanker
Transfer of Concentrated Sulphuric Acid to road tankers
Only manned during deliveries"		http://www.npi.gov.au/npidata/action/load/individual-facility-detail/criteria/state/QLD/year/2025/jurisdiction-facility/Q038IXO001
australia-npi	623978	2024/2025	BOC Limited Canning Vale	BOC LIMITED	Australia	-32.065767	115.904944	1811	Industrial Gas Manufacturing	1811	Industrial Gas Manufacturing	Filling gas cylinders.		http://www.npi.gov.au/npidata/action/load/individual-facility-detail/criteria/state/WA/year/2025/jurisdiction-facility/WA1485
australia-npi	627066	2024/2025	Yara Pilbara Nitrates Plant	YARA PILBARA NITRATES PTY LTD	Australia	-20.623767	116.787672	1831	Fertiliser Manufacturing	1831	Fertiliser Manufacturing	Synthesis of technical ammonium nitrate from ammonia		http://www.npi.gov.au/npidata/action/load/individual-facility-detail/criteria/state/WA/year/2025/jurisdiction-facility/WA1498
australia-npi	627284	2024/2025	Elgas Limited - Myrtleford	BOC LIMITED	Australia	-36.556234	146.715511	1811	Industrial Gas Manufacturing	1811	Industrial Gas Manufacturing	Processing and transfer of LPG and other industrial gases		http://www.npi.gov.au/npidata/action/load/individual-facility-detail/criteria/state/VIC/year/2025/jurisdiction-facility/00030638
australia-npi	627288	2024/2025	Elgas Limited - Mansfield	BOC LIMITED	Australia	-37.060721	146.09869	1811	Industrial Gas Manufacturing	1811	Industrial Gas Manufacturing	Processing and transfer of LPG and other industrial gases		http://www.npi.gov.au/npidata/action/load/individual-facility-detail/criteria/state/VIC/year/2025/jurisdiction-facility/00030639
australia-npi	627378	2024/2025	Elgas Limited Mudgee	BOC LIMITED	Australia	-32.606507	149.599345	1811	Industrial Gas Manufacturing	1811	Industrial Gas Manufacturing	Processing and transfer of LPG and other gases.		http://www.npi.gov.au/npidata/action/load/individual-facility-detail/criteria/state/NSW/year/2025/jurisdiction-facility/1475
australia-npi	627448	2024/2025	Elgas Limited Lismore	BOC LIMITED	Australia	-28.817721	153.272044	1811	Industrial Gas Manufacturing	1811	Industrial Gas Manufacturing	Processing and transfer of LPG and other gases.		http://www.npi.gov.au/npidata/action/load/individual-facility-detail/criteria/state/NSW/year/2025/jurisdiction-facility/1477
australia-npi	627466	2024/2025	Elgas Limited Coffs Harbour	BOC LIMITED	Australia	-30.317192	153.086109	1811	Industrial Gas Manufacturing	1811	Industrial Gas Manufacturing	Processing and transfer of LPG and other gases.		http://www.npi.gov.au/npidata/action/load/individual-facility-detail/criteria/state/NSW/year/2025/jurisdiction-facility/1476
australia-npi	627636	2024/2025	Elgas Limited Mount Barker	BOC LIMITED	Australia	-35.07336	138.87654	1811	Industrial Gas Manufacturing	1811	Industrial Gas Manufacturing	Processing and transfer of LPG and other gases		http://www.npi.gov.au/npidata/action/load/individual-facility-detail/criteria/state/SA/year/2025/jurisdiction-facility/SA0691
australia-npi	629262	2024/2025	Forest St	REGAL CREAM PRODUCTS PTY LTD	Australia	-38.3494892	143.6040826	1131	Milk and Cream Processing	1131	Milk and Cream Processing	Dairy product manufacturing		http://www.npi.gov.au/npidata/action/load/individual-facility-detail/criteria/state/VIC/year/2025/jurisdiction-facility/00030641
australia-npi	629266	2024/2025	Connor St	REGAL CREAM PRODUCTS PTY LTD	Australia	-38.3391401	143.5808477	1132	Ice Cream Manufacturing	1132	Ice Cream Manufacturing	Ice cream manufacturing		http://www.npi.gov.au/npidata/action/load/individual-facility-detail/criteria/state/VIC/year/2025/jurisdiction-facility/00030642
australia-npi	629970	2024/2025	Citywide North Melbourne Asphalt plant	CITYWIDE ASPHALT GROUP (AUS) PTY LTD	Australia	-37.79928	144.9391	1709	Other Petroleum and Coal Product Manufacturing	1709	Other Petroleum and Coal Product Manufacturing	Asphalt plant		http://www.npi.gov.au/npidata/action/load/individual-facility-detail/criteria/state/VIC/year/2025/jurisdiction-facility/00030643
australia-npi	630084	2024/2025	Curtis Island GLNG Plant	GLNG OPERATIONS PTY LTD	Australia	-23.781719	151.213195	1811	Industrial Gas Manufacturing	1811	Industrial Gas Manufacturing	LNG production		http://www.npi.gov.au/npidata/action/load/individual-facility-detail/criteria/state/QLD/year/2025/jurisdiction-facility/Q012SAN022
australia-npi	631230	2024/2025	The Union Dairy Company	RIDDOCH TRADING PTY LTD	Australia	-37.456625	140.833279	1133	Cheese and Other Dairy Product Manufacturing	1133	Cheese and Other Dairy Product Manufacturing	Dairy products manufacture		http://www.npi.gov.au/npidata/action/load/individual-facility-detail/criteria/state/SA/year/2025/jurisdiction-facility/SA0692
australia-npi	631458	2024/2025	Narangba Asphalt Plant	FULTON HOGAN INDUSTRIES PTY LTD	Australia	-27.199488	152.990809	1709	Other Petroleum and Coal Product Manufacturing	1709	Other Petroleum and Coal Product Manufacturing	Asphalt manufacturing		http://www.npi.gov.au/npidata/action/load/individual-facility-detail/criteria/state/QLD/year/2025/jurisdiction-facility/Q031FUL005
australia-npi	631844	2024/2025	Dorrien Winemaking Beckwith Park	DORRIEN ESTATE WINERY PTY LTD	Australia	-34.478503	138.991547	1214	Wine and Other Alcoholic Beverage Manufacturing	1214	Wine and Other Alcoholic Beverage Manufacturing	Winemaking		http://www.npi.gov.au/npidata/action/load/individual-facility-detail/criteria/state/SA/year/2025/jurisdiction-facility/SA0694
australia-npi	632240	2024/2025	Teusner Wines	TEUSNER AND PAGE PTY LTD	Australia	-34.476641	138.975177	1214	Wine and Other Alcoholic Beverage Manufacturing	1214	Wine and Other Alcoholic Beverage Manufacturing	Wine production from fresh grapes		http://www.npi.gov.au/npidata/action/load/individual-facility-detail/criteria/state/SA/year/2025/jurisdiction-facility/SA0701
australia-npi	632686	2024/2025	Pax Australia	PAX AUSTRALIA PTY LTD	Australia	-33.995605	150.85093	1852	Cosmetic and Toiletry Preparation Manufacturing	1852	Cosmetic and Toiletry Preparation Manufacturing	Contract manufacture of liquid and aerosol products		http://www.npi.gov.au/npidata/action/load/individual-facility-detail/criteria/state/NSW/year/2025/jurisdiction-facility/1484
australia-npi	634278	2024/2025	Boral Asphalt Charlton	BORAL RESOURCES (QLD) PTY LIMITED	Australia	-27.52761944	151.84277778	1709	Other Petroleum and Coal Product Manufacturing	1709	Other Petroleum and Coal Product Manufacturing	Hot Mix Asphalt Manufacturing		http://www.npi.gov.au/npidata/action/load/individual-facility-detail/criteria/state/QLD/year/2025/jurisdiction-facility/Q031BOR011
australia-npi	634578	2024/2025	Mowbray Asphalt	FULTON HOGAN INDUSTRIES PTY LTD	Australia	-41.401295	147.147235	1709	Other Petroleum and Coal Product Manufacturing	1709	Other Petroleum and Coal Product Manufacturing	Hot mix asphalt production		http://www.npi.gov.au/npidata/action/load/individual-facility-detail/criteria/state/TAS/year/2025/jurisdiction-facility/TAS+527
australia-npi	635070	2024/2025	Hope Valley Asphalt Plant	DOWNER EDI WORKS PTY LTD	Australia	-32.202753	115.789128	1709	Other Petroleum and Coal Product Manufacturing	1709	Other Petroleum and Coal Product Manufacturing	Asphalt production		http://www.npi.gov.au/npidata/action/load/individual-facility-detail/criteria/state/WA/year/2025/jurisdiction-facility/WA1521
australia-npi	635088	2024/2025	Koppers Performance Chemicals Australia Pty Ltd	KOPPERS PERFORMANCE CHEMICALS AUSTRALIA PTY LTD	Australia	-38.1685478	144.4288328	1812	Basic Organic Chemical Manufacturing	1812	Basic Organic Chemical Manufacturing	Solvent storage and timber preservative blending		http://www.npi.gov.au/npidata/action/load/individual-facility-detail/criteria/state/VIC/year/2025/jurisdiction-facility/00030650
australia-npi	639538	2024/2025	CopRice Cobden	RICEGROWERS LIMITED	Australia	-38.336423	143.056465	1192	Prepared Animal and Bird Feed Manufacturing	1192	Prepared Animal and Bird Feed Manufacturing	Stock feed manufacturing		http://www.npi.gov.au/npidata/action/load/individual-facility-detail/criteria/state/VIC/year/2025/jurisdiction-facility/00030657
australia-npi	639638	2024/2025	CopRice Tongala	RICEGROWERS LIMITED	Australia	-36.2527392	144.9321355	1192	Prepared Animal and Bird Feed Manufacturing	1192	Prepared Animal and Bird Feed Manufacturing	Stock feed manufacturing		http://www.npi.gov.au/npidata/action/load/individual-facility-detail/criteria/state/VIC/year/2025/jurisdiction-facility/00030658
australia-npi	639642	2024/2025	SunRice Leeton SRFG	RICEGROWERS LTD TRADING AS SUNRICE	Australia	-34.551	146.396	1161	Grain Mill Product Manufacturing	1161	Grain Mill Product Manufacturing	Rice cooking and warehousing		http://www.npi.gov.au/npidata/action/load/individual-facility-detail/criteria/state/NSW/year/2025/jurisdiction-facility/1494
australia-npi	639644	2024/2025	Coprice Leeton Feed Mill	RICEGROWERS LTD TRADING AS COPRICE	Australia	-34.555	146.395	1192	Prepared Animal and Bird Feed Manufacturing	1192	Prepared Animal and Bird Feed Manufacturing	Animal and bird feed manufacture		http://www.npi.gov.au/npidata/action/load/individual-facility-detail/criteria/state/NSW/year/2025/jurisdiction-facility/1495
australia-npi	639646	2024/2025	SunRice Deniliquin Rice Mill	RICEGROWERS LTD TRADING AS SUNRICE	Australia	-34.546	146.9403	1161	Grain Mill Product Manufacturing	1161	Grain Mill Product Manufacturing	Rice milling and warehousing		http://www.npi.gov.au/npidata/action/load/individual-facility-detail/criteria/state/NSW/year/2025/jurisdiction-facility/1496
australia-npi	639854	2024/2025	SunRice Leeton Rice Mill	RICEGROWERS LTD TRADING AS SUNRICE	Australia	-34.557	146.393	1161	Grain Mill Product Manufacturing	1161	Grain Mill Product Manufacturing	Rice milling & warehousing		http://www.npi.gov.au/npidata/action/load/individual-facility-detail/criteria/state/NSW/year/2025/jurisdiction-facility/1497
australia-npi	640396	2024/2025	Mobile Asphalt Plant T300	BORAL RESOURCES (QLD) PTY LIMITED	Australia	-27.041	152.98138	1709	Other Petroleum and Coal Product Manufacturing	1709	Other Petroleum and Coal Product Manufacturing	Hot Mix Asphalt Manufacturing		http://www.npi.gov.au/npidata/action/load/individual-facility-detail/criteria/state/QLD/year/2025/jurisdiction-facility/Q031BOR012
australia-npi	640480	2024/2025	Ampol Lubricants Qld Lytton	AMPOL AUSTRALIA PETROLEUM PTY LTD	Australia	-27.419	153.162	1812	Basic Organic Chemical Manufacturing	1812	Basic Organic Chemical Manufacturing	Manufacture of hydrocarbon based lubricant products.		http://www.npi.gov.au/npidata/action/load/individual-facility-detail/criteria/state/QLD/year/2025/jurisdiction-facility/Q022CAL038
australia-npi	640750	2024/2025	Dulux Paints Merrifield	DULUXGROUP (AUSTRALIA) PTY LTD	Australia	-37.534971	144.9361187	1916	Paint and Coatings Manufacturing	1916	Paint and Coatings Manufacturing	Paint manufacturing		http://www.npi.gov.au/npidata/action/load/individual-facility-detail/criteria/state/VIC/year/2025/jurisdiction-facility/00030661
australia-npi	642236	2024/2025	Thomas Foods International Lobethal	THOMAS FOODS INTERNATIONAL LOBETHAL PTY LIMITED	Australia	-34.902848	138.881633	1111	Meat Processing	1111	Meat Processing	Abattoir		http://www.npi.gov.au/npidata/action/load/individual-facility-detail/criteria/state/SA/year/2025/jurisdiction-facility/SA0711
australia-npi	644172	2024/2025	Warrnambool asphalt plant	FULTON HOGAN INDUSTRIES PTY LTD	Australia	-38.3750084	142.4617247	1709	Other Petroleum and Coal Product Manufacturing	1709	Other Petroleum and Coal Product Manufacturing	Hot asphalt manufacture		http://www.npi.gov.au/npidata/action/load/individual-facility-detail/criteria/state/VIC/year/2025/jurisdiction-facility/00030662
australia-npi	647182	2024/2025	Broadmeadows	TUROSI PTY LTD	Australia	-37.6771652	144.9414177	1112	Poultry Processing	1112	Poultry Processing	Poultry meat processing facility, which produces nuggets, burgers, meatballs, etc.		http://www.npi.gov.au/npidata/action/load/individual-facility-detail/criteria/state/VIC/year/2025/jurisdiction-facility/00030666
australia-npi	647400	2024/2025	Turosi Eagle Farm	TUROSI PTY LTD	Australia	-27.4104825	153.0956404	1111	Meat Processing	1111	Meat Processing	Meat and Poultry Processing		http://www.npi.gov.au/npidata/action/load/individual-facility-detail/criteria/state/QLD/year/2025/jurisdiction-facility/Q033TPL001
australia-npi	647424	2024/2025	Murray Bridge Feedmill	INGHAMS ENTERPRISES PTY LIMITED	Australia	-35.197532	139.296224	1192	Prepared Animal and Bird Feed Manufacturing	1192	Prepared Animal and Bird Feed Manufacturing	Poultry feed manufacturing		http://www.npi.gov.au/npidata/action/load/individual-facility-detail/criteria/state/SA/year/2025/jurisdiction-facility/SA0720
australia-npi	648304	2024/2025	KNOXFIELD	PRYDES CONFECTIONERY SOLUTIONS PTY LTD	Australia	-37.901156	145.247112	1182	Confectionery Manufacturing	1182	Confectionery Manufacturing	Confectionery Manufacture		http://www.npi.gov.au/npidata/action/load/individual-facility-detail/criteria/state/VIC/year/2025/jurisdiction-facility/00030668
australia-npi	648480	2024/2025	Mentone	RICHDALE PLASTICS PTY LTD	Australia	-37.97597	145.08524	1911	Polymer Film and Sheet Packaging Material Manufacturing	1911	Polymer Film and Sheet Packaging Material Manufacturing	Manufacture of plastic film (PE films and laminates)		http://www.npi.gov.au/npidata/action/load/individual-facility-detail/criteria/state/VIC/year/2025/jurisdiction-facility/00030669
australia-npi	648874	2024/2025	Visy Board Truganina	VISY BOARD PROPRIETARY LIMITED	Australia	-37.800693	144.740768	1510	Pulp, Paper and Paperboard Manufacturing	1510	Pulp, Paper and Paperboard Manufacturing	Corrugating and carton manufacturing		http://www.npi.gov.au/npidata/action/load/individual-facility-detail/criteria/state/VIC/year/2025/jurisdiction-facility/00030670
australia-npi	649140	2024/2025	Laverton North	ALEX FRASER ASPHALT PTY LTD	Australia	-37.831431	144.770982	1709	Other Petroleum and Coal Product Manufacturing	1709	Other Petroleum and Coal Product Manufacturing	Petroleum coke and petroleum coke product manufacturing		http://www.npi.gov.au/npidata/action/load/individual-facility-detail/criteria/state/VIC/year/2025/jurisdiction-facility/00030671
australia-npi	649844	2024/2025	Four Pillars Distillery	HEALESVILLE DISTILLING PTY LTD	Australia	-37.657406	145.509917	1213	Spirit Manufacturing	1213	Spirit Manufacturing	Gin Distilling		http://www.npi.gov.au/npidata/action/load/individual-facility-detail/criteria/state/VIC/year/2025/jurisdiction-facility/00030674
australia-npi	655872	2024/2025	Somerton plant	ASPHALTECH (VIC) PTY LTD	Australia	-37.636772	144.958737	1709	Other Petroleum and Coal Product Manufacturing	1709	Other Petroleum and Coal Product Manufacturing	Asphalt manufacture		http://www.npi.gov.au/npidata/action/load/individual-facility-detail/criteria/state/VIC/year/2025/jurisdiction-facility/00030677
australia-npi	657170	2024/2025	Asphaltech Pty Ltd	ASPHALTECH PTY LTD	Australia	-31.861766	115.903982	1709	Other Petroleum and Coal Product Manufacturing	1709	Other Petroleum and Coal Product Manufacturing	Asphalt manufacture		http://www.npi.gov.au/npidata/action/load/individual-facility-detail/criteria/state/WA/year/2025/jurisdiction-facility/WA1579
australia-npi	657174	2024/2025	CHEMETALL (AUSTRALASIA) PTY LTD	CHEMETALL (AUSTRALASIA) PTY LTD	Australia	-37.8267	145.2759667	1899	Other Basic Chemical Product Manufacturing n.e.c.	1899	Other Basic Chemical Product Manufacturing n.e.c.	Chemical product manufacturing		http://www.npi.gov.au/npidata/action/load/individual-facility-detail/criteria/state/VIC/year/2025/jurisdiction-facility/00030681
australia-npi	657776	2024/2025	Mountain Goat	MOUNTAIN GOAT BEER PTY LTD	Australia	-37.81696	145.01313	1212	Beer Manufacturing	1212	Beer Manufacturing	Beer manufacturing		http://www.npi.gov.au/npidata/action/load/individual-facility-detail/criteria/state/VIC/year/2025/jurisdiction-facility/00030682
australia-npi	657826	2024/2025	Wellsford	RIDLEY AGRIPRODUCTS PTY LTD	Australia	-36.744802	144.337515	1192	Prepared Animal and Bird Feed Manufacturing	1192	Prepared Animal and Bird Feed Manufacturing	Stockfeed manufacture and distribution		http://www.npi.gov.au/npidata/action/load/individual-facility-detail/criteria/state/VIC/year/2025/jurisdiction-facility/00030683
australia-npi	658102	2024/2025	4 Pines Brewing Brookvale	4 PINES BREWING COMPANY WHOLESALE PTY LTD	Australia	-33.764818	151.278415	1212	Beer Manufacturing	1212	Beer Manufacturing	Manufacturing and packaging beer		http://www.npi.gov.au/npidata/action/load/individual-facility-detail/criteria/state/NSW/year/2025/jurisdiction-facility/1538
australia-npi	658158	2024/2025	Balter Brewing	EMENCEE PTY LTD	Australia	-28.14274	153.470641	1212	Beer Manufacturing	1212	Beer Manufacturing	Manufacturing and packaging beer		http://www.npi.gov.au/npidata/action/load/individual-facility-detail/criteria/state/QLD/year/2025/jurisdiction-facility/Q010EBB001
australia-npi	658352	2024/2025	Harvey Fresh Juice Hanwood	HARVEY FRESH JUICE PTY LTD	Australia	-34.382345	146.031373	1140	Fruit and Vegetable Processing	1140	Fruit and Vegetable Processing	Production of fruit beverages		http://www.npi.gov.au/npidata/action/load/individual-facility-detail/criteria/state/NSW/year/2025/jurisdiction-facility/1540
australia-npi	658848	2024/2025	Schur Star Systems Australia PTY LTD	SCHUR STAR SYSTEMS AUSTRALIA PTY LTD	Australia	-37.68899	145.03628	1911	Polymer Film and Sheet Packaging Material Manufacturing	1911	Polymer Film and Sheet Packaging Material Manufacturing	Manufacture of polymer film and sheet packaging		http://www.npi.gov.au/npidata/action/load/individual-facility-detail/criteria/state/VIC/year/2025/jurisdiction-facility/00030723
australia-npi	658998	2024/2025	Longwarry Food Park	LONGWARRY FOOD PARK PTY LTD	Australia	-38.112929	145.772138	1131	Milk and Cream Processing	1131	Milk and Cream Processing	Manufacture of milk products		http://www.npi.gov.au/npidata/action/load/individual-facility-detail/criteria/state/VIC/year/2025/jurisdiction-facility/00030724
australia-npi	659008	2024/2025	Lemnos Foods	LEMNOS FOODS PTY LTD	Australia	-38.036143	145.208683	1133	Cheese and Other Dairy Product Manufacturing	1133	Cheese and Other Dairy Product Manufacturing	Production of cheese		http://www.npi.gov.au/npidata/action/load/individual-facility-detail/criteria/state/VIC/year/2025/jurisdiction-facility/00030726
australia-npi	659058	2024/2025	Pirate Life Brewing - Port Adelaide	PIRATE LIFE BREWING PTY LTD	Australia	-34.844889	138.510337	1212	Beer Manufacturing	1212	Beer Manufacturing	Manufacturing and packaging beer		http://www.npi.gov.au/npidata/action/load/individual-facility-detail/criteria/state/SA/year/2025/jurisdiction-facility/SA0736
australia-npi	659716	2024/2025	West Melbourne	CITYWIDE ASPHALT GROUP (AUS) PTY LTD	Australia	-37.82771944	144.7869889	1709	Other Petroleum and Coal Product Manufacturing	1709	Other Petroleum and Coal Product Manufacturing	Asphalt production		http://www.npi.gov.au/npidata/action/load/individual-facility-detail/criteria/state/VIC/year/2025/jurisdiction-facility/00030728
australia-npi	659794	2024/2025	Bushells Ridge Asphalt Plant	FULTON HOGAN INDUSTRIES PTY LTD	Australia	-33.210056	151.472838	1709	Other Petroleum and Coal Product Manufacturing	1709	Other Petroleum and Coal Product Manufacturing	Hot mix asphalt manufacturing		http://www.npi.gov.au/npidata/action/load/individual-facility-detail/criteria/state/NSW/year/2025/jurisdiction-facility/1544
australia-npi	659806	2024/2025	Eastern Creek Asphalt Plant	FULTON HOGAN INDUSTRIES PTY LTD	Australia	-33.79753	150.819416	1709	Other Petroleum and Coal Product Manufacturing	1709	Other Petroleum and Coal Product Manufacturing	Hot mix asphalt manufacturing		http://www.npi.gov.au/npidata/action/load/individual-facility-detail/criteria/state/NSW/year/2025/jurisdiction-facility/1545
australia-npi	659952	2024/2025	Westbury Produce Processing Works	GIBSONS LTD	Australia	-41.508368	146.828276	1192	Prepared Animal and Bird Feed Manufacturing	1192	Prepared Animal and Bird Feed Manufacturing	Stockfeed manufacturing and distribution		http://www.npi.gov.au/npidata/action/load/individual-facility-detail/criteria/state/TAS/year/2025/jurisdiction-facility/TAS+533
australia-npi	659970	2024/2025	Yates Australia Mt Druitt	DULUXGROUP (AUSTRALIA) PTY LTD	Australia	-33.765126	150.804278	1831	Fertiliser Manufacturing	1831	Fertiliser Manufacturing	Manufacture of garden care products		http://www.npi.gov.au/npidata/action/load/individual-facility-detail/criteria/state/NSW/year/2025/jurisdiction-facility/1546
australia-npi	662912	2024/2025	Polyfoam Brisbane Pty Ltd	POLYFOAM (BRISBANE) PTY LTD	Australia	-27.578595	152.9522	1913	Polymer Foam Product Manufacturing	1913	Polymer Foam Product Manufacturing	Moulding Expanded polystyrene products for food and medical supplies		http://www.npi.gov.au/npidata/action/load/individual-facility-detail/criteria/state/QLD/year/2025/jurisdiction-facility/Q060POL002
australia-npi	664128	2024/2025	GIRGARRE	ACM PROCESSING PTY LTD	Australia	-36.3940135	144.9824091	1131	Milk and Cream Processing	1131	Milk and Cream Processing	Dairy processing		http://www.npi.gov.au/npidata/action/load/individual-facility-detail/criteria/state/VIC/year/2025/jurisdiction-facility/00030736
australia-npi	664256	2024/2025	BioMar	BIOMAR PTY LTD	Australia	-41.1803	146.46049	1192	Prepared Animal and Bird Feed Manufacturing	1192	Prepared Animal and Bird Feed Manufacturing	Manufacture of animal feed		http://www.npi.gov.au/npidata/action/load/individual-facility-detail/criteria/state/TAS/year/2025/jurisdiction-facility/TAS+535
australia-npi	666358	2024/2025	Lake Way Potash Project	PIPER PRESTON PTY LTD	Australia	-26.7472877422	120.2366030107	1831	Fertiliser Manufacturing	1831	Fertiliser Manufacturing	Production of Sulphate of Potash from the development of a potassium rich salt lake		http://www.npi.gov.au/npidata/action/load/individual-facility-detail/criteria/state/WA/year/2025/jurisdiction-facility/WA1663
australia-npi	666488	2024/2025	BASF Cheltenham	BASF AUSTRALIA LTD	Australia	-37.970540542	145.085176389	1841	Human Pharmaceutical and Medicinal Product Manufacturing	1841	Human Pharmaceutical and Medicinal Product Manufacturing	Extraction and Purification of Beta-carotene		http://www.npi.gov.au/npidata/action/load/individual-facility-detail/criteria/state/VIC/year/2025/jurisdiction-facility/00030826
australia-npi	666550	2024/2025	BASF Hutt Lagoon	BASF AUSTRALIA LTD	Australia	-28.1679031346	114.2687084637	1899	Other Basic Chemical Product Manufacturing n.e.c.	1899	Other Basic Chemical Product Manufacturing n.e.c.	Growing, harvesting and extraction of Beta-carotene from algae		http://www.npi.gov.au/npidata/action/load/individual-facility-detail/criteria/state/WA/year/2025/jurisdiction-facility/WA1670
australia-npi	666620	2024/2025	BASF Whyalla	BASF AUSTRALIA LTD	Australia	-32.9518370818	137.619211014	1899	Other Basic Chemical Product Manufacturing n.e.c.	1899	Other Basic Chemical Product Manufacturing n.e.c.	Growing, harvesting and extraction of Beta-carotene		http://www.npi.gov.au/npidata/action/load/individual-facility-detail/criteria/state/SA/year/2025/jurisdiction-facility/SA0743
australia-npi	666754	2024/2025	Nolan Meats Gympie	NOLAN MEATS PTY LTD	Australia	-26.19915	152.6989	1111	Meat Processing	1111	Meat Processing	Meat Processing		http://www.npi.gov.au/npidata/action/load/individual-facility-detail/criteria/state/QLD/year/2025/jurisdiction-facility/Q033NOL001
australia-npi	668220	2024/2025	Lara	RIDLEY AGRIPRODUCTS PTY LTD	Australia	-38.0254401	144.4359879	1192	Prepared Animal and Bird Feed Manufacturing	1192	Prepared Animal and Bird Feed Manufacturing	Stockfeed manufacturing and distribution		http://www.npi.gov.au/npidata/action/load/individual-facility-detail/criteria/state/VIC/year/2025/jurisdiction-facility/00030832
australia-npi	670202	2024/2025	Topcoat Asphalt Lonsdale	TOP COAT ASPHALT CONTRACTORS PTY. LTD.	Australia	-35.10187	138.49757	1709	Other Petroleum and Coal Product Manufacturing	1709	Other Petroleum and Coal Product Manufacturing	Hot Mix Asphalt Production		http://www.npi.gov.au/npidata/action/load/individual-facility-detail/criteria/state/SA/year/2025/jurisdiction-facility/SA0744
australia-npi	670742	2024/2025	Prowine	VINPAC INTERNATIONAL PTY. LIMITED	Australia	-34.554847	138.756874	1214	Wine and Other Alcoholic Beverage Manufacturing	1214	Wine and Other Alcoholic Beverage Manufacturing	Wine bottling		http://www.npi.gov.au/npidata/action/load/individual-facility-detail/criteria/state/SA/year/2025/jurisdiction-facility/SA0745
australia-npi	671210	2024/2025	Brendale	DOWNER EDI WORKS PTY LTD	Australia	-27.327576	152.979127	1709	Other Petroleum and Coal Product Manufacturing	1709	Other Petroleum and Coal Product Manufacturing	Production of hot-mix asphalt		http://www.npi.gov.au/npidata/action/load/individual-facility-detail/criteria/state/QLD/year/2025/jurisdiction-facility/Q031EDI002
australia-npi	672016	2024/2025	Geveko Markings	GEVEKO MARKINGS AUSTRALIA PTY LTD	Australia	-33.9913585	150.8563127	1916	Paint and Coatings Manufacturing	1916	Paint and Coatings Manufacturing	Road marking paint and thermoplastic manufacture		http://www.npi.gov.au/npidata/action/load/individual-facility-detail/criteria/state/NSW/year/2025/jurisdiction-facility/1583
australia-npi	672034	2024/2025	RPQ Mackay	DOWNER EDI WORKS PTY LTD	Australia	-21.1033353103	149.2158682232	1709	Other Petroleum and Coal Product Manufacturing	1709	Other Petroleum and Coal Product Manufacturing	production of of hot mix ashpalt		http://www.npi.gov.au/npidata/action/load/individual-facility-detail/criteria/state/QLD/year/2025/jurisdiction-facility/Q031EDI003
australia-npi	673184	2024/2025	Greenham Gippsland	GREENHAM GIPPSLAND PTY LTD	Australia	-38.14411	146.26179	1111	Meat Processing	1111	Meat Processing	Abattoir - Meat Processing		http://www.npi.gov.au/npidata/action/load/individual-facility-detail/criteria/state/VIC/year/2025/jurisdiction-facility/00030836
australia-npi	674366	2024/2025	AAA Asphalt PTY LTD	AAA ASPHALT PTY LTD	Australia	-35.09999	138.50261	1709	Other Petroleum and Coal Product Manufacturing	1709	Other Petroleum and Coal Product Manufacturing	Asphalt Plant		http://www.npi.gov.au/npidata/action/load/individual-facility-detail/criteria/state/SA/year/2025/jurisdiction-facility/SA0748
australia-npi	675482	2024/2025	Bibra Lake	BOORTMALT ASIA PACIFIC PTY LTD	Australia	-32.118934	115.804837	1161	Grain Mill Product Manufacturing	1161	Grain Mill Product Manufacturing	Packing facility (grain)		http://www.npi.gov.au/npidata/action/load/individual-facility-detail/criteria/state/WA/year/2025/jurisdiction-facility/WA1686
australia-npi	675710	2024/2025	Brewdog Brewing Australia	BREWDOG BREWING AUSTRALIA PTY LTD	Australia	-27.44849	153.09983	1212	Beer Manufacturing	1212	Beer Manufacturing	beer brewing		http://www.npi.gov.au/npidata/action/load/individual-facility-detail/criteria/state/QLD/year/2025/jurisdiction-facility/Q010BRD001
australia-npi	675928	2024/2025	Sanofi Consumer Healthcare	SANOFI-AVENTIS HEALTHCARE PTY LTD	Australia	-27.37971	153.0616824	1841	Human Pharmaceutical and Medicinal Product Manufacturing	1841	Human Pharmaceutical and Medicinal Product Manufacturing	Warehousing, manufacture and packaging of complementary medicines (ie, vitamins and health supplements – tablets and capsule forms)		http://www.npi.gov.au/npidata/action/load/individual-facility-detail/criteria/state/QLD/year/2025/jurisdiction-facility/Q004SAN001
australia-npi	676302	2024/2025	Midfield Protein Solutions	MIDFIELD PROTEIN SOLUTIONS PTY LTD	Australia	-38.37596	142.46133	1111	Meat Processing	1111	Meat Processing	Meat Processing		http://www.npi.gov.au/npidata/action/load/individual-facility-detail/criteria/state/VIC/year/2025/jurisdiction-facility/00030841
australia-npi	677140	2024/2025	Australian Botanical Products	AUSTRALIAN BOTANICAL PRODUCTS PTY. LTD.	Australia	-38.011481	145.275401	1852	Cosmetic and Toiletry Preparation Manufacturing	1852	Cosmetic and Toiletry Preparation Manufacturing	Blending of essential oils, aromatic chemicals, vegetable oils and fragrances.		http://www.npi.gov.au/npidata/action/load/individual-facility-detail/criteria/state/VIC/year/2025/jurisdiction-facility/00030845
australia-npi	677224	2024/2025	Bituminous Products - Pinkenba	BITUMINOUS PRODUCTS PTY LTD	Australia	-27.429335	153.109084	1709	Other Petroleum and Coal Product Manufacturing	1709	Other Petroleum and Coal Product Manufacturing	Manufacture and supply of bitumen based products for road construction		http://www.npi.gov.au/npidata/action/load/individual-facility-detail/criteria/state/QLD/year/2025/jurisdiction-facility/Q031BPP001
australia-npi	677226	2024/2025	Bituminous Products - Bohle	BITUMINOUS PRODUCTS PTY LTD	Australia	-19.253841	146.715797	1709	Other Petroleum and Coal Product Manufacturing	1709	Other Petroleum and Coal Product Manufacturing	Manufacture and supply of bitumen based products for road construction		http://www.npi.gov.au/npidata/action/load/individual-facility-detail/criteria/state/QLD/year/2025/jurisdiction-facility/Q031BPP002
australia-npi	677348	2024/2025	IXOM Kings Park	IXOM OPERATIONS PTY LTD	Australia	-33.746362	150.914538	1199	Other Food Product Manufacturing n.e.c.	1199	Other Food Product Manufacturing n.e.c.	Blending of flavours and colours		http://www.npi.gov.au/npidata/action/load/individual-facility-detail/criteria/state/NSW/year/2025/jurisdiction-facility/1596
australia-npi	677462	2024/2025	Stone and Wood Brewing Company Pty Ltd	STONE & WOOD BREWING COMPANY PTY LTD	Australia	-28.3426430184	153.4222874402	1212	Beer Manufacturing	1212	Beer Manufacturing	Manufacturing of beer		http://www.npi.gov.au/npidata/action/load/individual-facility-detail/criteria/state/NSW/year/2025/jurisdiction-facility/1597
australia-npi	677902	2024/2025	COOLAROO	FOAMEX GROUP PTY LTD	Australia	-37.6652700723	144.9397396633	1913	Polymer Foam Product Manufacturing	1913	Polymer Foam Product Manufacturing	Expandable polystyrene foam manufacture for packaging and insulation applications		http://www.npi.gov.au/npidata/action/load/individual-facility-detail/criteria/state/VIC/year/2025/jurisdiction-facility/00030846
australia-npi	678380	2024/2025	Downer EDI Works Rosehill Sustainable Road Resource Centre	DOWNER EDI WORKS PTY LTD	Australia	-33.8276190855	151.0358013045	1709	Other Petroleum and Coal Product Manufacturing	1709	Other Petroleum and Coal Product Manufacturing	Production of hot-mix asphalt		http://www.npi.gov.au/npidata/action/load/individual-facility-detail/criteria/state/NSW/year/2025/jurisdiction-facility/1601
australia-npi	678922	2024/2025	SOUTH EAST ASPHALT PTY LTD	SOUTH EAST ASPHALT PTY LTD	Australia	-38.096897	145.493101	1709	Other Petroleum and Coal Product Manufacturing	1709	Other Petroleum and Coal Product Manufacturing	Asphalt manufacturing		http://www.npi.gov.au/npidata/action/load/individual-facility-detail/criteria/state/VIC/year/2025/jurisdiction-facility/00030849
australia-npi	680524	2024/2025	Downer RPQ Lismore	DOWNER EDI WORKS PTY LTD	Australia	-28.7662542608	153.2501591541	1709	Other Petroleum and Coal Product Manufacturing	1709	Other Petroleum and Coal Product Manufacturing	Production of hot-mix asphalt		http://www.npi.gov.au/npidata/action/load/individual-facility-detail/criteria/state/NSW/year/2025/jurisdiction-facility/1602
australia-npi	681230	2024/2025	Traralgon Asphalt Plant	DOWNER EDI WORKS PTY LTD	Australia	-38.187369	146.568253	1709	Other Petroleum and Coal Product Manufacturing	1709	Other Petroleum and Coal Product Manufacturing	Production of hot-mix asphalt		http://www.npi.gov.au/npidata/action/load/individual-facility-detail/criteria/state/VIC/year/2025/jurisdiction-facility/00030861
australia-npi	681510	2024/2025	Wagga Wagga Asphalt Plant	FULTON HOGAN INDUSTRIES PTY LTD	Australia	-35.06811389	147.41228889	1709	Other Petroleum and Coal Product Manufacturing	1709	Other Petroleum and Coal Product Manufacturing	Hot mix asphalt manufacturing		http://www.npi.gov.au/npidata/action/load/individual-facility-detail/criteria/state/NSW/year/2025/jurisdiction-facility/1603
australia-npi	684104	2024/2025	ORECO GROUP	AUSTRALIAN PRIME FIBRE PTY LTD	Australia	-25.198123	152.202715	1192	Prepared Animal and Bird Feed Manufacturing	1192	Prepared Animal and Bird Feed Manufacturing	Crushing, milling, grinding, screening and packaging of Organic materials for mulch and animal feed		http://www.npi.gov.au/npidata/action/load/individual-facility-detail/criteria/state/QLD/year/2025/jurisdiction-facility/Q059APF001
australia-npi	685518	2024/2025	Epping	ALEX FRASER ASPHALT PTY LTD	Australia	-37.6484948299	144.9839547642	1709	Other Petroleum and Coal Product Manufacturing	1709	Other Petroleum and Coal Product Manufacturing	Petroleum coke and petroleum coke product manufacturing		http://www.npi.gov.au/npidata/action/load/individual-facility-detail/criteria/state/VIC/year/2025/jurisdiction-facility/00030868
australia-npi	685888	2024/2025	Jalco Australia	JALCO AUSTRALIA PTY. LIMITED	Australia	-33.931059	150.883288	1851	Cleaning Compound Manufacturing	1851	Cleaning Compound Manufacturing	Manufacturing and filling of household cleaning products and personnel hygiene products		http://www.npi.gov.au/npidata/action/load/individual-facility-detail/criteria/state/NSW/year/2025/jurisdiction-facility/1636
australia-npi	686152	2024/2025	Dandenong South	MONDELEZ AUSTRALIA PTY LTD	Australia	-38.05463	145.21312	1182	Confectionery Manufacturing	1182	Confectionery Manufacturing	Bakery		http://www.npi.gov.au/npidata/action/load/individual-facility-detail/criteria/state/VIC/year/2025/jurisdiction-facility/00030875
australia-npi	686296	2024/2025	Suncoast Asphalt	SUNCOAST ASPHALT PTY LTD	Australia	-27.1978726798	152.9925302675	1709	Other Petroleum and Coal Product Manufacturing	1709	Other Petroleum and Coal Product Manufacturing	Asphalt and bituminous material manufacturing (except hot-mix bituminous paving)		http://www.npi.gov.au/npidata/action/load/individual-facility-detail/criteria/state/QLD/year/2025/jurisdiction-facility/Q031SUN001
australia-npi	686298	2024/2025	PNQ Mt Peter	PNQ PTY LTD	Australia	-17.0808893951	145.7327946447	1709	Other Petroleum and Coal Product Manufacturing	1709	Other Petroleum and Coal Product Manufacturing	Asphalt and bituminous material manufacturing (except hot-mix bituminous paving)		http://www.npi.gov.au/npidata/action/load/individual-facility-detail/criteria/state/QLD/year/2025/jurisdiction-facility/Q031MPA001
australia-npi	686548	2024/2025	Thomas Foods International Bourke Pty Ltd	THOMAS FOODS INTERNATIONAL BOURKE PTY LIMITED	Australia	-29.96629	145.99524	1111	Meat Processing	1111	Meat Processing	Livestock processing activities		http://www.npi.gov.au/npidata/action/load/individual-facility-detail/criteria/state/NSW/year/2025/jurisdiction-facility/1656
australia-npi	687192	2024/2025	Townsville	RIDLEY AGRIPRODUCTS PTY LTD	Australia	-19.257576	146.734016	1192	Prepared Animal and Bird Feed Manufacturing	1192	Prepared Animal and Bird Feed Manufacturing	Stockfeed manufacturer		http://www.npi.gov.au/npidata/action/load/individual-facility-detail/criteria/state/QLD/year/2025/jurisdiction-facility/Q059RID008
australia-npi	687364	2024/2025	Minerva Foods Australia Pty Ltd - Tammin	MINERVA FOODS AUSTRALIA PTY LTD	Australia	-31.639614	117.509803	1111	Meat Processing	1111	Meat Processing	Slaughter facility		http://www.npi.gov.au/npidata/action/load/individual-facility-detail/criteria/state/WA/year/2025/jurisdiction-facility/WA1726
australia-npi	687492	2024/2025	Tamworth Asphalt Plant	FULTON HOGAN INDUSTRIES PTY LTD	Australia	-31.079665	150.855676	1709	Other Petroleum and Coal Product Manufacturing	1709	Other Petroleum and Coal Product Manufacturing	Hot Mix Asphalt Manufacturing		http://www.npi.gov.au/npidata/action/load/individual-facility-detail/criteria/state/NSW/year/2025/jurisdiction-facility/1640
australia-npi	687646	2024/2025	Thomastown	JALNA DAIRY FOODS PTY LTD	Australia	-37.69054	145.04202	1133	Cheese and Other Dairy Product Manufacturing	1133	Cheese and Other Dairy Product Manufacturing	Dairy Product Manufacture		http://www.npi.gov.au/npidata/action/load/individual-facility-detail/criteria/state/VIC/year/2025/jurisdiction-facility/00030880
australia-npi	691884	2024/2025	Mil Lel	SAPUTO DAIRY AUSTRALIA PTY LTD	Australia	-37.771912	140.8316	1133	Cheese and Other Dairy Product Manufacturing	1133	Cheese and Other Dairy Product Manufacturing	Cheese and dairy product manufacturing		http://www.npi.gov.au/npidata/action/load/individual-facility-detail/criteria/state/SA/year/2025/jurisdiction-facility/SA0767
australia-npi	694978	2024/2025	Lara plant	SNF (AUSTRALIA) PTY. LIMITED	Australia	-38.047523	144.382361	1919	Other Polymer Product Manufacturing	1919	Other Polymer Product Manufacturing	Chemical Manufacturing of water-soluble polymers for treating and recycling water and wastewater.		http://www.npi.gov.au/npidata/action/load/individual-facility-detail/criteria/state/VIC/year/2025/jurisdiction-facility/00030896
australia-npi	695664	2024/2025	Visy Board Hemmant	VISY BOARD PROPRIETARY LIMITED	Australia	-27.43432	153.13036	1521	Corrugated Paperboard and Paperboard Container Manufacturing	1521	Corrugated Paperboard and Paperboard Container Manufacturing	Corrugating and carton manufacturing		http://www.npi.gov.au/npidata/action/load/individual-facility-detail/criteria/state/QLD/year/2025/jurisdiction-facility/Q007VIS003
australia-npi	695674	2024/2025	Tribe Breweries Goulburn	TRIBE PARTNER BREWING PTY LTD	Australia	-34.7706933044	149.6914276539	1212	Beer Manufacturing	1212	Beer Manufacturing	Beer brewing		http://www.npi.gov.au/npidata/action/load/individual-facility-detail/criteria/state/NSW/year/2025/jurisdiction-facility/1665
australia-npi	695762	2024/2025	Riversdale Estate Winery	ROBERTS FAMILY TRUST	Australia	-42.79782	147.44422	1214	Wine and Other Alcoholic Beverage Manufacturing	1214	Wine and Other Alcoholic Beverage Manufacturing	Wine making and grape growing for wine making		http://www.npi.gov.au/npidata/action/load/individual-facility-detail/criteria/state/TAS/year/2025/jurisdiction-facility/TAS+554
australia-npi	696048	2024/2025	Weston Animal Nutrition - Hope Valley	GEORGE WESTON FOODS LIMITED	Australia	-32.20298	115.79669	1192	Prepared Animal and Bird Feed Manufacturing	1192	Prepared Animal and Bird Feed Manufacturing	Animal feed production		http://www.npi.gov.au/npidata/action/load/individual-facility-detail/criteria/state/WA/year/2025/jurisdiction-facility/WA1736
australia-npi	696470	2024/2025	MSM Milling Manildra	MSM MILLING PTY LTD	Australia	-33.1871358793	148.6921513071	1150	Oil and Fat Manufacturing	1150	Oil and Fat Manufacturing	Agricultural processing - oil, fats and stockfood production		http://www.npi.gov.au/npidata/action/load/individual-facility-detail/criteria/state/NSW/year/2025/jurisdiction-facility/1671
australia-npi	696880	2024/2025	Jemena Malabar Pipeline	JEMENA MALABAR PIPELINE PTY LTD	Australia	-33.963442	151.253977	1811	Industrial Gas Manufacturing	1811	Industrial Gas Manufacturing	Gas supply		http://www.npi.gov.au/npidata/action/load/individual-facility-detail/criteria/state/NSW/year/2025/jurisdiction-facility/1675
australia-npi	697168	2024/2025	Sami Bitumen Camellia	SAMI BITUMEN TECHNOLOGIES PTY LTD	Australia	-33.822	151.043	1709	Other Petroleum and Coal Product Manufacturing	1709	Other Petroleum and Coal Product Manufacturing	Bitumen importation, manufacture and supply		http://www.npi.gov.au/npidata/action/load/individual-facility-detail/criteria/state/NSW/year/2025/jurisdiction-facility/1676
australia-npi	697182	2024/2025	SAMI Bitumen Technologies (WA)	SAMI BITUMEN TECHNOLOGIES PTY LTD	Australia	-32.2435	115.7641	1709	Other Petroleum and Coal Product Manufacturing	1709	Other Petroleum and Coal Product Manufacturing	Bitumen importation, manufacturing and supply		http://www.npi.gov.au/npidata/action/load/individual-facility-detail/criteria/state/WA/year/2025/jurisdiction-facility/WA1738
australia-npi	697268	2024/2025	SAMI Port of Brisbane	SAMI BITUMEN TECHNOLOGIES PTY LTD	Australia	-27.39101	153.162759	1709	Other Petroleum and Coal Product Manufacturing	1709	Other Petroleum and Coal Product Manufacturing	Bitumen importation, manufacturing and supply		http://www.npi.gov.au/npidata/action/load/individual-facility-detail/criteria/state/QLD/year/2025/jurisdiction-facility/Q031SAM001
australia-npi	697276	2024/2025	SAMI Pinkenba	SAMI BITUMEN TECHNOLOGIES PTY LTD	Australia	-27.429435	153.109645	1709	Other Petroleum and Coal Product Manufacturing	1709	Other Petroleum and Coal Product Manufacturing	Bitumen importation, manufacturing and supply		http://www.npi.gov.au/npidata/action/load/individual-facility-detail/criteria/state/QLD/year/2025/jurisdiction-facility/Q031SAM002
australia-npi	697316	2024/2025	SAMI Bitumen Technologies (VIC)	SAMI BITUMEN TECHNOLOGIES PTY LTD	Australia	-37.8253	144.7702	1709	Other Petroleum and Coal Product Manufacturing	1709	Other Petroleum and Coal Product Manufacturing	Bitumen importation, manufacturing and supply		http://www.npi.gov.au/npidata/action/load/individual-facility-detail/criteria/state/VIC/year/2025/jurisdiction-facility/00030907
australia-npi	699044	2024/2025	Cerebos Seven Hills	CEREBOS (AUSTRALIA) LIMITED	Australia	-33.77566	150.94216	1199	Other Food Product Manufacturing n.e.c.	1199	Other Food Product Manufacturing n.e.c.	Food manufacturing		http://www.npi.gov.au/npidata/action/load/individual-facility-detail/criteria/state/NSW/year/2025/jurisdiction-facility/1680
australia-npi	699410	2024/2025	Cool Off Meat Processing	COOL-OFF PTY LTD	Australia	-35.97652	146.65599	1111	Meat Processing	1111	Meat Processing	General animal products production		http://www.npi.gov.au/npidata/action/load/individual-facility-detail/criteria/state/NSW/year/2025/jurisdiction-facility/1681
australia-npi	700216	2024/2025	Thomas Foods International Murray Bridge	THOMAS FOODS INTERNATIONAL MURRAY BRIDGE PTY LIMITED	Australia	-35.045497	139.245664	1111	Meat Processing	1111	Meat Processing	Abattoir		http://www.npi.gov.au/npidata/action/load/individual-facility-detail/criteria/state/SA/year/2025/jurisdiction-facility/SA0783
australia-npi	700810	2024/2025	Pinelands Asphalt Plant	FULTON HOGAN AUSTRALIA PTY LTD	Australia	-12.4613	130.9713	1709	Other Petroleum and Coal Product Manufacturing	1709	Other Petroleum and Coal Product Manufacturing	Hot mix asphalt production and Bitumen Blending		http://www.npi.gov.au/npidata/action/load/individual-facility-detail/criteria/state/NT/year/2025/jurisdiction-facility/NT556
australia-npi	704570	2024/2025	Chobani Australia	CHOBANI PTY LTD	Australia	-38.027975	145.204515	1133	Cheese and Other Dairy Product Manufacturing	1133	Cheese and Other Dairy Product Manufacturing	Dairy product manufacturing (primarily yoghurt products)		http://www.npi.gov.au/npidata/action/load/individual-facility-detail/criteria/state/VIC/year/2025/jurisdiction-facility/00030911
australia-npi	704942	2024/2025	Black Bottle Distilling Pty Ltd	BLACK BOTTLE DISTILLING PTY LTD	Australia	-34.18637	140.73101	1213	Spirit Manufacturing	1213	Spirit Manufacturing	Distilling and maturation		http://www.npi.gov.au/npidata/action/load/individual-facility-detail/criteria/state/SA/year/2025/jurisdiction-facility/SA0786
australia-npi	705192	2024/2025	LnE Banyo	LITE N’ EASY PTY LTD	Australia	-27.3949	153.0561	1199	Other Food Product Manufacturing n.e.c.	1199	Other Food Product Manufacturing n.e.c.	Food manufacturing		http://www.npi.gov.au/npidata/action/load/individual-facility-detail/criteria/state/QLD/year/2025/jurisdiction-facility/Q028LNE001
australia-npi	705288	2024/2025	Jalco Australia Pty Ltd	PACT GROUP HOLDINGS LTD	Australia	-33.834806	150.821697	1851	Cleaning Compound Manufacturing	1851	Cleaning Compound Manufacturing	Chemical production		http://www.npi.gov.au/npidata/action/load/individual-facility-detail/criteria/state/NSW/year/2025/jurisdiction-facility/1696
australia-npi	705368	2024/2025	Warrnambool asphalt plant	FULTON HOGAN INDUSTRIES PTY LTD	Australia	-38.376874	142.538648	1709	Other Petroleum and Coal Product Manufacturing	1709	Other Petroleum and Coal Product Manufacturing	Hot asphalt manufacture		http://www.npi.gov.au/npidata/action/load/individual-facility-detail/criteria/state/VIC/year/2025/jurisdiction-facility/00030914
australia-npi	705700	2024/2025	Snack Brands Australia Orchard Hills	SNACK BRANDS AUSTRALIA PTY LTD	Australia	-33.8249251148	150.7765785276	1191	Potato, Corn and Other Crisp Manufacturing	1191	Potato, Corn and Other Crisp Manufacturing	Agricultural processing		http://www.npi.gov.au/npidata/action/load/individual-facility-detail/criteria/state/NSW/year/2025/jurisdiction-facility/1698
australia-npi	705712	2024/2025	Downer - Hobart Airport Mobile	DOWNER EDI WORKS PTY LTD	Australia	-42.842922	147.527418	1709	Other Petroleum and Coal Product Manufacturing	1709	Other Petroleum and Coal Product Manufacturing	Production of hot-mix asphalt		http://www.npi.gov.au/npidata/action/load/individual-facility-detail/criteria/state/TAS/year/2025/jurisdiction-facility/TAS+558
australia-npi	706070	2024/2025	Pryde's Easifeed Gunnedah	PRYDE'S EASIFEED PTY LTD	Australia	-30.956484	150.202913	1192	Prepared Animal and Bird Feed Manufacturing	1192	Prepared Animal and Bird Feed Manufacturing	Horse feed manufacturing		http://www.npi.gov.au/npidata/action/load/individual-facility-detail/criteria/state/NSW/year/2025/jurisdiction-facility/1699
australia-npi	706278	2024/2025	Boral Quarries Lytton	BORAL RESOURCES (QLD) PTY LIMITED	Australia	-27.4275927588	153.1335475348	1709	Other Petroleum and Coal Product Manufacturing	1709	Other Petroleum and Coal Product Manufacturing			http://www.npi.gov.au/npidata/action/load/individual-facility-detail/criteria/state/QLD/year/2025/jurisdiction-facility/Q031BOR027
australia-npi	706406	2024/2025	Orica Columba	ORICA AUSTRALIA PTY LTD	Australia	-23.593622	148.894313	1813	Basic Inorganic Chemical Manufacturing	1813	Basic Inorganic Chemical Manufacturing	Explosives manufacturing.		http://www.npi.gov.au/npidata/action/load/individual-facility-detail/criteria/state/QLD/year/2025/jurisdiction-facility/Q051ORI010
australia-npi	706478	2024/2025	Orica Blue Vale	ORICA AUSTRALIA PTY LTD	Australia	-30.711	150.166	1813	Basic Inorganic Chemical Manufacturing	1813	Basic Inorganic Chemical Manufacturing	Explosives manufacturing		http://www.npi.gov.au/npidata/action/load/individual-facility-detail/criteria/state/NSW/year/2025/jurisdiction-facility/1701
australia-npi	706916	2024/2025	Capital Asphalt Productions	SOUTHERN ASPHALT PRODUCTIONS PTY LTD	Australia	-35.403937	149.154865	1709	Other Petroleum and Coal Product Manufacturing	1709	Other Petroleum and Coal Product Manufacturing	Asphalt Manufacuring & Recycling		http://www.npi.gov.au/npidata/action/load/individual-facility-detail/criteria/state/ACT/year/2025/jurisdiction-facility/ACT050
australia-npi	708532	2024/2025	Peerless Foods - Laverton	PEERLESS HOLDINGS PTY LIMITED	Australia	-37.8186917406	144.8102125888	1150	Oil and Fat Manufacturing	1150	Oil and Fat Manufacturing	Vegetable Oil Refining		http://www.npi.gov.au/npidata/action/load/individual-facility-detail/criteria/state/VIC/year/2025/jurisdiction-facility/00030919
australia-npi	708548	2024/2025	AUSTRALIAN MEAT GROUP - Cootamundra	AUSTRALIAN MEAT GROUP PTY LTD	Australia	-34.607	148.005	1111	Meat Processing	1111	Meat Processing	"Slaughtering and processing animals
Rendering activities"		http://www.npi.gov.au/npidata/action/load/individual-facility-detail/criteria/state/NSW/year/2025/jurisdiction-facility/1705
australia-npi	708876	2024/2025	SEQIRUS PTY LTD	SEQIRUS PTY LTD	Australia	-37.6615	144.8600006104	1841	Human Pharmaceutical and Medicinal Product Manufacturing	1841	Human Pharmaceutical and Medicinal Product Manufacturing	Manufacture, development and marketing of pharmaceutical products of biological origin.		http://www.npi.gov.au/npidata/action/load/individual-facility-detail/criteria/state/VIC/year/2025/jurisdiction-facility/00030920
australia-npi	709182	2024/2025	Seasol International a division of DuluxGroup (Australia) P/L	DULUXGROUP (AUSTRALIA) PTY LTD	Australia	-37.8389	145.294729	1831	Fertiliser Manufacturing	1831	Fertiliser Manufacturing	Manufacturer & wholesaler plant & soil conditioners and fertilizers		http://www.npi.gov.au/npidata/action/load/individual-facility-detail/criteria/state/VIC/year/2025/jurisdiction-facility/00030921
australia-npi	709536	2024/2025	Recochem Melbourne	RECOCHEM INC.	Australia	-37.6868155	144.9544229	1812	Basic Organic Chemical Manufacturing	1812	Basic Organic Chemical Manufacturing	Chemical Storage and packaging of solvents		http://www.npi.gov.au/npidata/action/load/individual-facility-detail/criteria/state/VIC/year/2025/jurisdiction-facility/00030922
australia-npi	710112	2024/2025	Boral Asphalt T150	BORAL RESOURCES (QLD) PTY LIMITED	Australia	-14.4980085403	132.4061609352	1709	Other Petroleum and Coal Product Manufacturing	1709	Other Petroleum and Coal Product Manufacturing	Asphalt Manufacturing		http://www.npi.gov.au/npidata/action/load/individual-facility-detail/criteria/state/NT/year/2025/jurisdiction-facility/NT557
australia-npi	712532	2024/2025	Ad Hoc Winery	TYWC PTY LTD	Australia	-33.805089	115.120353	1214	Wine and Other Alcoholic Beverage Manufacturing	1214	Wine and Other Alcoholic Beverage Manufacturing	Wine production		http://www.npi.gov.au/npidata/action/load/individual-facility-detail/criteria/state/WA/year/2025/jurisdiction-facility/WA1774
canada-npri	1	2024	Alberta-Pacific Forest Industries Inc.	Alberta-Pacific Forest Industries Inc.	Canada	54.923116	-112.861867	14	Pulp and Paper	322112	Chemical pulp mills		1983	
canada-npri	10046	2024	Kenora HMA Plant	Pioneer Construction Inc.	Canada	49.7709	-94.4026	12	Petroleum and Coal Product Refining and Mfg.	324121	Asphalt paving mixture and block manufacturing		1983	
canada-npri	10070	2024	Post Foods Niagara Falls	Post Foods Canada	Canada	43.09397	-79.07959	11	Other Manufacturing	311821	Cookie and cracker manufacturing		1983	
canada-npri	10072	2024	Canada Bread Hamilton	Canada Bread Company, Limited	Canada	43.1939	-79.8362	11	Other Manufacturing	311814	Commercial bakeries and frozen bakery product manufacturing		1983	
canada-npri	10079	2024	Sherwin-Williams Grimsby	Sherwin-Williams Canada Inc	Canada	43.1859	-79.515	3	Chemicals	325510	Paint and coating manufacturing		1983	
canada-npri	10082	2024	TEMPO AEROSPACE INC.	Tempo Aerospace Inc	Canada	43.7613	-79.5543	3	Chemicals	325510	Paint and coating manufacturing		1983	
canada-npri	10089	2024	Highbury Canco Corporation	Highbury Canco Corporation	Canada	42.04549	-82.59946	11	Other Manufacturing	311420	Fruit and vegetable canning, pickling and drying		1983	
canada-npri	10111	2024	Wallenstein Feed & Supply	Wallenstein Feed & Supply Ltd.	Canada	43.6021	-80.6381	11	Other Manufacturing	311119	Other animal food manufacturing		1983	
canada-npri	10136	2024	WestRock Packaging Company	WestRock Packaging Company	Canada	43.6944	-79.615	14	Pulp and Paper	322212	Folding paperboard box manufacturing		1983	
canada-npri	10152	2024	Mars Canada Inc.	Mars Canada Inc.	Canada	43.8672	-79.7381	11	Other Manufacturing	311111	Dog and cat food manufacturing		1983	
canada-npri	10156	2024	Gladstone	Mondelez Canada Inc	Canada	43.65132	-79.43031	11	Other Manufacturing	311352	Confectionery manufacturing from purchased chocolate		1983	
canada-npri	10179	2024	IKO Brampton	IKO Industries Ltd.	Canada	43.6925	-79.7421	12	Petroleum and Coal Product Refining and Mfg.	324122	Asphalt shingle and coating material manufacturing		1983	
canada-npri	10180	2024	IKO Hawkesbury	IKO Industries Ltd.	Canada	45.5956	-74.5912	12	Petroleum and Coal Product Refining and Mfg.	324122	Asphalt shingle and coating material manufacturing		1983	
canada-npri	10193	2024	Sonoco Brantford	Sonoco Canada Corporation	Canada	43.134	-80.2467	14	Pulp and Paper	322130	Paperboard mills		1983	
canada-npri	10242	2024	Aspire Bakeries - Brantford	Aspire Bakeries B.C. ULC	Canada	43.16877	-80.22692	11	Other Manufacturing	311814	Commercial bakeries and frozen bakery product manufacturing		1983	
canada-npri	10246	2024	ADM AGRI-INDUSTRIES - ADM Milling Co. - Calgary	ADM Agri-Industries Company	Canada	51.02021	-114.019246	11	Other Manufacturing	311211	Flour milling		1983	
canada-npri	10248	2024	ADM AGRI-INDUSTRIES - ADM Milling Co. - Winnipeg	ADM Agri-Industries Company	Canada	49.9033	-97.1156	11	Other Manufacturing	311211	Flour milling		1983	
canada-npri	10249	2024	Cargill Limited	Cargill Limited	Canada	43.6581	-79.9249	11	Other Manufacturing	311351	Chocolate and chocolate confectionery manufacturing from cacao beans		1983	
canada-npri	10252	2024	ADM AGRI-INDUSTRIES - ADM Milling Co. - Royal Mill	ADM Agri-Industries Company	Canada	45.49203	-73.55125	11	Other Manufacturing	311211	Flour milling		1983	
canada-npri	10253	2024	ADM AGRI-INDUSTRIES - ADM Milling Co. - Notre Dame	ADM Agri-Industries Company	Canada	45.5446	-73.5346	11	Other Manufacturing	311211	Flour milling		1983	
canada-npri	1028	2024	ALBERTA NEWSPRINT	Alberta Newsprint Co.	Canada	54.1791	-115.806	14	Pulp and Paper	322122	Newsprint mills		1983	
canada-npri	10280	2024	Valleyfield	National Silicates Partnership	Canada	45.2692	-74.1132	3	Chemicals	325189	All other basic inorganic chemical manufacturing		1983	
canada-npri	10284	2024	DIAGEO CANADA INC. - AMHERSTBURG	Diageo Canada Inc.	Canada	42.11308	-83.10943	11	Other Manufacturing	312140	Distilleries		1983	
canada-npri	10295	2024	Wholesome Harvest Bakery	Canada Bread Company, Limited	Canada	43.78847	-79.47654	11	Other Manufacturing	311814	Commercial bakeries and frozen bakery product manufacturing		1983	
canada-npri	10303	2024	Jungbunzlauer Canada Inc.	Jungbunzlauer Canada Inc.	Canada	42.92034	-79.24999	3	Chemicals	325190	Other basic organic chemical manufacturing		1983	
canada-npri	10305	2024	Pit # 1	Capital Paving Inc.	Canada	43.45813	-80.1665	12	Petroleum and Coal Product Refining and Mfg.	324121	Asphalt paving mixture and block manufacturing		1983	
canada-npri	10369	2024	Montreal Flour plant	Ardent Mills ULC	Canada	45.4852	-73.5704	11	Other Manufacturing	311211	Flour milling		1983	
canada-npri	10438	2024	Piller's Fine Foods, A Div. of PBOLP	Pillers Fine Foods, A Div of PBOLP	Canada	43.4961	-80.4898	11	Other Manufacturing	311614	Rendering and meat processing from carcasses		1983	
canada-npri	10452	2024	WonderBrands Kitchener	Wonder Brands Inc.	Canada	43.4606	-80.477	11	Other Manufacturing	311814	Commercial bakeries and frozen bakery product manufacturing		1983	
canada-npri	10468	2024	ASSURED PACKAGING	K-G Spray-Pak Inc. AP	Canada	43.6527	-79.6532	3	Chemicals	325999	All other miscellaneous chemical product manufacturing		1983	
canada-npri	10475	2024	Masterfeeds Picture Butte	Masterfeeds Inc.	Canada	49.878996	-112.774388	11	Other Manufacturing	311119	Other animal food manufacturing		1983	
canada-npri	10476	2024	Masterfeeds Taber	Masterfeeds Inc.	Canada	49.7906	-112.1314	11	Other Manufacturing	311119	Other animal food manufacturing		1983	
canada-npri	10478	2024	Masterfeeds Red Deer	Masterfeeds Inc.	Canada	52.3043	-113.8027	11	Other Manufacturing	311119	Other animal food manufacturing		1983	
canada-npri	10480	2024	Cavan	Masterfeeds Inc.	Canada	44.1916	-78.4633	11	Other Manufacturing	311119	Other animal food manufacturing		1983	
canada-npri	10481	2024	Stratford (Park)	Masterfeeds Inc.	Canada	43.3636	-80.9612	11	Other Manufacturing	311119	Other animal food manufacturing		1983	
canada-npri	10483	2024	Prescott	Masterfeeds Inc.	Canada	44.7126	-75.5072	11	Other Manufacturing	311119	Other animal food manufacturing		1983	
canada-npri	10493	2024	Calgary	Lactalis Canada Inc.	Canada	51.051722	-114.010046	11	Other Manufacturing	311511	Fluid milk manufacturing		1983	
canada-npri	10538	2024	Cascades Containerboard Packaging_Mississauga Division, a division of Cascades Canada ULC	Cascades Canada ULC	Canada	43.6947	-79.6742	14	Pulp and Paper	322121	Paper (except newsprint) mills		1983	
canada-npri	1054	2024	Innophos Canada, Inc.	Innophos Canada, Inc.	Canada	42.8631	-79.5683	3	Chemicals	325189	All other basic inorganic chemical manufacturing		1983	
canada-npri	10558	2024	Winland Foods (Winona Facility)	Winland Foods Canada, Inc.	Canada	43.2076	-79.6783	11	Other Manufacturing	311420	Fruit and vegetable canning, pickling and drying		1983	
canada-npri	10559	2024	ConAgra DMAT ULC	ConAgra DMAT ULC	Canada	42.5867	-82.1749	11	Other Manufacturing	311420	Fruit and vegetable canning, pickling and drying		1983	
canada-npri	10562	2024	WonderBrands Sudbury	Wonder Brands Inc.	Canada	46.4761	-81.0192	11	Other Manufacturing	311814	Commercial bakeries and frozen bakery product manufacturing		1983	
canada-npri	10582	2024	STARPLEX SCIENTIFIC	Pretium Canada Packaging ULC	Canada	43.75053	-79.62561	3	Chemicals	325410	Pharmaceutical and medicine manufacturing		1983	
canada-npri	10587	2024	THE MINUTE MAID COMPANY OF CANADA INC.	Minute Maid Co. of Canada Inc.	Canada	44.2837	-78.3358	11	Other Manufacturing	311410	Frozen food manufacturing		1983	
canada-npri	10615	2024	Maple Leaf Foods - Brantford	Maple Leaf Foods Inc.	Canada	43.1302	-80.2899	11	Other Manufacturing	311990	All other food manufacturing		1983	
canada-npri	10629	2024	PRC-DeSoto International	PPG Canada Inc.	Canada	43.63797	-79.65273	3	Chemicals	325520	Adhesive manufacturing		1983	
canada-npri	10653	2024	Maple Lodge Farms	Maple Lodge Farms Ltd.	Canada	43.6145	-79.80647	11	Other Manufacturing	311615	Poultry slaughtering and processing		1983	
canada-npri	10731	2024	Apotex Inc. Etobicoke Site	Apotex Inc.	Canada	43.7508	-79.62506	3	Chemicals	325410	Pharmaceutical and medicine manufacturing		1983	
canada-npri	10763	2024	GRENHALL INDUSTRIES INC.	Grenhall Industries Inc.	Canada	43.7353	-79.6976	3	Chemicals	325210	Resin and synthetic rubber manufacturing		1983	
canada-npri	10779	2024	Brampton Plant	Coca Cola Canada Bottling Limited	Canada	43.6819	-79.6993	11	Other Manufacturing	312110	Soft drink and ice manufacturing		1983	
canada-npri	10809	2024	Conestoga Meat Packers	Conestoga Meat Packers Ltd.	Canada	43.473	-80.391	11	Other Manufacturing	311617	Hog slaughtering		1983	
canada-npri	10816	2024	HP Polymers	HP Polymers	Canada	43.45481	-80.14293	3	Chemicals	325210	Resin and synthetic rubber manufacturing		1983	
canada-npri	10888	2024	RICH PRODUCTS OF CANADA LIMITED	Rich Products of Canada Ltd.	Canada	42.9105	-78.9249	11	Other Manufacturing	311814	Commercial bakeries and frozen bakery product manufacturing		1983	
canada-npri	10897	2024	Oshawa	McAsphalt Industries Ltd.	Canada	43.87191	-78.82451	12	Petroleum and Coal Product Refining and Mfg.	324121	Asphalt paving mixture and block manufacturing		1983	
canada-npri	10916	2024	P & H Milling Group - Hanover	P & H Milling Group a Division of Parrish & Heimbecker Limited	Canada	44.1577	-81.0313	11	Other Manufacturing	311211	Flour milling		1983	
canada-npri	10917	2024	Denfield Feed	New-Life Mills, a division of Parrish & Heimbecker Limited	Canada	43.1364	-81.436	11	Other Manufacturing	311119	Other animal food manufacturing		1983	
canada-npri	10919	2024	Wyoming Feed	New-Life Mills, a division of Parrish & Heimbecker Limited	Canada	42.9482	-82.1168	11	Other Manufacturing	311119	Other animal food manufacturing		1983	
canada-npri	10920	2024	Inkerman Feed	New-Life Mills, a division of Parrish & Heimbecker Limited	Canada	45.03406	-75.3956	11	Other Manufacturing	311119	Other animal food manufacturing		1983	
canada-npri	10927	2024	Belleville	Lactalis Canada Inc.	Canada	44.199607	-77.380177	11	Other Manufacturing	311515	Butter, cheese, and dry and condensed dairy product manufacturing		1983	
canada-npri	10928	2024	RDJ BAKERIES (STAFFORD)	RDJ Bakeries Ltd.	Canada	43.4087	-80.3038	11	Other Manufacturing	311821	Cookie and cracker manufacturing		1983	
canada-npri	1093	2024	2485 Haines Road	Armstrong Manufacturing Inc.	Canada	43.59545	-79.59315	3	Chemicals	325610	Soap and cleaning compound manufacturing		1983	
canada-npri	10943	2024	Canada Bread - Usine Levis	Wholesome Harvest Bakery	Canada	46.8228	-71.1707	11	Other Manufacturing	311814	Commercial bakeries and frozen bakery product manufacturing		1983	
canada-npri	10949	2024	DIMPFLMEIER BAKERY LIMITED	Dimpflmeier Bakery	Canada	43.6341	-79.5293	11	Other Manufacturing	311814	Commercial bakeries and frozen bakery product manufacturing		1983	
canada-npri	10981	2024	Mother Parkers Tea & Coffee Inc.	Mother Parkers Tea & Coffee Inc.	Canada	43.6013	-79.5886	11	Other Manufacturing	311920	Coffee and tea manufacturing		1983	
canada-npri	10998	2024	Tara Facility	Lallemand Inc.	Canada	44.4709	-81.1451	11	Other Manufacturing	311990	All other food manufacturing		1983	
canada-npri	11	2024	Hexion Canada Inc.- Edmonton Facility	Hexion Canada Inc.	Canada	53.5823	-113.5886	3	Chemicals	325210	Resin and synthetic rubber manufacturing		1983	
canada-npri	11024	2024	Entegris Canada Ltd.	Entegris Canada Ltd.	Canada	43.7653	-79.1691	3	Chemicals	325999	All other miscellaneous chemical product manufacturing		1983	
canada-npri	11038	2024	Grand Valley Fortifiers	Grand Valley Fortifiers Ltd.	Canada	43.3584	-80.2889	11	Other Manufacturing	311119	Other animal food manufacturing		1983	
canada-npri	11039	2024	Hartmann North America	Hartmann Canada Inc.	Canada	43.1441	-80.2963	14	Pulp and Paper	322299	All other converted paper product manufacturing		1983	
canada-npri	11042	2024	Ingenia Polymers Corp	Ingenia Polymers Corp.	Canada	43.1307	-80.2388	3	Chemicals	325991	Custom compounding of purchased resins		1983	
canada-npri	11067	2024	Building 130	Taro Pharmaceuticals Inc.	Canada	43.7119	-79.691	3	Chemicals	325410	Pharmaceutical and medicine manufacturing		1983	
canada-npri	11084	2024	S-P Division	K-G Spray-Pak Inc. SP	Canada	43.6991	-79.6642	3	Chemicals	325999	All other miscellaneous chemical product manufacturing		1983	
canada-npri	11087	2024	Watson Case Ready	Cargill Limited	Canada	43.5595	-80.2009	11	Other Manufacturing	311614	Rendering and meat processing from carcasses		1983	
canada-npri	1109	2024	ATOTECH CANADA	Atotech Canada Ltd.	Canada	43.37965	-79.78263	3	Chemicals	325999	All other miscellaneous chemical product manufacturing		1983	
canada-npri	111	2024	Apotex Inc. 150 Signet	Apotex Inc.	Canada	43.7639	-79.5408	3	Chemicals	325410	Pharmaceutical and medicine manufacturing		1983	
canada-npri	11105	2024	Cargill Guelph Dunlop Facility	Cargill Limited	Canada	43.5529	-80.202	11	Other Manufacturing	311616	Beef cattle slaughtering		1983	
canada-npri	11109	2024	ELMIRA FACILITY	Elmira Pet Products Ltd.	Canada	43.6029	-80.5517	11	Other Manufacturing	311111	Dog and cat food manufacturing		1983	
canada-npri	11119	2024	Patheon TRO	Patheon Inc	Canada	43.6075	-79.7494	3	Chemicals	325410	Pharmaceutical and medicine manufacturing		1983	
canada-npri	1112	2024	Agropur Coopérative - Usine de Don Mills	Agropur Cooperative	Canada	43.7404	-79.3264	11	Other Manufacturing	311511	Fluid milk manufacturing		1983	
canada-npri	11120	2024	Regina Air Separation Plant	Linde Canada Inc.	Canada	50.5214	-104.6352	3	Chemicals	325120	Industrial gas manufacturing		1983	
canada-npri	11130	2024	ARLANXEO EAST	ARLANXEO Canada Inc.	Canada	42.9889	-82.4026	3	Chemicals	325210	Resin and synthetic rubber manufacturing		1983	
canada-npri	11131	2024	Stouffville	Teva Canada Ltd.	Canada	43.9651	-79.2661	3	Chemicals	325410	Pharmaceutical and medicine manufacturing		1983	
canada-npri	11132	2024	London, Ontario facility	Cargill Protein	Canada	43.0219	-81.154	11	Other Manufacturing	311615	Poultry slaughtering and processing		1983	
canada-npri	11133	2024	H. C. Starck Canada	H.C. Starck Canada Inc.	Canada	42.9459	-82.41823	3	Chemicals	325189	All other basic inorganic chemical manufacturing		1983	
canada-npri	11139	2024	P & H Milling Group - Acton	P & H Milling Group a Division of Parrish & Heimbecker Limited	Canada	43.6278	-80.043	11	Other Manufacturing	311211	Flour milling		1983	
canada-npri	11144	2024	Broadway Avenue Plant	ERCO Worldwide LP	Canada	48.35505	-89.31044	3	Chemicals	325189	All other basic inorganic chemical manufacturing		1983	
canada-npri	11161	2024	Aspire Bakeries - Ancaster	Aspire Bakeries B.C. ULC	Canada	43.1452	-79.9663	11	Other Manufacturing	311814	Commercial bakeries and frozen bakery product manufacturing		1983	
canada-npri	11206	2024	WonderBrands Langley	Wonder Brands Inc.	Canada	49.0984	-122.4633	11	Other Manufacturing	311814	Commercial bakeries and frozen bakery product manufacturing		1983	
canada-npri	11234	2024	S-P Packaging Ltd.	Sylvite Group of Companies	Canada	42.9888	-80.9493	3	Chemicals	325314	Mixed fertilizer manufacturing		1983	
canada-npri	11244	2024	Sault Ste. Marie Facility	Pioneer Construction Inc.	Canada	46.5818	-84.3452	12	Petroleum and Coal Product Refining and Mfg.	324121	Asphalt paving mixture and block manufacturing		1983	
canada-npri	11245	2024	Skead Road Facility	Pioneer Construction Inc.	Canada	46.61303	-80.80593	12	Petroleum and Coal Product Refining and Mfg.	324121	Asphalt paving mixture and block manufacturing		1983	
canada-npri	11260	2024	Salerno	Gay Lea Foods Cooperative Ltd.	Canada	43.2505	-79.7839	11	Other Manufacturing	311515	Butter, cheese, and dry and condensed dairy product manufacturing		1983	
canada-npri	11283	2024	Bimeda - MTC Animal Health Inc.	Bimeda-MTC Animal Health Inc.	Canada	43.4187	-80.329	3	Chemicals	325410	Pharmaceutical and medicine manufacturing		1983	
canada-npri	11309	2024	Pointes-Aux-Trembles CO2 Plant	Linde Canada Inc.	Canada	45.6387	-73.5188	3	Chemicals	325120	Industrial gas manufacturing		1983	
canada-npri	11332	2024	PROGRESSIVE RECYCLING INC.	Progressive Recycling Inc.	Canada	43.3955	-80.5799	11	Other Manufacturing	311119	Other animal food manufacturing		1983	
canada-npri	11334	2024	Furlanis Food Corporation	Furlanis Food Corporation	Canada	43.6428	-79.6206	11	Other Manufacturing	311814	Commercial bakeries and frozen bakery product manufacturing		1983	
canada-npri	11341	2024	Henry Company Canada Petrolia	Henry Company Canada Inc.	Canada	42.883	-82.1442	12	Petroleum and Coal Product Refining and Mfg.	324122	Asphalt shingle and coating material manufacturing		1983	
canada-npri	11413	2024	Tiger Drylac Canada Inc.	Tiger Drylac Canada Inc.	Canada	43.49672	-80.21122	3	Chemicals	325510	Paint and coating manufacturing		1983	
canada-npri	11443	2024	CP Industries Ltd.	CP Industries Ltd.	Canada	43.7222	-80.3798	3	Chemicals	325610	Soap and cleaning compound manufacturing		1983	
canada-npri	11444	2024	St. Clair Ethanol Plant	Suncor Energy Inc.	Canada	42.85649	-82.41989	3	Chemicals	325190	Other basic organic chemical manufacturing		1983	
canada-npri	1145	2024	Port Hope Conversion Facility	Cameco Corporation	Canada	43.9422	-78.2942	3	Chemicals	325189	All other basic inorganic chemical manufacturing		1983	
canada-npri	11463	2024	ReVital Polymers Inc.	ReVital Polymers Inc.	Canada	42.9578	-82.3601	3	Chemicals	325991	Custom compounding of purchased resins		1983	
canada-npri	11464	2024	Brantford	Western Waffles Corp.	Canada	43.16284	-80.33398	11	Other Manufacturing	311814	Commercial bakeries and frozen bakery product manufacturing		1983	
canada-npri	11473	2024	Mr. Marble	Mr. Marble	Canada	43.8104	-79.4882	3	Chemicals	325210	Resin and synthetic rubber manufacturing		1983	
canada-npri	11478	2024	DuROCK Alfacing International Ltd.	DuRock Alfacing International Ltd.	Canada	43.8036	-79.5457	3	Chemicals	325510	Paint and coating manufacturing		1983	
canada-npri	11489	2024	Corunna Hydrogen Facility	Air Products Canada Ltd.	Canada	42.9011	-82.4461	3	Chemicals	325120	Industrial gas manufacturing		1983	
canada-npri	11520	2024	Clayson	Gay Lea Foods Cooperative Ltd.	Canada	43.72309	-79.52556	11	Other Manufacturing	311515	Butter, cheese, and dry and condensed dairy product manufacturing		1983	
canada-npri	1156	2024	ELMIRA PLANT	Sulco Chemicals	Canada	43.59201	-80.55216	3	Chemicals	325189	All other basic inorganic chemical manufacturing		1983	
canada-npri	11561	2024	DNCI Garson	Dyno Nobel Canada Inc.	Canada	46.5693	-80.9	3	Chemicals	325920	Explosives manufacturing		1983	
canada-npri	11571	2024	Humber Facility	Give and Go Prepared Foods Corp	Canada	43.7358	-79.6077	11	Other Manufacturing	311814	Commercial bakeries and frozen bakery product manufacturing		1983	
canada-npri	11580	2024	Cloverdale Paint Inc. - Mississauga	Cloverdale Paint Inc.	Canada	43.6739	-79.6832	3	Chemicals	325510	Paint and coating manufacturing		1983	
canada-npri	11601	2024	New Forest Paper Mills LP	New Forest Paper Mills LP	Canada	43.77275	-79.2655	14	Pulp and Paper	322130	Paperboard mills		1983	
canada-npri	11616	2024	Varennes Plant	Greenfield Global Inc.	Canada	45.7078	-73.4242	3	Chemicals	325190	Other basic organic chemical manufacturing		1983	
canada-npri	11622	2024	P & H Milling Group - Saskatoon	P & H Milling Group a Division of Parrish & Heimbecker Limited	Canada	52.1431	-106.6625	11	Other Manufacturing	311211	Flour milling		1983	
canada-npri	11634	2024	SLEEMAN BREWERIES LTD./BRASSERIE SLEEMAN LTEE.	Sleeman Breweries Ltd./Brasserie Sleeman Ltee.	Canada	43.4885	-80.2068	11	Other Manufacturing	312120	Breweries		1983	
canada-npri	11644	2024	St. Claude	Lactalis Canada Inc.	Canada	49.65783	-98.34685	11	Other Manufacturing	311515	Butter, cheese, and dry and condensed dairy product manufacturing		1983	
canada-npri	11650	2024	Armstrong	Caledon Laboratories Ltd.	Canada	43.65577	-79.90036	3	Chemicals	325190	Other basic organic chemical manufacturing		1983	
canada-npri	11651	2024	Brockville Activated Alumina Plant	Axens Canada Specialty Aluminas Inc.	Canada	44.6243	-75.7017	3	Chemicals	325999	All other miscellaneous chemical product manufacturing		1983	
canada-npri	11661	2024	Mylan Canada - 85 Advance Rd location	Mylan Pharmaceuticals ULC	Canada	43.63491	-79.52257	3	Chemicals	325410	Pharmaceutical and medicine manufacturing		1983	
canada-npri	11673	2024	Wingham	Masterfeeds Inc.	Canada	43.9107	-81.2861	11	Other Manufacturing	311119	Other animal food manufacturing		1983	
canada-npri	11676	2024	Royal Canin - Guelph	Royal Canin Canada Co.	Canada	43.45907	-80.12228	11	Other Manufacturing	311111	Dog and cat food manufacturing		1983	
canada-npri	11684	2024	Johnstown	Greenfield Global Inc.	Canada	44.7353	-75.4842	3	Chemicals	325190	Other basic organic chemical manufacturing		1983	
canada-npri	11694	2024	Belleville Plant	WK Kellogg Canada Corp.	Canada	44.18822	-77.35692	11	Other Manufacturing	311230	Breakfast cereal manufacturing		1983	
canada-npri	11696	2024	IGPC Ethanol Inc.	IGPC Ethanol Inc.	Canada	42.78359	-80.9754	3	Chemicals	325190	Other basic organic chemical manufacturing		1983	
canada-npri	11700	2024	BIOX Canada Limited	BIOX Canada Limited	Canada	43.2691	-79.8425	3	Chemicals	325190	Other basic organic chemical manufacturing		1983	
canada-npri	11729	2024	The Dodge Company (Canada)	The Dodge Company (Canada)	Canada	43.6302	-79.6189	3	Chemicals	325999	All other miscellaneous chemical product manufacturing		1983	
canada-npri	11730	2024	50 Marmora St	Fiera Foods Co.	Canada	43.7195	-79.5259	11	Other Manufacturing	311814	Commercial bakeries and frozen bakery product manufacturing		1983	
canada-npri	11731	2024	Toda Advanced Materials Inc.	Toda Advanced Materials Inc.	Canada	42.9529	-82.4113	3	Chemicals	325189	All other basic inorganic chemical manufacturing		1983	
canada-npri	11734	2024	BFG Canada Inc.	BFG Canada Inc.	Canada	43.3944	-80.4692	11	Other Manufacturing	311821	Cookie and cracker manufacturing		1983	
canada-npri	1175	2024	Joffre Nitrogen Operations	Nutrien (Canada) Holdings ULC.	Canada	52.3221	-113.5166	3	Chemicals	325313	Chemical fertilizer (except potash) manufacturing		1983	
canada-npri	11755	2024	Kerry Renfrew	Kerry (Canada) Inc	Canada	45.479	-76.6499	11	Other Manufacturing	311930	Flavouring syrup and concentrate manufacturing		1983	
canada-npri	11769	2024	Spruce Grove, Alberta Facility	Cargill Protein	Canada	53.5357	-113.9016	11	Other Manufacturing	311615	Poultry slaughtering and processing		1983	
canada-npri	11774	2024	Innovation Drive site	The Original Cakerie Ltd.	Canada	42.9613	-81.13037	11	Other Manufacturing	311814	Commercial bakeries and frozen bakery product manufacturing		1983	
canada-npri	11776	2024	Balzac	Premier Tech Home & Garden.	Canada	51.2125	-113.9583	3	Chemicals	325314	Mixed fertilizer manufacturing		1983	
canada-npri	11777	2024	St.Isidore	Premier Tech Home & Garden.	Canada	45.3486	-74.9064	3	Chemicals	325314	Mixed fertilizer manufacturing		1983	
canada-npri	11799	2024	Virox Oakville	Virox Technologies Inc.	Canada	43.5099	-79.6811	3	Chemicals	325610	Soap and cleaning compound manufacturing		1983	
canada-npri	11809	2024	Baxter	Alliance Agri-Turf Inc.	Canada	44.1333	-79.8359	3	Chemicals	325313	Chemical fertilizer (except potash) manufacturing		1983	
canada-npri	11816	2024	Belmont Farm Supply Inc.	Belmont Farm Supply Inc.	Canada	42.8781	-81.08507	3	Chemicals	325314	Mixed fertilizer manufacturing		1983	
canada-npri	11818	2024	Harriston Agromart Harriston, ON	Harriston Agromart	Canada	43.8912	-80.8252	3	Chemicals	325314	Mixed fertilizer manufacturing		1983	
canada-npri	11833	2024	Hamilton Confectionary Plant	Mondelez Canada Inc	Canada	43.25498	-79.93063	11	Other Manufacturing	311340	Non-chocolate confectionery manufacturing		1983	
canada-npri	1185	2024	Skookumchuck Operation	Domtar Inc. dba Skookumchuck Pulp	Canada	49.9151	-115.7579	14	Pulp and Paper	322112	Chemical pulp mills		1983	
canada-npri	11854	2024	Scotland Agromart Ltd.	Scotland Agromart Ltd.	Canada	43.0288	-80.3593	3	Chemicals	325314	Mixed fertilizer manufacturing		1983	
canada-npri	11856	2024	Tara	Sprucedale Agromart Ltd.	Canada	44.4701	-81.142178	3	Chemicals	325314	Mixed fertilizer manufacturing		1983	
canada-npri	11869	2024	Guelph	Univar Solutions Canada Ltd	Canada	43.4859	-80.2901	3	Chemicals	325190	Other basic organic chemical manufacturing		1983	
canada-npri	11904	2024	Monkton	Wallenstein Feed & Supply Ltd.	Canada	43.5904	-81.0874	11	Other Manufacturing	311119	Other animal food manufacturing		1983	
canada-npri	1195	2024	Domtar Usine de Windsor	Domtar Inc.	Canada	45.5644	-71.979	14	Pulp and Paper	322121	Paper (except newsprint) mills		1983	
canada-npri	1205	2024	St. Clair River Site - Modified Polymers	Dow Chemical Canada ULC	Canada	42.8978	-82.4403	3	Chemicals	325210	Resin and synthetic rubber manufacturing		1983	
canada-npri	1207	2024	INVISTA (Canada) Company-Maitland Site	INVISTA (Canada) Company	Canada	44.6606	-75.6017	3	Chemicals	325190	Other basic organic chemical manufacturing		1983	
canada-npri	1221	2024	Twin Rivers Pulp Ltd.	Twin Rivers Paper Inc	Canada	47.36897	-68.33206	14	Pulp and Paper	322112	Chemical pulp mills		1983	
canada-npri	125	2024	Whitby	Atlantic Packaging Products Ltd.	Canada	43.86123	-78.90416	14	Pulp and Paper	322121	Paper (except newsprint) mills		1983	
canada-npri	1266	2024	Crofton Division	Catalyst Paper Corporation	Canada	48.875	-123.645	14	Pulp and Paper	322112	Chemical pulp mills		1983	
canada-npri	1353	2024	CORNWALL FACILITY	Axalta Coating Systems Canada Company	Canada	45.0117	-74.7773	3	Chemicals	325510	Paint and coating manufacturing		1983	
canada-npri	1356	2024	GUARDIAN CHEMICALS - Sturgeon County	Guardian Chemicals Inc.	Canada	53.752	-113.232	3	Chemicals	325610	Soap and cleaning compound manufacturing		1983	
canada-npri	1383	2024	Harmac Pacific Operations	Nanaimo Forest Products Ltd.	Canada	49.1369	-123.8564	14	Pulp and Paper	322112	Chemical pulp mills		1983	
canada-npri	1407	2024	Mississauga	H.L. Blachford Ltd.	Canada	43.5059	-79.63778	3	Chemicals	325999	All other miscellaneous chemical product manufacturing		1983	
canada-npri	1408	2024	Regina Site	BASF Agricultural Solutions Canada Inc.	Canada	50.4734	-104.5611	3	Chemicals	325320	Pesticide and other agricultural chemical manufacturing		1983	
canada-npri	1419	2024	Howe Sound Pulp and Paper Mill	Howe Sound Pulp & Paper Corporation	Canada	49.5237	-123.4837	14	Pulp and Paper	322112	Chemical pulp mills		1983	
canada-npri	1458	2024	Vaughan Plant	The Pittsburgh Paints (Canada) Company Ltd.	Canada	43.81162	-79.50367	3	Chemicals	325510	Paint and coating manufacturing		1983	
canada-npri	1464	2024	Sarnia Chemical Plant	Imperial Oil	Canada	42.9544	-82.4153	3	Chemicals	325110	Petrochemical manufacturing		1983	
canada-npri	1485	2024	Cloverdale Paint Inc.	Cloverdale Paint Inc. - Oakville	Canada	43.42647	-79.71029	3	Chemicals	325510	Paint and coating manufacturing		1983	
canada-npri	1492	2024	Usine de Bécancour	Arkema Canada Inc.	Canada	46.3841	-72.3735	3	Chemicals	325189	All other basic inorganic chemical manufacturing		1983	
canada-npri	1497	2024	New Toronto Plant	Pigments Services Canada, Inc.	Canada	43.6061	-79.5083	3	Chemicals	325190	Other basic organic chemical manufacturing		1983	
canada-npri	1528	2024	Usine de Thurso	Fortress Cellulose Spécialisée	Canada	45.5985	-75.2562	14	Pulp and Paper	322112	Chemical pulp mills		1983	
canada-npri	1553	2024	Concord Facility	K-G Spray-Pak Inc. KG	Canada	43.8058	-79.5008	3	Chemicals	325999	All other miscellaneous chemical product manufacturing		1983	
canada-npri	1560	2024	KORZITE COATINGS INC	Korzite Coatings Inc.	Canada	43.5045	-80.2702	3	Chemicals	325510	Paint and coating manufacturing		1983	
canada-npri	1561	2024	KRONOS Canada, Inc.	KRONOS Canada, Inc.	Canada	45.7125	-73.425	3	Chemicals	325189	All other basic inorganic chemical manufacturing		1983	
canada-npri	1562	2024	Sherwin-Williams Brantford Plant	Sherwin-Williams Canada Inc	Canada	43.1553	-80.2094	3	Chemicals	325510	Paint and coating manufacturing		1983	
canada-npri	1565	2024	LABORATOIRES CHOISY LTÉE - LOUISEVILLE	Kersia Canada Ltée.	Canada	46.2566	-72.9311	3	Chemicals	325610	Soap and cleaning compound manufacturing		1983	
canada-npri	1572	2024	Lake Utopia Paper A Division of J.D. Irving, Limited	Lake Utopia Paper A Division of J.D. Irving, Limited	Canada	45.1567	-66.7714	14	Pulp and Paper	322130	Paperboard mills		1983	
canada-npri	159	2024	BUNGE CANADA - ALTONA PLANT	Bunge Canada	Canada	49.11148	-97.5601	11	Other Manufacturing	311224	Oilseed processing		1983	
canada-npri	1593	2024	Port Alberni Division	Catalyst Paper Corporation	Canada	49.2478	-124.811	14	Pulp and Paper	322121	Paper (except newsprint) mills		1983	
canada-npri	161	2024	BUNGE CANADA - HAMILTON	Bunge Canada	Canada	43.27022	-79.84949	11	Other Manufacturing	311224	Oilseed processing		1983	
canada-npri	16210	2024	CONDILLO FOODS - AIRDRIE	Old Dutch Foods Ltd.	Canada	51.29126	-113.99247	11	Other Manufacturing	311919	Other snack food manufacturing		1983	
canada-npri	163	2024	BUNGE CANADA - NIPAWIN PLANT	Bunge Canada	Canada	53.3252	-104.027	11	Other Manufacturing	311224	Oilseed processing		1983	
canada-npri	16493	2024	P & H Milling Group - Lethbridge	P & H Milling Group a Division of Parrish & Heimbecker Limited	Canada	49.698011	-112.823139	11	Other Manufacturing	311211	Flour milling		1983	
canada-npri	1659	2024	FRANK FAIR INDUSTRIES - WINNIPEG	Frank Fair Industries Ltd.	Canada	49.8886	-97.1036	3	Chemicals	325220	Artificial and synthetic fibres and filaments manufacturing		1983	
canada-npri	1668	2024	Burlington	NALCO Canada ULC	Canada	43.3428	-79.8175	3	Chemicals	325999	All other miscellaneous chemical product manufacturing		1983	
canada-npri	1681	2024	Arclin Canada Ltée - Ste Therese	Arclin Canada Holdings Ltd.	Canada	45.6339	-73.8398	3	Chemicals	325210	Resin and synthetic rubber manufacturing		1983	
canada-npri	169	2024	BUNGE CANADA - WAINWRIGHT PLANT	Bunge Canada	Canada	52.8292	-110.8592	11	Other Manufacturing	311990	All other food manufacturing		1983	
canada-npri	17136	2024	Cargill ANH Camrose AB	Cargill Limited	Canada	53.0208	-112.9498	11	Other Manufacturing	311119	Other animal food manufacturing		1983	
canada-npri	17138	2024	McLeod Plant	Maple Leaf Foods Inc.	Canada	52.10947	-106.70981	11	Other Manufacturing	311614	Rendering and meat processing from carcasses		1983	
canada-npri	17178	2024	Souris Feedmill	Maple Leaf Agri-Farms Inc.	Canada	49.6212	-100.2582	11	Other Manufacturing	311119	Other animal food manufacturing		1983	
canada-npri	174	2024	GreenMantra Technologies	GreenMantra Technologies	Canada	43.1483	-80.2556	3	Chemicals	325999	All other miscellaneous chemical product manufacturing		1983	
canada-npri	177	2024	COVERIGHT SURFACES CANADA	Coveright Surfaces Canada Inc.	Canada	43.9578	-78.1197	14	Pulp and Paper	322220	Paper bag and coated and treated paper manufacturing		1983	
canada-npri	1776	2024	Corunna Site	NOVA Chemicals Corporation (OBPS)	Canada	42.8825	-82.4044	3	Chemicals	325110	Petrochemical manufacturing		1983	
canada-npri	1779	2024	NOVA Chemicals Corporation (Joffre)	NOVA Chemicals Corporation	Canada	52.3083	-113.55	3	Chemicals	325110	Petrochemical manufacturing		1983	
canada-npri	1782	2024	Methanex Medicine Hat Methanol Plant	Methanex Corporation	Canada	50.08071	-110.72786	3	Chemicals	325190	Other basic organic chemical manufacturing		1983	
canada-npri	1785	2024	INEOS Styrolution	INEOS Styrolution Canada Ltd.	Canada	42.9385	-82.4137	3	Chemicals	325110	Petrochemical manufacturing		1983	
canada-npri	1788	2024	Moore Site	NOVA Chemicals Corporation (OBPS)	Canada	42.8489	-82.4244	3	Chemicals	325210	Resin and synthetic rubber manufacturing		1983	
canada-npri	179	2024	Plant #1	Voyant Beauty, Inc.	Canada	43.7083	-79.5681	3	Chemicals	325610	Soap and cleaning compound manufacturing		1983	
canada-npri	1797	2024	Northwood Pulp Mill	Canfor Pulp Ltd.	Canada	53.9779	-122.695	14	Pulp and Paper	322112	Chemical pulp mills		1983	
canada-npri	181	2024	Plant #2	Voyant Beauty, Inc.	Canada	43.70977	-79.56632	3	Chemicals	325610	Soap and cleaning compound manufacturing		1983	
canada-npri	18228	2024	Cargill ANH Lethbridge AB	Cargill Limited	Canada	49.70287	-112.786784	11	Other Manufacturing	311119	Other animal food manufacturing		1983	
canada-npri	18390	2024	SE Edmonton Asphalt	BURNCO Rock Products Ltd	Canada	53.52502	-113.402317	12	Petroleum and Coal Product Refining and Mfg.	324121	Asphalt paving mixture and block manufacturing		1983	
canada-npri	1842	2024	Chemtrade - Prince George Chlorate	Chemtrade Logistics Inc.	Canada	53.9289	-122.7314	3	Chemicals	325999	All other miscellaneous chemical product manufacturing		1983	
canada-npri	1845	2024	Brampton	Lactalis Canada Inc.	Canada	43.7353	-79.6956	11	Other Manufacturing	311511	Fluid milk manufacturing		1983	
canada-npri	1857	2024	CertainTeed Insulation Ottawa	Certainteed Corp Insulation Group operating as Ottawa Fibre LP	Canada	45.38048	-75.5981	3	Chemicals	325220	Artificial and synthetic fibres and filaments manufacturing		1983	
canada-npri	1864	2024	The Black Velvet Distilling Company	Heaven Hill Distilling Canada Inc.	Canada	49.71291	-112.79552	11	Other Manufacturing	312140	Distilleries		1983	
canada-npri	1872	2024	CASCADES EMBALLAGE CARTON-CAISSE CABANO	Cascades Canada ULC	Canada	47.67	-68.8625	14	Pulp and Paper	322121	Paper (except newsprint) mills		1983	
canada-npri	1875	2024	Produits Kruger Inc.	PRODUITS KRUGER Inc.	Canada	45.9633	-73.47	14	Pulp and Paper	322121	Paper (except newsprint) mills		1983	
canada-npri	18772	2024	P-29 Bonnyville	NPA, a Division of Colas Western Canada Inc.	Canada	54.27307	-110.75074	12	Petroleum and Coal Product Refining and Mfg.	324121	Asphalt paving mixture and block manufacturing		1983	
canada-npri	18774	2024	P-03 Whitecourt	NPA, a Division of Colas Western Canada Inc.	Canada	54.168999	-115.762199	12	Petroleum and Coal Product Refining and Mfg.	324121	Asphalt paving mixture and block manufacturing		1983	
canada-npri	1878	2024	Fabrication région Est, Sherbrooke	Produits Kruger Inc.	Canada	45.36614	-71.85493	14	Pulp and Paper	322121	Paper (except newsprint) mills		1983	
canada-npri	18991	2024	Chemtrade - Calgary	Chemtrade Logistics Inc.	Canada	50.9953	-113.9738	3	Chemicals	325189	All other basic inorganic chemical manufacturing		1983	
canada-npri	18992	2024	Chemtrade - Saskatoon	Chemtrade Logistics Inc.	Canada	52.1119	-106.8837	3	Chemicals	325189	All other basic inorganic chemical manufacturing		1983	
canada-npri	18996	2024	Fort Saskatchewan EOEG	MEGlobal Canada ULC	Canada	53.7375	-113.149	3	Chemicals	325190	Other basic organic chemical manufacturing		1983	
canada-npri	18997	2024	Prentiss Chemical Manufacturing Facility	MEGlobal Canada ULC	Canada	52.3874	-113.6005	3	Chemicals	325190	Other basic organic chemical manufacturing		1983	
canada-npri	19257	2024	Prairie Malt Limited	Prairie Malt ULC	Canada	52.05265	-107.972606	11	Other Manufacturing	311214	Rice milling and malt manufacturing		1983	
canada-npri	19289	2024	Strathcona Works	Rio Tinto Alcan Inc	Canada	53.5586	-113.368	12	Petroleum and Coal Product Refining and Mfg.	324190	Other petroleum and coal product manufacturing		1983	
canada-npri	1931	2024	Fort Erie Plant	Sherwin-Williams Canada Inc	Canada	42.9175	-78.9306	3	Chemicals	325510	Paint and coating manufacturing		1983	
canada-npri	19375	2024	Munro Agromart Ltd.	Munro Agromart Ltd.	Canada	45.15127	-74.50741	3	Chemicals	325314	Mixed fertilizer manufacturing		1983	
canada-npri	1944	2024	ARLANXEO WEST	ARLANXEO Canada Inc.	Canada	42.9398	-82.4251	3	Chemicals	325210	Resin and synthetic rubber manufacturing		1983	
canada-npri	1947	2024	Port Colborne Poultry Ltd	Pinty's Delicious Foods	Canada	42.9108	-79.1879	11	Other Manufacturing	311615	Poultry slaughtering and processing		1983	
canada-npri	1951	2024	Dimachem Inc.	Dimachem Inc	Canada	42.2731	-82.9971	3	Chemicals	325999	All other miscellaneous chemical product manufacturing		1983	
canada-npri	19546	2024	BPCO Edmonton	La Cie Matériaux de Construction BP Canada	Canada	53.5398	-113.397	12	Petroleum and Coal Product Refining and Mfg.	324122	Asphalt shingle and coating material manufacturing		1983	
canada-npri	1979	2024	Papeterie de Dolbeau	Produits forestiers Résolu	Canada	48.8791	-72.2189	14	Pulp and Paper	322121	Paper (except newsprint) mills		1983	
canada-npri	1990	2024	PROSPEC CHEMICALS - STURGEON COUNTY	Prospec Chemicals Co.	Canada	53.74676	-113.22743	3	Chemicals	325110	Petrochemical manufacturing		1983	
canada-npri	19995	2024	Edmonton Hydrogen Facility	Air Products Canada Ltd.	Canada	53.5594	-113.3472	3	Chemicals	325120	Industrial gas manufacturing		1983	
canada-npri	20025	2024	Plant # 6	OK Paving Company	Canada	50.5953	-127.1601	12	Petroleum and Coal Product Refining and Mfg.	324121	Asphalt paving mixture and block manufacturing		1983	
canada-npri	20026	2024	Plant # 4	Tayco Paving Company	Canada	50.01615	-125.359308	12	Petroleum and Coal Product Refining and Mfg.	324121	Asphalt paving mixture and block manufacturing		1983	
canada-npri	20092	2024	Cleartech POCO	Cleartech Industries Inc.	Canada	49.2586	-122.771	3	Chemicals	325181	Alkali and chlorine manufacturing		1983	
canada-npri	2011	2024	Galata Chemicals (Canada) Inc.	Galata Chemicals (Canada) Inc.	Canada	44.1124	-79.6017	3	Chemicals	325210	Resin and synthetic rubber manufacturing		1983	
canada-npri	2016	2024	Toronto Refinery	Redpath Sugar Ltd	Canada	43.642517	-79.370915	11	Other Manufacturing	311310	Sugar manufacturing		1983	
canada-npri	2048	2024	KEMIRA CHEMCIALS CANADA INC. - ST CATS.	Kemira Chemicals Canada Inc.	Canada	43.170538	-79.228849	3	Chemicals	325190	Other basic organic chemical manufacturing		1983	
canada-npri	2051	2024	Canadian Kraft Paper Industries Ltd.	Canadian Kraft Paper Industries Ltd.	Canada	53.860974	-101.213325	14	Pulp and Paper	322121	Paper (except newsprint) mills		1983	
canada-npri	2065	2024	WEST HILL PLANT	DOW CANADA MATERIAL SCIENCES ULC	Canada	43.7588	-79.172	3	Chemicals	325510	Paint and coating manufacturing		1983	
canada-npri	2070	2024	Rain Carbon Canada Inc.	Rain Carbon Canada Inc.	Canada	43.262326	-79.791103	3	Chemicals	325190	Other basic organic chemical manufacturing		1983	
canada-npri	2074	2024	ERCO Worldwide Saskatoon plant	ERCO Worldwide LP	Canada	52.2033	-106.6216	3	Chemicals	325181	Alkali and chlorine manufacturing		1983	
canada-npri	209	2024	Tiverton	Greenfield Global Inc.	Canada	44.3077	-81.55458	3	Chemicals	325190	Other basic organic chemical manufacturing		1983	
canada-npri	2091	2024	Delpharm Montréal Inc.	Delpharm Montréal  Inc.	Canada	45.475	-73.8067	3	Chemicals	325410	Pharmaceutical and medicine manufacturing		1983	
canada-npri	2097	2024	Gimli Plant	Diageo Canada Inc.	Canada	50.65397	-97.00242	11	Other Manufacturing	312140	Distilleries		1983	
canada-npri	21218	2024	Barrhead	Richardson Milling Ltd.	Canada	54.04	-114.13	11	Other Manufacturing	311230	Breakfast cereal manufacturing		1983	
canada-npri	2122	2024	Brockville Lubricants Plant	SHELL CANADA LIMITED	Canada	44.6242	-75.6916	12	Petroleum and Coal Product Refining and Mfg.	324190	Other petroleum and coal product manufacturing		1983	
canada-npri	2130	2024	Chemtrade - Fort Saskatchewan Sulphides	Chemtrade Logistics Inc.	Canada	53.71939	-113.17582	3	Chemicals	325190	Other basic organic chemical manufacturing		1983	
canada-npri	2134	2024	Redwater Fertilizer Operations	Nutrien (Canada) Holdings ULC.	Canada	53.8416	-113.0979	3	Chemicals	325313	Chemical fertilizer (except potash) manufacturing		1983	
canada-npri	21392	2024	P-12 Mobile Plant	NPA, a Division of Colas Western Canada Inc.	Canada	55.53775	-118.175163	12	Petroleum and Coal Product Refining and Mfg.	324121	Asphalt paving mixture and block manufacturing		1983	
canada-npri	21395	2024	P-20 Mobile Plant	NPA, a Division of Colas Western Canada Inc.	Canada	53.433418	-117.554428	12	Petroleum and Coal Product Refining and Mfg.	324121	Asphalt paving mixture and block manufacturing		1983	
canada-npri	21477	2024	Portage la Prairie	Simplot Canada (II) Ltd.	Canada	49.9721	-98.3943	11	Other Manufacturing	311410	Frozen food manufacturing		1983	
canada-npri	21547	2024	Lloydminster Ethanol Plant	Cenovus Energy Inc.	Canada	53.263	-109.949	3	Chemicals	325190	Other basic organic chemical manufacturing		1983	
canada-npri	2164	2024	Sluyter Company Ltd	Sluyter Company Ltd.	Canada	43.76941	-79.56085	3	Chemicals	325610	Soap and cleaning compound manufacturing		1983	
canada-npri	21682	2024	Asphalt Plant	Park Paving Ltd.	Canada	53.3437	-113.184	12	Petroleum and Coal Product Refining and Mfg.	324121	Asphalt paving mixture and block manufacturing		1983	
canada-npri	2173	2024	Kapuskasing Paper Mill	Kap Paper Inc.	Canada	49.41	-82.4239	14	Pulp and Paper	322122	Newsprint mills		1983	
canada-npri	2181	2024	Nackawic Mill	AV Group NB Inc. - Nackawic Mill	Canada	46.0111	-67.2265	14	Pulp and Paper	322112	Chemical pulp mills		1983	
canada-npri	2183	2024	Leduc (AS55)	Brenntag Canada Inc.	Canada	53.2875	-113.54252	3	Chemicals	325999	All other miscellaneous chemical product manufacturing		1983	
canada-npri	2186	2024	Winnipeg (MS54)	Brenntag Canada Inc.	Canada	49.8947	-97.0947	3	Chemicals	325999	All other miscellaneous chemical product manufacturing		1983	
canada-npri	21940	2024	Edmonton plant	Sika Canada	Canada	53.563	-113.6356	3	Chemicals	325510	Paint and coating manufacturing		1983	
canada-npri	222	2024	Welland Plant	Cytec Canada Inc.	Canada	43.04687	-79.15261	3	Chemicals	325999	All other miscellaneous chemical product manufacturing		1983	
canada-npri	2221	2024	Port Hawkesbury Paper	Port Hawkesbury Paper LP	Canada	45.5982	-61.3601	14	Pulp and Paper	322122	Newsprint mills		1983	
canada-npri	2229	2024	Montreal Sulphur Plant	Suncor Enery Products Partenership	Canada	45.63626	-73.52138	3	Chemicals	325189	All other basic inorganic chemical manufacturing		1983	
canada-npri	223	2024	Mercer Peace River	Mercer Peace River Pulp Ltd.	Canada	56.37297	-117.18442	14	Pulp and Paper	322112	Chemical pulp mills		1983	
canada-npri	2233	2024	CF Industries Courtright Nitrogen Complex	Terra International (Canada) Inc.	Canada	42.76496	-82.45172	3	Chemicals	325313	Chemical fertilizer (except potash) manufacturing		1983	
canada-npri	2247	2024	NORDION - OTTAWA	Nordion (Canada) Inc.	Canada	45.34048	-75.91583	3	Chemicals	325189	All other basic inorganic chemical manufacturing		1983	
canada-npri	2291	2024	Calgary (AS65)	Brenntag Canada Inc.	Canada	51.0058	-113.9875	3	Chemicals	325999	All other miscellaneous chemical product manufacturing		1983	
canada-npri	2298	2024	TORONTO	RPM Canada Company, Tremco Canada Division	Canada	43.7131	-79.3483	3	Chemicals	325510	Paint and coating manufacturing		1983	
canada-npri	2316	2024	Prentiss Manufacturing Facility	Dow Chemical Canada ULC	Canada	52.3858	-113.595	3	Chemicals	325210	Resin and synthetic rubber manufacturing		1983	
canada-npri	2322	2024	Elmira Facility	Lanxess Canada Co./Cie	Canada	43.5964	-80.5525	3	Chemicals	325999	All other miscellaneous chemical product manufacturing		1983	
canada-npri	23235	2024	102078290 Saskatchewan Ltd.	102078290 Saskatchewan Ltd.	Canada	50.44213	-105.22224	3	Chemicals	325190	Other basic organic chemical manufacturing		1983	
canada-npri	2364	2024	West Coast Reduction Ltd.	West Coast Reduction Ltd.	Canada	49.2848	-123.0701	11	Other Manufacturing	311614	Rendering and meat processing from carcasses		1983	
canada-npri	2365	2024	Alberta Processing Company	West Coast Reduction Ltd.	Canada	50.9897	-113.9938	11	Other Manufacturing	311119	Other animal food manufacturing		1983	
canada-npri	23797	2024	Ste. Agathe (Canola Crush Plant) Viterra	Viterra Inc.	Canada	49.5635	-97.2161	11	Other Manufacturing	311224	Oilseed processing		1983	
canada-npri	23798	2024	P40 400 Mobile Plant	NPA, a Division of Colas Western Canada Inc.	Canada	50.8946	-114.127701	12	Petroleum and Coal Product Refining and Mfg.	324121	Asphalt paving mixture and block manufacturing		1983	
canada-npri	239	2024	Cascades Containerboard Packaging, A Division of Cascades Canada ULC.	Cascades Canada ULC	Canada	44.1114	-77.5878	14	Pulp and Paper	322130	Paperboard mills		1983	
canada-npri	2410	2024	Wakefield Canada Inc.	Wakefield Canada Inc.	Canada	43.59472	-79.53723	12	Petroleum and Coal Product Refining and Mfg.	324190	Other petroleum and coal product manufacturing		1983	
canada-npri	2413	2024	CHEMREC	Chemrec Inc.	Canada	45.22274	-72.7749	3	Chemicals	325999	All other miscellaneous chemical product manufacturing		1983	
canada-npri	24202	2024	Acheson	Standard General Inc.	Canada	53.549	-113.755	12	Petroleum and Coal Product Refining and Mfg.	324121	Asphalt paving mixture and block manufacturing		1983	
canada-npri	2421	2024	Douglas J Hennesey Biochemical Centre	BioVectra Inc.	Canada	46.2637	-63.1661	3	Chemicals	325999	All other miscellaneous chemical product manufacturing		1983	
canada-npri	24212	2024	Louis Dreyfus Company Canada ULC	Louis Dreyfus Company Canada ULC	Canada	51.225621	-102.499745	11	Other Manufacturing	311225	Fat and oil refining and blending		1983	
canada-npri	24224	2024	Belle Plaine Manufacturing Plant	Nachurs Alpine Solutions	Canada	50.4251	-105.1809	3	Chemicals	325314	Mixed fertilizer manufacturing		1983	
canada-npri	24225	2024	Yorkton	Richardson Oilseed Ltd.	Canada	51.233405	-102.531934	11	Other Manufacturing	311224	Oilseed processing		1983	
canada-npri	24226	2024	UNITY ETHANOL PLANT	North West Terminal Ltd. (NWT)	Canada	52.4365	-109.125	3	Chemicals	325190	Other basic organic chemical manufacturing		1983	
canada-npri	24270	2024	Estevan (Prairie Petro-Chem)	Dorf Ketal Energy Services Ltd.	Canada	49.138424	-102.984846	3	Chemicals	325999	All other miscellaneous chemical product manufacturing		1983	
canada-npri	2454	2024	Cloverdale Paint - Winnipeg	Cloverdale Paint Inc.	Canada	49.88402	-97.08155	3	Chemicals	325510	Paint and coating manufacturing		1983	
canada-npri	2456	2024	W.R. Grace Canada Corp.	W. R. Grace Canada Corp.	Canada	45.2653	-74.1122	3	Chemicals	325999	All other miscellaneous chemical product manufacturing		1983	
canada-npri	2472	2024	Markham	Teva Canada Ltd.	Canada	43.8354	-79.3301	3	Chemicals	325410	Pharmaceutical and medicine manufacturing		1983	
canada-npri	2475	2024	Buckingham plant	ERCO Worldwide LP	Canada	45.5907	-75.4238	3	Chemicals	325189	All other basic inorganic chemical manufacturing		1983	
canada-npri	25	2024	Flora Food Canada-Brantford Plant	Flora Food Canada Inc	Canada	43.1629	-80.2464	11	Other Manufacturing	311225	Fat and oil refining and blending		1983	
canada-npri	250	2024	Gibbons Site	Evonik Canada Inc.	Canada	53.83628	-113.13256	3	Chemicals	325189	All other basic inorganic chemical manufacturing		1983	
canada-npri	2502	2024	Kruger Wayagamack Inc.	Kruger Wayagamack S.E.C.	Canada	46.3583	-72.5185	14	Pulp and Paper	322121	Paper (except newsprint) mills		1983	
canada-npri	25025	2024	Ennis-Flint	Ennis Paints Canada ULC	Canada	43.821082	-79.055958	3	Chemicals	325510	Paint and coating manufacturing		1983	
canada-npri	25056	2024	Graphic Packaging International Canada ULC - Winnipeg	Graphic Packaging International Canada ULC	Canada	49.918	-97.0928	14	Pulp and Paper	322212	Folding paperboard box manufacturing		1983	
canada-npri	25064	2024	Canada Bread - Trillium	Canada Bread Company, Limited	Canada	43.176015	-79.844567	11	Other Manufacturing	311814	Commercial bakeries and frozen bakery product manufacturing		1983	
canada-npri	25085	2024	Toronto Plant	Siltech Corporation	Canada	43.71327	-79.34674	3	Chemicals	325190	Other basic organic chemical manufacturing		1983	
canada-npri	25121	2024	Saint-Marie	WESTROCK	Canada	46.461553	-71.038557	14	Pulp and Paper	322212	Folding paperboard box manufacturing		1983	
canada-npri	2515	2024	Koch Fertilizer Canada, ULC	Koch Fertilizer Canada, ULC	Canada	49.8309	-99.9078	3	Chemicals	325313	Chemical fertilizer (except potash) manufacturing		1983	
canada-npri	252	2024	Dural Plant div Multibond.	Dural, a Division of Multibond Inc	Canada	45.4501	-73.7363	3	Chemicals	325520	Adhesive manufacturing		1983	
canada-npri	2524	2024	Cascades Groupe Tissu Candiac, une division de Cascades Canada ULC	Cascades Canada ULC	Canada	45.3987	-73.5235	14	Pulp and Paper	322121	Paper (except newsprint) mills		1983	
canada-npri	25278	2024	Leduc asphalt plant	Standard General Inc.	Canada	53.30464	-113.529593	12	Petroleum and Coal Product Refining and Mfg.	324121	Asphalt paving mixture and block manufacturing		1983	
canada-npri	25303	2024	Blackfalds Blending Facility	Secure Energy Services Inc.	Canada	52.34694	-113.78311	3	Chemicals	325999	All other miscellaneous chemical product manufacturing		1983	
canada-npri	25324	2024	Bolton	Alliance Agri-Turf Inc.	Canada	43.87107	-79.767531	3	Chemicals	325314	Mixed fertilizer manufacturing		1983	
canada-npri	25325	2024	Hartland Agromart ltd.	Hartland Agromart ltd. - 2	Canada	46.29718	-67.5202	3	Chemicals	325314	Mixed fertilizer manufacturing		1983	
canada-npri	25326	2024	Grand Falls Agromart ltd.	Grand Falls Agromart ltd.	Canada	47.0768	-67.79091	3	Chemicals	325314	Mixed fertilizer manufacturing		1983	
canada-npri	25327	2024	Wellburn Agromart ltd.	Wellburn Agromart ltd.	Canada	43.19276	-81.149147	3	Chemicals	325314	Mixed fertilizer manufacturing		1983	
canada-npri	25328	2024	Agronomy - Max Underhill's Farm Supply, Vienna	Max Underhill's Farm Supply Limited	Canada	42.70735	-80.7724	3	Chemicals	325314	Mixed fertilizer manufacturing		1983	
canada-npri	25329	2024	Olymel S.E.C. Drummondville	Olymel S.E.C. Drummondville	Canada	45.87808	-72.54738	11	Other Manufacturing	311614	Rendering and meat processing from carcasses		1983	
canada-npri	254	2024	Duro-Lak inc	Duro-Lak inc	Canada	45.5849	-73.7518	3	Chemicals	325510	Paint and coating manufacturing		1983	
canada-npri	25407	2024	Polynt Composites Canada Inc.	Polynt Composites Canada Inc.	Canada	43.704214	-79.804615	3	Chemicals	325210	Resin and synthetic rubber manufacturing		1983	
canada-npri	25460	2024	Toronto Research Chemicals Inc.	Toronto Research Chemicals Inc.	Canada	43.77407	-79.47128	3	Chemicals	325190	Other basic organic chemical manufacturing		1983	
canada-npri	2553	2024	Quesnel River Pulp	Millar Western Forest Products Ltd.	Canada	53.00666	-122.49816	14	Pulp and Paper	322111	Mechanical pulp mills		1983	
canada-npri	257	2024	Lavo	Lavo	Canada	45.65775	-73.54224	3	Chemicals	325610	Soap and cleaning compound manufacturing		1983	
canada-npri	2599	2024	ALBERTA DISTILLERS	Alberta Distillers Ltd.	Canada	51.02277	-114.02766	11	Other Manufacturing	312140	Distilleries		1983	
canada-npri	2604	2024	Irving Pulp & Paper, Limited	Irving Pulp & Paper, Limited	Canada	45.262	-66.0924	14	Pulp and Paper	322112	Chemical pulp mills		1983	
canada-npri	2607	2024	AV Terrace Bay	AV Terrace Bay Inc.	Canada	48.7965	-87.1039	14	Pulp and Paper	322112	Chemical pulp mills		1983	
canada-npri	26218	2024	Usine de Saint-Hyacinthe	Barry-Callebaut	Canada	45.62495	-72.9672	11	Other Manufacturing	311351	Chocolate and chocolate confectionery manufacturing from cacao beans		1983	
canada-npri	26219	2024	Apollo Health & Beauty Care Inc.	Apollo Health and Beauty Care Inc.	Canada	43.77426	-79.48314	3	Chemicals	325620	Toilet preparation manufacturing		1983	
canada-npri	26278	2024	Puratone Winkler Feedmill	Maple Leaf Agri-Farms Inc.	Canada	49.186795	-97.934779	11	Other Manufacturing	311119	Other animal food manufacturing		1983	
canada-npri	26279	2024	Puratone Niverville Feedmill	Maple Leaf Agri-Farms Inc.	Canada	49.60665	-97.03117	11	Other Manufacturing	311119	Other animal food manufacturing		1983	
canada-npri	26280	2024	Puratone Arborg Feedmill	Maple Leaf Agri-Farms Inc.	Canada	50.90126	-97.215947	11	Other Manufacturing	311119	Other animal food manufacturing		1983	
canada-npri	26290	2024	Cambrigde plant	Sika Canada	Canada	43.39653	-80.30088	3	Chemicals	325999	All other miscellaneous chemical product manufacturing		1983	
canada-npri	26330	2024	Brussels Agromart ltd.	Brussels Agromart ltd.	Canada	43.74652	-81.24336	3	Chemicals	325314	Mixed fertilizer manufacturing		1983	
canada-npri	26331	2024	BFG Canada Ltd.	BFG Canada Ltd.	Canada	43.65249	-79.88836	11	Other Manufacturing	311821	Cookie and cracker manufacturing		1983	
canada-npri	264	2024	Mississauga Plant	Ecolab Co.	Canada	43.62893	-79.6333	3	Chemicals	325610	Soap and cleaning compound manufacturing		1983	
canada-npri	26405	2024	Ferrero Canada Limited	Ferrero Canada Limited	Canada	43.166907	-80.324333	11	Other Manufacturing	311310	Sugar manufacturing		1983	
canada-npri	26409	2024	Hoegy's Farm Supply	Hoegy's Farm Supply ltd.	Canada	43.55837	-81.20843	3	Chemicals	325314	Mixed fertilizer manufacturing		1983	
canada-npri	26410	2024	TCO Agromart-Trenton	TCO Agromart ltd.	Canada	44.1176	-77.60045	3	Chemicals	325314	Mixed fertilizer manufacturing		1983	
canada-npri	26429	2024	TRT ETGO du Québec inc.	Viterra Inc.	Canada	46.38806	-72.37667	11	Other Manufacturing	311224	Oilseed processing		1983	
canada-npri	26459	2024	Truro Agromart ltd.	Truro Agromat ltd.	Canada	45.39073	-63.29708	3	Chemicals	325314	Mixed fertilizer manufacturing		1983	
canada-npri	26477	2024	Polynt Composites Canada Inc. Drummondville	Polynt Composites Canada Inc.	Canada	45.2924	-72.2552	3	Chemicals	325210	Resin and synthetic rubber manufacturing		1983	
canada-npri	2660	2024	Birla Carbon Canada Ltd.	Birla Carbon Canada Ltd.	Canada	43.2588	-79.7843	3	Chemicals	325189	All other basic inorganic chemical manufacturing		1983	
canada-npri	26633	2024	Hanover	Sprucedale Agromart Ltd.	Canada	44.14708	-81.0783	3	Chemicals	325314	Mixed fertilizer manufacturing		1983	
canada-npri	26636	2024	WonderBrands Winnipeg	Wonder Brands Inc.	Canada	49.82596	-97.17022	11	Other Manufacturing	311814	Commercial bakeries and frozen bakery product manufacturing		1983	
canada-npri	26643	2024	Catalent Ontario Limited - Strathroy	Catalent Ontario Limited	Canada	42.986164	-81.62573	3	Chemicals	325410	Pharmaceutical and medicine manufacturing		1983	
canada-npri	27119	2024	Tann Paper Limited	Tann Paper LImited	Canada	46.13731	-67.58821	14	Pulp and Paper	322220	Paper bag and coated and treated paper manufacturing		1983	
canada-npri	2712	2024	Moose Jaw Refinery	Moose Jaw Refinery Partnership	Canada	50.3884	-105.51963	12	Petroleum and Coal Product Refining and Mfg.	324110	Petroleum refineries		1983	
canada-npri	27122	2024	Sialco Materials LTD	Sialco Materials LTD.	Canada	49.135915	-123.041682	3	Chemicals	325610	Soap and cleaning compound manufacturing		1983	
canada-npri	2745	2024	London	Diversey Canada Inc.	Canada	42.92065	-81.19304	3	Chemicals	325610	Soap and cleaning compound manufacturing		1983	
canada-npri	27626	2024	Agropur Coopérative - Usine de Amqui	Agropur Cooperative	Canada	48.48059	-67.44358	11	Other Manufacturing	311515	Butter, cheese, and dry and condensed dairy product manufacturing		1983	
canada-npri	27627	2024	Agropur Coopérative - Usine de Lethbridge	Agropur Cooperative	Canada	49.802725	-112.825538	11	Other Manufacturing	311515	Butter, cheese, and dry and condensed dairy product manufacturing		1983	
canada-npri	27628	2024	Agropur Coopérative - Usine de Ottawa	Agropur Cooperative	Canada	45.494363	-75.475709	11	Other Manufacturing	311515	Butter, cheese, and dry and condensed dairy product manufacturing		1983	
canada-npri	27680	2024	Agropur Coopérative - Usine de Québec	Agropur Cooperative	Canada	46.834214	-71.242833	11	Other Manufacturing	311515	Butter, cheese, and dry and condensed dairy product manufacturing		1983	
canada-npri	27682	2024	Agropur Coopérative - Usine de Saint-Laurent	Agropur Cooperative	Canada	45.526495	-73.65834	11	Other Manufacturing	311515	Butter, cheese, and dry and condensed dairy product manufacturing		1983	
canada-npri	27683	2024	Agropur Coopérative - Usine de Victoria	Agropur Cooperative	Canada	48.433751	-123.361646	11	Other Manufacturing	311515	Butter, cheese, and dry and condensed dairy product manufacturing		1983	
canada-npri	27694	2024	Blommer Campbellford	Blommer Chocolate Company of Canada, inc.	Canada	44.30406	-77.79439	11	Other Manufacturing	311351	Chocolate and chocolate confectionery manufacturing from cacao beans		1983	
canada-npri	27709	2024	Aux Sable Heartland Offgas Plant	Aux Sable Canada Ltd.	Canada	53.77095	-113.137	12	Petroleum and Coal Product Refining and Mfg.	324190	Other petroleum and coal product manufacturing		1983	
canada-npri	27710	2024	PureChem	Canadian Energy Services LP	Canada	49.610587	-102.255779	3	Chemicals	325999	All other miscellaneous chemical product manufacturing		1983	
canada-npri	27716	2024	VERBIO Diesel Canada - Welland	VERBIO Diesel Canada Corporation	Canada	42.95076	-79.24184	3	Chemicals	325190	Other basic organic chemical manufacturing		1983	
canada-npri	27747	2024	Lachine Plant (QS09)	Brenntag Canada Inc.	Canada	45.462444	-73.700381	3	Chemicals	325999	All other miscellaneous chemical product manufacturing		1983	
canada-npri	2776	2024	Burnaby Refinery	Parkland Refining (B.C.) Ltd.	Canada	49.28869	-123.00575	12	Petroleum and Coal Product Refining and Mfg.	324110	Petroleum refineries		1983	
canada-npri	27766	2024	Sleeman Unibroue - Chambly	Sleeman Breweries Ltd./Brasserie Sleeman Ltee.	Canada	45.441	-73.26205	11	Other Manufacturing	312120	Breweries		1983	
canada-npri	27822	2024	Trouw Nutrition Canada Inc., Olds, AB	Trouw Nutrition Canada Inc.	Canada	51.781386	-114.10339	11	Other Manufacturing	311119	Other animal food manufacturing		1983	
canada-npri	27823	2024	Trouw Nutrition Canada Inc.,  Ponoka AB	Trouw Nutrition Canada Inc.	Canada	52.671176	-113.608534	11	Other Manufacturing	311119	Other animal food manufacturing		1983	
canada-npri	27824	2024	Trouw Nutrition Canada Inc., Sherwood Park, AB	Trouw Nutrition Canada Inc.	Canada	53.57788	-113.28536	11	Other Manufacturing	311119	Other animal food manufacturing		1983	
canada-npri	27825	2024	Trouw Nutrition Canada Inc., Ste. Anne, MB	Trouw Nutrition Canada Inc.	Canada	49.663873	-96.775678	11	Other Manufacturing	311119	Other animal food manufacturing		1983	
canada-npri	27830	2024	Winnipeg Terminal	McAsphalt Industries Ltd.	Canada	49.88696	-97.07127	12	Petroleum and Coal Product Refining and Mfg.	324121	Asphalt paving mixture and block manufacturing		1983	
canada-npri	27879	2024	Calgary East Asphalt (Former SEST)	Lafarge Canada Inc. - WEST	Canada	51.002499	-113.8974	12	Petroleum and Coal Product Refining and Mfg.	324121	Asphalt paving mixture and block manufacturing		1983	
canada-npri	279	2024	Kraft Nordic, s.e.c. - Usine de pâtes kraft de Lebel-sur-Quévillon	Kraft Nordic, s.e.c.	Canada	49.0254	-76.9538	14	Pulp and Paper	322112	Chemical pulp mills		1983	
canada-npri	27957	2024	Novozymes Canada	Novozymes Canada	Canada	45.33661	-75.68562	3	Chemicals	325999	All other miscellaneous chemical product manufacturing		1983	
canada-npri	28	2024	CORNWALL SITE	BASF Canada Inc.	Canada	45.0189	-74.7551	3	Chemicals	325190	Other basic organic chemical manufacturing		1983	
canada-npri	280	2024	Western Canada Operations	Dow Chemical Canada ULC	Canada	53.7332	-113.175	3	Chemicals	325110	Petrochemical manufacturing		1983	
canada-npri	28136	2024	P-30	NPA Ltd.	Canada	60.01769	-111.949	12	Petroleum and Coal Product Refining and Mfg.	324121	Asphalt paving mixture and block manufacturing		1983	
canada-npri	28141	2024	Olymel S.E.C. - Cornwall	Olymel S.E.C. - Cornwall	Canada	45.0516	-74.6872	11	Other Manufacturing	311614	Rendering and meat processing from carcasses		1983	
canada-npri	2838	2024	Labatt Brewing Company Ltd	Labatt Brewing Company Ltd	Canada	42.9764	-81.2477	11	Other Manufacturing	312120	Breweries		1983	
canada-npri	28430	2024	Glencoe	Agris Co-Operative Ltd.	Canada	42.75115	-81.705954	3	Chemicals	325314	Mixed fertilizer manufacturing		1983	
canada-npri	28431	2024	Agropur Coopérative - Usine de Oka	Agropur Cooperative	Canada	45.49523	-74.02849	11	Other Manufacturing	311515	Butter, cheese, and dry and condensed dairy product manufacturing		1983	
canada-npri	28432	2024	Agropur Coopérative - Usine de Sussex	Agropur Cooperative	Canada	45.738005	-65.529747	11	Other Manufacturing	311515	Butter, cheese, and dry and condensed dairy product manufacturing		1983	
canada-npri	28433	2024	WonderBrands Carlingview	Wonder Brands Inc.	Canada	43.70484	-79.60426	11	Other Manufacturing	311814	Commercial bakeries and frozen bakery product manufacturing		1983	
canada-npri	2852	2024	Orica Brownsburg	Orica Canada Inc.	Canada	45.6758	-74.4095	3	Chemicals	325920	Explosives manufacturing		1983	
canada-npri	2855	2024	Usine de Bécancour	Olin Canada ULC	Canada	46.3832	-72.3724	3	Chemicals	325181	Alkali and chlorine manufacturing		1983	
canada-npri	2857	2024	Carseland Works	Orica Canada Inc.	Canada	50.8467	-113.58117	3	Chemicals	325313	Chemical fertilizer (except potash) manufacturing		1983	
canada-npri	28619	2024	Roberts Company Canada Ltd.	Roberts Company Canada Ltd.	Canada	43.69596	-79.74146	3	Chemicals	325520	Adhesive manufacturing		1983	
canada-npri	28625	2024	Usine de St-Jérôme	Les entreprises Rolland inc Usine de St-Jérôme	Canada	45.759939	-74.003731	14	Pulp and Paper	322121	Paper (except newsprint) mills		1983	
canada-npri	28627	2024	Maple Leaf Foods - Heritage	Maple Leaf Foods Inc.	Canada	43.171908	-79.835175	11	Other Manufacturing	311614	Rendering and meat processing from carcasses		1983	
canada-npri	28628	2024	Masterfeeds Grunthal MB	Masterfeeds Inc.	Canada	49.399914	-96.850437	11	Other Manufacturing	311119	Other animal food manufacturing		1983	
canada-npri	28650	2024	Fuchs Lubricants LLC	Fuchs Lubricants Canada Limited	Canada	43.366281	-80.281966	12	Petroleum and Coal Product Refining and Mfg.	324190	Other petroleum and coal product manufacturing		1983	
canada-npri	2875	2024	International Paper Canadian Pulp Holdings ULC	International Paper Company	Canada	55.0712	-118.6912	14	Pulp and Paper	322112	Chemical pulp mills		1983	
canada-npri	28756	2024	Loders Croklaan Canada, Inc.	Loders Croklaan Canada, Inc.	Canada	43.69998	-79.57846	11	Other Manufacturing	311225	Fat and oil refining and blending		1983	
canada-npri	28938	2024	empack spraytech inc	Empack Spraytech Inc.	Canada	43.72589	-79.68029	3	Chemicals	325999	All other miscellaneous chemical product manufacturing		1983	
canada-npri	29030	2024	Matériaux Nano One Candiac Inc	Matériaux Nano One Candiac Inc	Canada	45.372937	-73.524336	3	Chemicals	325189	All other basic inorganic chemical manufacturing		1983	
canada-npri	29036	2024	Kawartha Ethanol Inc.	Kawartha Ethanol Inc.	Canada	44.442017	-77.825464	3	Chemicals	325190	Other basic organic chemical manufacturing		1983	
canada-npri	2917	2024	Kimberly Clark, Huntsville Mill	Kimberly-Clark Inc.	Canada	45.3463	-79.2426	14	Pulp and Paper	322121	Paper (except newsprint) mills		1983	
canada-npri	29172	2024	Okanagan Spring Brewery	Sleeman Breweries Ltd./Brasserie Sleeman Ltee.	Canada	50.26158	-119.26897	11	Other Manufacturing	312120	Breweries		1983	
canada-npri	29173	2024	Brandon	Saputo Foods Ltd.	Canada	49.831565	-99.923766	11	Other Manufacturing	311515	Butter, cheese, and dry and condensed dairy product manufacturing		1983	
canada-npri	29190	2024	Wholesome Harvest Bakery Atwell	Canada Bread Company, Limited	Canada	43.696077	-79.589177	11	Other Manufacturing	311814	Commercial bakeries and frozen bakery product manufacturing		1983	
canada-npri	29203	2024	Cargill Limited - Camrose Oilseed Processing	Cargill Limited	Canada	52.9797668196385	-112.769310921088	11	Other Manufacturing	311224	Oilseed processing		1983	
canada-npri	29214	2024	Agropur Coopérative - Usine de St-Hyacinthe	Agropur Cooperative	Canada	45.64503	-72.96028	11	Other Manufacturing	311515	Butter, cheese, and dry and condensed dairy product manufacturing		1983	
canada-npri	29215	2024	Agropur Coopérative - Usine de Burnaby	Agropur Cooperative	Canada	49.211734	-122.950898	11	Other Manufacturing	311511	Fluid milk manufacturing		1983	
canada-npri	29234	2024	Forty Creek Distillery	Forty Creek Distillery LTD.	Canada	43.202985	-79.583042	11	Other Manufacturing	312140	Distilleries		1983	
canada-npri	29236	2024	Wynyard	Compass Minerals Wynyard Inc.	Canada	51.78051	-104.32075	3	Chemicals	325189	All other basic inorganic chemical manufacturing		1983	
canada-npri	2924	2024	Kamloops Mill (SFO)	Kruger inc	Canada	50.6861	-120.4037	14	Pulp and Paper	322112	Chemical pulp mills		1983	
canada-npri	29391	2024	Acheson Asphalt	BURNCO Rock Products Ltd	Canada	53.558453	-113.758132	12	Petroleum and Coal Product Refining and Mfg.	324121	Asphalt paving mixture and block manufacturing		1983	
canada-npri	29392	2024	Springbank Asphalt	BURNCO Rock Products Ltd	Canada	51.076214	-114.248335	12	Petroleum and Coal Product Refining and Mfg.	324121	Asphalt paving mixture and block manufacturing		1983	
canada-npri	29393	2024	Shepard Asphalt	BURNCO Rock Products Ltd	Canada	50.967904	-113.988729	12	Petroleum and Coal Product Refining and Mfg.	324121	Asphalt paving mixture and block manufacturing		1983	
canada-npri	29406	2024	Usine Graham Bell	BRIDOR INC.	Canada	45.562157	-73.433805	11	Other Manufacturing	311814	Commercial bakeries and frozen bakery product manufacturing		1983	
canada-npri	29419	2024	Cascades Lachute	Cascades Canada ULC	Canada	45.650652	-74.347134	14	Pulp and Paper	322121	Paper (except newsprint) mills		1983	
canada-npri	29456	2024	Trouw Nutrition Canada Inc., Westlock, AB	Trouw Nutrition Canada Inc.	Canada	54.153662	-113.877238	11	Other Manufacturing	311119	Other animal food manufacturing		1983	
canada-npri	29465	2024	ATrahan Transformation Inc.	ATrahan Transformation Inc.	Canada	46.3217	-72.8596	11	Other Manufacturing	311617	Hog slaughtering		1983	
canada-npri	29468	2024	Scotford Hydrogen Facility	Air Products Canada Ltd.	Canada	53.794194	-113.113749	3	Chemicals	325120	Industrial gas manufacturing		1983	
canada-npri	2948	2024	Site de Témiscaming	Rayonier A.M. Canada G.P.	Canada	46.7111	-79.0967	14	Pulp and Paper	322112	Chemical pulp mills		1983	
canada-npri	29495	2024	Usine de St-Hyacinthe	Yoplait Liberté Canada Co.	Canada	45.629544	-72.986378	11	Other Manufacturing	311511	Fluid milk manufacturing		1983	
canada-npri	29511	2024	Masterfeeds Humboldt	Masterfeeds Inc.	Canada	52.202832	-105.100154	11	Other Manufacturing	311119	Other animal food manufacturing		1983	
canada-npri	29530	2024	Eberts Retail	Southwest agromart	Canada	42.501291	-82.182399	3	Chemicals	325314	Mixed fertilizer manufacturing		1983	
canada-npri	29568	2024	Dainty Foods Windsor	Les Aliments Dainty Foods Inc.	Canada	42.270251	-83.082738	11	Other Manufacturing	311214	Rice milling and malt manufacturing		1983	
canada-npri	2960	2024	Shell Scotford Refinery	Shell Canada Products	Canada	53.7959	-113.0996	12	Petroleum and Coal Product Refining and Mfg.	324110	Petroleum refineries		1983	
canada-npri	29615	2024	Protenergy Natural Foods Corp.	Protenergy Natural Foods Corp.	Canada	43.851443	-79.378231	11	Other Manufacturing	311990	All other food manufacturing		1983	
canada-npri	2963	2024	Scotford Chemical Plant	Shell Chemicals Canada	Canada	53.8042	-113.0824	3	Chemicals	325110	Petrochemical manufacturing		1983	
canada-npri	29814	2024	Sturgeon Refinery	North West Redwater Partnership	Canada	53.8433	-113.118	12	Petroleum and Coal Product Refining and Mfg.	324110	Petroleum refineries		1983	
canada-npri	29818	2024	Markham	Dynamix inc.	Canada	43.827453	-79.341349	3	Chemicals	325999	All other miscellaneous chemical product manufacturing		1983	
canada-npri	29824	2024	Surrey Plant	Sika Canada	Canada	49.098674	-122.710068	3	Chemicals	325999	All other miscellaneous chemical product manufacturing		1983	
canada-npri	29828	2024	Mitsue Plant	Tiger Calcium Services Inc	Canada	55.264442	-114.589283	3	Chemicals	325999	All other miscellaneous chemical product manufacturing		1983	
canada-npri	29852	2024	Chemtrade - Fort Mcmurray GP Inc.	Chemtrade Logistics Inc.	Canada	57.05123	-111.61443	3	Chemicals	325189	All other basic inorganic chemical manufacturing		1983	
canada-npri	29881	2024	Carfair Composites Inc.	Carfair Composites Inc.	Canada	49.896928	-97.09759	3	Chemicals	325220	Artificial and synthetic fibres and filaments manufacturing		1983	
canada-npri	2991	2024	Mondi Hinton Inc.	Mondi Hinton Inc.	Canada	53.4133	-117.5706	14	Pulp and Paper	322112	Chemical pulp mills		1983	
canada-npri	29918	2024	Meunerie de Moncton	Sollio Groupe Coopératif	Canada	46.09512	-64.80701	11	Other Manufacturing	311119	Other animal food manufacturing		1983	
canada-npri	29919	2024	Meunerie New Minas	Sollio Groupe Coopératif	Canada	45.07699	-64.42811	11	Other Manufacturing	311119	Other animal food manufacturing		1983	
canada-npri	29920	2024	Meunerie Truro	Sollio Groupe Coopératif	Canada	45.35446	-63.29296	11	Other Manufacturing	311119	Other animal food manufacturing		1983	
canada-npri	29935	2024	Regina Terminal	McAsphalt Industries Ltd.	Canada	50.449448	-104.588828	12	Petroleum and Coal Product Refining and Mfg.	324121	Asphalt paving mixture and block manufacturing		1983	
canada-npri	29942	2024	Scarborough Food Plant	Griffith Foods Limited	Canada	43.718929	-79.293831	11	Other Manufacturing	311990	All other food manufacturing		1983	
canada-npri	29979	2024	Cargill Case Ready Calgary	Cargill Case Ready	Canada	51.14944	-114.00859	11	Other Manufacturing	311614	Rendering and meat processing from carcasses		1983	
canada-npri	302	2024	Usine de Magog	Nouryon Pâte et performance Canada inc.	Canada	45.27428	-72.11257	3	Chemicals	325189	All other basic inorganic chemical manufacturing		1983	
canada-npri	3040	2024	Brantford Operations	Kemira Water Solutions Canada Inc.	Canada	43.1802	-80.3424	3	Chemicals	325189	All other basic inorganic chemical manufacturing		1983	
canada-npri	3043	2024	Lantic Inc. - Raffinerie Montréal	Lantic Inc. - Raffinerie Montréal	Canada	45.546113	-73.533495	11	Other Manufacturing	311310	Sugar manufacturing		1983	
canada-npri	30554	2024	HyLife Foods LP	HyLife Foods LP	Canada	50.22769	-99.42412	11	Other Manufacturing	311617	Hog slaughtering		1983	
canada-npri	30558	2024	Fuchs Lubricants LLC - Pacific	Fuchs Lubricants Canada Limited	Canada	49.18391	-122.669482	12	Petroleum and Coal Product Refining and Mfg.	324190	Other petroleum and coal product manufacturing		1983	
canada-npri	30566	2024	Essity Drummondville	Essity Canada Inc.	Canada	45.88291	-72.515392	14	Pulp and Paper	322291	Sanitary paper product manufacturing		1983	
canada-npri	30606	2024	Canada Bread Vincent-Massey	Wholesome Harvest Bakery	Canada	46.804	-71.2566	11	Other Manufacturing	311814	Commercial bakeries and frozen bakery product manufacturing		1983	
canada-npri	30644	2024	Leduc Blend Plant	ChampionX Canada ULC	Canada	53.18292	-113.320917	3	Chemicals	325999	All other miscellaneous chemical product manufacturing		1983	
canada-npri	30655	2024	P & H Milling Group - Hamilton	P & H Milling Group a Division of Parrish & Heimbecker Limited	Canada	43.271332	-79.852742	11	Other Manufacturing	311211	Flour milling		1983	
canada-npri	3068	2024	Rexdale Plant	Unilever Canada Inc	Canada	43.7004	-79.5801	11	Other Manufacturing	311990	All other food manufacturing		1983	
canada-npri	3071	2024	Sarnia Refinery	Suncor Energy Products Partnership	Canada	42.9306	-82.4433	12	Petroleum and Coal Product Refining and Mfg.	324110	Petroleum refineries		1983	
canada-npri	30730	2024	Standard Nutrition	Sollio Groupe Coopératif	Canada	49.894816	-97.098634	11	Other Manufacturing	311119	Other animal food manufacturing		1983	
canada-npri	30736	2024	Upper Crust	2168587 Ontario Ltd. O/A Upper Crust	Canada	43.77516	-79.49153	11	Other Manufacturing	311814	Commercial bakeries and frozen bakery product manufacturing		1983	
canada-npri	30756	2024	Beauharnois (QS06)	Brenntag Canada Inc.	Canada	45.3098	-73.8964	3	Chemicals	325999	All other miscellaneous chemical product manufacturing		1983	
canada-npri	30792	2024	ClearTech Inland Way	Cleartech Industries Inc.	Canada	53.582659	-113.595228	3	Chemicals	325181	Alkali and chlorine manufacturing		1983	
canada-npri	308	2024	Kemira Water Solutions Canada Inc.	Kemira Water Solutions Canada Inc.	Canada	45.7098	-73.42185	3	Chemicals	325999	All other miscellaneous chemical product manufacturing		1983	
canada-npri	30810	2024	Emergent BioSolutions Canada Inc.	Emergent BioSolutions Canada Inc.	Canada	49.80442	-97.14521	3	Chemicals	325410	Pharmaceutical and medicine manufacturing		1983	
canada-npri	30824	2024	Grain Millers Yorkton	Grain Millers Canada Corp.	Canada	51.24	-102.46794	11	Other Manufacturing	311230	Breakfast cereal manufacturing		1983	
canada-npri	30825	2024	Usine St-Méthode	Groupe BSM INC	Canada	46.045481	-71.07605	11	Other Manufacturing	311814	Commercial bakeries and frozen bakery product manufacturing		1983	
canada-npri	30841	2024	Orangeville	Holmes Agro	Canada	43.912374	-80.166823	3	Chemicals	325314	Mixed fertilizer manufacturing		1983	
canada-npri	3091	2024	Trillium Health Care Manufacturing	Trillium Health Care Products	Canada	44.6051	-75.6966	3	Chemicals	325410	Pharmaceutical and medicine manufacturing		1983	
canada-npri	30913	2024	BWXT Medical Limited	BWXT Medical Limited	Canada	45.340444	-75.915903	3	Chemicals	325410	Pharmaceutical and medicine manufacturing		1983	
canada-npri	30922	2024	Saskatoon Site	BASF Agricultural Solutions Canada Inc.	Canada	52.196209	-106.67835	3	Chemicals	325313	Chemical fertilizer (except potash) manufacturing		1983	
canada-npri	30989	2024	Viau Laval	Viau Food Products Inc.	Canada	45.63174	-73.64975	11	Other Manufacturing	311614	Rendering and meat processing from carcasses		1983	
canada-npri	30996	2024	Canada Bread - Winnipeg	Canada Bread Company, Limited	Canada	49.9045	-97.183	11	Other Manufacturing	311814	Commercial bakeries and frozen bakery product manufacturing		1983	
canada-npri	31	2024	Windsor Site	BASF Coatings Inc.	Canada	42.31052	-83.04612	3	Chemicals	325510	Paint and coating manufacturing		1983	
canada-npri	3107	2024	LA BRASSERIE LABATT	Labatt Brewing Company Ltd	Canada	45.425474	-73.643342	11	Other Manufacturing	312120	Breweries		1983	
canada-npri	31201	2024	Maplehurst Brampton	Wonder Brands Inc.	Canada	43.701652	-79.69669	11	Other Manufacturing	311814	Commercial bakeries and frozen bakery product manufacturing		1983	
canada-npri	31208	2024	Patheon WRO	Patheon Inc	Canada	43.868726	-78.920344	3	Chemicals	325410	Pharmaceutical and medicine manufacturing		1983	
canada-npri	31263	2024	Pancosma Canada Inc. - Drummondville	Pancosma Canada Inc.	Canada	45.874207	-72.533696	11	Other Manufacturing	311119	Other animal food manufacturing		1983	
canada-npri	3140	2024	Usine de La Tuque	Compagnie WestRock du Canada Corp.	Canada	47.45	-72.7917	14	Pulp and Paper	322130	Paperboard mills		1983	
canada-npri	31555	2024	Olymel s.e.c. Ste-Rosalie	Olymel s.e.c.	Canada	45.63752	-72.91416	11	Other Manufacturing	311615	Poultry slaughtering and processing		1983	
canada-npri	31558	2024	RTD Canada	RTD Canada Inc	Canada	49.1598	-122.95173	11	Other Manufacturing	312120	Breweries		1983	
canada-npri	31617	2024	Lorama Group Inc (Meadowvale)	Lorama Group Inc	Canada	43.608	-79.7718	3	Chemicals	325510	Paint and coating manufacturing		1983	
canada-npri	31655	2024	Windsor Biosolids Processing Facility	City of Windsor	Canada	42.2799	-83.0859	3	Chemicals	325314	Mixed fertilizer manufacturing		1983	
canada-npri	31671	2024	Deciem Inc.	Deciem Inc	Canada	43.624	-79.552	3	Chemicals	325620	Toilet preparation manufacturing		1983	
canada-npri	31700	2024	Agropur Coopérative - Granby-Yogourt	Lactalis Canada Inc.	Canada	45.40442	-72.73847	11	Other Manufacturing	311511	Fluid milk manufacturing		1983	
canada-npri	31705	2024	City of Vancouver -Kent Yard Asphalt Batch Plant	City of Vancouver	Canada	49.208151	-123.085741	12	Petroleum and Coal Product Refining and Mfg.	324121	Asphalt paving mixture and block manufacturing		1983	
canada-npri	31749	2024	Asphalt Plant	City of Regina	Canada	50.46901	-104.61441	12	Petroleum and Coal Product Refining and Mfg.	324121	Asphalt paving mixture and block manufacturing		1983	
canada-npri	31757	2024	35 Jutland	Lush Manufacturing Ltd.	Canada	43.62671	-79.52366	3	Chemicals	325610	Soap and cleaning compound manufacturing		1983	
canada-npri	31758	2024	Lethbridge Biogas Facility	Lethbridge Biogas LP	Canada	52.2645	-110.5705	3	Chemicals	325120	Industrial gas manufacturing		1983	
canada-npri	31762	2024	P 51	NPA, a Division of Colas Western Canada Inc.	Canada	56.40278	-119.089	12	Petroleum and Coal Product Refining and Mfg.	324121	Asphalt paving mixture and block manufacturing		1983	
canada-npri	31765	2024	JD Sweid Foods (2013) Ltd.	JD Sweid Foods (2013) Ltd.	Canada	43.50422	-80.54543	11	Other Manufacturing	311615	Poultry slaughtering and processing		1983	
canada-npri	31772	2024	OlyM s.e.c. Ange-Gardien	OlyM s.e.c.	Canada	45.35955	-72.9376	11	Other Manufacturing	311617	Hog slaughtering		1983	
canada-npri	3185	2024	Espanola Mill	Domtar Inc.	Canada	46.2681	-81.7683	14	Pulp and Paper	322121	Paper (except newsprint) mills		1983	
canada-npri	319	2024	DNCI North Bay	Dyno Nobel Canada Inc.	Canada	46.2667	-79.3778	3	Chemicals	325920	Explosives manufacturing		1983	
canada-npri	3201	2024	PERTH	3M Canada Company	Canada	44.9024	-76.2307	14	Pulp and Paper	322220	Paper bag and coated and treated paper manufacturing		1983	
canada-npri	3204	2024	3M Morden Manufacturing	3M Healthcare Canada Company Limited	Canada	49.1806	-98.09369	3	Chemicals	325510	Paint and coating manufacturing		1983	
canada-npri	322	2024	General Dynamic OTS-Canada Valleyfield Inc.	General Dynamics OTS- Canada Valleyfield Inc.	Canada	45.28472	-74.07814	3	Chemicals	325920	Explosives manufacturing		1983	
canada-npri	32252	2024	Winnipeg	Lactalis Canada Inc.	Canada	49.87598	-97.05052	11	Other Manufacturing	311511	Fluid milk manufacturing		1983	
canada-npri	32254	2024	Post Foods Cobourg	post foods canada cobourg	Canada	43.97231	-78.16239	11	Other Manufacturing	311821	Cookie and cracker manufacturing		1983	
canada-npri	32256	2024	Langley Plant - Pulp	CKF Inc.	Canada	49.10853	-122.6723	14	Pulp and Paper	322299	All other converted paper product manufacturing		1983	
canada-npri	32260	2024	Lallemand Bio-Ingredients Cornwall	Lallemand Bio-Ingredients Cornwall	Canada	45.01992	-74.75823	11	Other Manufacturing	311990	All other food manufacturing		1983	
canada-npri	32284	2024	Molson Coors Fraser Valley Brewery	Molson Coors Canada Inc.	Canada	49.147	-121.96	11	Other Manufacturing	312120	Breweries		1983	
canada-npri	32363	2024	NutriAg Ltd.	NutriAg Ltd.	Canada	43.73719	-79.53184	3	Chemicals	325313	Chemical fertilizer (except potash) manufacturing		1983	
canada-npri	32366	2024	Cargill ANH St. Valerien QC	Cargill Limited	Canada	45.55729	-72.7572	11	Other Manufacturing	311119	Other animal food manufacturing		1983	
canada-npri	32368	2024	Cargill ANH Palmerston ON	Cargill Limited	Canada	43.83867	-80.84869	11	Other Manufacturing	311119	Other animal food manufacturing		1983	
canada-npri	32369	2024	Cargill ANH Strathroy ON	Cargill Limited	Canada	42.95888	-81.61192	11	Other Manufacturing	311119	Other animal food manufacturing		1983	
canada-npri	32370	2024	Cargill ANH St. Romuald QC	Cargill Limited	Canada	46.74538	-71.23812	11	Other Manufacturing	311119	Other animal food manufacturing		1983	
canada-npri	32375	2024	Cargill ANH Drummondville QC	Cargill Limited	Canada	45.87204	-72.54251	11	Other Manufacturing	311119	Other animal food manufacturing		1983	
canada-npri	32419	2024	Cavendish Farms	Cavendish Farms Corporation	Canada	49.44397	-112.4658	11	Other Manufacturing	311410	Frozen food manufacturing		1983	
canada-npri	3242	2024	Fibrek SENC	Fibrek S.E.N.C.	Canada	48.7458	-72.5139	14	Pulp and Paper	322112	Chemical pulp mills		1983	
canada-npri	32437	2024	Canada Royal Milk ULC	Canada Royal Milk ULC	Canada	44.27433	-76.5577	11	Other Manufacturing	311515	Butter, cheese, and dry and condensed dairy product manufacturing		1983	
canada-npri	32438	2024	Orlando	Sofina Foods Inc./Aliments Sofina Inc.	Canada	43.70196	-79.62161	11	Other Manufacturing	311410	Frozen food manufacturing		1983	
canada-npri	32443	2024	Delpharm Boucherville Canada Inc.	Delpharm Boucherville Canada Inc.	Canada	45.57747	-73.45386	3	Chemicals	325410	Pharmaceutical and medicine manufacturing		1983	
canada-npri	32444	2024	McAsphalt - Acheson	McAsphalt Industries Ltd.	Canada	53.54908	-113.7515	12	Petroleum and Coal Product Refining and Mfg.	324121	Asphalt paving mixture and block manufacturing		1983	
canada-npri	3245	2024	Toronto Brewery	Molson Coors Canada	Canada	43.6748	-79.5883	11	Other Manufacturing	312120	Breweries		1983	
canada-npri	3250	2024	Usine de production de polystyrène expansible	Epsilyte Canada, ULC	Canada	45.42488	-73.90545	3	Chemicals	325210	Resin and synthetic rubber manufacturing		1983	
canada-npri	32520	2024	Cottam	Setterington's Fertilizer Service Ltd.	Canada	42.106441	-82.773213	3	Chemicals	325314	Mixed fertilizer manufacturing		1983	
canada-npri	32594	2024	Lethbridge	BASF Agricultural Solutions Canada Inc.	Canada	49.755	-112.78	3	Chemicals	325320	Pesticide and other agricultural chemical manufacturing		1983	
canada-npri	32595	2024	Chemtrade -  Saint-Augustin-De-Desmaures	Chemtrade Logistics Inc.	Canada	46.7552	-71.4478	3	Chemicals	325189	All other basic inorganic chemical manufacturing		1983	
canada-npri	32599	2024	Produits Kruger Sherbrooke Inc	Produits Kruger Sherbrooke Inc	Canada	45.48221	-71.95088	14	Pulp and Paper	322121	Paper (except newsprint) mills		1983	
canada-npri	3269	2024	Carseland Nitrogen Operations	Nutrien (Canada) Holdings ULC.	Canada	50.8458	-113.5867	3	Chemicals	325313	Chemical fertilizer (except potash) manufacturing		1983	
canada-npri	327	2024	Irving Consumer Products Limited	Irving Consumer Products Limited	Canada	43.69374	-79.50446	14	Pulp and Paper	322121	Paper (except newsprint) mills		1983	
canada-npri	3272	2024	United Initiators Canada Ltd.	United Initiators Canada Ltd.	Canada	53.92703	-122.70753	3	Chemicals	325189	All other basic inorganic chemical manufacturing		1983	
canada-npri	3284	2024	AOC Resins and Coatings Co.	AOC Resins & Coatings Co.	Canada	43.5411	-80.2978	3	Chemicals	325210	Resin and synthetic rubber manufacturing		1983	
canada-npri	32911	2024	Enerchem Slave Lake	AltaGas Ltd.	Canada	55.37226	-114.74895	12	Petroleum and Coal Product Refining and Mfg.	324110	Petroleum refineries		1983	
canada-npri	32937	2024	Diamond Petrochemicals Canada Corporation	Diamond Petrochemicals Canada Corporation	Canada	42.94655	-82.42667	3	Chemicals	325110	Petrochemical manufacturing		1983	
canada-npri	32940	2024	Hardisty Diluent Recovery Unit	Gibson Energy Inc.	Canada	52.639602	-111.183576	12	Petroleum and Coal Product Refining and Mfg.	324110	Petroleum refineries		1983	
canada-npri	32951	2024	Cenovus Asphalt Terminal - Winnipeg	Cenovus Energy Inc.	Canada	49.9218	-96.9944	12	Petroleum and Coal Product Refining and Mfg.	324121	Asphalt paving mixture and block manufacturing		1983	
canada-npri	32979	2024	St. Hyacinthe	McAsphalt Industries Ltd.	Canada	45.64909	-72.96795	12	Petroleum and Coal Product Refining and Mfg.	324121	Asphalt paving mixture and block manufacturing		1983	
canada-npri	33012	2024	Roquette Canada Ltd.- Portage La Prairie	Roquette Canada Ltd.	Canada	49.96326	-98.39184	11	Other Manufacturing	311990	All other food manufacturing		1983	
canada-npri	33013	2024	Port Coquitlam	Saputo Foods Ltd.	Canada	49.25589	-122.76783	11	Other Manufacturing	311515	Butter, cheese, and dry and condensed dairy product manufacturing		1983	
canada-npri	33014	2024	St. Marys	Saputo Foods Ltd.	Canada	43.241137	-81.135158	11	Other Manufacturing	311515	Butter, cheese, and dry and condensed dairy product manufacturing		1983	
canada-npri	33083	2024	GSI Environnement	EnGlobe Corp.	Canada	46.67169	-71.10904	3	Chemicals	325314	Mixed fertilizer manufacturing		1983	
canada-npri	3350	2024	FLORENCEVILLE, NEW BRUNSWICK	McCain Foods Canada Ltd.	Canada	46.4498	-67.6116	11	Other Manufacturing	311410	Frozen food manufacturing		1983	
canada-npri	33515	2024	DNCI Houston	Dyno Nobel Canada Inc.	Canada	54.35707	-126.72495	3	Chemicals	325920	Explosives manufacturing		1983	
canada-npri	33525	2024	Brasserie de Longueuil	Molson Coors Canada	Canada	45.51246	-73.399485	11	Other Manufacturing	312120	Breweries		1983	
canada-npri	33527	2024	Church & Dwight	Church & Dwight Canada Corp.	Canada	45.49507	-73.662053	3	Chemicals	325410	Pharmaceutical and medicine manufacturing		1983	
canada-npri	3353	2024	McCain Foods (Canada) GRAND FALLS	McCain Foods Canada Ltd.	Canada	47.063	-67.7767	11	Other Manufacturing	311990	All other food manufacturing		1983	
canada-npri	33670	2024	Old Montreal Distillery	Sazerac Distillers of Canada Inc.	Canada	45.48881	-73.54802	11	Other Manufacturing	312140	Distilleries		1983	
canada-npri	33682	2024	Baxter Corporation	Baxter Corp. (Canada)	Canada	44.15077	-79.865081	3	Chemicals	325410	Pharmaceutical and medicine manufacturing		1983	
canada-npri	33692	2024	Maison des Futailles S.E.C	Maison des Futailles, S.E.C.	Canada	45.58454	-73.52039	11	Other Manufacturing	312130	Wineries		1983	
canada-npri	33732	2024	Heartland Petrochemical Complex - PDH/PP/Rail	Inter Pipeline Propylene Ltd.	Canada	53.778713	-113.12896	3	Chemicals	325110	Petrochemical manufacturing		1983	
canada-npri	33735	2024	Dartmouth (NS07)	Brenntag Canada Inc.	Canada	44.71169	-63.609434	3	Chemicals	325999	All other miscellaneous chemical product manufacturing		1983	
canada-npri	3381	2024	Uniboard Canada inc, usine Unires	Uniboard Canada Inc	Canada	48.11372	-77.77765	3	Chemicals	325190	Other basic organic chemical manufacturing		1983	
canada-npri	33820	2024	Rivière-du-Loup	Premier Tech Home & Garden.	Canada	47.80707	-69.4884	3	Chemicals	325314	Mixed fertilizer manufacturing		1983	
canada-npri	33822	2024	Richer	Premier Tech Home & Garden.	Canada	49.6073	-96.4815	3	Chemicals	325314	Mixed fertilizer manufacturing		1983	
canada-npri	33834	2024	Kerrobert Crude Oil Processing Facility	Kerrobert Fuels Inc.	Canada	51.85694	-109.04363	12	Petroleum and Coal Product Refining and Mfg.	324110	Petroleum refineries		1983	
canada-npri	33849	2024	Maple Leaf Foods - London Poultry	Maple Leaf Foods Inc.	Canada	42.93013	-81.16707	11	Other Manufacturing	311615	Poultry slaughtering and processing		1983	
canada-npri	33865	2024	Ridgetown	Southwest Agromart	Canada	42.447395	-81.89843	3	Chemicals	325314	Mixed fertilizer manufacturing		1983	
canada-npri	33870	2024	ConAgra Boisbriand Facility	ConAgra DMAT ULC	Canada	45.6213	-73.82995	11	Other Manufacturing	311940	Seasoning and dressing manufacturing		1983	
canada-npri	3391	2024	Nanticoke	Air Products Canada Ltd.	Canada	42.8277	-80.1006	3	Chemicals	325120	Industrial gas manufacturing		1983	
canada-npri	3394	2024	Irving Paper	Irving Paper Limited	Canada	45.2788	-66.0249	14	Pulp and Paper	322121	Paper (except newsprint) mills		1983	
canada-npri	34	2024	TORONTO SITE	BASF Canada Inc.	Canada	43.69226	-79.59705	3	Chemicals	325210	Resin and synthetic rubber manufacturing		1983	
canada-npri	34007	2024	Estee Lauder Cosmetics Ltd. (agincourt)	Estee Lauder Cosmetics Ltd.	Canada	43.79575	-79.26972	3	Chemicals	325620	Toilet preparation manufacturing		1983	
canada-npri	34018	2024	J.H. McNairn Limited	J.H. McNairn Limited	Canada	43.86841	-78.92434	14	Pulp and Paper	322220	Paper bag and coated and treated paper manufacturing		1983	
canada-npri	3422	2024	Kingston Site	INVISTA (Canada) Company	Canada	44.2159	-76.5553	3	Chemicals	325220	Artificial and synthetic fibres and filaments manufacturing		1983	
canada-npri	3426	2024	Cloverdale Paint - Surrey	Cloverdale Paint Inc.	Canada	49.1291	-122.8442	3	Chemicals	325510	Paint and coating manufacturing		1983	
canada-npri	34343	2024	Rokeby Site	NOVA Chemicals Corporation	Canada	42.86814	-82.40331	3	Chemicals	325210	Resin and synthetic rubber manufacturing		1983	
canada-npri	34344	2024	Salflex Polymers (Toronto plant)	ABC Technologies Inc.	Canada	43.71556	-79.53099	3	Chemicals	325991	Custom compounding of purchased resins		1983	
canada-npri	344	2024	Chemtrade - Thorold	Chemtrade Logistics Inc.	Canada	43.1101	-79.2092	3	Chemicals	325999	All other miscellaneous chemical product manufacturing		1983	
canada-npri	34464	2024	Halliburton Clairmont Facility	Halliburton Group Canada	Canada	55.23327	-118.8027	3	Chemicals	325999	All other miscellaneous chemical product manufacturing		1983	
canada-npri	34477	2024	Chemtrade - Valleyfield	Chemtrade Logistics Inc.	Canada	45.25548	-74.16609	3	Chemicals	325189	All other basic inorganic chemical manufacturing		1983	
canada-npri	34483	2024	Calgary	Sofina Foods Inc./Aliments Sofina Inc.	Canada	50.9676	-113.94353	11	Other Manufacturing	311615	Poultry slaughtering and processing		1983	
canada-npri	34542	2024	RDJ BAKERIES (HIGHRIDGE)	RDJ Bakeries Ltd.	Canada	43.40673	-80.31412	11	Other Manufacturing	311821	Cookie and cracker manufacturing		1983	
canada-npri	34555	2024	Bioénergie AE Côte-Nord Canada Inc.	Bioénergie AE Côte-Nord Canada Inc.	Canada	50.02882	-66.82298	12	Petroleum and Coal Product Refining and Mfg.	324190	Other petroleum and coal product manufacturing		1983	
canada-npri	34680	2024	Cargill ANH Addison, ON	Cargill Limited	Canada	44.65819	-75.88029	11	Other Manufacturing	311119	Other animal food manufacturing		1983	
canada-npri	34681	2024	Cargill ANH Arkona, ON	Cargill Limited	Canada	43.05351	-81.83294	11	Other Manufacturing	311119	Other animal food manufacturing		1983	
canada-npri	34688	2024	Cambie 1	Lush Manufacturing Ltd.	Canada	49.20667	-123.11622	3	Chemicals	325610	Soap and cleaning compound manufacturing		1983	
canada-npri	34705	2024	PGR HDRD Complex	Tidewater Renewables Ltd.	Canada	53.93044	-122.70569	3	Chemicals	325190	Other basic organic chemical manufacturing		1983	
canada-npri	34709	2024	Natural Bakery	Canada Bread Company, Limited	Canada	49.91069	-97.15609	11	Other Manufacturing	311814	Commercial bakeries and frozen bakery product manufacturing		1983	
canada-npri	34711	2024	South Cheecham Sulphur Handling Facility	Keyera Corp	Canada	56.16363	-110.83862	3	Chemicals	325189	All other basic inorganic chemical manufacturing		1983	
canada-npri	34745	2024	Tradition Fine Foods Ltd.	Tradition Fine Foods Ltd.	Canada	43.70339	-79.27581	11	Other Manufacturing	311814	Commercial bakeries and frozen bakery product manufacturing		1983	
canada-npri	34804	2024	Usine de Contrecoeur	Les Entreprises Canepta Ltée	Canada	45.84594	-73.24439	12	Petroleum and Coal Product Refining and Mfg.	324190	Other petroleum and coal product manufacturing		1983	
canada-npri	34863	2024	Macklin Facility	McAsphalt Industries Ltd.	Canada	52.32802	-109.94403	12	Petroleum and Coal Product Refining and Mfg.	324121	Asphalt paving mixture and block manufacturing		1983	
canada-npri	34881	2024	Master Plant-Prod Inc.	Master Plant-Prod Inc.	Canada	43.70141	-79.70379	3	Chemicals	325314	Mixed fertilizer manufacturing		1983	
canada-npri	34892	2024	Haleon Montréal	PF Consumer Healthcare Canada ULC	Canada	45.51199	-73.68886	3	Chemicals	325410	Pharmaceutical and medicine manufacturing		1983	
canada-npri	34901	2024	Hershey Canada Inc	Hershey Canada Inc	Canada	45.62946	-72.993721	11	Other Manufacturing	311352	Confectionery manufacturing from purchased chocolate		1983	
canada-npri	34902	2024	Hershey Canada Inc	Hershey Canada Inc	Canada	45.38323	-72.76376	11	Other Manufacturing	311340	Non-chocolate confectionery manufacturing		1983	
canada-npri	3503	2024	Air Liquide Canada - Hamilton (ASU and H2)	Air Liquide Canada Inc.	Canada	43.262	-79.8262	3	Chemicals	325120	Industrial gas manufacturing		1983	
canada-npri	35083	2024	Cargill ANH Mitchell ON	Cargill Limited	Canada	43.45648	-81.18065	11	Other Manufacturing	311119	Other animal food manufacturing		1983	
canada-npri	35094	2024	Agropur Coopérative -Truro IC (Scotsburn)	Agropur Cooperative	Canada	45.34145	-63.29029	11	Other Manufacturing	311520	Ice cream and frozen dessert manufacturing		1983	
canada-npri	3517	2024	Chemtrade Electrochem - Brandon	Chemtrade Logistics Inc.	Canada	49.8265	-99.8293	3	Chemicals	325189	All other basic inorganic chemical manufacturing		1983	
canada-npri	35176	2024	Agropur Coopérative - Truro ING.	Agropur Cooperative	Canada	45.36999	-63.23116	11	Other Manufacturing	311515	Butter, cheese, and dry and condensed dairy product manufacturing		1983	
canada-npri	3523	2024	Bruderheim Energy Terminal Limited	Bruderheim Energy Terminal Limited	Canada	53.7897	-112.87828	3	Chemicals	325189	All other basic inorganic chemical manufacturing		1983	
canada-npri	3529	2024	Chemtrade Electrochem - North Vancouver Chlor-alkali Facility	Chemtrade Logistics Inc.	Canada	49.3004	-123.0156	3	Chemicals	325181	Alkali and chlorine manufacturing		1983	
canada-npri	35294	2024	PBF Pita Bread Factory Ltd.	PBF Pita Bread Factory Ltd.	Canada	49.24707	-122.93257	11	Other Manufacturing	311814	Commercial bakeries and frozen bakery product manufacturing		1983	
canada-npri	35295	2024	Archibald Inc.	Archibald Inc.	Canada	46.86637	-71.4283	11	Other Manufacturing	312120	Breweries		1983	
canada-npri	35297	2024	Bothwell Cheese	Bothwell Cheese	Canada	49.5928	-96.88949	11	Other Manufacturing	311515	Butter, cheese, and dry and condensed dairy product manufacturing		1983	
canada-npri	35299	2024	Niagara-on-the-Lake	Lactalis Canada Inc.	Canada	43.19051	-79.18996	11	Other Manufacturing	311515	Butter, cheese, and dry and condensed dairy product manufacturing		1983	
canada-npri	35342	2024	Husky Asphalt Edmonton	Cenovus Energy Inc.	Canada	53.545	-113.3772	12	Petroleum and Coal Product Refining and Mfg.	324121	Asphalt paving mixture and block manufacturing		1983	
canada-npri	35356	2024	Intermodal Facility	Give and Go Prepared Foods Corp	Canada	43.74018	-79.66137	11	Other Manufacturing	311814	Commercial bakeries and frozen bakery product manufacturing		1983	
canada-npri	35357	2024	Rivermede Facility	Give and Go Prepared Foods Corp	Canada	43.81229	-79.48419	11	Other Manufacturing	311814	Commercial bakeries and frozen bakery product manufacturing		1983	
canada-npri	35380	2024	Ya YA Foods Corporation	Ya Ya Foods Corporation	Canada	43.608913	-79.521949	11	Other Manufacturing	311930	Flavouring syrup and concentrate manufacturing		1983	
canada-npri	35402	2024	Produits Kruger SB Inc	Produits Kruger SB Inc	Canada	45.483206	-71.950897	14	Pulp and Paper	322121	Paper (except newsprint) mills		1983	
canada-npri	35450	2024	Colonial Cookies	Weston Bakeries	Canada	43.409859	-80.452417	11	Other Manufacturing	311814	Commercial bakeries and frozen bakery product manufacturing		1983	
canada-npri	3553	2024	LANXESS Canada Co./Cie	Lanxess Canada Co./Cie	Canada	43.763	-79.1635	3	Chemicals	325189	All other basic inorganic chemical manufacturing		1983	
canada-npri	3657	2024	BLIND RIVER REFINERY	Cameco Corporation	Canada	46.1799	-83.0172	3	Chemicals	325189	All other basic inorganic chemical manufacturing		1983	
canada-npri	3701	2024	Imperial Oil Nanticoke Refinery	Imperial Oil	Canada	42.8375	-80.0517	12	Petroleum and Coal Product Refining and Mfg.	324110	Petroleum refineries		1983	
canada-npri	3704	2024	Sarnia Refinery Plant	Imperial Oil	Canada	42.9542	-82.4158	12	Petroleum and Coal Product Refining and Mfg.	324110	Petroleum refineries		1983	
canada-npri	3707	2024	Imperial Oil, Strathcona Refinery	Imperial Oil	Canada	53.5417	-113.3917	12	Petroleum and Coal Product Refining and Mfg.	324110	Petroleum refineries		1983	
canada-npri	374	2024	HALLTECH INC.	Halltech Inc.	Canada	43.7644	-79.1697	3	Chemicals	325520	Adhesive manufacturing		1983	
canada-npri	3781	2024	North Vancouver Plant	ERCO Worldwide LP	Canada	49.3025	-123.011	3	Chemicals	325189	All other basic inorganic chemical manufacturing		1983	
canada-npri	380	2024	Rangeview Road Facility	Filamat Composites Inc.	Canada	43.57215	-79.55995	3	Chemicals	325220	Artificial and synthetic fibres and filaments manufacturing		1983	
canada-npri	3821	2024	Canadian Fertilizers Limited	Canadian Fertilizers Limited	Canada	50.0866	-110.7167	3	Chemicals	325313	Chemical fertilizer (except potash) manufacturing		1983	
canada-npri	383	2024	Toronto Plant	Helmitin Inc.	Canada	43.62574	-79.54168	3	Chemicals	325510	Paint and coating manufacturing		1983	
canada-npri	3840	2024	Winchester	Lactalis Canada Inc.	Canada	45.0944	-75.3553	11	Other Manufacturing	311515	Butter, cheese, and dry and condensed dairy product manufacturing		1983	
canada-npri	3897	2024	Raffinerie de Montreal	Suncor Energy Products Partnership	Canada	45.6417	-73.5167	12	Petroleum and Coal Product Refining and Mfg.	324110	Petroleum refineries		1983	
canada-npri	3899	2024	Mississauga Lubricants Centre	Petro-Canada Lubricants Inc.	Canada	43.5012	-79.6101	12	Petroleum and Coal Product Refining and Mfg.	324190	Other petroleum and coal product manufacturing		1983	
canada-npri	3903	2024	Edmonton Refinery	Suncor Energy Products Partnership	Canada	53.5505	-113.3589	12	Petroleum and Coal Product Refining and Mfg.	324110	Petroleum refineries		1983	
canada-npri	3914	2024	Stonemill Bakehouse	Canada Bread Company, Limited	Canada	43.8282	-79.2582	11	Other Manufacturing	311814	Commercial bakeries and frozen bakery product manufacturing		1983	
canada-npri	3928	2024	Raffinerie Jean-Gaulin	Valero Energy Inc.	Canada	46.7592	-71.1914	12	Petroleum and Coal Product Refining and Mfg.	324110	Petroleum refineries		1983	
canada-npri	393	2024	Paint & Home Products Division	Home Hardware Stores Ltd.	Canada	43.0967	-80.4311	3	Chemicals	325510	Paint and coating manufacturing		1983	
canada-npri	3959	2024	Slave Lake Pulp	Millar Western Forest Products Ltd.	Canada	55.2481	-114.514	14	Pulp and Paper	322111	Mechanical pulp mills		1983	
canada-npri	3962	2024	Sarnia Manufacturing Centre	Shell Canada Products	Canada	42.9025	-82.4511	12	Petroleum and Coal Product Refining and Mfg.	324110	Petroleum refineries		1983	
canada-npri	3965	2024	KELCOATINGS LIMITED	Cloverdale Paint Inc.	Canada	42.9334	-81.2489	3	Chemicals	325510	Paint and coating manufacturing		1983	
canada-npri	3974	2024	Alberta Envirofuels	Keyera Corp	Canada	53.531993	-113.364925	3	Chemicals	325110	Petrochemical manufacturing		1983	
canada-npri	3977	2024	Nouryon Chemicals Saskatoon	Nouryon Chemicals Ltd.	Canada	52.1982	-106.6218	3	Chemicals	325999	All other miscellaneous chemical product manufacturing		1983	
canada-npri	403	2024	Lloydminster Refinery	Cenovus Energy Inc.	Canada	53.2885	-110.0183	12	Petroleum and Coal Product Refining and Mfg.	324121	Asphalt paving mixture and block manufacturing		1983	
canada-npri	4039	2024	Mansonville	NexKemia Pétrochimie Inc.	Canada	45.0486	-72.3847	3	Chemicals	325210	Resin and synthetic rubber manufacturing		1983	
canada-npri	4048	2024	Co-op Refinery Complex	Consumers' Co-operative Refineries Limited	Canada	50.4843	-104.5794	12	Petroleum and Coal Product Refining and Mfg.	324110	Petroleum refineries		1983	
canada-npri	405	2024	Prince George Refinery	Tidewater Midstream and Infrastructure Ltd.	Canada	53.9268	-122.7028	12	Petroleum and Coal Product Refining and Mfg.	324110	Petroleum refineries		1983	
canada-npri	4063	2024	Prince George Pulp and Paper and Intercontinental Pulp Mills	Canfor Pulp Ltd.	Canada	53.92344	-122.68702	14	Pulp and Paper	322112	Chemical pulp mills		1983	
canada-npri	4068	2024	Usine de Québec	Stadacona WB S.E.C.	Canada	46.8242	-71.2153	14	Pulp and Paper	322122	Newsprint mills		1983	
canada-npri	4097	2024	BORDER CHEMICAL COMPANY LIMITED	Border Chemical Co Ltd.	Canada	49.9166	-96.9978	3	Chemicals	325189	All other basic inorganic chemical manufacturing		1983	
canada-npri	4101	2024	Irving Oil Refinery	Irving Oil Limited	Canada	45.2838	-66.0102	12	Petroleum and Coal Product Refining and Mfg.	324110	Petroleum refineries		1983	
canada-npri	4181	2024	Trouw Nutrition Canada  St. Marys	Trouw Nutrition Canada Inc.	Canada	43.2378	-81.1341	11	Other Manufacturing	311119	Other animal food manufacturing		1983	
canada-npri	4316	2024	Braya Renewable Fuels (Newfoundland) LP	Braya Renewable Fuels (Newfoundland) LP	Canada	47.798	-53.9938	3	Chemicals	325190	Other basic organic chemical manufacturing		1983	
canada-npri	4321	2024	Delmar Chemicals Inc	Les Produits Chimiques DELMAR Inc.	Canada	45.423862	-73.642548	3	Chemicals	325410	Pharmaceutical and medicine manufacturing		1983	
canada-npri	4322	2024	Montreal	Peinture Denalt Ltée.	Canada	45.601807	-73.588526	3	Chemicals	325510	Paint and coating manufacturing		1983	
canada-npri	4333	2024	Le Groupe Flint	Flint Group Canada Ltd.	Canada	45.48418	-73.715687	3	Chemicals	325910	Printing ink manufacturing		1983	
canada-npri	4341	2024	Agropur Coopérative - Usine de Granby	Agropur Cooperative	Canada	45.385416	-72.779274	11	Other Manufacturing	311515	Butter, cheese, and dry and condensed dairy product manufacturing		1983	
canada-npri	4342	2024	Agropur Coopérative - Usine de Notre-Dame-du-Bon-Conseil	Agropur Cooperative	Canada	46.001217	-72.337729	11	Other Manufacturing	311515	Butter, cheese, and dry and condensed dairy product manufacturing		1983	
canada-npri	4348	2024	Henri-Bourassa	Recochem Inc.	Canada	45.6413	-73.5591	3	Chemicals	325999	All other miscellaneous chemical product manufacturing		1983	
canada-npri	4349	2024	Laurentide industriel	Société Laurentide	Canada	46.495623	-72.717894	3	Chemicals	325510	Paint and coating manufacturing		1983	
canada-npri	4353	2024	PEINTURE CAN-LAK - DAVELUYVILLE	Peinture Can-Lak	Canada	46.193432	-72.136931	3	Chemicals	325510	Paint and coating manufacturing		1983	
canada-npri	4361	2024	Usine Mont-Royal	Kraft Foods Inc.	Canada	45.495142	-73.672353	11	Other Manufacturing	311940	Seasoning and dressing manufacturing		1983	
canada-npri	4400	2024	Canadian Technical Tape - Cornwall Plant	Intertape Polymer Inc.	Canada	45.0283	-74.7596	14	Pulp and Paper	322220	Paper bag and coated and treated paper manufacturing		1983	
canada-npri	4401	2024	G.H. Chemicals Ltd	g.h. chemicals ltd.	Canada	45.6283	-72.9259	3	Chemicals	325189	All other basic inorganic chemical manufacturing		1983	
canada-npri	4410	2024	Stratford Mixing - Erie	Cooper Standard Automotive Canada Ltd.	Canada	43.3633	-80.9893	3	Chemicals	325210	Resin and synthetic rubber manufacturing		1983	
canada-npri	4423	2024	Guelph	Gay Lea Foods Cooperative Ltd.	Canada	43.5581	-80.2704	11	Other Manufacturing	311515	Butter, cheese, and dry and condensed dairy product manufacturing		1983	
canada-npri	4425	2024	Tristar Coatings Ltd.	Tristar Coatings Ltd.	Canada	43.8144	-79.6805	3	Chemicals	325510	Paint and coating manufacturing		1983	
canada-npri	4441	2024	Ingleside Plant	Lactalis Canada Inc.	Canada	45.0042	-74.9908	11	Other Manufacturing	311515	Butter, cheese, and dry and condensed dairy product manufacturing		1983	
canada-npri	4468	2024	BUNGE CANADA - FORT SASKATCHEWAN PLANT	Bunge Canada	Canada	53.72827	-113.23552	11	Other Manufacturing	311224	Oilseed processing		1983	
canada-npri	447	2024	Usine de Valleyfield	Diageo Canada Inc.	Canada	45.25582	-74.12052	11	Other Manufacturing	312140	Distilleries		1983	
canada-npri	4477	2024	Nitta Gelatin	Nitta Gelatin Canada, Inc.	Canada	43.6606	-79.4457	11	Other Manufacturing	311990	All other food manufacturing		1983	
canada-npri	4483	2024	Plant #1	Bartek Ingredients Inc.	Canada	43.2338	-79.7151	3	Chemicals	325999	All other miscellaneous chemical product manufacturing		1983	
canada-npri	4511	2024	Cambridge Manufacturing	Pepsico	Canada	43.3949	-80.3325	11	Other Manufacturing	311919	Other snack food manufacturing		1983	
canada-npri	4535	2024	Etobicoke	Lactalis Canada Inc.	Canada	43.6483	-79.6043	11	Other Manufacturing	311515	Butter, cheese, and dry and condensed dairy product manufacturing		1983	
canada-npri	4540	2024	Georgetown	Saputo Foods Ltd.	Canada	43.6511	-79.8914	11	Other Manufacturing	311511	Fluid milk manufacturing		1983	
canada-npri	4569	2024	Chimie Parachem s.e.c	Chimie Parachem s.e.c	Canada	45.6324	-73.5244	3	Chemicals	325110	Petrochemical manufacturing		1983	
canada-npri	4583	2024	Weston Plant	Coca Cola Canada Bottling Limited	Canada	43.7595	-79.5374	11	Other Manufacturing	312110	Soft drink and ice manufacturing		1983	
canada-npri	4586	2024	Calgary Plant	Coca Cola Canada Bottling Limited	Canada	51.086	-114.0069	11	Other Manufacturing	312110	Soft drink and ice manufacturing		1983	
canada-npri	4588	2024	Usine de Lachine	Coca Cola Canada Bottling Limited	Canada	45.453913	-73.710637	11	Other Manufacturing	312110	Soft drink and ice manufacturing		1983	
canada-npri	4591	2024	ADM AGRI-INDUSTRIES - ADM Lloydminster	ADM Agri-Industries Company	Canada	53.2838	-110.0319	11	Other Manufacturing	311224	Oilseed processing		1983	
canada-npri	4619	2024	Henry Company Canada Inc Scarborough	Henry Company Canada Inc.	Canada	43.7622	-79.1656	3	Chemicals	325999	All other miscellaneous chemical product manufacturing		1983	
canada-npri	4644	2024	Monteith	Pigments Services Canada, Inc.	Canada	43.6195	-79.5715	3	Chemicals	325510	Paint and coating manufacturing		1983	
canada-npri	4646	2024	STC C/O North Vancouver	Univar Solutions Canada Ltd	Canada	49.301	-123.0304	3	Chemicals	325181	Alkali and chlorine manufacturing		1983	
canada-npri	4650	2024	Porocel of Canada Ltd.	Evonik Canada Inc.	Canada	50.06028	-110.72208	3	Chemicals	325999	All other miscellaneous chemical product manufacturing		1983	
canada-npri	466	2024	John E. Goudey Mfg Limited	John E. Goudey Mfg. Ltd.	Canada	43.6683	-79.4444	3	Chemicals	325510	Paint and coating manufacturing		1983	
canada-npri	4700	2024	St. Clair River Site	NOVA Chemicals Corporation	Canada	42.8971	-82.4399	3	Chemicals	325210	Resin and synthetic rubber manufacturing		1983	
canada-npri	4736	2024	P & H Milling Group - Cambridge	P & H Milling Group a Division of Parrish & Heimbecker Limited	Canada	43.3997	-80.3676	11	Other Manufacturing	311211	Flour milling		1983	
canada-npri	4760	2024	WestRock - AJAX	WestRock Company of Canada Corp	Canada	43.84763	-79.03122	14	Pulp and Paper	322212	Folding paperboard box manufacturing		1983	
canada-npri	477	2024	KLEEN-FLO TUMBLER INDUSTRIES LTD.	Kleen-Flo Tumbler Industries Ltd.	Canada	43.6967	-79.695	3	Chemicals	325999	All other miscellaneous chemical product manufacturing		1983	
canada-npri	4772	2024	Oil Recovery Division	Safety-Kleen Canada Inc. [principal]	Canada	43.465	-80.4076	12	Petroleum and Coal Product Refining and Mfg.	324190	Other petroleum and coal product manufacturing		1983	
canada-npri	4788	2024	Sappi Matane	Entreprises Sappi Canada Inc.	Canada	48.8318	-67.5565	14	Pulp and Paper	322111	Mechanical pulp mills		1983	
canada-npri	479	2024	West Fraser Mills Ltd d/b/a Cariboo Pulp & Paper Company	West Fraser Mills Ltd.	Canada	52.998	-122.483	14	Pulp and Paper	322112	Chemical pulp mills		1983	
canada-npri	4790	2024	F.F.SOUCY - RIVIÈRE-DU-LOUP	Société en commandite FF Soucy WB	Canada	47.8186	-69.52	14	Pulp and Paper	322122	Newsprint mills		1983	
canada-npri	4792	2024	Agropur Coopérative - Usine de Beauceville	Agropur Cooperative	Canada	46.242472	-70.816324	11	Other Manufacturing	311515	Butter, cheese, and dry and condensed dairy product manufacturing		1983	
canada-npri	4802	2024	Usine de Candiac	Arclin Dispersants Ltée	Canada	45.401042	-73.511365	3	Chemicals	325999	All other miscellaneous chemical product manufacturing		1983	
canada-npri	4803	2024	Usine de Clermont	Produits forestiers Résolu	Canada	47.6994	-70.2255	14	Pulp and Paper	322122	Newsprint mills		1983	
canada-npri	4805	2024	CEPSA Chimie Bécancour	CEPSA Chimie Bécancour	Canada	46.3803	-72.3616	3	Chemicals	325110	Petrochemical manufacturing		1983	
canada-npri	4826	2024	Chemical Plant	Interprovincial Cooperative Ltd.	Canada	49.8826	-97.0803	3	Chemicals	325999	All other miscellaneous chemical product manufacturing		1983	
canada-npri	4829	2024	Lethbridge	Richardson Oilseed Ltd.	Canada	49.70088	-112.80606	11	Other Manufacturing	311224	Oilseed processing		1983	
canada-npri	4831	2024	Strathcona Paper LP	Strathcona Paper GP Inc.	Canada	44.3062	-76.9003	14	Pulp and Paper	322130	Paperboard mills		1983	
canada-npri	4833	2024	Brampton	Sun Chemical Ltd.	Canada	43.695	-79.7119	3	Chemicals	325910	Printing ink manufacturing		1983	
canada-npri	485	2024	Ingredion Canada Incorporated - London Plant	Ingredion Canada Corporation	Canada	42.92248	-81.1915	11	Other Manufacturing	311221	Wet corn milling		1983	
canada-npri	4850	2024	LES REVÊTEMENTS POLYVAL - BOISBRIAND	Les revêtements Polyval Inc.	Canada	45.6203	-73.8275	3	Chemicals	325510	Paint and coating manufacturing		1983	
canada-npri	4854	2024	G.F. THOMPSON COMPANY LIMITED	G.F. Thompson Co. Ltd.	Canada	44.0375	-79.4542	3	Chemicals	325999	All other miscellaneous chemical product manufacturing		1983	
canada-npri	4867	2024	Fleischmann's Yeast- Calgary Plant	AB Mauri (Canada) Ltd.	Canada	51.03471	-114.0256	11	Other Manufacturing	311990	All other food manufacturing		1983	
canada-npri	4874	2024	Fort Saskatchewan Nitrogen Operations	Nutrien (Canada) Holdings ULC	Canada	53.73294	-113.19559	3	Chemicals	325313	Chemical fertilizer (except potash) manufacturing		1983	
canada-npri	4875	2024	Cavendish Farms	Cavendish Farms Corporation	Canada	46.4222	-63.679	11	Other Manufacturing	311410	Frozen food manufacturing		1983	
canada-npri	488	2024	Ingredion Canada Corporation	Ingredion Canada Corporation	Canada	44.785	-75.3767	11	Other Manufacturing	311221	Wet corn milling		1983	
canada-npri	4888	2024	Usine de Pointe Claire	Les Produits Chimiques BGR Inc.	Canada	45.4705	-73.8072	3	Chemicals	325189	All other basic inorganic chemical manufacturing		1983	
canada-npri	4896	2024	BUNGE CANADA - HARROWBY PLANT	Bunge Canada	Canada	50.759805	-101.458402	11	Other Manufacturing	311224	Oilseed processing		1983	
canada-npri	4910	2024	Northern Alberta Processing Company	West Coast Reduction Ltd.	Canada	53.5767	-113.3159	11	Other Manufacturing	311119	Other animal food manufacturing		1983	
canada-npri	4929	2024	Corner Brook Pulp and Paper	Corner Brook Pulp and Paper Ltd.	Canada	48.9552	-57.9485	14	Pulp and Paper	322122	Newsprint mills		1983	
canada-npri	4932	2024	Levure Fleischmann	AB Mauri (Canada) Ltd.	Canada	45.4269	-73.6528	11	Other Manufacturing	311990	All other food manufacturing		1983	
canada-npri	5002	2024	Irving Blending & Packaging	Irving Oil Limited	Canada	45.281032	-66.040106	3	Chemicals	325999	All other miscellaneous chemical product manufacturing		1983	
canada-npri	5008	2024	Atholville Mill	AV Group NB Inc. - Atholville Mill	Canada	47.9924	-66.7234	14	Pulp and Paper	322112	Chemical pulp mills		1983	
canada-npri	5020	2024	McCain Foods Coaldale FF plant	McCain Foods Canada Ltd.	Canada	49.758379	-112.452561	11	Other Manufacturing	311410	Frozen food manufacturing		1983	
canada-npri	508	2024	KEMIRA CHEMCIALS CANADA INC. - DELTA	Kemira Chemicals Canada Inc.	Canada	49.17044	-122.93945	3	Chemicals	325999	All other miscellaneous chemical product manufacturing		1983	
canada-npri	5150	2024	Kruger Products Inc	Kruger Products Inc	Canada	49.20209	-122.93721	14	Pulp and Paper	322121	Paper (except newsprint) mills		1983	
canada-npri	5182	2024	SEASTAR CHEMICALS - SIDNEY	SEASTAR CHEMICALS ULC	Canada	48.6542	-123.4159	3	Chemicals	325189	All other basic inorganic chemical manufacturing		1983	
canada-npri	5201	2024	Chemtrade - Edmonton	Chemtrade Logistics Inc.	Canada	53.569475	-113.631949	3	Chemicals	325189	All other basic inorganic chemical manufacturing		1983	
canada-npri	5214	2024	Corman Park Plant	Cleartech Industries Inc.	Canada	52.1617	-106.6788	3	Chemicals	325181	Alkali and chlorine manufacturing		1983	
canada-npri	5228	2024	ADM AGRI-INDUSTRIES - ADM/Animal Health & Nutrition - Lethbridge	ADM Agri-Industries Company	Canada	49.7172	-112.7819	11	Other Manufacturing	311119	Other animal food manufacturing		1983	
canada-npri	5232	2024	JBS Foods Canada Inc.	ALIMENT JBS CANADA ULC/ JBS FOOD CANADA ULC	Canada	50.618913	-111.935248	11	Other Manufacturing	311616	Beef cattle slaughtering		1983	
canada-npri	5235	2024	Cargill High River Plant	Cargill Foods	Canada	50.626478	-113.878396	11	Other Manufacturing	311616	Beef cattle slaughtering		1983	
canada-npri	5241	2024	Trouw Nutrition Canada Inc., Lethbridge, AB	Trouw Nutrition Canada Inc.	Canada	49.723497	-112.785116	11	Other Manufacturing	311119	Other animal food manufacturing		1983	
canada-npri	5245	2024	Clover Bar Site	Gilead Alberta ULC	Canada	53.57129	-113.3554	3	Chemicals	325410	Pharmaceutical and medicine manufacturing		1983	
canada-npri	5269	2024	Consumer Foods - Winnipeg	Maple Leaf Foods Inc.	Canada	49.8806	-97.0741	11	Other Manufacturing	311614	Rendering and meat processing from carcasses		1983	
canada-npri	5272	2024	Calgary Feed Plant	Federated Co-operatives Limited	Canada	51.06074	-113.99509	11	Other Manufacturing	311119	Other animal food manufacturing		1983	
canada-npri	5274	2024	Cargill Limited Clavet - Oilseed Processing	Cargill Limited	Canada	52.030327	-106.404089	11	Other Manufacturing	311224	Oilseed processing		1983	
canada-npri	5292	2024	SASKATOON	Saputo Foods Ltd.	Canada	52.19765	-106.6758	11	Other Manufacturing	311511	Fluid milk manufacturing		1983	
canada-npri	5317	2024	Maple Leaf Foods - Brandon	Maple Leaf Foods Inc.	Canada	49.8321	-99.85493	11	Other Manufacturing	311617	Hog slaughtering		1983	
canada-npri	5346	2024	Eastfield	Arkon Solutions Corp.	Canada	51.01247	-113.97042	3	Chemicals	325999	All other miscellaneous chemical product manufacturing		1983	
canada-npri	5357	2024	Cancarb Ltd.	Cancarb Ltd.	Canada	50.0582	-110.7282	3	Chemicals	325189	All other basic inorganic chemical manufacturing		1983	
canada-npri	5368	2024	Fort Saskatchewan Production Facility	Umicore Canada Inc.	Canada	53.72115	-113.19017	3	Chemicals	325999	All other miscellaneous chemical product manufacturing		1983	
canada-npri	5369	2024	ZEP MANUFACTURING OF CANADA - EDMONTON	ZEP Manufacturing of Canada	Canada	53.56703	-113.6259	3	Chemicals	325610	Soap and cleaning compound manufacturing		1983	
canada-npri	5396	2024	Masterfeeds Winnipeg MB	Masterfeeds Inc.	Canada	49.875529	-97.076632	11	Other Manufacturing	311119	Other animal food manufacturing		1983	
canada-npri	5397	2024	Masterfeeds Brandon MB	Masterfeeds Inc.	Canada	49.831049	-99.917428	11	Other Manufacturing	311119	Other animal food manufacturing		1983	
canada-npri	5427	2024	Danone inc.	Danone Inc.	Canada	45.5777	-73.4555	11	Other Manufacturing	311511	Fluid milk manufacturing		1983	
canada-npri	5429	2024	Bakelite Canada Inc	Bakelite Canada Inc	Canada	45.570996	-73.458055	3	Chemicals	325999	All other miscellaneous chemical product manufacturing		1983	
canada-npri	5438	2024	Usine St-Laurent	L'Oréal Canada Inc.	Canada	45.471019	-73.697426	3	Chemicals	325620	Toilet preparation manufacturing		1983	
canada-npri	5450	2024	ST-JEAN PHOTOCHIMIE - ST-JEAN-SUR-RICHELIEU	Innovation DIC Chimitroniques	Canada	45.323502	-73.287842	3	Chemicals	325999	All other miscellaneous chemical product manufacturing		1983	
canada-npri	5457	2024	Laval	Peinture Micca Inc.	Canada	45.5849	-73.7475	3	Chemicals	325510	Paint and coating manufacturing		1983	
canada-npri	5471	2024	Kruger Brompton S.E.C.	Kruger inc.	Canada	45.4807	-71.9541	14	Pulp and Paper	322122	Newsprint mills		1983	
canada-npri	5472	2024	Emballages Krupack Place Turcot	Produits Kruger s.e.c.	Canada	45.462539	-73.605491	14	Pulp and Paper	322130	Paperboard mills		1983	
canada-npri	5473	2024	Victoriaville	Lactalis Canada Inc.	Canada	46.0663	-71.9706	11	Other Manufacturing	311515	Butter, cheese, and dry and condensed dairy product manufacturing		1983	
canada-npri	5477	2024	Mont-Laurier	Saputo Produits Laitiers Canada s.e.n.c.	Canada	46.553002	-75.468371	11	Other Manufacturing	311515	Butter, cheese, and dry and condensed dairy product manufacturing		1983	
canada-npri	5478	2024	Usine St-Hyacinthe	Saputo Produits Laitiers Canada s.e.n.c.	Canada	45.646	-72.9578	11	Other Manufacturing	311515	Butter, cheese, and dry and condensed dairy product manufacturing		1983	
canada-npri	5479	2024	Usine St-Leonard	Saputo Produits Laitiers Canada s.e.n.c.	Canada	45.59681	-73.57499	11	Other Manufacturing	311515	Butter, cheese, and dry and condensed dairy product manufacturing		1983	
canada-npri	5484	2024	Magnus 1946 Produits Chimiques Ltée	Magnus 1946 Produits Chimiques Ltée	Canada	45.5706	-73.4343	3	Chemicals	325999	All other miscellaneous chemical product manufacturing		1983	
canada-npri	5485	2024	Protech Montreal	Protech Chemicals Ltd.	Canada	45.5057	-73.7386	3	Chemicals	325510	Paint and coating manufacturing		1983	
canada-npri	5496	2024	St Hyacinthe	Trouw Nutrition	Canada	45.6522	-72.9678	11	Other Manufacturing	311119	Other animal food manufacturing		1983	
canada-npri	5498	2024	ADM AGRI-INDUSTRIES - ADM Candiac	ADM Agri-Industries Company	Canada	45.401546	-73.512762	11	Other Manufacturing	311990	All other food manufacturing		1983	
canada-npri	5499	2024	Usine de Drummondville (produits liquides)	Soprema Canada Inc.	Canada	45.8806	-72.5192	12	Petroleum and Coal Product Refining and Mfg.	324190	Other petroleum and coal product manufacturing		1983	
canada-npri	5501	2024	Red Deer Plant	Saputo Foods Ltd.	Canada	52.2729	-113.81448	11	Other Manufacturing	311515	Butter, cheese, and dry and condensed dairy product manufacturing		1983	
canada-npri	5502	2024	Abbotsford Plant	Saputo Foods Ltd.	Canada	49.0352	-122.2742	11	Other Manufacturing	311515	Butter, cheese, and dry and condensed dairy product manufacturing		1983	
canada-npri	5514	2024	INTERSTAR MATERIALS	Interstar Materials Inc.	Canada	45.4033	-71.9722	3	Chemicals	325130	Synthetic dye and pigment manufacturing		1983	
canada-npri	5515	2024	Kruger Trois-Rivières S.E.C.	Kruger inc	Canada	46.3278	-72.558	14	Pulp and Paper	322130	Paperboard mills		1983	
canada-npri	5535	2024	Produits Kruger inc., usine de Gatineau	Produits Kruger inc.	Canada	45.4276	-75.7102	14	Pulp and Paper	322121	Paper (except newsprint) mills		1983	
canada-npri	5536	2024	Warwick	WESTROCK	Canada	45.9342	-71.993	14	Pulp and Paper	322212	Folding paperboard box manufacturing		1983	
canada-npri	5541	2024	Cascades Groupe Tissu Kingsey Falls, une division de Cascades Canada ULC	Cascades Canada ULC	Canada	45.8648	-72.0659	14	Pulp and Paper	322291	Sanitary paper product manufacturing		1983	
canada-npri	5552	2024	Felix Schoeller inc	Felix Schoeller inc	Canada	45.875482	-72.543218	14	Pulp and Paper	322121	Paper (except newsprint) mills		1983	
canada-npri	5555	2024	EDMONTON	Saputo Foods Ltd.	Canada	53.5672	-113.5993	11	Other Manufacturing	311511	Fluid milk manufacturing		1983	
canada-npri	5556	2024	Hexion - St-Romuald	Hexion Canada Inc.	Canada	46.759106	-71.205869	3	Chemicals	325210	Resin and synthetic rubber manufacturing		1983	
canada-npri	5559	2024	PRODUITS SANITAIRES UNIQUE - LA POCATIÈRE	Produits Sanitaires Unique	Canada	47.3761	-70.023	3	Chemicals	325610	Soap and cleaning compound manufacturing		1983	
canada-npri	5568	2024	Pointe-claire plant	Sika Canada	Canada	45.471083	-73.804972	3	Chemicals	325510	Paint and coating manufacturing		1983	
canada-npri	5570	2024	Usine de minéraux et de prémélanges	Sollio Groupe Coopératif	Canada	46.7439	-71.2253	11	Other Manufacturing	311119	Other animal food manufacturing		1983	
canada-npri	5573	2024	Agrocentre Technova succ. - Nicolet	AGROCENTRE TECHNOVA INC.	Canada	46.226143	-72.610059	3	Chemicals	325314	Mixed fertilizer manufacturing		1983	
canada-npri	5579	2024	Tavistock	Saputo Foods Ltd.	Canada	43.3192	-80.8461	11	Other Manufacturing	311515	Butter, cheese, and dry and condensed dairy product manufacturing		1983	
canada-npri	5581	2024	AGROCENTRE - ST-HYACINTHE	Agrocentre St-Hyacinthe Inc.	Canada	45.647	-72.9681	3	Chemicals	325314	Mixed fertilizer manufacturing		1983	
canada-npri	5584	2024	Peintures MF Inc.	Peintures MF Inc.	Canada	45.5948	-73.7563	3	Chemicals	325510	Paint and coating manufacturing		1983	
canada-npri	5586	2024	SWING PAINTS - MONTREAL	Swing Paints Ltd.	Canada	45.482835	-73.566851	3	Chemicals	325510	Paint and coating manufacturing		1983	
canada-npri	5596	2024	INDUSTRIES PÉPIN - COWANSVILLE	Industries Pépin Ltée	Canada	45.211305	-72.789225	3	Chemicals	325510	Paint and coating manufacturing		1983	
canada-npri	5599	2024	Meunerie St-Romuald	Sollio Groupe Coopératif	Canada	46.744268	-71.225197	11	Other Manufacturing	311119	Other animal food manufacturing		1983	
canada-npri	5615	2024	Belleville	The Procter & Gamble Company	Canada	44.1988	-77.3636	14	Pulp and Paper	322291	Sanitary paper product manufacturing		1983	
canada-npri	5616	2024	Mitchell	Lactalis Canada Inc.	Canada	43.4676	-81.1989	11	Other Manufacturing	311515	Butter, cheese, and dry and condensed dairy product manufacturing		1983	
canada-npri	5617	2024	Montreal	Lactalis Canada Inc.	Canada	45.452895	-73.637189	11	Other Manufacturing	311511	Fluid milk manufacturing		1983	
canada-npri	5619	2024	AkzoNobel Wood Coatings (Port Hope)	Akzo Nobel Wood Coatings Ltd.	Canada	43.9691	-78.2829	3	Chemicals	325510	Paint and coating manufacturing		1983	
canada-npri	5640	2024	Delta	PPG Architectural Coatings Canada Inc.	Canada	49.1377	-123.0146	3	Chemicals	325510	Paint and coating manufacturing		1983	
canada-npri	5688	2024	111 Progress	Atlantic Packaging Products Ltd.	Canada	43.7718	-79.2735	14	Pulp and Paper	322130	Paperboard mills		1983	
canada-npri	5694	2024	ADM AGRI-INDUSTRIES - ADM Windsor	ADM Agri-Industries Company	Canada	42.2655	-83.1001	11	Other Manufacturing	311224	Oilseed processing		1983	
canada-npri	5705	2024	New Hamburg Manufacturing Plant	Nachurs Alpine Solutions	Canada	43.3912	-80.6895	3	Chemicals	325314	Mixed fertilizer manufacturing		1983	
canada-npri	5707	2024	Bora Pharmaceuticals Services Inc.	Bora Pharmaceutical Services Inc.	Canada	43.6159	-79.7565	3	Chemicals	325410	Pharmaceutical and medicine manufacturing		1983	
canada-npri	5739	2024	Chatham	Greenfield Global Inc.	Canada	42.3839	-82.2218	3	Chemicals	325190	Other basic organic chemical manufacturing		1983	
canada-npri	5762	2024	Niagara PVC Plant	Oxy Vinyls Canada Co.	Canada	43.04686	-79.17427	3	Chemicals	325210	Resin and synthetic rubber manufacturing		1983	
canada-npri	577	2024	DEXTRAN PRODUCTS LIMITED	Dextran Products Ltd.	Canada	43.7231	-79.2775	3	Chemicals	325410	Pharmaceutical and medicine manufacturing		1983	
canada-npri	5773	2024	Langley (BS08)	Brenntag Canada Inc.	Canada	49.1909	-122.6591	3	Chemicals	325999	All other miscellaneous chemical product manufacturing		1983	
canada-npri	5774	2024	Lachine Whse & Plant (QS08)	Brenntag Canada Inc.	Canada	45.46188	-73.7011	3	Chemicals	325189	All other basic inorganic chemical manufacturing		1983	
canada-npri	5808	2024	Cabot Canada Limited	Cabot Canada Limited	Canada	42.94437	-82.4153	3	Chemicals	325189	All other basic inorganic chemical manufacturing		1983	
canada-npri	5816	2024	Maitland Site	Evonik Canada Inc.	Canada	44.65562	-75.58547	3	Chemicals	325189	All other basic inorganic chemical manufacturing		1983	
canada-npri	5820	2024	Supplies Development Centre	Xerox Canada, Inc.	Canada	43.51266	-79.66621	3	Chemicals	325999	All other miscellaneous chemical product manufacturing		1983	
canada-npri	5828	2024	Sanofi Pasteur Limited	Sanofi Pasteur Limited	Canada	43.7868	-79.4645	3	Chemicals	325410	Pharmaceutical and medicine manufacturing		1983	
canada-npri	5858	2024	Selig Canada ULC (Bradford)	Selig Canada ULC	Canada	44.1295	-79.5523	14	Pulp and Paper	322220	Paper bag and coated and treated paper manufacturing		1983	
canada-npri	5911	2024	WEDLOCK PAPER CONVERTERS LIMITED	Wedlock Paper Converters Ltd.	Canada	43.5986	-79.5823	14	Pulp and Paper	322299	All other converted paper product manufacturing		1983	
canada-npri	5925	2024	Crystal Claire Cosmetics Inc.	crystal claire cosmetics inc.	Canada	43.78499	-79.24208	3	Chemicals	325620	Toilet preparation manufacturing		1983	
canada-npri	5931	2024	ADM AGRI-INDUSTRIES - ADM/Animal Health & Nutrition - Woodstock	ADM Agri-Industries Company	Canada	43.1135	-80.7329	11	Other Manufacturing	311119	Other animal food manufacturing		1983	
canada-npri	5961	2024	Piramal Healthcare (Canada) Limited	Piramal Healthcare (Canada) Ltd.	Canada	44.0062	-79.4594	3	Chemicals	325410	Pharmaceutical and medicine manufacturing		1983	
canada-npri	5965	2024	Apotex Pharmachem	Apotex Inc.	Canada	43.1352	-80.2829	3	Chemicals	325410	Pharmaceutical and medicine manufacturing		1983	
canada-npri	5974	2024	Canada Bread Rivermede	Canada Bread Company, Limited	Canada	43.8082	-79.4996	11	Other Manufacturing	311814	Commercial bakeries and frozen bakery product manufacturing		1983	
canada-npri	6006	2024	CKF - HANTSPORT	CKF Inc.	Canada	45.0647	-64.1719	14	Pulp and Paper	322299	All other converted paper product manufacturing		1983	
canada-npri	6007	2024	No. 10 Fish Processing Facility	Connors Bros. Clover Leaf Seafoods Co	Canada	45.0529	-66.7966	11	Other Manufacturing	311710	Seafood product preparation and packaging		1983	
canada-npri	6018	2024	Agropur Coopérative - Usine de Bedford	Agropur Cooperative	Canada	44.7346	-63.7077	11	Other Manufacturing	311515	Butter, cheese, and dry and condensed dairy product manufacturing		1983	
canada-npri	6019	2024	PepsiCo Foods Canada Kentville Facility	Pepsico	Canada	45.077934	-64.42759	11	Other Manufacturing	311919	Other snack food manufacturing		1983	
canada-npri	6040	2024	Labatt Breweries Newfoundland	Labatt Brewing Company Ltd	Canada	47.5504	-52.7233	11	Other Manufacturing	312120	Breweries		1983	
canada-npri	6048	2024	St. John's Brewery	Molson Coors Canada	Canada	47.570789	-52.716689	11	Other Manufacturing	312120	Breweries		1983	
canada-npri	6057	2024	Oland Brewery	Oland Brewery	Canada	44.6606	-63.5997	11	Other Manufacturing	312120	Breweries		1983	
canada-npri	6081	2024	WonderBrands Amherst	Wonder Brands Inc.	Canada	45.8133	-64.2264	11	Other Manufacturing	311814	Commercial bakeries and frozen bakery product manufacturing		1983	
canada-npri	6087	2024	WonderBrands Mount Pearl	Wonder Brands Inc.	Canada	47.52385	-52.83838	11	Other Manufacturing	311814	Commercial bakeries and frozen bakery product manufacturing		1983	
canada-npri	6097	2024	Regis and Joan Duffy BioPharmaceutical Centre	BioVectra Inc.	Canada	46.2889	-63.1336	3	Chemicals	325410	Pharmaceutical and medicine manufacturing		1983	
canada-npri	6108	2024	Meunerie de Joliette	Sollio Groupe Coopératif	Canada	46.0258	-73.4513	11	Other Manufacturing	311119	Other animal food manufacturing		1983	
canada-npri	6114	2024	Pepsico Aliments Canada - Usine de Lauzon	The Pepsi Bottling Group	Canada	46.8186	-71.1344	11	Other Manufacturing	311919	Other snack food manufacturing		1983	
canada-npri	6190	2024	Usine Causap	Bois d'oeuvre Cedrico Inc	Canada	48.3379	-67.238	11	Other Manufacturing	311111	Dog and cat food manufacturing		1983	
canada-npri	6220	2024	Varennes Oxytonne	Air Liquide Canada Inc.	Canada	45.71082	-73.42139	3	Chemicals	325120	Industrial gas manufacturing		1983	
canada-npri	6222	2024	Air Liquide Canada - Bécancour Plan 2	Air Liquide Canada Inc.	Canada	46.3824	-72.3753	3	Chemicals	325120	Industrial gas manufacturing		1983	
canada-npri	6241	2024	LA CIE MATÉRIAUX DE CONSTRUCTION  BP CANADA - LASALLE	La Cie Matériaux de Construction BP Canada	Canada	45.437355	-73.64713	12	Petroleum and Coal Product Refining and Mfg.	324122	Asphalt shingle and coating material manufacturing		1983	
canada-npri	6252	2024	WonderBrands Longueuil	Wonder Brands Inc.	Canada	45.5649	-73.4484	11	Other Manufacturing	311814	Commercial bakeries and frozen bakery product manufacturing		1983	
canada-npri	626	2024	Pfizer Global Supply Brandon	Pfizer Canada ULC	Canada	49.83768	-99.91766	3	Chemicals	325410	Pharmaceutical and medicine manufacturing		1983	
canada-npri	6263	2024	PG Varennes Acetylene	Linde Canada Inc.	Canada	45.6962	-73.4172	3	Chemicals	325120	Industrial gas manufacturing		1983	
canada-npri	6328	2024	Laboratoire Atlas	Laboratoire Atlas. Inc.	Canada	45.623883	-73.553102	3	Chemicals	325410	Pharmaceutical and medicine manufacturing		1983	
canada-npri	6364	2024	Meunerie St-Anselme	Avantis coopérative	Canada	46.6226	-70.95723	11	Other Manufacturing	311119	Other animal food manufacturing		1983	
canada-npri	6393	2024	Usine de Valleyfield	Produits Chimiques Regent Ltée.	Canada	45.2376	-74.0908	3	Chemicals	325189	All other basic inorganic chemical manufacturing		1983	
canada-npri	6400	2024	Usine de Saint-Raymond	Saputo Produits Laitiers Canada s.e.n.c.	Canada	46.897858	-71.854704	11	Other Manufacturing	311515	Butter, cheese, and dry and condensed dairy product manufacturing		1983	
canada-npri	6413	2024	Meunerie St-Philippe-de-Néri	Avantis coopérative	Canada	47.4656	-69.8798	11	Other Manufacturing	311119	Other animal food manufacturing		1983	
canada-npri	6417	2024	WonderBrands Gatineau	Wonder Brands Inc.	Canada	45.514921	-75.573838	11	Other Manufacturing	311814	Commercial bakeries and frozen bakery product manufacturing		1983	
canada-npri	6427	2024	Entreprise Indorama PTA Montréal s.e.c.	Entreprise Indorama PTA Montréal s.e.c.	Canada	45.6203	-73.5183	3	Chemicals	325190	Other basic organic chemical manufacturing		1983	
canada-npri	6428	2024	AGROCENTRE - STANBRIDGE STATION	Agrocentre Farnham Inc.	Canada	45.146295	-73.030122	3	Chemicals	325314	Mixed fertilizer manufacturing		1983	
canada-npri	6430	2024	Agrocentre Technova succ. St-Pie	AGROCENTRE TECHNOVA INC.	Canada	45.4943	-72.9062	3	Chemicals	325314	Mixed fertilizer manufacturing		1983	
canada-npri	6431	2024	AGROCENTRE - ST-RÉMI DE NAPIERVILLE	Agrocentre Fertibec Inc.	Canada	45.2662	-73.6138	3	Chemicals	325314	Mixed fertilizer manufacturing		1983	
canada-npri	6438	2024	Meunerie St-Damase	Agiska Coopérative	Canada	45.52837	-73.00445	11	Other Manufacturing	311119	Other animal food manufacturing		1983	
canada-npri	6451	2024	Siège social et usine de fabrication	Pharmascience Inc.	Canada	45.489	-73.6746	3	Chemicals	325410	Pharmaceutical and medicine manufacturing		1983	
canada-npri	6452	2024	Meunerie Ange Gardien	F. Ménard Inc.	Canada	45.3585	-72.9368	11	Other Manufacturing	311119	Other animal food manufacturing		1983	
canada-npri	6453	2024	Meunerie St-Pie	F. Ménard Inc.	Canada	45.5017	-72.9043	11	Other Manufacturing	311119	Other animal food manufacturing		1983	
canada-npri	6468	2024	Agropur Coopérative - Usine de Plessisville	Agropur Cooperative	Canada	46.22387	-71.75919	11	Other Manufacturing	311515	Butter, cheese, and dry and condensed dairy product manufacturing		1983	
canada-npri	6474	2024	Agrocentre Lanaudière - St-Thomas-de-Joliette	Agrocentre Lanaudière	Canada	46.012	-73.3588	3	Chemicals	325314	Mixed fertilizer manufacturing		1983	
canada-npri	6476	2024	Canada Bread - Usine Viau	Canada Bread Company, Limited	Canada	45.5657	-73.5512	11	Other Manufacturing	311814	Commercial bakeries and frozen bakery product manufacturing		1983	
canada-npri	6477	2024	Canada Bread - Usine Dandurand	Wholesome Harvest Bakery	Canada	45.542046	-73.583747	11	Other Manufacturing	311814	Commercial bakeries and frozen bakery product manufacturing		1983	
canada-npri	6478	2024	Canada Bread - Usine Laval	Canada Bread Company, Limited	Canada	45.598	-73.7411	11	Other Manufacturing	311814	Commercial bakeries and frozen bakery product manufacturing		1983	
canada-npri	65	2024	BATTENFELD GREASE (CANADA) Ltd	Battenfeld Grease (Canada) Ltd.	Canada	43.6297	-79.5231	12	Petroleum and Coal Product Refining and Mfg.	324190	Other petroleum and coal product manufacturing		1983	
canada-npri	6516	2024	Taber Plant	Lamb Weston Canada ULC	Canada	49.6939	-112.0962	11	Other Manufacturing	311410	Frozen food manufacturing		1983	
canada-npri	6519	2024	Olymel S.E.C. Red Deer	Olymel S.E.C. Red Deer	Canada	52.3027	-113.79163	11	Other Manufacturing	311617	Hog slaughtering		1983	
canada-npri	6523	2024	Trouw Nutrition Canada Inc., Chilliwack, BC	Trouw Nutrition Canada Inc.	Canada	49.163678	-121.945043	11	Other Manufacturing	311119	Other animal food manufacturing		1983	
canada-npri	6552	2024	Feed Plant, Landmark	Maple Leaf Agri-Farms Inc.	Canada	49.67012	-96.8219	11	Other Manufacturing	311119	Other animal food manufacturing		1983	
canada-npri	6553	2024	Trouw Nutrition Canada Inc., Otterburne, MB	Trouw Nutrition Canada Inc.	Canada	49.495352	-97.052518	11	Other Manufacturing	311119	Other animal food manufacturing		1983	
canada-npri	6554	2024	Bimbo Canada - Calgary Plant	Canada Bread Company, Limited	Canada	50.98127	-113.97161	11	Other Manufacturing	311814	Commercial bakeries and frozen bakery product manufacturing		1983	
canada-npri	6556	2024	Joffre LAO Plant	INEOS Canada Partnership	Canada	52.30827	-113.54152	3	Chemicals	325110	Petrochemical manufacturing		1983	
canada-npri	656	2024	Durez Canada Company Ltd.	Durez Canada Company, Ltd.	Canada	42.9247	-78.9303	3	Chemicals	325210	Resin and synthetic rubber manufacturing		1983	
canada-npri	6574	2024	Frito Lay Canada, Lethbridge	Pepsico	Canada	49.725296	-112.798487	11	Other Manufacturing	311919	Other snack food manufacturing		1983	
canada-npri	658	2024	Belle Plaine Facility	Windsor Salt Ltd.	Canada	50.42525	-105.18785	11	Other Manufacturing	311940	Seasoning and dressing manufacturing		1983	
canada-npri	6589	2024	Frito-Lay Taber	Pepsico	Canada	49.789	-112.13444	11	Other Manufacturing	311919	Other snack food manufacturing		1983	
canada-npri	6642	2024	TRouw Nutrition Canada Inc., Rosenort, MB	Trouw Nutrition Canada Inc.	Canada	49.457	-97.4281	11	Other Manufacturing	311119	Other animal food manufacturing		1983	
canada-npri	6655	2024	Manchester Asphalt Plant	THE CITY OF CALGARY	Canada	51.0288	-114.0448	12	Petroleum and Coal Product Refining and Mfg.	324121	Asphalt paving mixture and block manufacturing		1983	
canada-npri	6665	2024	Portage La Prairie	Richardson Milling Ltd.	Canada	49.9664	-98.353	11	Other Manufacturing	311230	Breakfast cereal manufacturing		1983	
canada-npri	6667	2024	Martensville	Richardson Milling Ltd.	Canada	52.32914	-106.68334	11	Other Manufacturing	311230	Breakfast cereal manufacturing		1983	
canada-npri	6684	2024	WonderBrands Calgary	Wonder Brands Inc.	Canada	51.001	-114.0612	11	Other Manufacturing	311814	Commercial bakeries and frozen bakery product manufacturing		1983	
canada-npri	6692	2024	Montreal	Canada Malting Co Ltd.	Canada	45.4903	-73.5482	11	Other Manufacturing	311214	Rice milling and malt manufacturing		1983	
canada-npri	6696	2024	Calgary Plant	Canada Malting Co Ltd.	Canada	51.0245	-114.025	11	Other Manufacturing	311214	Rice milling and malt manufacturing		1983	
canada-npri	6698	2024	Permolex Ltd.	Permolex Ltd.	Canada	52.31141	-113.85811	11	Other Manufacturing	311211	Flour milling		1983	
canada-npri	672	2024	Mercer Celgar Limited Partnership	Mercer Celgar Limited Partnership	Canada	49.3357	-117.728	14	Pulp and Paper	322112	Chemical pulp mills		1983	
canada-npri	6791	2024	Labatt Breweries Alberta	Labatt Brewing Company Ltd	Canada	53.4817	-113.489	11	Other Manufacturing	312120	Breweries		1983	
canada-npri	6795	2024	Bausch Health Companies Inc.	Bausch Health Companies Inc.	Canada	49.5195	-96.6619	3	Chemicals	325410	Pharmaceutical and medicine manufacturing		1983	
canada-npri	6799	2024	IKO Calgary	IKO Industries Ltd.	Canada	51.01502	-114.02648	12	Petroleum and Coal Product Refining and Mfg.	324122	Asphalt shingle and coating material manufacturing		1983	
canada-npri	6853	2024	Minnedosa Ethanol Plant	Cenovus Energy Inc.	Canada	50.25527	-99.865066	3	Chemicals	325190	Other basic organic chemical manufacturing		1983	
canada-npri	6854	2024	Hargrave Plant	ERCO Worldwide LP	Canada	49.903549	-101.047727	3	Chemicals	325189	All other basic inorganic chemical manufacturing		1983	
canada-npri	6889	2024	Moosomin Feed Plant	Federated Co-operatives Limited	Canada	50.1489	-101.6636	11	Other Manufacturing	311119	Other animal food manufacturing		1983	
canada-npri	6898	2024	Saskatoon Feed Plant	Federated Co-operatives Limited	Canada	52.13135	-106.5909	11	Other Manufacturing	311119	Other animal food manufacturing		1983	
canada-npri	6933	2024	BIENFAIT MINE - CHAR PLANT	Prairie Mines & Royalty ULC	Canada	49.114529	-102.74418	12	Petroleum and Coal Product Refining and Mfg.	324190	Other petroleum and coal product manufacturing		1983	
canada-npri	6935	2024	Arborfield Plant	Can Pro Ingredients Ltd.	Canada	53.10932	-103.65119	11	Other Manufacturing	311119	Other animal food manufacturing		1983	
canada-npri	6938	2024	MCCAIN FOODS (CANADA) - PORTAGE LA PRAIRIE	McCain Foods Canada Ltd.	Canada	49.988456	-98.269778	11	Other Manufacturing	311410	Frozen food manufacturing		1983	
canada-npri	6939	2024	LEGAL ALFALFA PRODUCTS - LEGAL	Legal Alfalfa Products Ltd.	Canada	53.957778	-113.627738	11	Other Manufacturing	311119	Other animal food manufacturing		1983	
canada-npri	6965	2024	Lafarge Canada, Inc., Greater Calgary, Spy Hill Asphalt Plan	Lafarge Canada Inc. - WEST	Canada	51.17006	-114.207393	12	Petroleum and Coal Product Refining and Mfg.	324121	Asphalt paving mixture and block manufacturing		1983	
canada-npri	705	2024	USINE MONTREAL	Lallemand Inc.	Canada	45.5389	-73.5447	11	Other Manufacturing	311990	All other food manufacturing		1983	
canada-npri	7050	2024	Prescott	CAI Inks Canada Ltd.	Canada	44.71675	-75.52313	3	Chemicals	325910	Printing ink manufacturing		1983	
canada-npri	7055	2024	Catalent Ontario Limited - Windsor	Catalent Ontario Limited	Canada	42.2767	-83.0548	3	Chemicals	325410	Pharmaceutical and medicine manufacturing		1983	
canada-npri	7068	2024	GH International - Plant	GH International, Division of	Canada	43.706	-79.6661	3	Chemicals	325510	Paint and coating manufacturing		1983	
canada-npri	7093	2024	Trouw Nutrition Canada Inc., Landmark MB	Trouw Nutrition Canada Inc.	Canada	49.679748	-96.816441	11	Other Manufacturing	311119	Other animal food manufacturing		1983	
canada-npri	7095	2024	Zochem	Zochem ULC	Canada	43.6988	-79.725	3	Chemicals	325189	All other basic inorganic chemical manufacturing		1983	
canada-npri	7106	2024	Halton Chemical Inc. PLANT/WAREHOUSE	Halton Chemical Inc.	Canada	43.3766	-79.7671	3	Chemicals	325520	Adhesive manufacturing		1983	
canada-npri	7146	2024	Burlington	Sofina Foods Inc./Aliments Sofina Inc.	Canada	43.3769	-79.7656	11	Other Manufacturing	311617	Hog slaughtering		1983	
canada-npri	7148	2024	Streetsville	Ardent Mills ULC	Canada	43.5765	-79.7015	11	Other Manufacturing	311211	Flour milling		1983	
canada-npri	7160	2024	CPL Danbro Facility	Contract Pharmaceuticals Limited Canada	Canada	43.6052	-79.7783	3	Chemicals	325410	Pharmaceutical and medicine manufacturing		1983	
canada-npri	7182	2024	Nestle London (401)	Nestle Canada Inc.	Canada	42.9293	-81.2005	11	Other Manufacturing	311520	Ice cream and frozen dessert manufacturing		1983	
canada-npri	7183	2024	CARBERRY FACTORY	McCain Foods Canada Ltd.	Canada	49.848111	-99.342626	11	Other Manufacturing	311990	All other food manufacturing		1983	
canada-npri	7207	2024	WonderBrands Carrier	Wonder Brands Inc.	Canada	43.7393	-79.6119	11	Other Manufacturing	311814	Commercial bakeries and frozen bakery product manufacturing		1983	
canada-npri	721	2024	Usine de Valleyfield	Macco Organiques Inc.	Canada	45.2636	-74.10475	3	Chemicals	325189	All other basic inorganic chemical manufacturing		1983	
canada-npri	722	2024	Mac Coatings	2121865 Ontario Ltd.	Canada	42.3175	-83.0043	3	Chemicals	325510	Paint and coating manufacturing		1983	
canada-npri	7237	2024	Maplehurst Mississauga	Wonder Brands Inc.	Canada	43.6112	-79.7583	11	Other Manufacturing	311814	Commercial bakeries and frozen bakery product manufacturing		1983	
canada-npri	7248	2024	East York Bakery	Mondelez Canada Inc	Canada	43.713	-79.3102	11	Other Manufacturing	311821	Cookie and cracker manufacturing		1983	
canada-npri	7250	2024	STERLING ROAD FACTORY	Nestle Canada Inc.	Canada	43.6531	-79.4439	11	Other Manufacturing	311352	Confectionery manufacturing from purchased chocolate		1983	
canada-npri	7251	2024	Rexdale Factory	Club Coffee LP	Canada	43.7375	-79.6098	11	Other Manufacturing	311920	Coffee and tea manufacturing		1983	
canada-npri	728	2024	NIAGARA FALLS	Mancuso Chemicals Limited	Canada	43.0552	-79.088	3	Chemicals	325210	Resin and synthetic rubber manufacturing		1983	
canada-npri	7280	2024	Rosewarne Plant	Fowler Construction Company Ltd.	Canada	45.0692	-79.2906	12	Petroleum and Coal Product Refining and Mfg.	324121	Asphalt paving mixture and block manufacturing		1983	
canada-npri	729	2024	MAPEI Inc.	Mapei Inc.	Canada	45.5908	-73.7358	3	Chemicals	325520	Adhesive manufacturing		1983	
canada-npri	7301	2024	Langs Dehy Ltd. - Wallenstein	Langs Dehy Ltd.	Canada	43.5943	-80.6235	11	Other Manufacturing	311119	Other animal food manufacturing		1983	
canada-npri	7304	2024	Unilever Canada Inc.	Unilever Canada Inc.	Canada	42.8389	-80.3108	11	Other Manufacturing	311520	Ice cream and frozen dessert manufacturing		1983	
canada-npri	7342	2024	MARS CANADA INC., NEWMARKET	Mars Canada Inc.	Canada	44.077	-79.4243	11	Other Manufacturing	311352	Confectionery manufacturing from purchased chocolate		1983	
canada-npri	7349	2024	Leysons Chemical Products	597401 Ontario Ltd.	Canada	43.1913	-80.0276	3	Chemicals	325610	Soap and cleaning compound manufacturing		1983	
canada-npri	7353	2024	Walkerville	Hiram Walker & Sons Ltd.	Canada	42.3258	-83.0085	11	Other Manufacturing	312140	Distilleries		1983	
canada-npri	7355	2024	Heidelberg	Jones Feed Mills Ltd.	Canada	43.5203	-80.6118	11	Other Manufacturing	311119	Other animal food manufacturing		1983	
canada-npri	7356	2024	Linwood	Jones Feed Mills Ltd.	Canada	43.5798	-80.7283	11	Other Manufacturing	311119	Other animal food manufacturing		1983	
canada-npri	7377	2024	Huxley Facility	Primo Foods Inc.	Canada	43.7236	-79.5286	11	Other Manufacturing	311990	All other food manufacturing		1983	
canada-npri	738	2024	Pro Form Products Ltd.	Pro Form Products Ltd.	Canada	43.53062	-79.8882	3	Chemicals	325999	All other miscellaneous chemical product manufacturing		1983	
canada-npri	7416	2024	Biorigin Specialty Products	Interlake Acquisition Corporation Limited	Canada	43.1342	-79.201	14	Pulp and Paper	322121	Paper (except newsprint) mills		1983	
canada-npri	7432	2024	Canada Malting, Thunder Bay	Canada Malting Co Ltd.	Canada	48.4168	-89.2267	11	Other Manufacturing	311214	Rice milling and malt manufacturing		1983	
canada-npri	748	2024	NCH Canada Inc	NCH Corp.	Canada	43.6969	-79.7212	3	Chemicals	325610	Soap and cleaning compound manufacturing		1983	
canada-npri	7556	2024	ADM AGRI-INDUSTRIES - ADM Milling Co. - Mississauga	ADM Agri-Industries Company	Canada	43.5738	-79.6949	11	Other Manufacturing	311211	Flour milling		1983	
canada-npri	7557	2024	ADM AGRI-INDUSTRIES - ADM Milling Co. - Port Colborne	ADM Agri-Industries Company	Canada	42.8745	-79.2516	11	Other Manufacturing	311211	Flour milling		1983	
canada-npri	7558	2024	ADM AGRI-INDUSTRIES - ADM Milling Co. - Midland	ADM Agri-Industries Company	Canada	44.7516	-79.8905	11	Other Manufacturing	311211	Flour milling		1983	
canada-npri	7606	2024	Maple Leaf Foods - Walker Dr	Maple Leaf Foods Inc.	Canada	43.7268	-79.6773	11	Other Manufacturing	311990	All other food manufacturing		1983	
canada-npri	765	2024	Axiall Canada Inc.	Axiall Canada Inc.	Canada	45.309	-73.894	3	Chemicals	325181	Alkali and chlorine manufacturing		1983	
canada-npri	767	2024	Prentiss Air Separation Plant	Linde Canada Inc.	Canada	52.3869	-113.6001	3	Chemicals	325120	Industrial gas manufacturing		1983	
canada-npri	7677	2024	WonderBrands Concord	Wonder Brands Inc.	Canada	43.7997	-79.5329	11	Other Manufacturing	311814	Commercial bakeries and frozen bakery product manufacturing		1983	
canada-npri	7683	2024	Quaker Peterborough Plant	PepsiCo Foods Canada, A division of PepsiCo Canada ULC	Canada	44.307	-78.3154	11	Other Manufacturing	311230	Breakfast cereal manufacturing		1983	
canada-npri	7685	2024	Collingwood Distillery	Sazerac Distillers of Canada Inc.	Canada	44.4968	-80.1925	11	Other Manufacturing	312140	Distilleries		1983	
canada-npri	7689	2024	LONDON	Jones Packaging Inc.	Canada	43.0151	-81.159	14	Pulp and Paper	322212	Folding paperboard box manufacturing		1983	
canada-npri	7693	2024	Longlife	Gay Lea Foods Cooperative Ltd.	Canada	43.7668	-79.5398	11	Other Manufacturing	311515	Butter, cheese, and dry and condensed dairy product manufacturing		1983	
canada-npri	7694	2024	Teeswater	Gay Lea Foods Cooperative Ltd.	Canada	44.001656	-81.285109	11	Other Manufacturing	311515	Butter, cheese, and dry and condensed dairy product manufacturing		1983	
canada-npri	7768	2024	WINVAN PAVING LTD.	Mainland Construction Materials ULC	Canada	49.22318	-122.88743	12	Petroleum and Coal Product Refining and Mfg.	324121	Asphalt paving mixture and block manufacturing		1983	
canada-npri	7772	2024	Edmonton Bakery	Wholesome Harvest Bakery	Canada	53.57623	-113.59566	11	Other Manufacturing	311814	Commercial bakeries and frozen bakery product manufacturing		1983	
canada-npri	7773	2024	Bypass Bakery Langley	Wholesome Harvest Bakery	Canada	49.112633	-122.657788	11	Other Manufacturing	311814	Commercial bakeries and frozen bakery product manufacturing		1983	
canada-npri	7799	2024	Plant # 5	Tayco Paving Company	Canada	49.63241	-125.01299	12	Petroleum and Coal Product Refining and Mfg.	324121	Asphalt paving mixture and block manufacturing		1983	
canada-npri	7810	2024	Columbia Brewery	Labatt Brewing Company Ltd	Canada	49.08899	-116.50809	11	Other Manufacturing	312120	Breweries		1983	
canada-npri	787	2024	Napierville	Napierville Refineries Inc.	Canada	45.18534	-73.40678	3	Chemicals	325999	All other miscellaneous chemical product manufacturing		1983	
canada-npri	79	2024	Veolia Water Technologies & Solutions Canada- EDMONTON	Veolia Water Technologies & Solutions Canada	Canada	53.5894	-113.5747	3	Chemicals	325999	All other miscellaneous chemical product manufacturing		1983	
canada-npri	7900	2024	Plant 9	Haylock Bros. Paving Ltd.	Canada	49.307215	-124.353468	12	Petroleum and Coal Product Refining and Mfg.	324121	Asphalt paving mixture and block manufacturing		1983	
canada-npri	7901	2024	Plant 1	Island Asphalt Co.	Canada	48.4332	-123.3706	12	Petroleum and Coal Product Refining and Mfg.	324121	Asphalt paving mixture and block manufacturing		1983	
canada-npri	7903	2024	Plant 3	Duncan Paving Co.	Canada	48.80107	-123.75863	12	Petroleum and Coal Product Refining and Mfg.	324121	Asphalt paving mixture and block manufacturing		1983	
canada-npri	793	2024	Port Moody Plant	Polynt Coatings Canada Limited	Canada	49.2786	-122.864	3	Chemicals	325210	Resin and synthetic rubber manufacturing		1983	
canada-npri	799	2024	SCAPA NORTH AMERICA	Scapa North America ULC	Canada	45.4692	-76.6606	3	Chemicals	325520	Adhesive manufacturing		1983	
canada-npri	7998	2024	EWOS Canada Ltd	EWOS Canada Ltd.	Canada	49.14338	-122.85854	11	Other Manufacturing	311119	Other animal food manufacturing		1983	
canada-npri	800	2024	Mississauga Plant	Siltech Corporation	Canada	43.56858	-79.64333	3	Chemicals	325190	Other basic organic chemical manufacturing		1983	
canada-npri	8000	2024	Canada Bread Moncton	Wholesome Harvest Bakery	Canada	46.0965	-64.7768	11	Other Manufacturing	311814	Commercial bakeries and frozen bakery product manufacturing		1983	
canada-npri	8037	2024	Stilesville Asphalt Plant	MODERN CONSTRUCTION (1983)	Canada	46.16338	-64.8797	12	Petroleum and Coal Product Refining and Mfg.	324121	Asphalt paving mixture and block manufacturing		1983	
canada-npri	8056	2024	P & H Milling Group - Halifax	P & H Milling Group a Division of Parrish & Heimbecker Limited	Canada	44.63202	-63.56848	11	Other Manufacturing	311211	Flour milling		1983	
canada-npri	8058	2024	Moncton	Trouw Nutrition	Canada	46.14042	-64.74786	11	Other Manufacturing	311119	Other animal food manufacturing		1983	
canada-npri	806	2024	Morrisburg Plant	Evonik Oil Additives Canada Inc.	Canada	44.9136	-75.1583	3	Chemicals	325999	All other miscellaneous chemical product manufacturing		1983	
canada-npri	8081	2024	DNCI Bedford	Dyno Nobel Canada Inc.	Canada	44.76542	-63.64842	3	Chemicals	325920	Explosives manufacturing		1983	
canada-npri	8113	2024	Canada Bread St-John's	Wholesome Harvest Bakery	Canada	47.5586	-52.7643	11	Other Manufacturing	311814	Commercial bakeries and frozen bakery product manufacturing		1983	
canada-npri	813	2024	SANI-MARC INC.	Sani-Marc Inc	Canada	46.0745	-71.9575	3	Chemicals	325610	Soap and cleaning compound manufacturing		1983	
canada-npri	814	2024	SCHWARTZ CHEMICAL COROPORATION	Schwartz Chemical Corp.	Canada	43.81978	-79.05703	3	Chemicals	325510	Paint and coating manufacturing		1983	
canada-npri	8514	2024	Meunerie	Unoria Coopérative	Canada	48.37661	-68.700475	11	Other Manufacturing	311119	Other animal food manufacturing		1983	
canada-npri	853	2024	Chemtrade - Fort Saskatchewan CSC	Chemtrade Logistics Inc.	Canada	53.7201	-113.18167	3	Chemicals	325189	All other basic inorganic chemical manufacturing		1983	
canada-npri	8544	2024	ATC Polymères Formulés Inc	Scott Bader Inc.	Canada	45.882464	-72.545075	3	Chemicals	325520	Adhesive manufacturing		1983	
canada-npri	8561	2024	USINE BAIE D'URFÉ	G Production Inc.	Canada	45.43004	-73.90981	3	Chemicals	325410	Pharmaceutical and medicine manufacturing		1983	
canada-npri	8562	2024	AkzoNobel Wood Coatings (Warwick)	Akzo Nobel Wood Coatings Ltd.	Canada	45.936899	-71.992282	3	Chemicals	325510	Paint and coating manufacturing		1983	
canada-npri	8587	2024	Crevier Lubrifiants Inc	Crevier Lubrifiants Inc	Canada	45.57247	-73.47088	12	Petroleum and Coal Product Refining and Mfg.	324190	Other petroleum and coal product manufacturing		1983	
canada-npri	8589	2024	Olymel St-Esprit	Olymel S.E.C St-Esprit	Canada	45.906	-73.66128	11	Other Manufacturing	311617	Hog slaughtering		1983	
canada-npri	8594	2024	Sanimax Lom Inc.	Sanimax Lom Inc.	Canada	45.6514	-73.5599	11	Other Manufacturing	311614	Rendering and meat processing from carcasses		1983	
canada-npri	8596	2024	Sanimax ACI	Sanimax ACI	Canada	46.7044	-71.2722	11	Other Manufacturing	311614	Rendering and meat processing from carcasses		1983	
canada-npri	8644	2024	PRODUITS TECHNI-SEAL - CANDIAC	OLDCASTLE BUILDING Products Canada Inc. DBA Techniseal	Canada	45.37183	-73.52315	3	Chemicals	325999	All other miscellaneous chemical product manufacturing		1983	
canada-npri	8652	2024	DNCI Ormstown	Dyno Nobel Canada Inc.	Canada	45.1133	-73.8873	3	Chemicals	325920	Explosives manufacturing		1983	
canada-npri	8653	2024	Meunerie	Vivaco groupe coopératif	Canada	46.047	-71.9627	11	Other Manufacturing	311119	Other animal food manufacturing		1983	
canada-npri	8658	2024	Usine de Plessisville	Saputo Produits Laitiers Canada s.e.n.c.	Canada	46.20935	-71.77856	11	Other Manufacturing	311515	Butter, cheese, and dry and condensed dairy product manufacturing		1983	
canada-npri	8663	2024	St Thomas - Valleyfield Warehouse	Diageo Canada Inc.	Canada	45.23203	-74.08333	11	Other Manufacturing	312140	Distilleries		1983	
canada-npri	8664	2024	DNCI Ste-Sophie	Dyno Nobel Canada Inc.	Canada	45.80552	-73.9276	3	Chemicals	325920	Explosives manufacturing		1983	
canada-npri	8666	2024	Laverlochere	Lactalis Canada Inc.	Canada	47.42504	-79.30471	11	Other Manufacturing	311515	Butter, cheese, and dry and condensed dairy product manufacturing		1983	
canada-npri	8684	2024	Compagnie Alpek Polyester Canada inc.	Compagnie Alpek Polyester Canada inc.	Canada	45.6339	-73.521	3	Chemicals	325210	Resin and synthetic rubber manufacturing		1983	
canada-npri	8703	2024	Meunerie Sainte-Rosalie	Agiska Coopérative	Canada	45.63545	-72.90721	11	Other Manufacturing	311119	Other animal food manufacturing		1983	
canada-npri	8725	2024	2500 parc technologique	SiliCycle Inc.	Canada	46.79822	-71.29997	3	Chemicals	325999	All other miscellaneous chemical product manufacturing		1983	
canada-npri	8742	2024	Corporation ID Biomédical du Québec f.a.s. GSK Biologicals	Corporation ID Biomédical du Québec f.a.s. GSK Biologicals	Canada	46.7956	-71.2949	3	Chemicals	325410	Pharmaceutical and medicine manufacturing		1983	
canada-npri	8743	2024	Graphic Packaging International Canada ULC - East Angus	Graphic Packaging International Canada ULC	Canada	45.4815	-71.6609	14	Pulp and Paper	322130	Paperboard mills		1983	
canada-npri	8744	2024	Oxford Agropro Ltd	Oxford Agropro Ltd.	Canada	43.2345	-80.8121	3	Chemicals	325314	Mixed fertilizer manufacturing		1983	
canada-npri	875	2024	Meadow Lake Mechanical Pulp	Meadow Lake Mechanical Pulp	Canada	54.15686	-108.28573	14	Pulp and Paper	322111	Mechanical pulp mills		1983	
canada-npri	8753	2024	Cascades Emballage Carton-Caisse_Kingsey Falls, une division de Cascades Canada ULC	Cascades Canada ULC	Canada	45.859	-72.0757	14	Pulp and Paper	322130	Paperboard mills		1983	
canada-npri	8754	2024	Cascades Papier Kingsey Falls, une division de Cascades Canada ULC	Cascades Canada ULC	Canada	45.8588	-72.0745	14	Pulp and Paper	322130	Paperboard mills		1983	
canada-npri	8763	2024	Blytheswood	Setterington's Fertilizer Service Ltd.	Canada	42.136	-82.601	3	Chemicals	325314	Mixed fertilizer manufacturing		1983	
canada-npri	8764	2024	Comptoir Agricole St-Hyacinthe	Agiska Coopérative	Canada	45.6086	-72.9674	11	Other Manufacturing	311119	Other animal food manufacturing		1983	
canada-npri	878	2024	Whitecourt Pulp Division	Millar Western Forest Products Ltd.	Canada	54.14321	-115.69522	14	Pulp and Paper	322111	Mechanical pulp mills		1983	
canada-npri	8791	2024	8300 19ème Avenue	Keurig Canada Inc.  Usine Montreal	Canada	45.5713	-73.6093	11	Other Manufacturing	311920	Coffee and tea manufacturing		1983	
canada-npri	921	2024	Plant #2	Bartek Ingredients Inc.	Canada	43.22698	-79.6935	3	Chemicals	325999	All other miscellaneous chemical product manufacturing		1983	
canada-npri	928	2024	Dryden Mill	Dryden Fibre Canada ULC	Canada	49.7831	-92.8472	14	Pulp and Paper	322112	Chemical pulp mills		1983	
canada-npri	929	2024	Usine de Gatineau	Produits forestiers Résolu	Canada	45.4808	-75.6556	14	Pulp and Paper	322122	Newsprint mills		1983	
canada-npri	930	2024	Thunder Bay Operations	Thunder Bay Pulp and Paper Inc.	Canada	48.3486	-89.3067	14	Pulp and Paper	322112	Chemical pulp mills		1983	
canada-npri	941	2024	Lantic Inc. - Vancouver Refinery	Lantic Inc. - Vancouver Refinery	Canada	49.2841	-123.0802	11	Other Manufacturing	311310	Sugar manufacturing		1983	
canada-npri	947	2024	Lantic Inc. Taber Beet Sugar Factory	Lantic Inc. Taber Factory	Canada	49.7894	-112.1261	11	Other Manufacturing	311310	Sugar manufacturing		1983	
canada-npri	979	2024	Usine Kénogami	Produits forestiers Résolu	Canada	48.4289	-71.2437	14	Pulp and Paper	322122	Newsprint mills		1983	
canada-npri	983	2024	Division Alma	Produits forestiers Résolu	Canada	48.565	-71.6558	14	Pulp and Paper	322111	Mechanical pulp mills		1983	
