stable_id	name	aliases	country	latitude	longitude	coordinate_precision	configuration	device_subtype	status	organization	first_operation_date	last_operation_date	source_url	source_role	retrieved_date	license	verification_evidence_notes
fusionbenchmark:aditya-u	ADITYA-U		India				magnetic confinement	Tokamak	Operating	Institute for Plasma Research			https://www-pub.iaea.org/MTCD/Publications/PDF/CRCP-FUS-001webRev.pdf | https://fusionbenchmark.com/facility/aditya-u/	independent | licensed aggregator	2026-09-26	CC-BY-4.0 (FusionBenchmark compilation selection; linked sources retain their rights)	Historical compilation and classification reported by FusionBenchmark / Hadamard LLC. Six source fields are retained after the original importer normalisation. Source URLs, roles and retrieval date are attributed original-import references and acquisition metadata. Separate Wikidata aliases, coordinates and dates are omitted from this public selection. Current status and physical accuracy are not independently established. Licence: https://creativecommons.org/licenses/by/4.0/
fusionbenchmark:alcator-a	Alcator A		unknown				magnetic confinement	Tokamak	Shut down	MIT Plasma Science and Fusion Center			https://arxiv.org/abs/2505.03834 | https://fusionbenchmark.com/facility/alcator-a/	independent | licensed aggregator	2026-09-26	CC-BY-4.0 (FusionBenchmark compilation selection; linked sources retain their rights)	Historical compilation and classification reported by FusionBenchmark / Hadamard LLC. Six source fields are retained after the original importer normalisation. Source URLs, roles and retrieval date are attributed original-import references and acquisition metadata. Separate Wikidata aliases, coordinates and dates are omitted from this public selection. Current status and physical accuracy are not independently established. Licence: https://creativecommons.org/licenses/by/4.0/
fusionbenchmark:alcator-c	Alcator C		unknown				magnetic confinement	Tokamak	Shut down	MIT Plasma Science and Fusion Center			https://arxiv.org/abs/2505.03834 | https://fusionbenchmark.com/facility/alcator-c/	independent | licensed aggregator	2026-09-26	CC-BY-4.0 (FusionBenchmark compilation selection; linked sources retain their rights)	Historical compilation and classification reported by FusionBenchmark / Hadamard LLC. Six source fields are retained after the original importer normalisation. Source URLs, roles and retrieval date are attributed original-import references and acquisition metadata. Separate Wikidata aliases, coordinates and dates are omitted from this public selection. Current status and physical accuracy are not independently established. Licence: https://creativecommons.org/licenses/by/4.0/
fusionbenchmark:alvand	ALVAND		Iran				magnetic confinement	Tokamak	Operating	Atomic Energy Organization of Iran			https://www-pub.iaea.org/MTCD/Publications/PDF/CRCP-FUS-001webRev.pdf | https://fusionbenchmark.com/facility/alvand/	independent | licensed aggregator	2026-09-26	CC-BY-4.0 (FusionBenchmark compilation selection; linked sources retain their rights)	Historical compilation and classification reported by FusionBenchmark / Hadamard LLC. Six source fields are retained after the original importer normalisation. Source URLs, roles and retrieval date are attributed original-import references and acquisition metadata. Separate Wikidata aliases, coordinates and dates are omitted from this public selection. Current status and physical accuracy are not independently established. Licence: https://creativecommons.org/licenses/by/4.0/
fusionbenchmark:arc	ARC		United States				magnetic confinement	Tokamak	Planned	Commonwealth Fusion Systems			https://cfs.energy/technology/arc/ | https://fusionbenchmark.com/facility/arc/	operator | licensed aggregator	2026-09-26	CC-BY-4.0 (FusionBenchmark compilation selection; linked sources retain their rights)	Historical compilation and classification reported by FusionBenchmark / Hadamard LLC. Six source fields are retained after the original importer normalisation. Source URLs, roles and retrieval date are attributed original-import references and acquisition metadata. Separate Wikidata aliases, coordinates and dates are omitted from this public selection. Current status and physical accuracy are not independently established. Licence: https://creativecommons.org/licenses/by/4.0/
fusionbenchmark:asdex-upgrade	ASDEX UPGRADE		Germany				magnetic confinement	Tokamak	Operating	Max Planck Institute for Plasma Physics			https://arxiv.org/abs/2505.03834 | https://fusionbenchmark.com/facility/asdex-upgrade/ | https://www.wikidata.org/wiki/Q297398	independent | licensed aggregator | CC0 discovery/field source	2026-09-26	CC-BY-4.0 (FusionBenchmark compilation selection; linked sources retain their rights)	Historical compilation and classification reported by FusionBenchmark / Hadamard LLC. Six source fields are retained after the original importer normalisation. Source URLs, roles and retrieval date are attributed original-import references and acquisition metadata. Separate Wikidata aliases, coordinates and dates are omitted from this public selection. Current status and physical accuracy are not independently established. Licence: https://creativecommons.org/licenses/by/4.0/
fusionbenchmark:asdex	ASDEX		unknown				magnetic confinement	Tokamak	Shut down	unknown			https://arxiv.org/abs/2505.03834 | https://fusionbenchmark.com/facility/asdex/ | https://www.wikidata.org/wiki/Q105776629	independent | licensed aggregator | CC0 discovery/field source	2026-09-26	CC-BY-4.0 (FusionBenchmark compilation selection; linked sources retain their rights)	Historical compilation and classification reported by FusionBenchmark / Hadamard LLC. Six source fields are retained after the original importer normalisation. Source URLs, roles and retrieval date are attributed original-import references and acquisition metadata. Separate Wikidata aliases, coordinates and dates are omitted from this public selection. Current status and physical accuracy are not independently established. Licence: https://creativecommons.org/licenses/by/4.0/
fusionbenchmark:best	BEST		China				magnetic confinement	Tokamak	Under construction	Institute of Plasma Physics, Chinese Academy of Sciences			https://fusionbenchmark.com/facility/best/	licensed aggregator	2026-09-26	CC-BY-4.0 (FusionBenchmark compilation selection; linked sources retain their rights)	Historical compilation and classification reported by FusionBenchmark / Hadamard LLC. Six source fields are retained after the original importer normalisation. Source URLs, roles and retrieval date are attributed original-import references and acquisition metadata. Separate Wikidata aliases, coordinates and dates are omitted from this public selection. Current status and physical accuracy are not independently established. Licence: https://creativecommons.org/licenses/by/4.0/
fusionbenchmark:c-mod	C-Mod		unknown				magnetic confinement	Tokamak	Shut down	unknown			https://arxiv.org/abs/2505.03834 | https://fusionbenchmark.com/facility/c-mod/	independent | licensed aggregator	2026-09-26	CC-BY-4.0 (FusionBenchmark compilation selection; linked sources retain their rights)	Historical compilation and classification reported by FusionBenchmark / Hadamard LLC. Six source fields are retained after the original importer normalisation. Source URLs, roles and retrieval date are attributed original-import references and acquisition metadata. Separate Wikidata aliases, coordinates and dates are omitted from this public selection. Current status and physical accuracy are not independently established. Licence: https://creativecommons.org/licenses/by/4.0/
fusionbenchmark:cat	CAT		Russia				magnetic confinement	Magnetic mirror	Under construction	Budker Institute of Nuclear Physics			https://fusionbenchmark.com/facility/cat/	licensed aggregator	2026-09-26	CC-BY-4.0 (FusionBenchmark compilation selection; linked sources retain their rights)	Historical compilation and classification reported by FusionBenchmark / Hadamard LLC. Six source fields are retained after the original importer normalisation. Source URLs, roles and retrieval date are attributed original-import references and acquisition metadata. Separate Wikidata aliases, coordinates and dates are omitted from this public selection. Current status and physical accuracy are not independently established. Licence: https://creativecommons.org/licenses/by/4.0/
fusionbenchmark:cfetr	CFETR		China				magnetic confinement	Tokamak	Planned	unknown			https://fusionbenchmark.com/facility/cfetr/	licensed aggregator	2026-09-26	CC-BY-4.0 (FusionBenchmark compilation selection; linked sources retain their rights)	Historical compilation and classification reported by FusionBenchmark / Hadamard LLC. Six source fields are retained after the original importer normalisation. Source URLs, roles and retrieval date are attributed original-import references and acquisition metadata. Separate Wikidata aliases, coordinates and dates are omitted from this public selection. Current status and physical accuracy are not independently established. Licence: https://creativecommons.org/licenses/by/4.0/
fusionbenchmark:cfqs	CFQS		China				magnetic confinement	Stellarator	Under construction	Southwest Jiaotong University			https://www-pub.iaea.org/MTCD/Publications/PDF/CRCP-FUS-001webRev.pdf | https://fusionbenchmark.com/facility/cfqs/	independent | licensed aggregator	2026-09-26	CC-BY-4.0 (FusionBenchmark compilation selection; linked sources retain their rights)	Historical compilation and classification reported by FusionBenchmark / Hadamard LLC. Six source fields are retained after the original importer normalisation. Source URLs, roles and retrieval date are attributed original-import references and acquisition metadata. Separate Wikidata aliases, coordinates and dates are omitted from this public selection. Current status and physical accuracy are not independently established. Licence: https://creativecommons.org/licenses/by/4.0/
fusionbenchmark:cfr	CFR		United States				magnetic confinement	Magnetic mirror	Shut down	Lockheed Martin			https://fusionbenchmark.com/facility/cfr/	licensed aggregator	2026-09-26	CC-BY-4.0 (FusionBenchmark compilation selection; linked sources retain their rights)	Historical compilation and classification reported by FusionBenchmark / Hadamard LLC. Six source fields are retained after the original importer normalisation. Source URLs, roles and retrieval date are attributed original-import references and acquisition metadata. Separate Wikidata aliases, coordinates and dates are omitted from this public selection. Current status and physical accuracy are not independently established. Licence: https://creativecommons.org/licenses/by/4.0/
fusionbenchmark:compass-u	COMPASS-U		Czechia				magnetic confinement	Tokamak	Under construction	Institute of Plasma Physics			https://www-pub.iaea.org/MTCD/Publications/PDF/CRCP-FUS-001webRev.pdf | https://fusionbenchmark.com/facility/compass-u/	independent | licensed aggregator	2026-09-26	CC-BY-4.0 (FusionBenchmark compilation selection; linked sources retain their rights)	Historical compilation and classification reported by FusionBenchmark / Hadamard LLC. Six source fields are retained after the original importer normalisation. Source URLs, roles and retrieval date are attributed original-import references and acquisition metadata. Separate Wikidata aliases, coordinates and dates are omitted from this public selection. Current status and physical accuracy are not independently established. Licence: https://creativecommons.org/licenses/by/4.0/
fusionbenchmark:copernicus	COPERNICUS		United States				magnetic confinement	FRC	Cancelled	TAE Technologies			https://fusionbenchmark.com/facility/copernicus/	licensed aggregator	2026-09-26	CC-BY-4.0 (FusionBenchmark compilation selection; linked sources retain their rights)	Historical compilation and classification reported by FusionBenchmark / Hadamard LLC. Six source fields are retained after the original importer normalisation. Source URLs, roles and retrieval date are attributed original-import references and acquisition metadata. Separate Wikidata aliases, coordinates and dates are omitted from this public selection. Current status and physical accuracy are not independently established. Licence: https://creativecommons.org/licenses/by/4.0/
fusionbenchmark:cth	CTH		United States				magnetic confinement	Stellarator	Operating	Auburn University			https://www-pub.iaea.org/MTCD/Publications/PDF/CRCP-FUS-001webRev.pdf | https://fusionbenchmark.com/facility/cth/	independent | licensed aggregator	2026-09-26	CC-BY-4.0 (FusionBenchmark compilation selection; linked sources retain their rights)	Historical compilation and classification reported by FusionBenchmark / Hadamard LLC. Six source fields are retained after the original importer normalisation. Source URLs, roles and retrieval date are attributed original-import references and acquisition metadata. Separate Wikidata aliases, coordinates and dates are omitted from this public selection. Current status and physical accuracy are not independently established. Licence: https://creativecommons.org/licenses/by/4.0/
fusionbenchmark:da-vinci	Da Vinci		unknown				magnetic confinement	FRC	Planned	TAE Technologies			https://fusionbenchmark.com/facility/da-vinci/	licensed aggregator	2026-09-26	CC-BY-4.0 (FusionBenchmark compilation selection; linked sources retain their rights)	Historical compilation and classification reported by FusionBenchmark / Hadamard LLC. Six source fields are retained after the original importer normalisation. Source URLs, roles and retrieval date are attributed original-import references and acquisition metadata. Separate Wikidata aliases, coordinates and dates are omitted from this public selection. Current status and physical accuracy are not independently established. Licence: https://creativecommons.org/licenses/by/4.0/
fusionbenchmark:damavand	DAMAVAND		Iran				magnetic confinement	Tokamak	Operating	Atomic Energy Organization of Iran			https://www-pub.iaea.org/MTCD/Publications/PDF/CRCP-FUS-001webRev.pdf | https://fusionbenchmark.com/facility/damavand/	independent | licensed aggregator	2026-09-26	CC-BY-4.0 (FusionBenchmark compilation selection; linked sources retain their rights)	Historical compilation and classification reported by FusionBenchmark / Hadamard LLC. Six source fields are retained after the original importer normalisation. Source URLs, roles and retrieval date are attributed original-import references and acquisition metadata. Separate Wikidata aliases, coordinates and dates are omitted from this public selection. Current status and physical accuracy are not independently established. Licence: https://creativecommons.org/licenses/by/4.0/
fusionbenchmark:diii-d	DIII-D		United States				magnetic confinement	Tokamak	Operating	General Atomics			https://arxiv.org/abs/2505.03834 | https://fusionbenchmark.com/facility/diii-d/	independent | licensed aggregator	2026-09-26	CC-BY-4.0 (FusionBenchmark compilation selection; linked sources retain their rights)	Historical compilation and classification reported by FusionBenchmark / Hadamard LLC. Six source fields are retained after the original importer normalisation. Source URLs, roles and retrieval date are attributed original-import references and acquisition metadata. Separate Wikidata aliases, coordinates and dates are omitted from this public selection. Current status and physical accuracy are not independently established. Licence: https://creativecommons.org/licenses/by/4.0/
fusionbenchmark:dtt	DTT		Italy				magnetic confinement	Tokamak	Under construction	ENEA			https://www-pub.iaea.org/MTCD/Publications/PDF/CRCP-FUS-001webRev.pdf | https://fusionbenchmark.com/facility/dtt/ | https://www.wikidata.org/wiki/Q66106930	independent | licensed aggregator | CC0 discovery/field source	2026-09-26	CC-BY-4.0 (FusionBenchmark compilation selection; linked sources retain their rights)	Historical compilation and classification reported by FusionBenchmark / Hadamard LLC. Six source fields are retained after the original importer normalisation. Source URLs, roles and retrieval date are attributed original-import references and acquisition metadata. Separate Wikidata aliases, coordinates and dates are omitted from this public selection. Current status and physical accuracy are not independently established. Licence: https://creativecommons.org/licenses/by/4.0/
fusionbenchmark:east	Experimental Advanced Superconducting Tokamak		China				magnetic confinement	Tokamak	Operating	Institute of Plasma Physics, Chinese Academy of Sciences			https://english.cas.cn/newsroom/cas_media/202501/t20250121_899052.shtml | https://fusionbenchmark.com/facility/east/ | https://www.wikidata.org/wiki/Q1384378	operator | licensed aggregator | CC0 discovery/field source	2026-09-26	CC-BY-4.0 (FusionBenchmark compilation selection; linked sources retain their rights)	Historical compilation and classification reported by FusionBenchmark / Hadamard LLC. Six source fields are retained after the original importer normalisation. Source URLs, roles and retrieval date are attributed original-import references and acquisition metadata. Separate Wikidata aliases, coordinates and dates are omitted from this public selection. Current status and physical accuracy are not independently established. Licence: https://creativecommons.org/licenses/by/4.0/
fusionbenchmark:egyptor	EGYPTOR		EG				magnetic confinement	Tokamak	Operating	Egyptian Atomic Energy Authority			https://www-pub.iaea.org/MTCD/Publications/PDF/CRCP-FUS-001webRev.pdf | https://fusionbenchmark.com/facility/egyptor/	independent | licensed aggregator	2026-09-26	CC-BY-4.0 (FusionBenchmark compilation selection; linked sources retain their rights)	Historical compilation and classification reported by FusionBenchmark / Hadamard LLC. Six source fields are retained after the original importer normalisation. Source URLs, roles and retrieval date are attributed original-import references and acquisition metadata. Separate Wikidata aliases, coordinates and dates are omitted from this public selection. Current status and physical accuracy are not independently established. Licence: https://creativecommons.org/licenses/by/4.0/
fusionbenchmark:ete	ETE		Brazil				magnetic confinement	Spherical tokamak	Operating	National Institute for Space Research			https://www-pub.iaea.org/MTCD/Publications/PDF/CRCP-FUS-001webRev.pdf | https://fusionbenchmark.com/facility/ete/ | https://www.wikidata.org/wiki/Q16249946	independent | licensed aggregator | CC0 discovery/field source	2026-09-26	CC-BY-4.0 (FusionBenchmark compilation selection; linked sources retain their rights)	Historical compilation and classification reported by FusionBenchmark / Hadamard LLC. Six source fields are retained after the original importer normalisation. Source URLs, roles and retrieval date are attributed original-import references and acquisition metadata. Separate Wikidata aliases, coordinates and dates are omitted from this public selection. Current status and physical accuracy are not independently established. Licence: https://creativecommons.org/licenses/by/4.0/
fusionbenchmark:eu-demo	EU-DEMO		unknown				magnetic confinement	Tokamak	Planned	unknown			https://euro-fusion.org/programme/demo/ | https://fusionbenchmark.com/facility/eu-demo/	operator | licensed aggregator	2026-09-26	CC-BY-4.0 (FusionBenchmark compilation selection; linked sources retain their rights)	Historical compilation and classification reported by FusionBenchmark / Hadamard LLC. Six source fields are retained after the original importer normalisation. Source URLs, roles and retrieval date are attributed original-import references and acquisition metadata. Separate Wikidata aliases, coordinates and dates are omitted from this public selection. Current status and physical accuracy are not independently established. Licence: https://creativecommons.org/licenses/by/4.0/
fusionbenchmark:exl-50	EXL-50		China				magnetic confinement	Spherical tokamak	Shut down	ENN Science and Technology Development			https://www-pub.iaea.org/MTCD/Publications/PDF/CRCP-FUS-001webRev.pdf | https://fusionbenchmark.com/facility/exl-50/	independent | licensed aggregator	2026-09-26	CC-BY-4.0 (FusionBenchmark compilation selection; linked sources retain their rights)	Historical compilation and classification reported by FusionBenchmark / Hadamard LLC. Six source fields are retained after the original importer normalisation. Source URLs, roles and retrieval date are attributed original-import references and acquisition metadata. Separate Wikidata aliases, coordinates and dates are omitted from this public selection. Current status and physical accuracy are not independently established. Licence: https://creativecommons.org/licenses/by/4.0/
fusionbenchmark:exl-50u	EXL-50U		China				magnetic confinement	Spherical tokamak	Operating	ENN Science and Technology Development			https://fusionbenchmark.com/facility/exl-50u/	licensed aggregator	2026-09-26	CC-BY-4.0 (FusionBenchmark compilation selection; linked sources retain their rights)	Historical compilation and classification reported by FusionBenchmark / Hadamard LLC. Six source fields are retained after the original importer normalisation. Source URLs, roles and retrieval date are attributed original-import references and acquisition metadata. Separate Wikidata aliases, coordinates and dates are omitted from this public selection. Current status and physical accuracy are not independently established. Licence: https://creativecommons.org/licenses/by/4.0/
fusionbenchmark:extrap-t2r	EXTRAP T2R		Sweden				magnetic confinement	Reversed-field pinch	Operating	KTH Royal Institute of Technology			https://fusionbenchmark.com/facility/extrap-t2r/	licensed aggregator	2026-09-26	CC-BY-4.0 (FusionBenchmark compilation selection; linked sources retain their rights)	Historical compilation and classification reported by FusionBenchmark / Hadamard LLC. Six source fields are retained after the original importer normalisation. Source URLs, roles and retrieval date are attributed original-import references and acquisition metadata. Separate Wikidata aliases, coordinates and dates are omitted from this public selection. Current status and physical accuracy are not independently established. Licence: https://creativecommons.org/licenses/by/4.0/
fusionbenchmark:fat-cm	FAT-CM		Japan				magnetic confinement	FRC	Operating	Nihon University			https://fusionbenchmark.com/facility/fat-cm/	licensed aggregator	2026-09-26	CC-BY-4.0 (FusionBenchmark compilation selection; linked sources retain their rights)	Historical compilation and classification reported by FusionBenchmark / Hadamard LLC. Six source fields are retained after the original importer normalisation. Source URLs, roles and retrieval date are attributed original-import references and acquisition metadata. Separate Wikidata aliases, coordinates and dates are omitted from this public selection. Current status and physical accuracy are not independently established. Licence: https://creativecommons.org/licenses/by/4.0/
fusionbenchmark:first-light	FIRST LIGHT		United Kingdom				inertial confinement	Projectile-driven	Operating	First Light Fusion			https://fusionbenchmark.com/facility/first-light/	licensed aggregator	2026-09-26	CC-BY-4.0 (FusionBenchmark compilation selection; linked sources retain their rights)	Historical compilation and classification reported by FusionBenchmark / Hadamard LLC. Six source fields are retained after the original importer normalisation. Source URLs, roles and retrieval date are attributed original-import references and acquisition metadata. Separate Wikidata aliases, coordinates and dates are omitted from this public selection. Current status and physical accuracy are not independently established. Licence: https://creativecommons.org/licenses/by/4.0/
fusionbenchmark:focus-fusion	FOCUS FUSION		United States				unspecified fusion	Fusion	Operating	LPP Fusion			https://fusionbenchmark.com/facility/focus-fusion/	licensed aggregator	2026-09-26	CC-BY-4.0 (FusionBenchmark compilation selection; linked sources retain their rights)	Historical compilation and classification reported by FusionBenchmark / Hadamard LLC. Six source fields are retained after the original importer normalisation. Source URLs, roles and retrieval date are attributed original-import references and acquisition metadata. Separate Wikidata aliases, coordinates and dates are omitted from this public selection. Current status and physical accuracy are not independently established. Licence: https://creativecommons.org/licenses/by/4.0/
fusionbenchmark:ft-2	FT-2		Russia				magnetic confinement	Tokamak	Operating	Ioffe Institute			https://www-pub.iaea.org/MTCD/Publications/PDF/CRCP-FUS-001webRev.pdf | https://fusionbenchmark.com/facility/ft-2/	independent | licensed aggregator	2026-09-26	CC-BY-4.0 (FusionBenchmark compilation selection; linked sources retain their rights)	Historical compilation and classification reported by FusionBenchmark / Hadamard LLC. Six source fields are retained after the original importer normalisation. Source URLs, roles and retrieval date are attributed original-import references and acquisition metadata. Separate Wikidata aliases, coordinates and dates are omitted from this public selection. Current status and physical accuracy are not independently established. Licence: https://creativecommons.org/licenses/by/4.0/
fusionbenchmark:ftu	FTU		Italy				magnetic confinement	Tokamak	Shut down	ENEA			https://www-pub.iaea.org/MTCD/Publications/PDF/CRCP-FUS-001webRev.pdf | https://fusionbenchmark.com/facility/ftu/ | https://www.wikidata.org/wiki/Q5493549	independent | licensed aggregator | CC0 discovery/field source	2026-09-26	CC-BY-4.0 (FusionBenchmark compilation selection; linked sources retain their rights)	Historical compilation and classification reported by FusionBenchmark / Hadamard LLC. Six source fields are retained after the original importer normalisation. Source URLs, roles and retrieval date are attributed original-import references and acquisition metadata. Separate Wikidata aliases, coordinates and dates are omitted from this public selection. Current status and physical accuracy are not independently established. Licence: https://creativecommons.org/licenses/by/4.0/
fusionbenchmark:fusion-power-core	FUSION POWER CORE		United States				magneto-inertial fusion	Magnetized target	Planned	Compact Fusion Systems			https://fusionbenchmark.com/facility/fusion-power-core/	licensed aggregator	2026-09-26	CC-BY-4.0 (FusionBenchmark compilation selection; linked sources retain their rights)	Historical compilation and classification reported by FusionBenchmark / Hadamard LLC. Six source fields are retained after the original importer normalisation. Source URLs, roles and retrieval date are attributed original-import references and acquisition metadata. Separate Wikidata aliases, coordinates and dates are omitted from this public selection. Current status and physical accuracy are not independently established. Licence: https://creativecommons.org/licenses/by/4.0/
fusionbenchmark:fuze-q	FUZE-Q		United States				pinch confinement	Z-pinch	Operating	Zap Energy			https://fusionbenchmark.com/facility/fuze-q/	licensed aggregator	2026-09-26	CC-BY-4.0 (FusionBenchmark compilation selection; linked sources retain their rights)	Historical compilation and classification reported by FusionBenchmark / Hadamard LLC. Six source fields are retained after the original importer normalisation. Source URLs, roles and retrieval date are attributed original-import references and acquisition metadata. Separate Wikidata aliases, coordinates and dates are omitted from this public selection. Current status and physical accuracy are not independently established. Licence: https://creativecommons.org/licenses/by/4.0/
fusionbenchmark:fuze	FuZE		United States				pinch confinement	Z-pinch	unknown	Zap Energy			https://www.zapenergy.com/updates/2024/04/zap-energy-achieves-37-million-degree-temperatures-in-a-compact-device | https://fusionbenchmark.com/facility/fuze/	operator | licensed aggregator	2026-09-26	CC-BY-4.0 (FusionBenchmark compilation selection; linked sources retain their rights)	Historical compilation and classification reported by FusionBenchmark / Hadamard LLC. Six source fields are retained after the original importer normalisation. Source URLs, roles and retrieval date are attributed original-import references and acquisition metadata. Separate Wikidata aliases, coordinates and dates are omitted from this public selection. Current status and physical accuracy are not independently established. Licence: https://creativecommons.org/licenses/by/4.0/
fusionbenchmark:gamma-10-pdx	GAMMA 10/PDX		Japan				magnetic confinement	Magnetic mirror	Operating	University of Tsukuba			https://fusionbenchmark.com/facility/gamma-10-pdx/	licensed aggregator	2026-09-26	CC-BY-4.0 (FusionBenchmark compilation selection; linked sources retain their rights)	Historical compilation and classification reported by FusionBenchmark / Hadamard LLC. Six source fields are retained after the original importer normalisation. Source URLs, roles and retrieval date are attributed original-import references and acquisition metadata. Separate Wikidata aliases, coordinates and dates are omitted from this public selection. Current status and physical accuracy are not independently established. Licence: https://creativecommons.org/licenses/by/4.0/
fusionbenchmark:gdmt-core	GDMT CORE		Russia				magnetic confinement	Magnetic mirror	Planned	Budker Institute of Nuclear Physics			https://fusionbenchmark.com/facility/gdmt-core/	licensed aggregator	2026-09-26	CC-BY-4.0 (FusionBenchmark compilation selection; linked sources retain their rights)	Historical compilation and classification reported by FusionBenchmark / Hadamard LLC. Six source fields are retained after the original importer normalisation. Source URLs, roles and retrieval date are attributed original-import references and acquisition metadata. Separate Wikidata aliases, coordinates and dates are omitted from this public selection. Current status and physical accuracy are not independently established. Licence: https://creativecommons.org/licenses/by/4.0/
fusionbenchmark:gdmt	GDMT		Russia				magnetic confinement	Magnetic mirror	Planned	Budker Institute of Nuclear Physics			https://fusionbenchmark.com/facility/gdmt/	licensed aggregator	2026-09-26	CC-BY-4.0 (FusionBenchmark compilation selection; linked sources retain their rights)	Historical compilation and classification reported by FusionBenchmark / Hadamard LLC. Six source fields are retained after the original importer normalisation. Source URLs, roles and retrieval date are attributed original-import references and acquisition metadata. Separate Wikidata aliases, coordinates and dates are omitted from this public selection. Current status and physical accuracy are not independently established. Licence: https://creativecommons.org/licenses/by/4.0/
fusionbenchmark:gdt	GDT		Russia				magnetic confinement	Magnetic mirror	Operating	Budker Institute of Nuclear Physics			https://fusionbenchmark.com/facility/gdt/	licensed aggregator	2026-09-26	CC-BY-4.0 (FusionBenchmark compilation selection; linked sources retain their rights)	Historical compilation and classification reported by FusionBenchmark / Hadamard LLC. Six source fields are retained after the original importer normalisation. Source URLs, roles and retrieval date are attributed original-import references and acquisition metadata. Separate Wikidata aliases, coordinates and dates are omitted from this public selection. Current status and physical accuracy are not independently established. Licence: https://creativecommons.org/licenses/by/4.0/
fusionbenchmark:gekko-xii	GEKKO XII		Japan				inertial confinement	ICF	Operating	Osaka University			https://fusionbenchmark.com/facility/gekko-xii/	licensed aggregator	2026-09-26	CC-BY-4.0 (FusionBenchmark compilation selection; linked sources retain their rights)	Historical compilation and classification reported by FusionBenchmark / Hadamard LLC. Six source fields are retained after the original importer normalisation. Source URLs, roles and retrieval date are attributed original-import references and acquisition metadata. Separate Wikidata aliases, coordinates and dates are omitted from this public selection. Current status and physical accuracy are not independently established. Licence: https://creativecommons.org/licenses/by/4.0/
fusionbenchmark:glast-iii	GLAST-III		Pakistan				magnetic confinement	Spherical tokamak	Operating	Pakistan Atomic Energy Commission			https://www-pub.iaea.org/MTCD/Publications/PDF/CRCP-FUS-001webRev.pdf | https://fusionbenchmark.com/facility/glast-iii/	independent | licensed aggregator	2026-09-26	CC-BY-4.0 (FusionBenchmark compilation selection; linked sources retain their rights)	Historical compilation and classification reported by FusionBenchmark / Hadamard LLC. Six source fields are retained after the original importer normalisation. Source URLs, roles and retrieval date are attributed original-import references and acquisition metadata. Separate Wikidata aliases, coordinates and dates are omitted from this public selection. Current status and physical accuracy are not independently established. Licence: https://creativecommons.org/licenses/by/4.0/
fusionbenchmark:globus-m2	GLOBUS-M2		Russia				magnetic confinement	Spherical tokamak	Operating	Ioffe Institute			https://arxiv.org/abs/2505.03834 | https://fusionbenchmark.com/facility/globus-m2/	independent | licensed aggregator	2026-09-26	CC-BY-4.0 (FusionBenchmark compilation selection; linked sources retain their rights)	Historical compilation and classification reported by FusionBenchmark / Hadamard LLC. Six source fields are retained after the original importer normalisation. Source URLs, roles and retrieval date are attributed original-import references and acquisition metadata. Separate Wikidata aliases, coordinates and dates are omitted from this public selection. Current status and physical accuracy are not independently established. Licence: https://creativecommons.org/licenses/by/4.0/
fusionbenchmark:gol-nb	GOL-NB		Russia				magnetic confinement	Magnetic mirror	Operating	Budker Institute of Nuclear Physics			https://fusionbenchmark.com/facility/gol-nb/	licensed aggregator	2026-09-26	CC-BY-4.0 (FusionBenchmark compilation selection; linked sources retain their rights)	Historical compilation and classification reported by FusionBenchmark / Hadamard LLC. Six source fields are retained after the original importer normalisation. Source URLs, roles and retrieval date are attributed original-import references and acquisition metadata. Separate Wikidata aliases, coordinates and dates are omitted from this public selection. Current status and physical accuracy are not independently established. Licence: https://creativecommons.org/licenses/by/4.0/
fusionbenchmark:golem	GOLEM		Czechia				magnetic confinement	Tokamak	Operating	Czech Technical University			https://www-pub.iaea.org/MTCD/Publications/PDF/CRCP-FUS-001webRev.pdf | https://fusionbenchmark.com/facility/golem/	independent | licensed aggregator	2026-09-26	CC-BY-4.0 (FusionBenchmark compilation selection; linked sources retain their rights)	Historical compilation and classification reported by FusionBenchmark / Hadamard LLC. Six source fields are retained after the original importer normalisation. Source URLs, roles and retrieval date are attributed original-import references and acquisition metadata. Separate Wikidata aliases, coordinates and dates are omitted from this public selection. Current status and physical accuracy are not independently established. Licence: https://creativecommons.org/licenses/by/4.0/
fusionbenchmark:gutta	GUTTA		Russia				magnetic confinement	Spherical tokamak	Operating	Saint Petersburg State University			https://www-pub.iaea.org/MTCD/Publications/PDF/CRCP-FUS-001webRev.pdf | https://fusionbenchmark.com/facility/gutta/	independent | licensed aggregator	2026-09-26	CC-BY-4.0 (FusionBenchmark compilation selection; linked sources retain their rights)	Historical compilation and classification reported by FusionBenchmark / Hadamard LLC. Six source fields are retained after the original importer normalisation. Source URLs, roles and retrieval date are attributed original-import references and acquisition metadata. Separate Wikidata aliases, coordinates and dates are omitted from this public selection. Current status and physical accuracy are not independently established. Licence: https://creativecommons.org/licenses/by/4.0/
fusionbenchmark:hb11	HB11		Australia				inertial confinement	ICF	Planned	HB11 Energy			https://fusionbenchmark.com/facility/hb11/	licensed aggregator	2026-09-26	CC-BY-4.0 (FusionBenchmark compilation selection; linked sources retain their rights)	Historical compilation and classification reported by FusionBenchmark / Hadamard LLC. Six source fields are retained after the original importer normalisation. Source URLs, roles and retrieval date are attributed original-import references and acquisition metadata. Separate Wikidata aliases, coordinates and dates are omitted from this public selection. Current status and physical accuracy are not independently established. Licence: https://creativecommons.org/licenses/by/4.0/
fusionbenchmark:hbt-ep	HBT-EP		United States				magnetic confinement	Tokamak	Operating	Columbia University			https://www-pub.iaea.org/MTCD/Publications/PDF/CRCP-FUS-001webRev.pdf | https://fusionbenchmark.com/facility/hbt-ep/	independent | licensed aggregator	2026-09-26	CC-BY-4.0 (FusionBenchmark compilation selection; linked sources retain their rights)	Historical compilation and classification reported by FusionBenchmark / Hadamard LLC. Six source fields are retained after the original importer normalisation. Source URLs, roles and retrieval date are attributed original-import references and acquisition metadata. Separate Wikidata aliases, coordinates and dates are omitted from this public selection. Current status and physical accuracy are not independently established. Licence: https://creativecommons.org/licenses/by/4.0/
fusionbenchmark:helicity-drive	HELICITY DRIVE		United States				unspecified fusion	Fusion	Planned	Helicity Space			https://fusionbenchmark.com/facility/helicity-drive/	licensed aggregator	2026-09-26	CC-BY-4.0 (FusionBenchmark compilation selection; linked sources retain their rights)	Historical compilation and classification reported by FusionBenchmark / Hadamard LLC. Six source fields are retained after the original importer normalisation. Source URLs, roles and retrieval date are attributed original-import references and acquisition metadata. Separate Wikidata aliases, coordinates and dates are omitted from this public selection. Current status and physical accuracy are not independently established. Licence: https://creativecommons.org/licenses/by/4.0/
fusionbenchmark:heliotron-j	HELIOTRON J		Japan				magnetic confinement	Stellarator	Operating	Kyoto University			https://www-pub.iaea.org/MTCD/Publications/PDF/CRCP-FUS-001webRev.pdf | https://fusionbenchmark.com/facility/heliotron-j/ | https://www.wikidata.org/wiki/Q60740194	independent | licensed aggregator | CC0 discovery/field source	2026-09-26	CC-BY-4.0 (FusionBenchmark compilation selection; linked sources retain their rights)	Historical compilation and classification reported by FusionBenchmark / Hadamard LLC. Six source fields are retained after the original importer normalisation. Source URLs, roles and retrieval date are attributed original-import references and acquisition metadata. Separate Wikidata aliases, coordinates and dates are omitted from this public selection. Current status and physical accuracy are not independently established. Licence: https://creativecommons.org/licenses/by/4.0/
fusionbenchmark:hh70	HH70		China				magnetic confinement	Tokamak	Operating	Energy Singularity			https://fusionbenchmark.com/facility/hh70/	licensed aggregator	2026-09-26	CC-BY-4.0 (FusionBenchmark compilation selection; linked sources retain their rights)	Historical compilation and classification reported by FusionBenchmark / Hadamard LLC. Six source fields are retained after the original importer normalisation. Source URLs, roles and retrieval date are attributed original-import references and acquisition metadata. Separate Wikidata aliases, coordinates and dates are omitted from this public selection. Current status and physical accuracy are not independently established. Licence: https://creativecommons.org/licenses/by/4.0/
fusionbenchmark:hidra	HIDRA		United States				magnetic confinement	Stellarator	Operating	University of Illinois			https://www-pub.iaea.org/MTCD/Publications/PDF/CRCP-FUS-001webRev.pdf | https://fusionbenchmark.com/facility/hidra/	independent | licensed aggregator	2026-09-26	CC-BY-4.0 (FusionBenchmark compilation selection; linked sources retain their rights)	Historical compilation and classification reported by FusionBenchmark / Hadamard LLC. Six source fields are retained after the original importer normalisation. Source URLs, roles and retrieval date are attributed original-import references and acquisition metadata. Separate Wikidata aliases, coordinates and dates are omitted from this public selection. Current status and physical accuracy are not independently established. Licence: https://creativecommons.org/licenses/by/4.0/
fusionbenchmark:hist	HIST		Japan				magnetic confinement	Spherical tokamak	Operating	University of Hyogo			https://www-pub.iaea.org/MTCD/Publications/PDF/CRCP-FUS-001webRev.pdf | https://fusionbenchmark.com/facility/hist/	independent | licensed aggregator	2026-09-26	CC-BY-4.0 (FusionBenchmark compilation selection; linked sources retain their rights)	Historical compilation and classification reported by FusionBenchmark / Hadamard LLC. Six source fields are retained after the original importer normalisation. Source URLs, roles and retrieval date are attributed original-import references and acquisition metadata. Separate Wikidata aliases, coordinates and dates are omitted from this public selection. Current status and physical accuracy are not independently established. Licence: https://creativecommons.org/licenses/by/4.0/
fusionbenchmark:hl-2a	HL-2A		China				magnetic confinement	Tokamak	Operating	Southwestern Institute of Physics			https://www-pub.iaea.org/MTCD/Publications/PDF/CRCP-FUS-001webRev.pdf | https://fusionbenchmark.com/facility/hl-2a/ | https://www.wikidata.org/wiki/Q79387396	independent | licensed aggregator | CC0 discovery/field source	2026-09-26	CC-BY-4.0 (FusionBenchmark compilation selection; linked sources retain their rights)	Historical compilation and classification reported by FusionBenchmark / Hadamard LLC. Six source fields are retained after the original importer normalisation. Source URLs, roles and retrieval date are attributed original-import references and acquisition metadata. Separate Wikidata aliases, coordinates and dates are omitted from this public selection. Current status and physical accuracy are not independently established. Licence: https://creativecommons.org/licenses/by/4.0/
fusionbenchmark:hl-2m	HL-2M		China				magnetic confinement	Tokamak	Operating	Southwestern Institute of Physics			https://www-pub.iaea.org/MTCD/Publications/PDF/CRCP-FUS-001webRev.pdf | https://fusionbenchmark.com/facility/hl-2m/ | https://www.wikidata.org/wiki/Q104020961	independent | licensed aggregator | CC0 discovery/field source	2026-09-26	CC-BY-4.0 (FusionBenchmark compilation selection; linked sources retain their rights)	Historical compilation and classification reported by FusionBenchmark / Hadamard LLC. Six source fields are retained after the original importer normalisation. Source URLs, roles and retrieval date are attributed original-import references and acquisition metadata. Separate Wikidata aliases, coordinates and dates are omitted from this public selection. Current status and physical accuracy are not independently established. Licence: https://creativecommons.org/licenses/by/4.0/
fusionbenchmark:horne-hybrid-reactor	HORNE HYBRID REACTOR		United States				electrostatic confinement	Inertial electrostatic confinement	Under construction	Horne Technologies			https://fusionbenchmark.com/facility/horne-hybrid-reactor/	licensed aggregator	2026-09-26	CC-BY-4.0 (FusionBenchmark compilation selection; linked sources retain their rights)	Historical compilation and classification reported by FusionBenchmark / Hadamard LLC. Six source fields are retained after the original importer normalisation. Source URLs, roles and retrieval date are attributed original-import references and acquisition metadata. Separate Wikidata aliases, coordinates and dates are omitted from this public selection. Current status and physical accuracy are not independently established. Licence: https://creativecommons.org/licenses/by/4.0/
fusionbenchmark:hsx	HSX		United States				magnetic confinement	Stellarator	Operating	University of Wisconsin-Madison			https://www-pub.iaea.org/MTCD/Publications/PDF/CRCP-FUS-001webRev.pdf | https://fusionbenchmark.com/facility/hsx/	independent | licensed aggregator	2026-09-26	CC-BY-4.0 (FusionBenchmark compilation selection; linked sources retain their rights)	Historical compilation and classification reported by FusionBenchmark / Hadamard LLC. Six source fields are retained after the original importer normalisation. Source URLs, roles and retrieval date are attributed original-import references and acquisition metadata. Separate Wikidata aliases, coordinates and dates are omitted from this public selection. Current status and physical accuracy are not independently established. Licence: https://creativecommons.org/licenses/by/4.0/
fusionbenchmark:hybtok-ii	HYBTOK-II		Japan				magnetic confinement	Tokamak	Operating	Nagoya University			https://www-pub.iaea.org/MTCD/Publications/PDF/CRCP-FUS-001webRev.pdf | https://fusionbenchmark.com/facility/hybtok-ii/	independent | licensed aggregator	2026-09-26	CC-BY-4.0 (FusionBenchmark compilation selection; linked sources retain their rights)	Historical compilation and classification reported by FusionBenchmark / Hadamard LLC. Six source fields are retained after the original importer normalisation. Source URLs, roles and retrieval date are attributed original-import references and acquisition metadata. Separate Wikidata aliases, coordinates and dates are omitted from this public selection. Current status and physical accuracy are not independently established. Licence: https://creativecommons.org/licenses/by/4.0/
fusionbenchmark:idcd	IDCD		United States				magnetic confinement	MCF	Shut down	CTFusion			https://fusionbenchmark.com/facility/idcd/	licensed aggregator	2026-09-26	CC-BY-4.0 (FusionBenchmark compilation selection; linked sources retain their rights)	Historical compilation and classification reported by FusionBenchmark / Hadamard LLC. Six source fields are retained after the original importer normalisation. Source URLs, roles and retrieval date are attributed original-import references and acquisition metadata. Separate Wikidata aliases, coordinates and dates are omitted from this public selection. Current status and physical accuracy are not independently established. Licence: https://creativecommons.org/licenses/by/4.0/
fusionbenchmark:infinity-one	Infinity One		United States				magnetic confinement	Stellarator	Planned	Type One Energy			https://fusionbenchmark.com/facility/infinity-one/	licensed aggregator	2026-09-26	CC-BY-4.0 (FusionBenchmark compilation selection; linked sources retain their rights)	Historical compilation and classification reported by FusionBenchmark / Hadamard LLC. Six source fields are retained after the original importer normalisation. Source URLs, roles and retrieval date are attributed original-import references and acquisition metadata. Separate Wikidata aliases, coordinates and dates are omitted from this public selection. Current status and physical accuracy are not independently established. Licence: https://creativecommons.org/licenses/by/4.0/
fusionbenchmark:infinity-two	Infinity Two		United States				magnetic confinement	Stellarator	Planned	Type One Energy			https://typeoneenergy.com/our-technology/ | https://fusionbenchmark.com/facility/infinity-two/	operator | licensed aggregator	2026-09-26	CC-BY-4.0 (FusionBenchmark compilation selection; linked sources retain their rights)	Historical compilation and classification reported by FusionBenchmark / Hadamard LLC. Six source fields are retained after the original importer normalisation. Source URLs, roles and retrieval date are attributed original-import references and acquisition metadata. Separate Wikidata aliases, coordinates and dates are omitted from this public selection. Current status and physical accuracy are not independently established. Licence: https://creativecommons.org/licenses/by/4.0/
fusionbenchmark:innoven-energy-llc	INNOVEN ENERGY LLC		United States				inertial confinement	ICF	Planned	Innoven Energy			https://fusionbenchmark.com/facility/innoven-energy-llc/	licensed aggregator	2026-09-26	CC-BY-4.0 (FusionBenchmark compilation selection; linked sources retain their rights)	Historical compilation and classification reported by FusionBenchmark / Hadamard LLC. Six source fields are retained after the original importer normalisation. Source URLs, roles and retrieval date are attributed original-import references and acquisition metadata. Separate Wikidata aliases, coordinates and dates are omitted from this public selection. Current status and physical accuracy are not independently established. Licence: https://creativecommons.org/licenses/by/4.0/
fusionbenchmark:ir-t1	IR-T1		Iran				magnetic confinement	Tokamak	Operating	Islamic Azad University			https://www-pub.iaea.org/MTCD/Publications/PDF/CRCP-FUS-001webRev.pdf | https://fusionbenchmark.com/facility/ir-t1/	independent | licensed aggregator	2026-09-26	CC-BY-4.0 (FusionBenchmark compilation selection; linked sources retain their rights)	Historical compilation and classification reported by FusionBenchmark / Hadamard LLC. Six source fields are retained after the original importer normalisation. Source URLs, roles and retrieval date are attributed original-import references and acquisition metadata. Separate Wikidata aliases, coordinates and dates are omitted from this public selection. Current status and physical accuracy are not independently established. Licence: https://creativecommons.org/licenses/by/4.0/
fusionbenchmark:isttok	ISTTOK		Portugal				magnetic confinement	Tokamak	Operating	Instituto Superior Técnico			https://www-pub.iaea.org/MTCD/Publications/PDF/CRCP-FUS-001webRev.pdf | https://fusionbenchmark.com/facility/isttok/ | https://www.wikidata.org/wiki/Q16988652	independent | licensed aggregator | CC0 discovery/field source	2026-09-26	CC-BY-4.0 (FusionBenchmark compilation selection; linked sources retain their rights)	Historical compilation and classification reported by FusionBenchmark / Hadamard LLC. Six source fields are retained after the original importer normalisation. Source URLs, roles and retrieval date are attributed original-import references and acquisition metadata. Separate Wikidata aliases, coordinates and dates are omitted from this public selection. Current status and physical accuracy are not independently established. Licence: https://creativecommons.org/licenses/by/4.0/
fusionbenchmark:iter	ITER		France				magnetic confinement	Tokamak	Under construction	ITER Organization			https://www.iter.org/machine | https://fusionbenchmark.com/facility/iter/ | https://www.wikidata.org/wiki/Q191788	operator | licensed aggregator | CC0 discovery/field source	2026-09-26	CC-BY-4.0 (FusionBenchmark compilation selection; linked sources retain their rights)	Historical compilation and classification reported by FusionBenchmark / Hadamard LLC. Six source fields are retained after the original importer normalisation. Source URLs, roles and retrieval date are attributed original-import references and acquisition metadata. Separate Wikidata aliases, coordinates and dates are omitted from this public selection. Current status and physical accuracy are not independently established. Licence: https://creativecommons.org/licenses/by/4.0/
fusionbenchmark:j-text	J-TEXT		China				magnetic confinement	Tokamak	Operating	Huazhong University of Science and Technology			https://www-pub.iaea.org/MTCD/Publications/PDF/CRCP-FUS-001webRev.pdf | https://fusionbenchmark.com/facility/j-text/	independent | licensed aggregator	2026-09-26	CC-BY-4.0 (FusionBenchmark compilation selection; linked sources retain their rights)	Historical compilation and classification reported by FusionBenchmark / Hadamard LLC. Six source fields are retained after the original importer normalisation. Source URLs, roles and retrieval date are attributed original-import references and acquisition metadata. Separate Wikidata aliases, coordinates and dates are omitted from this public selection. Current status and physical accuracy are not independently established. Licence: https://creativecommons.org/licenses/by/4.0/
fusionbenchmark:joint-european-torus	Joint European Torus		United Kingdom				magnetic confinement	Tokamak	Decommissioned	UK Atomic Energy Authority			https://iopscience.iop.org/article/10.1088/1361-6587/adbd75 | https://fusionbenchmark.com/facility/joint-european-torus/ | https://www.wikidata.org/wiki/Q1702534	operator | licensed aggregator | CC0 discovery/field source	2026-09-26	CC-BY-4.0 (FusionBenchmark compilation selection; linked sources retain their rights)	Historical compilation and classification reported by FusionBenchmark / Hadamard LLC. Six source fields are retained after the original importer normalisation. Source URLs, roles and retrieval date are attributed original-import references and acquisition metadata. Separate Wikidata aliases, coordinates and dates are omitted from this public selection. Current status and physical accuracy are not independently established. Licence: https://creativecommons.org/licenses/by/4.0/
fusionbenchmark:jt-60sa	JT-60SA		Japan				magnetic confinement	Tokamak	Commissioning	National Institutes for Quantum Science and Technology			https://www-pub.iaea.org/MTCD/Publications/PDF/CRCP-FUS-001webRev.pdf | https://fusionbenchmark.com/facility/jt-60sa/ | https://www.wikidata.org/wiki/Q12071363	independent | licensed aggregator | CC0 discovery/field source	2026-09-26	CC-BY-4.0 (FusionBenchmark compilation selection; linked sources retain their rights)	Historical compilation and classification reported by FusionBenchmark / Hadamard LLC. Six source fields are retained after the original importer normalisation. Source URLs, roles and retrieval date are attributed original-import references and acquisition metadata. Separate Wikidata aliases, coordinates and dates are omitted from this public selection. Current status and physical accuracy are not independently established. Licence: https://creativecommons.org/licenses/by/4.0/
fusionbenchmark:jt-60u	JT-60U		Japan				magnetic confinement	Tokamak	Shut down	JAEA			https://www-pub.iaea.org/MTCD/publications/PDF/csp_019c/pdf/ov1_3.pdf | https://fusionbenchmark.com/facility/jt-60u/	operator | licensed aggregator	2026-09-26	CC-BY-4.0 (FusionBenchmark compilation selection; linked sources retain their rights)	Historical compilation and classification reported by FusionBenchmark / Hadamard LLC. Six source fields are retained after the original importer normalisation. Source URLs, roles and retrieval date are attributed original-import references and acquisition metadata. Separate Wikidata aliases, coordinates and dates are omitted from this public selection. Current status and physical accuracy are not independently established. Licence: https://creativecommons.org/licenses/by/4.0/
fusionbenchmark:kstar	KSTAR		South Korea				magnetic confinement	Tokamak	Operating	Korea Institute of Fusion Energy			https://www.eurekalert.org/news-releases/1039244 | https://fusionbenchmark.com/facility/kstar/	operator | licensed aggregator	2026-09-26	CC-BY-4.0 (FusionBenchmark compilation selection; linked sources retain their rights)	Historical compilation and classification reported by FusionBenchmark / Hadamard LLC. Six source fields are retained after the original importer normalisation. Source URLs, roles and retrieval date are attributed original-import references and acquisition metadata. Separate Wikidata aliases, coordinates and dates are omitted from this public selection. Current status and physical accuracy are not independently established. Licence: https://creativecommons.org/licenses/by/4.0/
fusionbenchmark:ktm	KTM		Kazakhstan				magnetic confinement	Spherical tokamak	Operating	Institute of Atomic Energy of National Nuclear Center of the Republic of Kazakhstan			https://www-pub.iaea.org/MTCD/Publications/PDF/CRCP-FUS-001webRev.pdf | https://fusionbenchmark.com/facility/ktm/	independent | licensed aggregator	2026-09-26	CC-BY-4.0 (FusionBenchmark compilation selection; linked sources retain their rights)	Historical compilation and classification reported by FusionBenchmark / Hadamard LLC. Six source fields are retained after the original importer normalisation. Source URLs, roles and retrieval date are attributed original-import references and acquisition metadata. Separate Wikidata aliases, coordinates and dates are omitted from this public selection. Current status and physical accuracy are not independently established. Licence: https://creativecommons.org/licenses/by/4.0/
fusionbenchmark:ktx	KTX		China				magnetic confinement	Reversed-field pinch	Operating	University of Science and Technology of China			https://www-pub.iaea.org/MTCD/Publications/PDF/CRCP-FUS-001webRev.pdf | https://fusionbenchmark.com/facility/ktx/	independent | licensed aggregator	2026-09-26	CC-BY-4.0 (FusionBenchmark compilation selection; linked sources retain their rights)	Historical compilation and classification reported by FusionBenchmark / Hadamard LLC. Six source fields are retained after the original importer normalisation. Source URLs, roles and retrieval date are attributed original-import references and acquisition metadata. Separate Wikidata aliases, coordinates and dates are omitted from this public selection. Current status and physical accuracy are not independently established. Licence: https://creativecommons.org/licenses/by/4.0/
fusionbenchmark:large-helical-device	Large Helical Device		Japan				magnetic confinement	Stellarator	Shut down	National Institute for Fusion Science			https://www-pub.iaea.org/MTCD/Publications/PDF/CRCP-FUS-001webRev.pdf | https://fusionbenchmark.com/facility/large-helical-device/ | https://www.wikidata.org/wiki/Q1805916	independent | licensed aggregator | CC0 discovery/field source	2026-09-26	CC-BY-4.0 (FusionBenchmark compilation selection; linked sources retain their rights)	Historical compilation and classification reported by FusionBenchmark / Hadamard LLC. Six source fields are retained after the original importer normalisation. Source URLs, roles and retrieval date are attributed original-import references and acquisition metadata. Separate Wikidata aliases, coordinates and dates are omitted from this public selection. Current status and physical accuracy are not independently established. Licence: https://creativecommons.org/licenses/by/4.0/
fusionbenchmark:late	LATE		Japan				magnetic confinement	Spherical tokamak	Operating	Kyoto University			https://fusionbenchmark.com/facility/late/	licensed aggregator	2026-09-26	CC-BY-4.0 (FusionBenchmark compilation selection; linked sources retain their rights)	Historical compilation and classification reported by FusionBenchmark / Hadamard LLC. Six source fields are retained after the original importer normalisation. Source URLs, roles and retrieval date are attributed original-import references and acquisition metadata. Separate Wikidata aliases, coordinates and dates are omitted from this public selection. Current status and physical accuracy are not independently established. Licence: https://creativecommons.org/licenses/by/4.0/
fusionbenchmark:lfex	LFEX		Japan				inertial confinement	ICF	Operating	Osaka University			https://fusionbenchmark.com/facility/lfex/	licensed aggregator	2026-09-26	CC-BY-4.0 (FusionBenchmark compilation selection; linked sources retain their rights)	Historical compilation and classification reported by FusionBenchmark / Hadamard LLC. Six source fields are retained after the original importer normalisation. Source URLs, roles and retrieval date are attributed original-import references and acquisition metadata. Separate Wikidata aliases, coordinates and dates are omitted from this public selection. Current status and physical accuracy are not independently established. Licence: https://creativecommons.org/licenses/by/4.0/
fusionbenchmark:libtor	LIBTOR		LY				magnetic confinement	Tokamak	Operating	Tajoura Nuclear Research Centre			https://www-pub.iaea.org/MTCD/Publications/PDF/CRCP-FUS-001webRev.pdf | https://fusionbenchmark.com/facility/libtor/	independent | licensed aggregator	2026-09-26	CC-BY-4.0 (FusionBenchmark compilation selection; linked sources retain their rights)	Historical compilation and classification reported by FusionBenchmark / Hadamard LLC. Six source fields are retained after the original importer normalisation. Source URLs, roles and retrieval date are attributed original-import references and acquisition metadata. Separate Wikidata aliases, coordinates and dates are omitted from this public selection. Current status and physical accuracy are not independently established. Licence: https://creativecommons.org/licenses/by/4.0/
fusionbenchmark:lmj	LMJ		France				inertial confinement	ICF	Operating	CEA			https://fusionbenchmark.com/facility/lmj/	licensed aggregator	2026-09-26	CC-BY-4.0 (FusionBenchmark compilation selection; linked sources retain their rights)	Historical compilation and classification reported by FusionBenchmark / Hadamard LLC. Six source fields are retained after the original importer normalisation. Source URLs, roles and retrieval date are attributed original-import references and acquisition metadata. Separate Wikidata aliases, coordinates and dates are omitted from this public selection. Current status and physical accuracy are not independently established. Licence: https://creativecommons.org/licenses/by/4.0/
fusionbenchmark:ltx-beta	LTX-β		United States				magnetic confinement	Tokamak	Operating	Princeton Plasma Physics Laboratory			https://fusionbenchmark.com/facility/ltx-beta/	licensed aggregator	2026-09-26	CC-BY-4.0 (FusionBenchmark compilation selection; linked sources retain their rights)	Historical compilation and classification reported by FusionBenchmark / Hadamard LLC. Six source fields are retained after the original importer normalisation. Source URLs, roles and retrieval date are attributed original-import references and acquisition metadata. Separate Wikidata aliases, coordinates and dates are omitted from this public selection. Current status and physical accuracy are not independently established. Licence: https://creativecommons.org/licenses/by/4.0/
fusionbenchmark:marvel-atlas	ATLAS (Marvel Fusion)		United States				inertial confinement	ICF	Under construction	Marvel Fusion			https://fusionbenchmark.com/facility/marvel-atlas/	licensed aggregator	2026-09-26	CC-BY-4.0 (FusionBenchmark compilation selection; linked sources retain their rights)	Historical compilation and classification reported by FusionBenchmark / Hadamard LLC. Six source fields are retained after the original importer normalisation. Source URLs, roles and retrieval date are attributed original-import references and acquisition metadata. Separate Wikidata aliases, coordinates and dates are omitted from this public selection. Current status and physical accuracy are not independently established. Licence: https://creativecommons.org/licenses/by/4.0/
fusionbenchmark:mast-u	MAST-U		United Kingdom				magnetic confinement	Spherical tokamak	Operating	UK Atomic Energy Authority			https://www-pub.iaea.org/MTCD/Publications/PDF/CRCP-FUS-001webRev.pdf | https://fusionbenchmark.com/facility/mast-u/	independent | licensed aggregator	2026-09-26	CC-BY-4.0 (FusionBenchmark compilation selection; linked sources retain their rights)	Historical compilation and classification reported by FusionBenchmark / Hadamard LLC. Six source fields are retained after the original importer normalisation. Source URLs, roles and retrieval date are attributed original-import references and acquisition metadata. Separate Wikidata aliases, coordinates and dates are omitted from this public selection. Current status and physical accuracy are not independently established. Licence: https://creativecommons.org/licenses/by/4.0/
fusionbenchmark:mast	MAST		unknown				magnetic confinement	Spherical tokamak	Shut down	unknown			https://arxiv.org/abs/2505.03834 | https://fusionbenchmark.com/facility/mast/ | https://www.wikidata.org/wiki/Q1916962	independent | licensed aggregator | CC0 discovery/field source	2026-09-26	CC-BY-4.0 (FusionBenchmark compilation selection; linked sources retain their rights)	Historical compilation and classification reported by FusionBenchmark / Hadamard LLC. Six source fields are retained after the original importer normalisation. Source URLs, roles and retrieval date are attributed original-import references and acquisition metadata. Separate Wikidata aliases, coordinates and dates are omitted from this public selection. Current status and physical accuracy are not independently established. Licence: https://creativecommons.org/licenses/by/4.0/
fusionbenchmark:medusa-cr	MEDUSA-CR		Costa Rica				magnetic confinement	Spherical tokamak	Operating	Instituto Tecnológico de Costa Rica			https://www-pub.iaea.org/MTCD/Publications/PDF/CRCP-FUS-001webRev.pdf | https://fusionbenchmark.com/facility/medusa-cr/	independent | licensed aggregator	2026-09-26	CC-BY-4.0 (FusionBenchmark compilation selection; linked sources retain their rights)	Historical compilation and classification reported by FusionBenchmark / Hadamard LLC. Six source fields are retained after the original importer normalisation. Source URLs, roles and retrieval date are attributed original-import references and acquisition metadata. Separate Wikidata aliases, coordinates and dates are omitted from this public selection. Current status and physical accuracy are not independently established. Licence: https://creativecommons.org/licenses/by/4.0/
fusionbenchmark:mifti	MIFTI		United States				pinch confinement	Z-pinch	Planned	Magneto-Inertial Fusion Technologies, Inc.			https://fusionbenchmark.com/facility/mifti/	licensed aggregator	2026-09-26	CC-BY-4.0 (FusionBenchmark compilation selection; linked sources retain their rights)	Historical compilation and classification reported by FusionBenchmark / Hadamard LLC. Six source fields are retained after the original importer normalisation. Source URLs, roles and retrieval date are attributed original-import references and acquisition metadata. Separate Wikidata aliases, coordinates and dates are omitted from this public selection. Current status and physical accuracy are not independently established. Licence: https://creativecommons.org/licenses/by/4.0/
fusionbenchmark:mst	MST		United States				magnetic confinement	Reversed-field pinch	Operating	University of Wisconsin-Madison			https://fusionbenchmark.com/facility/mst/	licensed aggregator	2026-09-26	CC-BY-4.0 (FusionBenchmark compilation selection; linked sources retain their rights)	Historical compilation and classification reported by FusionBenchmark / Hadamard LLC. Six source fields are retained after the original importer normalisation. Source URLs, roles and retrieval date are attributed original-import references and acquisition metadata. Separate Wikidata aliases, coordinates and dates are omitted from this public selection. Current status and physical accuracy are not independently established. Licence: https://creativecommons.org/licenses/by/4.0/
fusionbenchmark:mt-1	MT-1		Pakistan				magnetic confinement	Spherical tokamak	Operating	Pakistan Atomic Energy Commission			https://www-pub.iaea.org/MTCD/Publications/PDF/CRCP-FUS-001webRev.pdf | https://fusionbenchmark.com/facility/mt-1/	independent | licensed aggregator	2026-09-26	CC-BY-4.0 (FusionBenchmark compilation selection; linked sources retain their rights)	Historical compilation and classification reported by FusionBenchmark / Hadamard LLC. Six source fields are retained after the original importer normalisation. Source URLs, roles and retrieval date are attributed original-import references and acquisition metadata. Separate Wikidata aliases, coordinates and dates are omitted from this public selection. Current status and physical accuracy are not independently established. Licence: https://creativecommons.org/licenses/by/4.0/
fusionbenchmark:mt-2	MT-2		Pakistan				magnetic confinement	Spherical tokamak	Under construction	Pakistan Atomic Energy Commission			https://fusionbenchmark.com/facility/mt-2/	licensed aggregator	2026-09-26	CC-BY-4.0 (FusionBenchmark compilation selection; linked sources retain their rights)	Historical compilation and classification reported by FusionBenchmark / Hadamard LLC. Six source fields are retained after the original importer normalisation. Source URLs, roles and retrieval date are attributed original-import references and acquisition metadata. Separate Wikidata aliases, coordinates and dates are omitted from this public selection. Current status and physical accuracy are not independently established. Licence: https://creativecommons.org/licenses/by/4.0/
fusionbenchmark:national-ignition-facility	National Ignition Facility		United States				inertial confinement	Laser ICF, indirect drive	Operating	Lawrence Livermore National Laboratory			https://lasers.llnl.gov/science/achieving-fusion-ignition | https://fusionbenchmark.com/facility/national-ignition-facility/	operator | licensed aggregator	2026-09-26	CC-BY-4.0 (FusionBenchmark compilation selection; linked sources retain their rights)	Historical compilation and classification reported by FusionBenchmark / Hadamard LLC. Six source fields are retained after the original importer normalisation. Source URLs, roles and retrieval date are attributed original-import references and acquisition metadata. Separate Wikidata aliases, coordinates and dates are omitted from this public selection. Current status and physical accuracy are not independently established. Licence: https://creativecommons.org/licenses/by/4.0/
fusionbenchmark:norm	Norm		United States				magnetic confinement	FRC	Operating	TAE Technologies			https://fusionbenchmark.com/facility/norm/	licensed aggregator	2026-09-26	CC-BY-4.0 (FusionBenchmark compilation selection; linked sources retain their rights)	Historical compilation and classification reported by FusionBenchmark / Hadamard LLC. Six source fields are retained after the original importer normalisation. Source URLs, roles and retrieval date are attributed original-import references and acquisition metadata. Separate Wikidata aliases, coordinates and dates are omitted from this public selection. Current status and physical accuracy are not independently established. Licence: https://creativecommons.org/licenses/by/4.0/
fusionbenchmark:norman	NORMAN		United States				magnetic confinement	FRC	Operating	TAE Technologies			https://fusionbenchmark.com/facility/norman/	licensed aggregator	2026-09-26	CC-BY-4.0 (FusionBenchmark compilation selection; linked sources retain their rights)	Historical compilation and classification reported by FusionBenchmark / Hadamard LLC. Six source fields are retained after the original importer normalisation. Source URLs, roles and retrieval date are attributed original-import references and acquisition metadata. Separate Wikidata aliases, coordinates and dates are omitted from this public selection. Current status and physical accuracy are not independently established. Licence: https://creativecommons.org/licenses/by/4.0/
fusionbenchmark:north	NORTH		Denmark				magnetic confinement	Spherical tokamak	Operating	Technical University of Denmark			https://www-pub.iaea.org/MTCD/Publications/PDF/CRCP-FUS-001webRev.pdf | https://fusionbenchmark.com/facility/north/	independent | licensed aggregator	2026-09-26	CC-BY-4.0 (FusionBenchmark compilation selection; linked sources retain their rights)	Historical compilation and classification reported by FusionBenchmark / Hadamard LLC. Six source fields are retained after the original importer normalisation. Source URLs, roles and retrieval date are attributed original-import references and acquisition metadata. Separate Wikidata aliases, coordinates and dates are omitted from this public selection. Current status and physical accuracy are not independently established. Licence: https://creativecommons.org/licenses/by/4.0/
fusionbenchmark:nova-furg	NOVA-FURG		Brazil				magnetic confinement	Tokamak	Operating	Federal University of Espírito Santo			https://www-pub.iaea.org/MTCD/Publications/PDF/CRCP-FUS-001webRev.pdf | https://fusionbenchmark.com/facility/nova-furg/	independent | licensed aggregator	2026-09-26	CC-BY-4.0 (FusionBenchmark compilation selection; linked sources retain their rights)	Historical compilation and classification reported by FusionBenchmark / Hadamard LLC. Six source fields are retained after the original importer normalisation. Source URLs, roles and retrieval date are attributed original-import references and acquisition metadata. Separate Wikidata aliases, coordinates and dates are omitted from this public selection. Current status and physical accuracy are not independently established. Licence: https://creativecommons.org/licenses/by/4.0/
fusionbenchmark:nstx-u	NSTX-U		United States				magnetic confinement	Spherical tokamak	Under construction	Princeton Plasma Physics Laboratory			https://www-pub.iaea.org/MTCD/Publications/PDF/CRCP-FUS-001webRev.pdf | https://fusionbenchmark.com/facility/nstx-u/ | https://www.wikidata.org/wiki/Q3873195	independent | licensed aggregator | CC0 discovery/field source	2026-09-26	CC-BY-4.0 (FusionBenchmark compilation selection; linked sources retain their rights)	Historical compilation and classification reported by FusionBenchmark / Hadamard LLC. Six source fields are retained after the original importer normalisation. Source URLs, roles and retrieval date are attributed original-import references and acquisition metadata. Separate Wikidata aliases, coordinates and dates are omitted from this public selection. Current status and physical accuracy are not independently established. Licence: https://creativecommons.org/licenses/by/4.0/
fusionbenchmark:nstx	NSTX		unknown				magnetic confinement	Spherical tokamak	Shut down	unknown			https://arxiv.org/abs/2505.03834 | https://fusionbenchmark.com/facility/nstx/ | https://www.wikidata.org/wiki/Q3873195	independent | licensed aggregator | CC0 discovery/field source	2026-09-26	CC-BY-4.0 (FusionBenchmark compilation selection; linked sources retain their rights)	Historical compilation and classification reported by FusionBenchmark / Hadamard LLC. Six source fields are retained after the original importer normalisation. Source URLs, roles and retrieval date are attributed original-import references and acquisition metadata. Separate Wikidata aliases, coordinates and dates are omitted from this public selection. Current status and physical accuracy are not independently established. Licence: https://creativecommons.org/licenses/by/4.0/
fusionbenchmark:omega	OMEGA		United States				inertial confinement	Laser ICF, direct drive	Operating	University of Rochester Laboratory for Laser Energetics			https://arxiv.org/abs/2505.03834 | https://fusionbenchmark.com/facility/omega/	independent | licensed aggregator	2026-09-26	CC-BY-4.0 (FusionBenchmark compilation selection; linked sources retain their rights)	Historical compilation and classification reported by FusionBenchmark / Hadamard LLC. Six source fields are retained after the original importer normalisation. Source URLs, roles and retrieval date are attributed original-import references and acquisition metadata. Separate Wikidata aliases, coordinates and dates are omitted from this public selection. Current status and physical accuracy are not independently established. Licence: https://creativecommons.org/licenses/by/4.0/
fusionbenchmark:pegasus-iii	PEGASUS-III		United States				magnetic confinement	Spherical tokamak	Operating	University of Wisconsin-Madison			https://www-pub.iaea.org/MTCD/Publications/PDF/CRCP-FUS-001webRev.pdf | https://fusionbenchmark.com/facility/pegasus-iii/	independent | licensed aggregator	2026-09-26	CC-BY-4.0 (FusionBenchmark compilation selection; linked sources retain their rights)	Historical compilation and classification reported by FusionBenchmark / Hadamard LLC. Six source fields are retained after the original importer normalisation. Source URLs, roles and retrieval date are attributed original-import references and acquisition metadata. Separate Wikidata aliases, coordinates and dates are omitted from this public selection. Current status and physical accuracy are not independently established. Licence: https://creativecommons.org/licenses/by/4.0/
fusionbenchmark:pfrc	PFRC		United States				magnetic confinement	FRC	Planned	Princeton Fusion Systems			https://fusionbenchmark.com/facility/pfrc/	licensed aggregator	2026-09-26	CC-BY-4.0 (FusionBenchmark compilation selection; linked sources retain their rights)	Historical compilation and classification reported by FusionBenchmark / Hadamard LLC. Six source fields are retained after the original importer normalisation. Source URLs, roles and retrieval date are attributed original-import references and acquisition metadata. Separate Wikidata aliases, coordinates and dates are omitted from this public selection. Current status and physical accuracy are not independently established. Licence: https://creativecommons.org/licenses/by/4.0/
fusionbenchmark:phix	PHIX		Japan				magnetic confinement	Tokamak	Operating	Institute of Science Tokyo			https://www-pub.iaea.org/MTCD/Publications/PDF/CRCP-FUS-001webRev.pdf | https://fusionbenchmark.com/facility/phix/	independent | licensed aggregator	2026-09-26	CC-BY-4.0 (FusionBenchmark compilation selection; linked sources retain their rights)	Historical compilation and classification reported by FusionBenchmark / Hadamard LLC. Six source fields are retained after the original importer normalisation. Source URLs, roles and retrieval date are attributed original-import references and acquisition metadata. Separate Wikidata aliases, coordinates and dates are omitted from this public selection. Current status and physical accuracy are not independently established. Licence: https://creativecommons.org/licenses/by/4.0/
fusionbenchmark:pilot-gamma-pdx-sc	PILOT GAMMA PDX-SC		Japan				magnetic confinement	Magnetic mirror	Under construction	University of Tsukuba			https://fusionbenchmark.com/facility/pilot-gamma-pdx-sc/	licensed aggregator	2026-09-26	CC-BY-4.0 (FusionBenchmark compilation selection; linked sources retain their rights)	Historical compilation and classification reported by FusionBenchmark / Hadamard LLC. Six source fields are retained after the original importer normalisation. Source URLs, roles and retrieval date are attributed original-import references and acquisition metadata. Separate Wikidata aliases, coordinates and dates are omitted from this public selection. Current status and physical accuracy are not independently established. Licence: https://creativecommons.org/licenses/by/4.0/
fusionbenchmark:pjmif	PJMIF		United States				magneto-inertial fusion	Magnetized target	Planned	Hyperjet Fusion Corporation			https://fusionbenchmark.com/facility/pjmif/	licensed aggregator	2026-09-26	CC-BY-4.0 (FusionBenchmark compilation selection; linked sources retain their rights)	Historical compilation and classification reported by FusionBenchmark / Hadamard LLC. Six source fields are retained after the original importer normalisation. Source URLs, roles and retrieval date are attributed original-import references and acquisition metadata. Separate Wikidata aliases, coordinates and dates are omitted from this public selection. Current status and physical accuracy are not independently established. Licence: https://creativecommons.org/licenses/by/4.0/
fusionbenchmark:plato	PLATO		Japan				magnetic confinement	Tokamak	Planned	Kyushu University			https://www-pub.iaea.org/MTCD/Publications/PDF/CRCP-FUS-001webRev.pdf | https://fusionbenchmark.com/facility/plato/	independent | licensed aggregator	2026-09-26	CC-BY-4.0 (FusionBenchmark compilation selection; linked sources retain their rights)	Historical compilation and classification reported by FusionBenchmark / Hadamard LLC. Six source fields are retained after the original importer normalisation. Source URLs, roles and retrieval date are attributed original-import references and acquisition metadata. Separate Wikidata aliases, coordinates and dates are omitted from this public selection. Current status and physical accuracy are not independently established. Licence: https://creativecommons.org/licenses/by/4.0/
fusionbenchmark:plt	PLT		unknown				magnetic confinement	Tokamak	Shut down	unknown			https://arxiv.org/abs/2505.03834 | https://fusionbenchmark.com/facility/plt/	independent | licensed aggregator	2026-09-26	CC-BY-4.0 (FusionBenchmark compilation selection; linked sources retain their rights)	Historical compilation and classification reported by FusionBenchmark / Hadamard LLC. Six source fields are retained after the original importer normalisation. Source URLs, roles and retrieval date are attributed original-import references and acquisition metadata. Separate Wikidata aliases, coordinates and dates are omitted from this public selection. Current status and physical accuracy are not independently established. Licence: https://creativecommons.org/licenses/by/4.0/
fusionbenchmark:polaris	POLARIS		United States				magnetic confinement	FRC	Operating	Helion Energy			https://fusionbenchmark.com/facility/polaris/	licensed aggregator	2026-09-26	CC-BY-4.0 (FusionBenchmark compilation selection; linked sources retain their rights)	Historical compilation and classification reported by FusionBenchmark / Hadamard LLC. Six source fields are retained after the original importer normalisation. Source URLs, roles and retrieval date are attributed original-import references and acquisition metadata. Separate Wikidata aliases, coordinates and dates are omitted from this public selection. Current status and physical accuracy are not independently established. Licence: https://creativecommons.org/licenses/by/4.0/
fusionbenchmark:proxima-alpha	Alpha (Proxima Fusion)		Germany				magnetic confinement	Stellarator	Planned	Proxima Fusion			https://fusionbenchmark.com/facility/proxima-alpha/	licensed aggregator	2026-09-26	CC-BY-4.0 (FusionBenchmark compilation selection; linked sources retain their rights)	Historical compilation and classification reported by FusionBenchmark / Hadamard LLC. Six source fields are retained after the original importer normalisation. Source URLs, roles and retrieval date are attributed original-import references and acquisition metadata. Separate Wikidata aliases, coordinates and dates are omitted from this public selection. Current status and physical accuracy are not independently established. Licence: https://creativecommons.org/licenses/by/4.0/
fusionbenchmark:pst	PST		Pakistan				magnetic confinement	Spherical tokamak	Planned	Pakistan Atomic Energy Commission			https://www-pub.iaea.org/MTCD/Publications/PDF/CRCP-FUS-001webRev.pdf | https://fusionbenchmark.com/facility/pst/	independent | licensed aggregator	2026-09-26	CC-BY-4.0 (FusionBenchmark compilation selection; linked sources retain their rights)	Historical compilation and classification reported by FusionBenchmark / Hadamard LLC. Six source fields are retained after the original importer normalisation. Source URLs, roles and retrieval date are attributed original-import references and acquisition metadata. Separate Wikidata aliases, coordinates and dates are omitted from this public selection. Current status and physical accuracy are not independently established. Licence: https://creativecommons.org/licenses/by/4.0/
fusionbenchmark:quest	QUEST		Japan				magnetic confinement	Spherical tokamak	Operating	Kyushu University			https://www-pub.iaea.org/MTCD/Publications/PDF/CRCP-FUS-001webRev.pdf | https://fusionbenchmark.com/facility/quest/ | https://www.wikidata.org/wiki/Q85204528	independent | licensed aggregator | CC0 discovery/field source	2026-09-26	CC-BY-4.0 (FusionBenchmark compilation selection; linked sources retain their rights)	Historical compilation and classification reported by FusionBenchmark / Hadamard LLC. Six source fields are retained after the original importer normalisation. Source URLs, roles and retrieval date are attributed original-import references and acquisition metadata. Separate Wikidata aliases, coordinates and dates are omitted from this public selection. Current status and physical accuracy are not independently established. Licence: https://creativecommons.org/licenses/by/4.0/
fusionbenchmark:relax	RELAX		Japan				magnetic confinement	Reversed-field pinch	Operating	Kyoto Institute of Technology			https://www-pub.iaea.org/MTCD/Publications/PDF/CRCP-FUS-001webRev.pdf | https://fusionbenchmark.com/facility/relax/	independent | licensed aggregator	2026-09-26	CC-BY-4.0 (FusionBenchmark compilation selection; linked sources retain their rights)	Historical compilation and classification reported by FusionBenchmark / Hadamard LLC. Six source fields are retained after the original importer normalisation. Source URLs, roles and retrieval date are attributed original-import references and acquisition metadata. Separate Wikidata aliases, coordinates and dates are omitted from this public selection. Current status and physical accuracy are not independently established. Licence: https://creativecommons.org/licenses/by/4.0/
fusionbenchmark:rfx	RFX		Italy				magnetic confinement	Reversed-field pinch	Under construction	Consorzio RFX			https://www-pub.iaea.org/MTCD/Publications/PDF/CRCP-FUS-001webRev.pdf | https://fusionbenchmark.com/facility/rfx/	independent | licensed aggregator	2026-09-26	CC-BY-4.0 (FusionBenchmark compilation selection; linked sources retain their rights)	Historical compilation and classification reported by FusionBenchmark / Hadamard LLC. Six source fields are retained after the original importer normalisation. Source URLs, roles and retrieval date are attributed original-import references and acquisition metadata. Separate Wikidata aliases, coordinates and dates are omitted from this public selection. Current status and physical accuracy are not independently established. Licence: https://creativecommons.org/licenses/by/4.0/
fusionbenchmark:rt-1	RT-1		Japan				magnetic confinement	Levitated dipole	Operating	The University of Tokyo			https://fusionbenchmark.com/facility/rt-1/	licensed aggregator	2026-09-26	CC-BY-4.0 (FusionBenchmark compilation selection; linked sources retain their rights)	Historical compilation and classification reported by FusionBenchmark / Hadamard LLC. Six source fields are retained after the original importer normalisation. Source URLs, roles and retrieval date are attributed original-import references and acquisition metadata. Separate Wikidata aliases, coordinates and dates are omitted from this public selection. Current status and physical accuracy are not independently established. Licence: https://creativecommons.org/licenses/by/4.0/
fusionbenchmark:scr-1	SCR-1		Costa Rica				magnetic confinement	Stellarator	Operating	Instituto Tecnológico de Costa Rica			https://www-pub.iaea.org/MTCD/Publications/PDF/CRCP-FUS-001webRev.pdf | https://fusionbenchmark.com/facility/scr-1/	independent | licensed aggregator	2026-09-26	CC-BY-4.0 (FusionBenchmark compilation selection; linked sources retain their rights)	Historical compilation and classification reported by FusionBenchmark / Hadamard LLC. Six source fields are retained after the original importer normalisation. Source URLs, roles and retrieval date are attributed original-import references and acquisition metadata. Separate Wikidata aliases, coordinates and dates are omitted from this public selection. Current status and physical accuracy are not independently established. Licence: https://creativecommons.org/licenses/by/4.0/
fusionbenchmark:smart	SMART		Spain				magnetic confinement	Spherical tokamak	Operating	University of Seville			https://www-pub.iaea.org/MTCD/Publications/PDF/CRCP-FUS-001webRev.pdf | https://fusionbenchmark.com/facility/smart/	independent | licensed aggregator	2026-09-26	CC-BY-4.0 (FusionBenchmark compilation selection; linked sources retain their rights)	Historical compilation and classification reported by FusionBenchmark / Hadamard LLC. Six source fields are retained after the original importer normalisation. Source URLs, roles and retrieval date are attributed original-import references and acquisition metadata. Separate Wikidata aliases, coordinates and dates are omitted from this public selection. Current status and physical accuracy are not independently established. Licence: https://creativecommons.org/licenses/by/4.0/
fusionbenchmark:smola	SMOLA		Russia				magnetic confinement	Magnetic mirror	Operating	Budker Institute of Nuclear Physics			https://fusionbenchmark.com/facility/smola/	licensed aggregator	2026-09-26	CC-BY-4.0 (FusionBenchmark compilation selection; linked sources retain their rights)	Historical compilation and classification reported by FusionBenchmark / Hadamard LLC. Six source fields are retained after the original importer normalisation. Source URLs, roles and retrieval date are attributed original-import references and acquisition metadata. Separate Wikidata aliases, coordinates and dates are omitted from this public selection. Current status and physical accuracy are not independently established. Licence: https://creativecommons.org/licenses/by/4.0/
fusionbenchmark:sparc	SPARC		United States				magnetic confinement	Tokamak	Under construction	Commonwealth Fusion Systems			https://cfs.energy/technology/sparc/ | https://fusionbenchmark.com/facility/sparc/ | https://www.wikidata.org/wiki/Q55632234	operator | licensed aggregator | CC0 discovery/field source	2026-09-26	CC-BY-4.0 (FusionBenchmark compilation selection; linked sources retain their rights)	Historical compilation and classification reported by FusionBenchmark / Hadamard LLC. Six source fields are retained after the original importer normalisation. Source URLs, roles and retrieval date are attributed original-import references and acquisition metadata. Separate Wikidata aliases, coordinates and dates are omitted from this public selection. Current status and physical accuracy are not independently established. Licence: https://creativecommons.org/licenses/by/4.0/
fusionbenchmark:ssst	SSST		India				magnetic confinement	Spherical tokamak	Under construction	Institute for Plasma Research			https://www-pub.iaea.org/MTCD/Publications/PDF/CRCP-FUS-001webRev.pdf | https://fusionbenchmark.com/facility/ssst/	independent | licensed aggregator	2026-09-26	CC-BY-4.0 (FusionBenchmark compilation selection; linked sources retain their rights)	Historical compilation and classification reported by FusionBenchmark / Hadamard LLC. Six source fields are retained after the original importer normalisation. Source URLs, roles and retrieval date are attributed original-import references and acquisition metadata. Separate Wikidata aliases, coordinates and dates are omitted from this public selection. Current status and physical accuracy are not independently established. Licence: https://creativecommons.org/licenses/by/4.0/
fusionbenchmark:sst-1	SST-1		India				magnetic confinement	Tokamak	Operating	Institute for Plasma Research			https://www-pub.iaea.org/MTCD/Publications/PDF/CRCP-FUS-001webRev.pdf | https://fusionbenchmark.com/facility/sst-1/	independent | licensed aggregator	2026-09-26	CC-BY-4.0 (FusionBenchmark compilation selection; linked sources retain their rights)	Historical compilation and classification reported by FusionBenchmark / Hadamard LLC. Six source fields are retained after the original importer normalisation. Source URLs, roles and retrieval date are attributed original-import references and acquisition metadata. Separate Wikidata aliases, coordinates and dates are omitted from this public selection. Current status and physical accuracy are not independently established. Licence: https://creativecommons.org/licenses/by/4.0/
fusionbenchmark:st-princeton	ST		unknown				magnetic confinement	Tokamak	Shut down	unknown			https://arxiv.org/abs/2505.03834 | https://fusionbenchmark.com/facility/st-princeton/	independent | licensed aggregator	2026-09-26	CC-BY-4.0 (FusionBenchmark compilation selection; linked sources retain their rights)	Historical compilation and classification reported by FusionBenchmark / Hadamard LLC. Six source fields are retained after the original importer normalisation. Source URLs, roles and retrieval date are attributed original-import references and acquisition metadata. Separate Wikidata aliases, coordinates and dates are omitted from this public selection. Current status and physical accuracy are not independently established. Licence: https://creativecommons.org/licenses/by/4.0/
fusionbenchmark:st40	ST40		United Kingdom				magnetic confinement	Spherical tokamak	Operating	Tokamak Energy			https://iopscience.iop.org/article/10.1088/1741-4326/acbec8 | https://fusionbenchmark.com/facility/st40/	operator | licensed aggregator	2026-09-26	CC-BY-4.0 (FusionBenchmark compilation selection; linked sources retain their rights)	Historical compilation and classification reported by FusionBenchmark / Hadamard LLC. Six source fields are retained after the original importer normalisation. Source URLs, roles and retrieval date are attributed original-import references and acquisition metadata. Separate Wikidata aliases, coordinates and dates are omitted from this public selection. Current status and physical accuracy are not independently established. Licence: https://creativecommons.org/licenses/by/4.0/
fusionbenchmark:start	START		unknown				magnetic confinement	Spherical tokamak	Shut down	unknown			https://arxiv.org/abs/2505.03834 | https://fusionbenchmark.com/facility/start/ | https://www.wikidata.org/wiki/Q17093237	independent | licensed aggregator | CC0 discovery/field source	2026-09-26	CC-BY-4.0 (FusionBenchmark compilation selection; linked sources retain their rights)	Historical compilation and classification reported by FusionBenchmark / Hadamard LLC. Six source fields are retained after the original importer normalisation. Source URLs, roles and retrieval date are attributed original-import references and acquisition metadata. Separate Wikidata aliases, coordinates and dates are omitted from this public selection. Current status and physical accuracy are not independently established. Licence: https://creativecommons.org/licenses/by/4.0/
fusionbenchmark:stellaris	Stellaris		Germany				magnetic confinement	Stellarator	Planned	Proxima Fusion			https://fusionbenchmark.com/facility/stellaris/	licensed aggregator	2026-09-26	CC-BY-4.0 (FusionBenchmark compilation selection; linked sources retain their rights)	Historical compilation and classification reported by FusionBenchmark / Hadamard LLC. Six source fields are retained after the original importer normalisation. Source URLs, roles and retrieval date are attributed original-import references and acquisition metadata. Separate Wikidata aliases, coordinates and dates are omitted from this public selection. Current status and physical accuracy are not independently established. Licence: https://creativecommons.org/licenses/by/4.0/
fusionbenchmark:step	STEP		United Kingdom				magnetic confinement	Spherical tokamak	Planned	STEP			https://fusionbenchmark.com/facility/step/	licensed aggregator	2026-09-26	CC-BY-4.0 (FusionBenchmark compilation selection; linked sources retain their rights)	Historical compilation and classification reported by FusionBenchmark / Hadamard LLC. Six source fields are retained after the original importer normalisation. Source URLs, roles and retrieval date are attributed original-import references and acquisition metadata. Separate Wikidata aliases, coordinates and dates are omitted from this public selection. Current status and physical accuracy are not independently established. Licence: https://creativecommons.org/licenses/by/4.0/
fusionbenchmark:stor-m	STOR-M		Canada				magnetic confinement	Tokamak	Operating	University of Saskatchewan			https://research-groups.usask.ca/plasma-physics/research-programs.php | https://fusionbenchmark.com/facility/stor-m/	operator | licensed aggregator	2026-09-26	CC-BY-4.0 (FusionBenchmark compilation selection; linked sources retain their rights)	Historical compilation and classification reported by FusionBenchmark / Hadamard LLC. Six source fields are retained after the original importer normalisation. Source URLs, roles and retrieval date are attributed original-import references and acquisition metadata. Separate Wikidata aliases, coordinates and dates are omitted from this public selection. Current status and physical accuracy are not independently established. Licence: https://creativecommons.org/licenses/by/4.0/
fusionbenchmark:sunist-1	SUNIST-1		China				magnetic confinement	Spherical tokamak	Operating	Tsinghua University			https://www-pub.iaea.org/MTCD/Publications/PDF/CRCP-FUS-001webRev.pdf | https://fusionbenchmark.com/facility/sunist-1/	independent | licensed aggregator	2026-09-26	CC-BY-4.0 (FusionBenchmark compilation selection; linked sources retain their rights)	Historical compilation and classification reported by FusionBenchmark / Hadamard LLC. Six source fields are retained after the original importer normalisation. Source URLs, roles and retrieval date are attributed original-import references and acquisition metadata. Separate Wikidata aliases, coordinates and dates are omitted from this public selection. Current status and physical accuracy are not independently established. Licence: https://creativecommons.org/licenses/by/4.0/
fusionbenchmark:t-11m	T-11M		Russia				magnetic confinement	Tokamak	Operating	Troitsk Institute for Innovation and Fusion Research			https://www-pub.iaea.org/MTCD/Publications/PDF/CRCP-FUS-001webRev.pdf | https://fusionbenchmark.com/facility/t-11m/	independent | licensed aggregator	2026-09-26	CC-BY-4.0 (FusionBenchmark compilation selection; linked sources retain their rights)	Historical compilation and classification reported by FusionBenchmark / Hadamard LLC. Six source fields are retained after the original importer normalisation. Source URLs, roles and retrieval date are attributed original-import references and acquisition metadata. Separate Wikidata aliases, coordinates and dates are omitted from this public selection. Current status and physical accuracy are not independently established. Licence: https://creativecommons.org/licenses/by/4.0/
fusionbenchmark:t-15md	T-15MD		Russia				magnetic confinement	Tokamak	Operating	National Research Centre Kurchatov Institute			https://www-pub.iaea.org/MTCD/Publications/PDF/CRCP-FUS-001webRev.pdf | https://fusionbenchmark.com/facility/t-15md/	independent | licensed aggregator	2026-09-26	CC-BY-4.0 (FusionBenchmark compilation selection; linked sources retain their rights)	Historical compilation and classification reported by FusionBenchmark / Hadamard LLC. Six source fields are retained after the original importer normalisation. Source URLs, roles and retrieval date are attributed original-import references and acquisition metadata. Separate Wikidata aliases, coordinates and dates are omitted from this public selection. Current status and physical accuracy are not independently established. Licence: https://creativecommons.org/licenses/by/4.0/
fusionbenchmark:t-3	T-3		unknown				magnetic confinement	Tokamak	Shut down	unknown			https://arxiv.org/abs/2505.03834 | https://fusionbenchmark.com/facility/t-3/	independent | licensed aggregator	2026-09-26	CC-BY-4.0 (FusionBenchmark compilation selection; linked sources retain their rights)	Historical compilation and classification reported by FusionBenchmark / Hadamard LLC. Six source fields are retained after the original importer normalisation. Source URLs, roles and retrieval date are attributed original-import references and acquisition metadata. Separate Wikidata aliases, coordinates and dates are omitted from this public selection. Current status and physical accuracy are not independently established. Licence: https://creativecommons.org/licenses/by/4.0/
fusionbenchmark:tcabr	TCABR		Brazil				magnetic confinement	Tokamak	Operating	University of São Paulo			https://www-pub.iaea.org/MTCD/Publications/PDF/CRCP-FUS-001webRev.pdf | https://fusionbenchmark.com/facility/tcabr/	independent | licensed aggregator	2026-09-26	CC-BY-4.0 (FusionBenchmark compilation selection; linked sources retain their rights)	Historical compilation and classification reported by FusionBenchmark / Hadamard LLC. Six source fields are retained after the original importer normalisation. Source URLs, roles and retrieval date are attributed original-import references and acquisition metadata. Separate Wikidata aliases, coordinates and dates are omitted from this public selection. Current status and physical accuracy are not independently established. Licence: https://creativecommons.org/licenses/by/4.0/
fusionbenchmark:tcv	TCV		Switzerland				magnetic confinement	Tokamak	Operating	Swiss Plasma Center			https://www-pub.iaea.org/MTCD/Publications/PDF/CRCP-FUS-001webRev.pdf | https://fusionbenchmark.com/facility/tcv/ | https://www.wikidata.org/wiki/Q2438912	independent | licensed aggregator | CC0 discovery/field source	2026-09-26	CC-BY-4.0 (FusionBenchmark compilation selection; linked sources retain their rights)	Historical compilation and classification reported by FusionBenchmark / Hadamard LLC. Six source fields are retained after the original importer normalisation. Source URLs, roles and retrieval date are attributed original-import references and acquisition metadata. Separate Wikidata aliases, coordinates and dates are omitted from this public selection. Current status and physical accuracy are not independently established. Licence: https://creativecommons.org/licenses/by/4.0/
fusionbenchmark:tfr	TFR		unknown				magnetic confinement	Tokamak	Shut down	unknown			https://arxiv.org/abs/2505.03834 | https://fusionbenchmark.com/facility/tfr/	independent | licensed aggregator	2026-09-26	CC-BY-4.0 (FusionBenchmark compilation selection; linked sources retain their rights)	Historical compilation and classification reported by FusionBenchmark / Hadamard LLC. Six source fields are retained after the original importer normalisation. Source URLs, roles and retrieval date are attributed original-import references and acquisition metadata. Separate Wikidata aliases, coordinates and dates are omitted from this public selection. Current status and physical accuracy are not independently established. Licence: https://creativecommons.org/licenses/by/4.0/
fusionbenchmark:tftr	Tokamak Fusion Test Reactor		United States				magnetic confinement	Tokamak	Shut down	Princeton Plasma Physics Laboratory			https://www.pppl.gov/tokamak-fusion-test-reactor | https://fusionbenchmark.com/facility/tftr/ | https://www.wikidata.org/wiki/Q3277174	operator | licensed aggregator | CC0 discovery/field source	2026-09-26	CC-BY-4.0 (FusionBenchmark compilation selection; linked sources retain their rights)	Historical compilation and classification reported by FusionBenchmark / Hadamard LLC. Six source fields are retained after the original importer normalisation. Source URLs, roles and retrieval date are attributed original-import references and acquisition metadata. Separate Wikidata aliases, coordinates and dates are omitted from this public selection. Current status and physical accuracy are not independently established. Licence: https://creativecommons.org/licenses/by/4.0/
fusionbenchmark:tj-ii	TJ-II		Spain				magnetic confinement	Stellarator	Operating	CIEMAT			https://www-pub.iaea.org/MTCD/Publications/PDF/CRCP-FUS-001webRev.pdf | https://fusionbenchmark.com/facility/tj-ii/ | https://www.wikidata.org/wiki/Q22343749	independent | licensed aggregator | CC0 discovery/field source	2026-09-26	CC-BY-4.0 (FusionBenchmark compilation selection; linked sources retain their rights)	Historical compilation and classification reported by FusionBenchmark / Hadamard LLC. Six source fields are retained after the original importer normalisation. Source URLs, roles and retrieval date are attributed original-import references and acquisition metadata. Separate Wikidata aliases, coordinates and dates are omitted from this public selection. Current status and physical accuracy are not independently established. Licence: https://creativecommons.org/licenses/by/4.0/
fusionbenchmark:tj-k	TJ-K		Germany				magnetic confinement	Stellarator	Operating	University of Stuttgart			https://www-pub.iaea.org/MTCD/Publications/PDF/CRCP-FUS-001webRev.pdf | https://fusionbenchmark.com/facility/tj-k/ | https://www.wikidata.org/wiki/Q96572841	independent | licensed aggregator | CC0 discovery/field source	2026-09-26	CC-BY-4.0 (FusionBenchmark compilation selection; linked sources retain their rights)	Historical compilation and classification reported by FusionBenchmark / Hadamard LLC. Six source fields are retained after the original importer normalisation. Source URLs, roles and retrieval date are attributed original-import references and acquisition metadata. Separate Wikidata aliases, coordinates and dates are omitted from this public selection. Current status and physical accuracy are not independently established. Licence: https://creativecommons.org/licenses/by/4.0/
fusionbenchmark:tokastar-2	TOKASTAR-2		Japan				magnetic confinement	Tokamak	Operating	Nagoya University			https://www-pub.iaea.org/MTCD/Publications/PDF/CRCP-FUS-001webRev.pdf | https://fusionbenchmark.com/facility/tokastar-2/	independent | licensed aggregator	2026-09-26	CC-BY-4.0 (FusionBenchmark compilation selection; linked sources retain their rights)	Historical compilation and classification reported by FusionBenchmark / Hadamard LLC. Six source fields are retained after the original importer normalisation. Source URLs, roles and retrieval date are attributed original-import references and acquisition metadata. Separate Wikidata aliases, coordinates and dates are omitted from this public selection. Current status and physical accuracy are not independently established. Licence: https://creativecommons.org/licenses/by/4.0/
fusionbenchmark:torix	TORIX		France				magnetic confinement	MCF	Operating	École Polytechnique			https://www-pub.iaea.org/MTCD/Publications/PDF/CRCP-FUS-001webRev.pdf | https://fusionbenchmark.com/facility/torix/	independent | licensed aggregator	2026-09-26	CC-BY-4.0 (FusionBenchmark compilation selection; linked sources retain their rights)	Historical compilation and classification reported by FusionBenchmark / Hadamard LLC. Six source fields are retained after the original importer normalisation. Source URLs, roles and retrieval date are attributed original-import references and acquisition metadata. Separate Wikidata aliases, coordinates and dates are omitted from this public selection. Current status and physical accuracy are not independently established. Licence: https://creativecommons.org/licenses/by/4.0/
fusionbenchmark:torpex	TORPEX		Switzerland				magnetic confinement	MCF	Operating	Swiss Plasma Center			https://www-pub.iaea.org/MTCD/Publications/PDF/CRCP-FUS-001webRev.pdf | https://fusionbenchmark.com/facility/torpex/	independent | licensed aggregator	2026-09-26	CC-BY-4.0 (FusionBenchmark compilation selection; linked sources retain their rights)	Historical compilation and classification reported by FusionBenchmark / Hadamard LLC. Six source fields are retained after the original importer normalisation. Source URLs, roles and retrieval date are attributed original-import references and acquisition metadata. Separate Wikidata aliases, coordinates and dates are omitted from this public selection. Current status and physical accuracy are not independently established. Licence: https://creativecommons.org/licenses/by/4.0/
fusionbenchmark:trenta	TRENTA		United States				magnetic confinement	FRC	Shut down	Helion Energy			https://www-pub.iaea.org/MTCD/Publications/PDF/CRCP-FUS-001webRev.pdf | https://fusionbenchmark.com/facility/trenta/	independent | licensed aggregator	2026-09-26	CC-BY-4.0 (FusionBenchmark compilation selection; linked sources retain their rights)	Historical compilation and classification reported by FusionBenchmark / Hadamard LLC. Six source fields are retained after the original importer normalisation. Source URLs, roles and retrieval date are attributed original-import references and acquisition metadata. Separate Wikidata aliases, coordinates and dates are omitted from this public selection. Current status and physical accuracy are not independently established. Licence: https://creativecommons.org/licenses/by/4.0/
fusionbenchmark:tst-2	TST-2		Japan				magnetic confinement	Spherical tokamak	Operating	The University of Tokyo			https://www-pub.iaea.org/MTCD/Publications/PDF/CRCP-FUS-001webRev.pdf | https://fusionbenchmark.com/facility/tst-2/	independent | licensed aggregator	2026-09-26	CC-BY-4.0 (FusionBenchmark compilation selection; linked sources retain their rights)	Historical compilation and classification reported by FusionBenchmark / Hadamard LLC. Six source fields are retained after the original importer normalisation. Source URLs, roles and retrieval date are attributed original-import references and acquisition metadata. Separate Wikidata aliases, coordinates and dates are omitted from this public selection. Current status and physical accuracy are not independently established. Licence: https://creativecommons.org/licenses/by/4.0/
fusionbenchmark:tt-1	TT-1		Thailand				magnetic confinement	Tokamak	Operating	Thailand Institute of Nuclear Technology			https://www-pub.iaea.org/MTCD/Publications/PDF/CRCP-FUS-001webRev.pdf | https://fusionbenchmark.com/facility/tt-1/	independent | licensed aggregator	2026-09-26	CC-BY-4.0 (FusionBenchmark compilation selection; linked sources retain their rights)	Historical compilation and classification reported by FusionBenchmark / Hadamard LLC. Six source fields are retained after the original importer normalisation. Source URLs, roles and retrieval date are attributed original-import references and acquisition metadata. Separate Wikidata aliases, coordinates and dates are omitted from this public selection. Current status and physical accuracy are not independently established. Licence: https://creativecommons.org/licenses/by/4.0/
fusionbenchmark:tuman-3m	TUMAN-3M		Russia				magnetic confinement	Tokamak	Operating	Ioffe Institute			https://www-pub.iaea.org/MTCD/Publications/PDF/CRCP-FUS-001webRev.pdf | https://fusionbenchmark.com/facility/tuman-3m/	independent | licensed aggregator	2026-09-26	CC-BY-4.0 (FusionBenchmark compilation selection; linked sources retain their rights)	Historical compilation and classification reported by FusionBenchmark / Hadamard LLC. Six source fields are retained after the original importer normalisation. Source URLs, roles and retrieval date are attributed original-import references and acquisition metadata. Separate Wikidata aliases, coordinates and dates are omitted from this public selection. Current status and physical accuracy are not independently established. Licence: https://creativecommons.org/licenses/by/4.0/
fusionbenchmark:uh-cti	UH-CTI		Japan				magnetic confinement	MCF	Operating	Kyushu University			https://fusionbenchmark.com/facility/uh-cti/	licensed aggregator	2026-09-26	CC-BY-4.0 (FusionBenchmark compilation selection; linked sources retain their rights)	Historical compilation and classification reported by FusionBenchmark / Hadamard LLC. Six source fields are retained after the original importer normalisation. Source URLs, roles and retrieval date are attributed original-import references and acquisition metadata. Separate Wikidata aliases, coordinates and dates are omitted from this public selection. Current status and physical accuracy are not independently established. Licence: https://creativecommons.org/licenses/by/4.0/
fusionbenchmark:uh-mcpg1	UH-MCPG1		Japan				magnetic confinement	MCF	Operating	University of Hyogo			https://fusionbenchmark.com/facility/uh-mcpg1/	licensed aggregator	2026-09-26	CC-BY-4.0 (FusionBenchmark compilation selection; linked sources retain their rights)	Historical compilation and classification reported by FusionBenchmark / Hadamard LLC. Six source fields are retained after the original importer normalisation. Source URLs, roles and retrieval date are attributed original-import references and acquisition metadata. Separate Wikidata aliases, coordinates and dates are omitted from this public selection. Current status and physical accuracy are not independently established. Licence: https://creativecommons.org/licenses/by/4.0/
fusionbenchmark:uragan-2m	URAGAN-2M		Ukraine				magnetic confinement	Stellarator	Operating	Institute of Plasma Physics National Science Center			https://www-pub.iaea.org/MTCD/Publications/PDF/CRCP-FUS-001webRev.pdf | https://fusionbenchmark.com/facility/uragan-2m/	independent | licensed aggregator	2026-09-26	CC-BY-4.0 (FusionBenchmark compilation selection; linked sources retain their rights)	Historical compilation and classification reported by FusionBenchmark / Hadamard LLC. Six source fields are retained after the original importer normalisation. Source URLs, roles and retrieval date are attributed original-import references and acquisition metadata. Separate Wikidata aliases, coordinates and dates are omitted from this public selection. Current status and physical accuracy are not independently established. Licence: https://creativecommons.org/licenses/by/4.0/
fusionbenchmark:uragan-3m	URAGAN-3M		Ukraine				magnetic confinement	Stellarator	Operating	Institute of Plasma Physics National Science Center			https://www-pub.iaea.org/MTCD/Publications/PDF/CRCP-FUS-001webRev.pdf | https://fusionbenchmark.com/facility/uragan-3m/	independent | licensed aggregator	2026-09-26	CC-BY-4.0 (FusionBenchmark compilation selection; linked sources retain their rights)	Historical compilation and classification reported by FusionBenchmark / Hadamard LLC. Six source fields are retained after the original importer normalisation. Source URLs, roles and retrieval date are attributed original-import references and acquisition metadata. Separate Wikidata aliases, coordinates and dates are omitted from this public selection. Current status and physical accuracy are not independently established. Licence: https://creativecommons.org/licenses/by/4.0/
fusionbenchmark:utst	UTST		Japan				magnetic confinement	Spherical tokamak	Operating	The University of Tokyo			https://www-pub.iaea.org/MTCD/Publications/PDF/CRCP-FUS-001webRev.pdf | https://fusionbenchmark.com/facility/utst/	independent | licensed aggregator	2026-09-26	CC-BY-4.0 (FusionBenchmark compilation selection; linked sources retain their rights)	Historical compilation and classification reported by FusionBenchmark / Hadamard LLC. Six source fields are retained after the original importer normalisation. Source URLs, roles and retrieval date are attributed original-import references and acquisition metadata. Separate Wikidata aliases, coordinates and dates are omitted from this public selection. Current status and physical accuracy are not independently established. Licence: https://creativecommons.org/licenses/by/4.0/
fusionbenchmark:vest	VEST		South Korea				magnetic confinement	Spherical tokamak	Operating	Seoul National University			https://www-pub.iaea.org/MTCD/Publications/PDF/CRCP-FUS-001webRev.pdf | https://fusionbenchmark.com/facility/vest/	independent | licensed aggregator	2026-09-26	CC-BY-4.0 (FusionBenchmark compilation selection; linked sources retain their rights)	Historical compilation and classification reported by FusionBenchmark / Hadamard LLC. Six source fields are retained after the original importer normalisation. Source URLs, roles and retrieval date are attributed original-import references and acquisition metadata. Separate Wikidata aliases, coordinates and dates are omitted from this public selection. Current status and physical accuracy are not independently established. Licence: https://creativecommons.org/licenses/by/4.0/
fusionbenchmark:wendelstein-7-x	Wendelstein 7-X		Germany				magnetic confinement	Stellarator	Operating	Max Planck Institute for Plasma Physics			https://www.ipp.mpg.de/5532945/w7x | https://fusionbenchmark.com/facility/wendelstein-7-x/ | https://www.wikidata.org/wiki/Q315738	operator | licensed aggregator | CC0 discovery/field source	2026-09-26	CC-BY-4.0 (FusionBenchmark compilation selection; linked sources retain their rights)	Historical compilation and classification reported by FusionBenchmark / Hadamard LLC. Six source fields are retained after the original importer normalisation. Source URLs, roles and retrieval date are attributed original-import references and acquisition metadata. Separate Wikidata aliases, coordinates and dates are omitted from this public selection. Current status and physical accuracy are not independently established. Licence: https://creativecommons.org/licenses/by/4.0/
fusionbenchmark:west	WEST		France				magnetic confinement	Tokamak	Operating	CEA			https://www.cea.fr/english/Pages/News/nuclear-fusion-west-beats-the-world-record-for-plasma-duration.aspx | https://fusionbenchmark.com/facility/west/	operator | licensed aggregator	2026-09-26	CC-BY-4.0 (FusionBenchmark compilation selection; linked sources retain their rights)	Historical compilation and classification reported by FusionBenchmark / Hadamard LLC. Six source fields are retained after the original importer normalisation. Source URLs, roles and retrieval date are attributed original-import references and acquisition metadata. Separate Wikidata aliases, coordinates and dates are omitted from this public selection. Current status and physical accuracy are not independently established. Licence: https://creativecommons.org/licenses/by/4.0/
fusionbenchmark:z-machine	Z Machine		United States				pinch confinement	Z-pinch	Operating	Sandia National Laboratories			https://fusionbenchmark.com/facility/z-machine/	licensed aggregator	2026-09-26	CC-BY-4.0 (FusionBenchmark compilation selection; linked sources retain their rights)	Historical compilation and classification reported by FusionBenchmark / Hadamard LLC. Six source fields are retained after the original importer normalisation. Source URLs, roles and retrieval date are attributed original-import references and acquisition metadata. Separate Wikidata aliases, coordinates and dates are omitted from this public selection. Current status and physical accuracy are not independently established. Licence: https://creativecommons.org/licenses/by/4.0/
fusionbenchmark:zebra	ZEBRA		United States				pinch confinement	Z-pinch	Operating	University of Nevada			https://fusionbenchmark.com/facility/zebra/	licensed aggregator	2026-09-26	CC-BY-4.0 (FusionBenchmark compilation selection; linked sources retain their rights)	Historical compilation and classification reported by FusionBenchmark / Hadamard LLC. Six source fields are retained after the original importer normalisation. Source URLs, roles and retrieval date are attributed original-import references and acquisition metadata. Separate Wikidata aliases, coordinates and dates are omitted from this public selection. Current status and physical accuracy are not independently established. Licence: https://creativecommons.org/licenses/by/4.0/
