stable_id	facility_name	country	lat	lon	precision	sector	process_or_activity	reactor_type_if_explicit	status	operator	capacity	pollutant_or_product_context	source_url	source_role	retrieved	license	verification_notes
swiss-prtr:4	EMS-CHEMIE AG	Switzerland	46.826386	9.430271	SwissPRTR-published CH1903+/LV95 facility point transformed to WGS84 with the official swisstopo approximate formula (stated accuracy better than 0.12 arcsec longitude and 0.08 arcsec latitude); source position not independently verified	NACE 2016 — 4 - Chemische Industrie	4 - Chemische Industrie | PRTRO level 2: a - Chemieanlagen zur industriellen Herstellung von organischen Grundchemikalien wie | PRTRO level 3: 8 - Basiskunststoffen (Polymeren, Chemiefasern, Fasern auf Zellstoffbasis)		reported in SwissPRTR for 2024; operating status not asserted; official source notes that 2024 release is not yet complete for some facilities	Ems-Chemie AG		source industry classification only; pollutant and waste quantities excluded	https://www.bafu.admin.ch/en/swissprtr-en	official Swiss pollutant-register facility and activity classification	2026-09-28	Open use; source attribution required (opendata.swiss terms_by)	Selected systematically from 2024 SwissPRTR point sources by NACE prefix in 10, 11, 17, 19, 20, 21, 22. Published LV95 coordinates were reprojected, not geocoded. This record does not establish reactor inventory, design, capacity, or current operation.
swiss-prtr:6	Novartis AG - Werk Basel St. Johann	Switzerland	47.572518	7.579508	SwissPRTR-published CH1903+/LV95 facility point transformed to WGS84 with the official swisstopo approximate formula (stated accuracy better than 0.12 arcsec longitude and 0.08 arcsec latitude); source position not independently verified	NACE 2110 — 4 - Chemische Industrie	4 - Chemische Industrie | PRTRO level 2: e - Anlagen zur industriellen Herstellung von Grundarzneimitteln unter Verwendung eines chemischen oder biologischen Verfahrens		reported in SwissPRTR for 2024; operating status not asserted; official source notes that 2024 release is not yet complete for some facilities	Novartis AG - Werk Basel St. Johann		source industry classification only; pollutant and waste quantities excluded	https://www.bafu.admin.ch/en/swissprtr-en	official Swiss pollutant-register facility and activity classification	2026-09-28	Open use; source attribution required (opendata.swiss terms_by)	Selected systematically from 2024 SwissPRTR point sources by NACE prefix in 10, 11, 17, 19, 20, 21, 22. Published LV95 coordinates were reprojected, not geocoded. This record does not establish reactor inventory, design, capacity, or current operation.
swiss-prtr:11	Varo Refining Cressier SA	Switzerland	47.040038	7.035795	SwissPRTR-published CH1903+/LV95 facility point transformed to WGS84 with the official swisstopo approximate formula (stated accuracy better than 0.12 arcsec longitude and 0.08 arcsec latitude); source position not independently verified	NACE 1920 — 1 - Energiesektor	1 - Energiesektor | PRTRO level 2: a - Mineralöl- und Gasraffinerien		reported in SwissPRTR for 2024; operating status not asserted; official source notes that 2024 release is not yet complete for some facilities	Varo Refining Cressier SA		source industry classification only; pollutant and waste quantities excluded	https://www.bafu.admin.ch/en/swissprtr-en	official Swiss pollutant-register facility and activity classification	2026-09-28	Open use; source attribution required (opendata.swiss terms_by)	Selected systematically from 2024 SwissPRTR point sources by NACE prefix in 10, 11, 17, 19, 20, 21, 22. Published LV95 coordinates were reprojected, not geocoded. This record does not establish reactor inventory, design, capacity, or current operation.
swiss-prtr:12	Bachem AG	Switzerland	47.443079	7.732157	SwissPRTR-published CH1903+/LV95 facility point transformed to WGS84 with the official swisstopo approximate formula (stated accuracy better than 0.12 arcsec longitude and 0.08 arcsec latitude); source position not independently verified	NACE 2110 — 4 - Chemische Industrie	4 - Chemische Industrie | PRTRO level 2: e - Anlagen zur industriellen Herstellung von Grundarzneimitteln unter Verwendung eines chemischen oder biologischen Verfahrens		reported in SwissPRTR for 2024; operating status not asserted; official source notes that 2024 release is not yet complete for some facilities	Bachem AG		source industry classification only; pollutant and waste quantities excluded	https://www.bafu.admin.ch/en/swissprtr-en	official Swiss pollutant-register facility and activity classification	2026-09-28	Open use; source attribution required (opendata.swiss terms_by)	Selected systematically from 2024 SwissPRTR point sources by NACE prefix in 10, 11, 17, 19, 20, 21, 22. Published LV95 coordinates were reprojected, not geocoded. This record does not establish reactor inventory, design, capacity, or current operation.
swiss-prtr:16	DSM Nutritional Products AG - Werk Sisseln	Switzerland	47.547638	7.978615	SwissPRTR-published CH1903+/LV95 facility point transformed to WGS84 with the official swisstopo approximate formula (stated accuracy better than 0.12 arcsec longitude and 0.08 arcsec latitude); source position not independently verified	NACE 2110 — 4 - Chemische Industrie	4 - Chemische Industrie | PRTRO level 2: e - Anlagen zur industriellen Herstellung von Grundarzneimitteln unter Verwendung eines chemischen oder biologischen Verfahrens		reported in SwissPRTR for 2024; operating status not asserted; official source notes that 2024 release is not yet complete for some facilities	DSM Nutritional Products AG		source industry classification only; pollutant and waste quantities excluded	https://www.bafu.admin.ch/en/swissprtr-en	official Swiss pollutant-register facility and activity classification	2026-09-28	Open use; source attribution required (opendata.swiss terms_by)	Selected systematically from 2024 SwissPRTR point sources by NACE prefix in 10, 11, 17, 19, 20, 21, 22. Published LV95 coordinates were reprojected, not geocoded. This record does not establish reactor inventory, design, capacity, or current operation.
swiss-prtr:29	Merck & Cie KmG	Switzerland	47.702206	8.647919	SwissPRTR-published CH1903+/LV95 facility point transformed to WGS84 with the official swisstopo approximate formula (stated accuracy better than 0.12 arcsec longitude and 0.08 arcsec latitude); source position not independently verified	NACE 2110 — 4 - Chemische Industrie	4 - Chemische Industrie | PRTRO level 2: e - Anlagen zur industriellen Herstellung von Grundarzneimitteln unter Verwendung eines chemischen oder biologischen Verfahrens		reported in SwissPRTR for 2024; operating status not asserted; official source notes that 2024 release is not yet complete for some facilities	Merck & Cie		source industry classification only; pollutant and waste quantities excluded	https://www.bafu.admin.ch/en/swissprtr-en	official Swiss pollutant-register facility and activity classification	2026-09-28	Open use; source attribution required (opendata.swiss terms_by)	Selected systematically from 2024 SwissPRTR point sources by NACE prefix in 10, 11, 17, 19, 20, 21, 22. Published LV95 coordinates were reprojected, not geocoded. This record does not establish reactor inventory, design, capacity, or current operation.
swiss-prtr:30	Grünenthal Firmen Schweiz	Switzerland	47.005000	9.080313	SwissPRTR-published CH1903+/LV95 facility point transformed to WGS84 with the official swisstopo approximate formula (stated accuracy better than 0.12 arcsec longitude and 0.08 arcsec latitude); source position not independently verified	NACE 2110 — 4 - Chemische Industrie	4 - Chemische Industrie | PRTRO level 2: e - Anlagen zur industriellen Herstellung von Grundarzneimitteln unter Verwendung eines chemischen oder biologischen Verfahrens		reported in SwissPRTR for 2024; operating status not asserted; official source notes that 2024 release is not yet complete for some facilities	Grünenthal Firmen Schweiz		source industry classification only; pollutant and waste quantities excluded	https://www.bafu.admin.ch/en/swissprtr-en	official Swiss pollutant-register facility and activity classification	2026-09-28	Open use; source attribution required (opendata.swiss terms_by)	Selected systematically from 2024 SwissPRTR point sources by NACE prefix in 10, 11, 17, 19, 20, 21, 22. Published LV95 coordinates were reprojected, not geocoded. This record does not establish reactor inventory, design, capacity, or current operation.
swiss-prtr:32	SANITIZED AG	Switzerland	47.059872	7.618045	SwissPRTR-published CH1903+/LV95 facility point transformed to WGS84 with the official swisstopo approximate formula (stated accuracy better than 0.12 arcsec longitude and 0.08 arcsec latitude); source position not independently verified	NACE 2059 — 4 - Chemische Industrie	4 - Chemische Industrie | PRTRO level 2: d - Chemieanlagen zur industriellen Herstellung von Ausgangsstoffen für Pflanzenschutzmittel und Bioziden		reported in SwissPRTR for 2024; operating status not asserted; official source notes that 2024 release is not yet complete for some facilities	SANITIZED AG		source industry classification only; pollutant and waste quantities excluded	https://www.bafu.admin.ch/en/swissprtr-en	official Swiss pollutant-register facility and activity classification	2026-09-28	Open use; source attribution required (opendata.swiss terms_by)	Selected systematically from 2024 SwissPRTR point sources by NACE prefix in 10, 11, 17, 19, 20, 21, 22. Published LV95 coordinates were reprojected, not geocoded. This record does not establish reactor inventory, design, capacity, or current operation.
swiss-prtr:47	Siegfried AG	Switzerland	47.289442	7.939731	SwissPRTR-published CH1903+/LV95 facility point transformed to WGS84 with the official swisstopo approximate formula (stated accuracy better than 0.12 arcsec longitude and 0.08 arcsec latitude); source position not independently verified	NACE 2110 — 4 - Chemische Industrie	4 - Chemische Industrie | PRTRO level 2: e - Anlagen zur industriellen Herstellung von Grundarzneimitteln unter Verwendung eines chemischen oder biologischen Verfahrens		reported in SwissPRTR for 2024; operating status not asserted; official source notes that 2024 release is not yet complete for some facilities	Siegfried AG		source industry classification only; pollutant and waste quantities excluded	https://www.bafu.admin.ch/en/swissprtr-en	official Swiss pollutant-register facility and activity classification	2026-09-28	Open use; source attribution required (opendata.swiss terms_by)	Selected systematically from 2024 SwissPRTR point sources by NACE prefix in 10, 11, 17, 19, 20, 21, 22. Published LV95 coordinates were reprojected, not geocoded. This record does not establish reactor inventory, design, capacity, or current operation.
swiss-prtr:52	Textilcolor AG	Switzerland	47.116668	9.483329	SwissPRTR-published CH1903+/LV95 facility point transformed to WGS84 with the official swisstopo approximate formula (stated accuracy better than 0.12 arcsec longitude and 0.08 arcsec latitude); source position not independently verified	NACE 2041 — 4 - Chemische Industrie	4 - Chemische Industrie | PRTRO level 2: a - Chemieanlagen zur industriellen Herstellung von organischen Grundchemikalien wie | PRTRO level 3: 11 - Tensiden		reported in SwissPRTR for 2024; operating status not asserted; official source notes that 2024 release is not yet complete for some facilities	Textilcolor AG		source industry classification only; pollutant and waste quantities excluded	https://www.bafu.admin.ch/en/swissprtr-en	official Swiss pollutant-register facility and activity classification	2026-09-28	Open use; source attribution required (opendata.swiss terms_by)	Selected systematically from 2024 SwissPRTR point sources by NACE prefix in 10, 11, 17, 19, 20, 21, 22. Published LV95 coordinates were reprojected, not geocoded. This record does not establish reactor inventory, design, capacity, or current operation.
swiss-prtr:55	Chemische Fabrik Schärer & Schläpfer AG	Switzerland	47.306461	7.872899	SwissPRTR-published CH1903+/LV95 facility point transformed to WGS84 with the official swisstopo approximate formula (stated accuracy better than 0.12 arcsec longitude and 0.08 arcsec latitude); source position not independently verified	NACE 2041 — 4 - Chemische Industrie	4 - Chemische Industrie | PRTRO level 2: a - Chemieanlagen zur industriellen Herstellung von organischen Grundchemikalien wie | PRTRO level 3: 11 - Tensiden		reported in SwissPRTR for 2024; operating status not asserted; official source notes that 2024 release is not yet complete for some facilities	Chemische Fabrik Schärer & Schläpfer AG		source industry classification only; pollutant and waste quantities excluded	https://www.bafu.admin.ch/en/swissprtr-en	official Swiss pollutant-register facility and activity classification	2026-09-28	Open use; source attribution required (opendata.swiss terms_by)	Selected systematically from 2024 SwissPRTR point sources by NACE prefix in 10, 11, 17, 19, 20, 21, 22. Published LV95 coordinates were reprojected, not geocoded. This record does not establish reactor inventory, design, capacity, or current operation.
swiss-prtr:56	Dottikon Exclusive Synthesis AG	Switzerland	47.373333	8.238617	SwissPRTR-published CH1903+/LV95 facility point transformed to WGS84 with the official swisstopo approximate formula (stated accuracy better than 0.12 arcsec longitude and 0.08 arcsec latitude); source position not independently verified	NACE 2110 — 4 - Chemische Industrie	4 - Chemische Industrie | PRTRO level 2: e - Anlagen zur industriellen Herstellung von Grundarzneimitteln unter Verwendung eines chemischen oder biologischen Verfahrens		reported in SwissPRTR for 2024; operating status not asserted; official source notes that 2024 release is not yet complete for some facilities	Dottikon Exclusive Synthesis AG		source industry classification only; pollutant and waste quantities excluded	https://www.bafu.admin.ch/en/swissprtr-en	official Swiss pollutant-register facility and activity classification	2026-09-28	Open use; source attribution required (opendata.swiss terms_by)	Selected systematically from 2024 SwissPRTR point sources by NACE prefix in 10, 11, 17, 19, 20, 21, 22. Published LV95 coordinates were reprojected, not geocoded. This record does not establish reactor inventory, design, capacity, or current operation.
swiss-prtr:57	Sigma-Aldrich Production GmbH	Switzerland	47.174952	9.479527	SwissPRTR-published CH1903+/LV95 facility point transformed to WGS84 with the official swisstopo approximate formula (stated accuracy better than 0.12 arcsec longitude and 0.08 arcsec latitude); source position not independently verified	NACE 2014 — 4 - Chemische Industrie	4 - Chemische Industrie | PRTRO level 2: a - Chemieanlagen zur industriellen Herstellung von organischen Grundchemikalien wie | PRTRO level 3: 1 - einfachen Kohlenwasserstoffen (linearen oder ringförmigen, gesättigten oder ungesättigten, aliphatischen oder aromatischen)		reported in SwissPRTR for 2024; operating status not asserted; official source notes that 2024 release is not yet complete for some facilities	Sigma-Aldrich Production GmbH		source industry classification only; pollutant and waste quantities excluded	https://www.bafu.admin.ch/en/swissprtr-en	official Swiss pollutant-register facility and activity classification	2026-09-28	Open use; source attribution required (opendata.swiss terms_by)	Selected systematically from 2024 SwissPRTR point sources by NACE prefix in 10, 11, 17, 19, 20, 21, 22. Published LV95 coordinates were reprojected, not geocoded. This record does not establish reactor inventory, design, capacity, or current operation.
swiss-prtr:64	BASF Schweiz AG	Switzerland	47.533945	7.668369	SwissPRTR-published CH1903+/LV95 facility point transformed to WGS84 with the official swisstopo approximate formula (stated accuracy better than 0.12 arcsec longitude and 0.08 arcsec latitude); source position not independently verified	NACE 2014 — 4 - Chemische Industrie	4 - Chemische Industrie | PRTRO level 2: a - Chemieanlagen zur industriellen Herstellung von organischen Grundchemikalien wie | PRTRO level 3: 4 - stickstoffhaltigen Kohlenwasserstoffen wie Aminen, Amiden, Nitroso-, Nitro- oder Nitratverbindungen,  Nitrilen, Cyanaten, Isocyanaten		reported in SwissPRTR for 2024; operating status not asserted; official source notes that 2024 release is not yet complete for some facilities	BASF Schweiz AG		source industry classification only; pollutant and waste quantities excluded	https://www.bafu.admin.ch/en/swissprtr-en	official Swiss pollutant-register facility and activity classification	2026-09-28	Open use; source attribution required (opendata.swiss terms_by)	Selected systematically from 2024 SwissPRTR point sources by NACE prefix in 10, 11, 17, 19, 20, 21, 22. Published LV95 coordinates were reprojected, not geocoded. This record does not establish reactor inventory, design, capacity, or current operation.
swiss-prtr:67	Cilag AG	Switzerland	47.712086	8.640548	SwissPRTR-published CH1903+/LV95 facility point transformed to WGS84 with the official swisstopo approximate formula (stated accuracy better than 0.12 arcsec longitude and 0.08 arcsec latitude); source position not independently verified	NACE 2110 — 4 - Chemische Industrie	4 - Chemische Industrie | PRTRO level 2: e - Anlagen zur industriellen Herstellung von Grundarzneimitteln unter Verwendung eines chemischen oder biologischen Verfahrens		reported in SwissPRTR for 2024; operating status not asserted; official source notes that 2024 release is not yet complete for some facilities	Cilag AG		source industry classification only; pollutant and waste quantities excluded	https://www.bafu.admin.ch/en/swissprtr-en	official Swiss pollutant-register facility and activity classification	2026-09-28	Open use; source attribution required (opendata.swiss terms_by)	Selected systematically from 2024 SwissPRTR point sources by NACE prefix in 10, 11, 17, 19, 20, 21, 22. Published LV95 coordinates were reprojected, not geocoded. This record does not establish reactor inventory, design, capacity, or current operation.
swiss-prtr:75	Cartaseta AG	Switzerland	47.364722	7.976671	SwissPRTR-published CH1903+/LV95 facility point transformed to WGS84 with the official swisstopo approximate formula (stated accuracy better than 0.12 arcsec longitude and 0.08 arcsec latitude); source position not independently verified	NACE 1722 — 6 - Be- und Verarbeitung von Papier und Holz	6 - Be- und Verarbeitung von Papier und Holz | PRTRO level 2: b - Industrieanlagen für die Herstellung von Papier und Pappe und sonstigen primären Holzprodukten (wie Spanplatten, Faserplatten und Sperrholz) mit einer Produktionskapazität von mindestens 20 t pro Tag		reported in SwissPRTR for 2024; operating status not asserted; official source notes that 2024 release is not yet complete for some facilities	Cartaseta AG		source industry classification only; pollutant and waste quantities excluded	https://www.bafu.admin.ch/en/swissprtr-en	official Swiss pollutant-register facility and activity classification	2026-09-28	Open use; source attribution required (opendata.swiss terms_by)	Selected systematically from 2024 SwissPRTR point sources by NACE prefix in 10, 11, 17, 19, 20, 21, 22. Published LV95 coordinates were reprojected, not geocoded. This record does not establish reactor inventory, design, capacity, or current operation.
swiss-prtr:76	Perlen Papier AG	Switzerland	47.111936	8.368889	SwissPRTR-published CH1903+/LV95 facility point transformed to WGS84 with the official swisstopo approximate formula (stated accuracy better than 0.12 arcsec longitude and 0.08 arcsec latitude); source position not independently verified	NACE 1712 — 6 - Be- und Verarbeitung von Papier und Holz	6 - Be- und Verarbeitung von Papier und Holz | PRTRO level 2: b - Industrieanlagen für die Herstellung von Papier und Pappe und sonstigen primären Holzprodukten (wie Spanplatten, Faserplatten und Sperrholz) mit einer Produktionskapazität von mindestens 20 t pro Tag		reported in SwissPRTR for 2024; operating status not asserted; official source notes that 2024 release is not yet complete for some facilities	Perlen Papier AG		source industry classification only; pollutant and waste quantities excluded	https://www.bafu.admin.ch/en/swissprtr-en	official Swiss pollutant-register facility and activity classification	2026-09-28	Open use; source attribution required (opendata.swiss terms_by)	Selected systematically from 2024 SwissPRTR point sources by NACE prefix in 10, 11, 17, 19, 20, 21, 22. Published LV95 coordinates were reprojected, not geocoded. This record does not establish reactor inventory, design, capacity, or current operation.
swiss-prtr:81	F. Hoffmann-La Roche AG	Switzerland	47.558890	7.608064	SwissPRTR-published CH1903+/LV95 facility point transformed to WGS84 with the official swisstopo approximate formula (stated accuracy better than 0.12 arcsec longitude and 0.08 arcsec latitude); source position not independently verified	NACE 2110 — 4 - Chemische Industrie	4 - Chemische Industrie | PRTRO level 2: e - Anlagen zur industriellen Herstellung von Grundarzneimitteln unter Verwendung eines chemischen oder biologischen Verfahrens		reported in SwissPRTR for 2024; operating status not asserted; official source notes that 2024 release is not yet complete for some facilities	F. Hoffmann-La Roche AG		source industry classification only; pollutant and waste quantities excluded	https://www.bafu.admin.ch/en/swissprtr-en	official Swiss pollutant-register facility and activity classification	2026-09-28	Open use; source attribution required (opendata.swiss terms_by)	Selected systematically from 2024 SwissPRTR point sources by NACE prefix in 10, 11, 17, 19, 20, 21, 22. Published LV95 coordinates were reprojected, not geocoded. This record does not establish reactor inventory, design, capacity, or current operation.
swiss-prtr:83	Société Suisse des Explosifs	Switzerland	46.298652	7.949994	SwissPRTR-published CH1903+/LV95 facility point transformed to WGS84 with the official swisstopo approximate formula (stated accuracy better than 0.12 arcsec longitude and 0.08 arcsec latitude); source position not independently verified	NACE 2051 — 4 - Chemische Industrie	4 - Chemische Industrie | PRTRO level 2: f - Chemieanlagen zur industriellen Herstellung von Explosivstoffen und Feuerwerksmaterial		reported in SwissPRTR for 2024; operating status not asserted; official source notes that 2024 release is not yet complete for some facilities	Société Suisse des Explosifs		source industry classification only; pollutant and waste quantities excluded	https://www.bafu.admin.ch/en/swissprtr-en	official Swiss pollutant-register facility and activity classification	2026-09-28	Open use; source attribution required (opendata.swiss terms_by)	Selected systematically from 2024 SwissPRTR point sources by NACE prefix in 10, 11, 17, 19, 20, 21, 22. Published LV95 coordinates were reprojected, not geocoded. This record does not establish reactor inventory, design, capacity, or current operation.
swiss-prtr:86	UCB Farchim SA	Switzerland	46.623407	7.041719	SwissPRTR-published CH1903+/LV95 facility point transformed to WGS84 with the official swisstopo approximate formula (stated accuracy better than 0.12 arcsec longitude and 0.08 arcsec latitude); source position not independently verified	NACE 2110 — 4 - Chemische Industrie	4 - Chemische Industrie | PRTRO level 2: e - Anlagen zur industriellen Herstellung von Grundarzneimitteln unter Verwendung eines chemischen oder biologischen Verfahrens		reported in SwissPRTR for 2024; operating status not asserted; official source notes that 2024 release is not yet complete for some facilities	UCB Farchim SA		source industry classification only; pollutant and waste quantities excluded	https://www.bafu.admin.ch/en/swissprtr-en	official Swiss pollutant-register facility and activity classification	2026-09-28	Open use; source attribution required (opendata.swiss terms_by)	Selected systematically from 2024 SwissPRTR point sources by NACE prefix in 10, 11, 17, 19, 20, 21, 22. Published LV95 coordinates were reprojected, not geocoded. This record does not establish reactor inventory, design, capacity, or current operation.
swiss-prtr:88	Collano AG	Switzerland	47.090420	9.504501	SwissPRTR-published CH1903+/LV95 facility point transformed to WGS84 with the official swisstopo approximate formula (stated accuracy better than 0.12 arcsec longitude and 0.08 arcsec latitude); source position not independently verified	NACE 2052 — 4 - Chemische Industrie	4 - Chemische Industrie | PRTRO level 2: a - Chemieanlagen zur industriellen Herstellung von organischen Grundchemikalien wie | PRTRO level 3: 2 - sauerstoffhaltigen Kohlenwasserstoffen wie Alkoholen, Aldehyden, Ketonen, Carbonsäuren, Estern, Acetaten, Ethern, Peroxiden, Epoxidharzen		reported in SwissPRTR for 2024; operating status not asserted; official source notes that 2024 release is not yet complete for some facilities	Collano AG		source industry classification only; pollutant and waste quantities excluded	https://www.bafu.admin.ch/en/swissprtr-en	official Swiss pollutant-register facility and activity classification	2026-09-28	Open use; source attribution required (opendata.swiss terms_by)	Selected systematically from 2024 SwissPRTR point sources by NACE prefix in 10, 11, 17, 19, 20, 21, 22. Published LV95 coordinates were reprojected, not geocoded. This record does not establish reactor inventory, design, capacity, or current operation.
swiss-prtr:100	Vifor (International) AG	Switzerland	47.418347	9.336853	SwissPRTR-published CH1903+/LV95 facility point transformed to WGS84 with the official swisstopo approximate formula (stated accuracy better than 0.12 arcsec longitude and 0.08 arcsec latitude); source position not independently verified	NACE 2110 — 4 - Chemische Industrie	4 - Chemische Industrie | PRTRO level 2: e - Anlagen zur industriellen Herstellung von Grundarzneimitteln unter Verwendung eines chemischen oder biologischen Verfahrens		reported in SwissPRTR for 2024; operating status not asserted; official source notes that 2024 release is not yet complete for some facilities	Vifor (International) AG		source industry classification only; pollutant and waste quantities excluded	https://www.bafu.admin.ch/en/swissprtr-en	official Swiss pollutant-register facility and activity classification	2026-09-28	Open use; source attribution required (opendata.swiss terms_by)	Selected systematically from 2024 SwissPRTR point sources by NACE prefix in 10, 11, 17, 19, 20, 21, 22. Published LV95 coordinates were reprojected, not geocoded. This record does not establish reactor inventory, design, capacity, or current operation.
swiss-prtr:102	Dr. W. Kolb AG	Switzerland	47.298888	8.442782	SwissPRTR-published CH1903+/LV95 facility point transformed to WGS84 with the official swisstopo approximate formula (stated accuracy better than 0.12 arcsec longitude and 0.08 arcsec latitude); source position not independently verified	NACE 2041 — 4 - Chemische Industrie	4 - Chemische Industrie | PRTRO level 2: a - Chemieanlagen zur industriellen Herstellung von organischen Grundchemikalien wie | PRTRO level 3: 11 - Tensiden		reported in SwissPRTR for 2024; operating status not asserted; official source notes that 2024 release is not yet complete for some facilities	Dr. W. Kolb AG		source industry classification only; pollutant and waste quantities excluded	https://www.bafu.admin.ch/en/swissprtr-en	official Swiss pollutant-register facility and activity classification	2026-09-28	Open use; source attribution required (opendata.swiss terms_by)	Selected systematically from 2024 SwissPRTR point sources by NACE prefix in 10, 11, 17, 19, 20, 21, 22. Published LV95 coordinates were reprojected, not geocoded. This record does not establish reactor inventory, design, capacity, or current operation.
swiss-prtr:103	CABB AG	Switzerland	47.529447	7.673343	SwissPRTR-published CH1903+/LV95 facility point transformed to WGS84 with the official swisstopo approximate formula (stated accuracy better than 0.12 arcsec longitude and 0.08 arcsec latitude); source position not independently verified	NACE 2013 — 4 - Chemische Industrie	4 - Chemische Industrie | PRTRO level 2: b - Chemieanlagen zur industriellen Herstellung von anorganischen Grundchemikalien wie | PRTRO level 3: 2 - Säuren wie Chromsäure, Flusssäure, Phosphorsäure, Salpetersäure, Salzsäure, Schwefelsäure, Oleum, schwefeligen Säuren		reported in SwissPRTR for 2024; operating status not asserted; official source notes that 2024 release is not yet complete for some facilities	CABB AG		source industry classification only; pollutant and waste quantities excluded	https://www.bafu.admin.ch/en/swissprtr-en	official Swiss pollutant-register facility and activity classification	2026-09-28	Open use; source attribution required (opendata.swiss terms_by)	Selected systematically from 2024 SwissPRTR point sources by NACE prefix in 10, 11, 17, 19, 20, 21, 22. Published LV95 coordinates were reprojected, not geocoded. This record does not establish reactor inventory, design, capacity, or current operation.
swiss-prtr:107	Schweizer Zucker AG	Switzerland	47.040281	7.277505	SwissPRTR-published CH1903+/LV95 facility point transformed to WGS84 with the official swisstopo approximate formula (stated accuracy better than 0.12 arcsec longitude and 0.08 arcsec latitude); source position not independently verified	NACE 1081 — 8 - Tierische und pflanzliche Produkte aus dem Lebensmittel- und Getränkesektor	8 - Tierische und pflanzliche Produkte aus dem Lebensmittel- und Getränkesektor | PRTRO level 2: b - Behandlung und Verarbeitung für die Herstellung von Nahrungsmittel- und Getränkeerzeugnissen aus: | PRTRO level 3: 2 - pflanzlichen Rohstoffen mit einer Produktionskapazität (Fertigprodukt) von mindestens 300 t pro Tag (Durchschnittswert aufgrund von Quartalszahlen)		reported in SwissPRTR for 2024; operating status not asserted; official source notes that 2024 release is not yet complete for some facilities	Schweizer Zucker AG		source industry classification only; pollutant and waste quantities excluded	https://www.bafu.admin.ch/en/swissprtr-en	official Swiss pollutant-register facility and activity classification	2026-09-28	Open use; source attribution required (opendata.swiss terms_by)	Selected systematically from 2024 SwissPRTR point sources by NACE prefix in 10, 11, 17, 19, 20, 21, 22. Published LV95 coordinates were reprojected, not geocoded. This record does not establish reactor inventory, design, capacity, or current operation.
swiss-prtr:113	FFB-Group AG, Niederlassung Bischofszell	Switzerland	47.500181	9.237114	SwissPRTR-published CH1903+/LV95 facility point transformed to WGS84 with the official swisstopo approximate formula (stated accuracy better than 0.12 arcsec longitude and 0.08 arcsec latitude); source position not independently verified	NACE 1032 — 8 - Tierische und pflanzliche Produkte aus dem Lebensmittel- und Getränkesektor	8 - Tierische und pflanzliche Produkte aus dem Lebensmittel- und Getränkesektor | PRTRO level 2: b - Behandlung und Verarbeitung für die Herstellung von Nahrungsmittel- und Getränkeerzeugnissen aus: | PRTRO level 3: 2 - pflanzlichen Rohstoffen mit einer Produktionskapazität (Fertigprodukt) von mindestens 300 t pro Tag (Durchschnittswert aufgrund von Quartalszahlen)		reported in SwissPRTR for 2024; operating status not asserted; official source notes that 2024 release is not yet complete for some facilities	FFB-Group AG, Niederlassung Bischofszell		source industry classification only; pollutant and waste quantities excluded	https://www.bafu.admin.ch/en/swissprtr-en	official Swiss pollutant-register facility and activity classification	2026-09-28	Open use; source attribution required (opendata.swiss terms_by)	Selected systematically from 2024 SwissPRTR point sources by NACE prefix in 10, 11, 17, 19, 20, 21, 22. Published LV95 coordinates were reprojected, not geocoded. This record does not establish reactor inventory, design, capacity, or current operation.
swiss-prtr:114	SICPA SA	Switzerland	46.702767	6.564081	SwissPRTR-published CH1903+/LV95 facility point transformed to WGS84 with the official swisstopo approximate formula (stated accuracy better than 0.12 arcsec longitude and 0.08 arcsec latitude); source position not independently verified	NACE 2012 — 4 - Chemische Industrie	4 - Chemische Industrie | PRTRO level 2: a - Chemieanlagen zur industriellen Herstellung von organischen Grundchemikalien wie | PRTRO level 3: 10 - Farbstoffen und Pigmenten		reported in SwissPRTR for 2024; operating status not asserted; official source notes that 2024 release is not yet complete for some facilities	SICPA SA		source industry classification only; pollutant and waste quantities excluded	https://www.bafu.admin.ch/en/swissprtr-en	official Swiss pollutant-register facility and activity classification	2026-09-28	Open use; source attribution required (opendata.swiss terms_by)	Selected systematically from 2024 SwissPRTR point sources by NACE prefix in 10, 11, 17, 19, 20, 21, 22. Published LV95 coordinates were reprojected, not geocoded. This record does not establish reactor inventory, design, capacity, or current operation.
swiss-prtr:116	BASF Schweiz AG Kaisten	Switzerland	47.546779	8.036390	SwissPRTR-published CH1903+/LV95 facility point transformed to WGS84 with the official swisstopo approximate formula (stated accuracy better than 0.12 arcsec longitude and 0.08 arcsec latitude); source position not independently verified	NACE 2014 — 4 - Chemische Industrie	4 - Chemische Industrie | PRTRO level 2: a - Chemieanlagen zur industriellen Herstellung von organischen Grundchemikalien wie | PRTRO level 3: 2 - sauerstoffhaltigen Kohlenwasserstoffen wie Alkoholen, Aldehyden, Ketonen, Carbonsäuren, Estern, Acetaten, Ethern, Peroxiden, Epoxidharzen		reported in SwissPRTR for 2024; operating status not asserted; official source notes that 2024 release is not yet complete for some facilities	BASF Schweiz AG Kaisten		source industry classification only; pollutant and waste quantities excluded	https://www.bafu.admin.ch/en/swissprtr-en	official Swiss pollutant-register facility and activity classification	2026-09-28	Open use; source attribution required (opendata.swiss terms_by)	Selected systematically from 2024 SwissPRTR point sources by NACE prefix in 10, 11, 17, 19, 20, 21, 22. Published LV95 coordinates were reprojected, not geocoded. This record does not establish reactor inventory, design, capacity, or current operation.
swiss-prtr:121	Tela GmbH	Switzerland	47.274718	7.704180	SwissPRTR-published CH1903+/LV95 facility point transformed to WGS84 with the official swisstopo approximate formula (stated accuracy better than 0.12 arcsec longitude and 0.08 arcsec latitude); source position not independently verified	NACE 1722 — 6 - Be- und Verarbeitung von Papier und Holz	6 - Be- und Verarbeitung von Papier und Holz | PRTRO level 2: b - Industrieanlagen für die Herstellung von Papier und Pappe und sonstigen primären Holzprodukten (wie Spanplatten, Faserplatten und Sperrholz) mit einer Produktionskapazität von mindestens 20 t pro Tag		reported in SwissPRTR for 2024; operating status not asserted; official source notes that 2024 release is not yet complete for some facilities	Tela GmbH		source industry classification only; pollutant and waste quantities excluded	https://www.bafu.admin.ch/en/swissprtr-en	official Swiss pollutant-register facility and activity classification	2026-09-28	Open use; source attribution required (opendata.swiss terms_by)	Selected systematically from 2024 SwissPRTR point sources by NACE prefix in 10, 11, 17, 19, 20, 21, 22. Published LV95 coordinates were reprojected, not geocoded. This record does not establish reactor inventory, design, capacity, or current operation.
swiss-prtr:122	Elsa Group SA	Switzerland	46.845994	6.851612	SwissPRTR-published CH1903+/LV95 facility point transformed to WGS84 with the official swisstopo approximate formula (stated accuracy better than 0.12 arcsec longitude and 0.08 arcsec latitude); source position not independently verified	NACE 1051 — 8 - Tierische und pflanzliche Produkte aus dem Lebensmittel- und Getränkesektor	8 - Tierische und pflanzliche Produkte aus dem Lebensmittel- und Getränkesektor | PRTRO level 2: c - Anlagen zur Behandlung und Verarbeitung von Milch mit einer Aufnahmekapazität von mindestens 200 t pro Tag (Durchschnittswert aufgrund von jährlichen Zahlen)		reported in SwissPRTR for 2024; operating status not asserted; official source notes that 2024 release is not yet complete for some facilities	Elsa Group SA		source industry classification only; pollutant and waste quantities excluded	https://www.bafu.admin.ch/en/swissprtr-en	official Swiss pollutant-register facility and activity classification	2026-09-28	Open use; source attribution required (opendata.swiss terms_by)	Selected systematically from 2024 SwissPRTR point sources by NACE prefix in 10, 11, 17, 19, 20, 21, 22. Published LV95 coordinates were reprojected, not geocoded. This record does not establish reactor inventory, design, capacity, or current operation.
swiss-prtr:129	Celanese Production Switzerland AG	Switzerland	47.269197	8.056147	SwissPRTR-published CH1903+/LV95 facility point transformed to WGS84 with the official swisstopo approximate formula (stated accuracy better than 0.12 arcsec longitude and 0.08 arcsec latitude); source position not independently verified	NACE 2016 — 4 - Chemische Industrie	4 - Chemische Industrie | PRTRO level 2: a - Chemieanlagen zur industriellen Herstellung von organischen Grundchemikalien wie | PRTRO level 3: 8 - Basiskunststoffen (Polymeren, Chemiefasern, Fasern auf Zellstoffbasis)		reported in SwissPRTR for 2024; operating status not asserted; official source notes that 2024 release is not yet complete for some facilities	Celanese Production Switzerland AG		source industry classification only; pollutant and waste quantities excluded	https://www.bafu.admin.ch/en/swissprtr-en	official Swiss pollutant-register facility and activity classification	2026-09-28	Open use; source attribution required (opendata.swiss terms_by)	Selected systematically from 2024 SwissPRTR point sources by NACE prefix in 10, 11, 17, 19, 20, 21, 22. Published LV95 coordinates were reprojected, not geocoded. This record does not establish reactor inventory, design, capacity, or current operation.
swiss-prtr:132	Firmenich SA	Switzerland	46.177794	6.003873	SwissPRTR-published CH1903+/LV95 facility point transformed to WGS84 with the official swisstopo approximate formula (stated accuracy better than 0.12 arcsec longitude and 0.08 arcsec latitude); source position not independently verified	NACE 2042 — 4 - Chemische Industrie	4 - Chemische Industrie | PRTRO level 2: a - Chemieanlagen zur industriellen Herstellung von organischen Grundchemikalien wie | PRTRO level 3: 2 - sauerstoffhaltigen Kohlenwasserstoffen wie Alkoholen, Aldehyden, Ketonen, Carbonsäuren, Estern, Acetaten, Ethern, Peroxiden, Epoxidharzen		reported in SwissPRTR for 2024; operating status not asserted; official source notes that 2024 release is not yet complete for some facilities	Firmenich SA		source industry classification only; pollutant and waste quantities excluded	https://www.bafu.admin.ch/en/swissprtr-en	official Swiss pollutant-register facility and activity classification	2026-09-28	Open use; source attribution required (opendata.swiss terms_by)	Selected systematically from 2024 SwissPRTR point sources by NACE prefix in 10, 11, 17, 19, 20, 21, 22. Published LV95 coordinates were reprojected, not geocoded. This record does not establish reactor inventory, design, capacity, or current operation.
swiss-prtr:139	HAS Healthcare Advanced Synthesis SA	Switzerland	46.341661	8.973329	SwissPRTR-published CH1903+/LV95 facility point transformed to WGS84 with the official swisstopo approximate formula (stated accuracy better than 0.12 arcsec longitude and 0.08 arcsec latitude); source position not independently verified	NACE 2110 — 4 - Chemische Industrie	4 - Chemische Industrie | PRTRO level 2: e - Anlagen zur industriellen Herstellung von Grundarzneimitteln unter Verwendung eines chemischen oder biologischen Verfahrens		reported in SwissPRTR for 2024; operating status not asserted; official source notes that 2024 release is not yet complete for some facilities	HAS Healthcare Advanced Synthesis SA		source industry classification only; pollutant and waste quantities excluded	https://www.bafu.admin.ch/en/swissprtr-en	official Swiss pollutant-register facility and activity classification	2026-09-28	Open use; source attribution required (opendata.swiss terms_by)	Selected systematically from 2024 SwissPRTR point sources by NACE prefix in 10, 11, 17, 19, 20, 21, 22. Published LV95 coordinates were reprojected, not geocoded. This record does not establish reactor inventory, design, capacity, or current operation.
swiss-prtr:140	Haleon CH SARL	Switzerland	46.392418	6.239258	SwissPRTR-published CH1903+/LV95 facility point transformed to WGS84 with the official swisstopo approximate formula (stated accuracy better than 0.12 arcsec longitude and 0.08 arcsec latitude); source position not independently verified	NACE 2110 — 4 - Chemische Industrie	4 - Chemische Industrie | PRTRO level 2: e - Anlagen zur industriellen Herstellung von Grundarzneimitteln unter Verwendung eines chemischen oder biologischen Verfahrens		reported in SwissPRTR for 2024; operating status not asserted; official source notes that 2024 release is not yet complete for some facilities	Haleon CH SARL		source industry classification only; pollutant and waste quantities excluded	https://www.bafu.admin.ch/en/swissprtr-en	official Swiss pollutant-register facility and activity classification	2026-09-28	Open use; source attribution required (opendata.swiss terms_by)	Selected systematically from 2024 SwissPRTR point sources by NACE prefix in 10, 11, 17, 19, 20, 21, 22. Published LV95 coordinates were reprojected, not geocoded. This record does not establish reactor inventory, design, capacity, or current operation.
swiss-prtr:142	Feldschlösschen Supply Company AG	Switzerland	47.554164	7.795862	SwissPRTR-published CH1903+/LV95 facility point transformed to WGS84 with the official swisstopo approximate formula (stated accuracy better than 0.12 arcsec longitude and 0.08 arcsec latitude); source position not independently verified	NACE 1105 — 8 - Tierische und pflanzliche Produkte aus dem Lebensmittel- und Getränkesektor	8 - Tierische und pflanzliche Produkte aus dem Lebensmittel- und Getränkesektor | PRTRO level 2: b - Behandlung und Verarbeitung für die Herstellung von Nahrungsmittel- und Getränkeerzeugnissen aus: | PRTRO level 3: 2 - pflanzlichen Rohstoffen mit einer Produktionskapazität (Fertigprodukt) von mindestens 300 t pro Tag (Durchschnittswert aufgrund von Quartalszahlen)		reported in SwissPRTR for 2024; operating status not asserted; official source notes that 2024 release is not yet complete for some facilities	Feldschlösschen Supply Company AG		source industry classification only; pollutant and waste quantities excluded	https://www.bafu.admin.ch/en/swissprtr-en	official Swiss pollutant-register facility and activity classification	2026-09-28	Open use; source attribution required (opendata.swiss terms_by)	Selected systematically from 2024 SwissPRTR point sources by NACE prefix in 10, 11, 17, 19, 20, 21, 22. Published LV95 coordinates were reprojected, not geocoded. This record does not establish reactor inventory, design, capacity, or current operation.
swiss-prtr:143	GMT fine chemicals SA	Switzerland	46.929965	6.639910	SwissPRTR-published CH1903+/LV95 facility point transformed to WGS84 with the official swisstopo approximate formula (stated accuracy better than 0.12 arcsec longitude and 0.08 arcsec latitude); source position not independently verified	NACE 2110 — 4 - Chemische Industrie	4 - Chemische Industrie | PRTRO level 2: e - Anlagen zur industriellen Herstellung von Grundarzneimitteln unter Verwendung eines chemischen oder biologischen Verfahrens		reported in SwissPRTR for 2024; operating status not asserted; official source notes that 2024 release is not yet complete for some facilities	GMT fine chemicals SA		source industry classification only; pollutant and waste quantities excluded	https://www.bafu.admin.ch/en/swissprtr-en	official Swiss pollutant-register facility and activity classification	2026-09-28	Open use; source attribution required (opendata.swiss terms_by)	Selected systematically from 2024 SwissPRTR point sources by NACE prefix in 10, 11, 17, 19, 20, 21, 22. Published LV95 coordinates were reprojected, not geocoded. This record does not establish reactor inventory, design, capacity, or current operation.
swiss-prtr:150	Avery Dennison Materials Europe GmbH	Switzerland	47.644613	9.190588	SwissPRTR-published CH1903+/LV95 facility point transformed to WGS84 with the official swisstopo approximate formula (stated accuracy better than 0.12 arcsec longitude and 0.08 arcsec latitude); source position not independently verified	NACE 2016 — 4 - Chemische Industrie	4 - Chemische Industrie | PRTRO level 2: a - Chemieanlagen zur industriellen Herstellung von organischen Grundchemikalien wie | PRTRO level 3: 8 - Basiskunststoffen (Polymeren, Chemiefasern, Fasern auf Zellstoffbasis)		reported in SwissPRTR for 2024; operating status not asserted; official source notes that 2024 release is not yet complete for some facilities	Avery Dennison Materials Europe GmbH		source industry classification only; pollutant and waste quantities excluded	https://www.bafu.admin.ch/en/swissprtr-en	official Swiss pollutant-register facility and activity classification	2026-09-28	Open use; source attribution required (opendata.swiss terms_by)	Selected systematically from 2024 SwissPRTR point sources by NACE prefix in 10, 11, 17, 19, 20, 21, 22. Published LV95 coordinates were reprojected, not geocoded. This record does not establish reactor inventory, design, capacity, or current operation.
swiss-prtr:158	CARBOGEN AMCIS AG	Switzerland	47.440832	7.731349	SwissPRTR-published CH1903+/LV95 facility point transformed to WGS84 with the official swisstopo approximate formula (stated accuracy better than 0.12 arcsec longitude and 0.08 arcsec latitude); source position not independently verified	NACE 2110 — 4 - Chemische Industrie	4 - Chemische Industrie | PRTRO level 2: e - Anlagen zur industriellen Herstellung von Grundarzneimitteln unter Verwendung eines chemischen oder biologischen Verfahrens		reported in SwissPRTR for 2024; operating status not asserted; official source notes that 2024 release is not yet complete for some facilities	CARBOGEN AMCIS AG		source industry classification only; pollutant and waste quantities excluded	https://www.bafu.admin.ch/en/swissprtr-en	official Swiss pollutant-register facility and activity classification	2026-09-28	Open use; source attribution required (opendata.swiss terms_by)	Selected systematically from 2024 SwissPRTR point sources by NACE prefix in 10, 11, 17, 19, 20, 21, 22. Published LV95 coordinates were reprojected, not geocoded. This record does not establish reactor inventory, design, capacity, or current operation.
swiss-prtr:162	Bachem S.A.	Switzerland	46.306290	6.905920	SwissPRTR-published CH1903+/LV95 facility point transformed to WGS84 with the official swisstopo approximate formula (stated accuracy better than 0.12 arcsec longitude and 0.08 arcsec latitude); source position not independently verified	NACE 2110 — 4 - Chemische Industrie	4 - Chemische Industrie | PRTRO level 2: e - Anlagen zur industriellen Herstellung von Grundarzneimitteln unter Verwendung eines chemischen oder biologischen Verfahrens		reported in SwissPRTR for 2024; operating status not asserted; official source notes that 2024 release is not yet complete for some facilities	Bachem S.A.		source industry classification only; pollutant and waste quantities excluded	https://www.bafu.admin.ch/en/swissprtr-en	official Swiss pollutant-register facility and activity classification	2026-09-28	Open use; source attribution required (opendata.swiss terms_by)	Selected systematically from 2024 SwissPRTR point sources by NACE prefix in 10, 11, 17, 19, 20, 21, 22. Published LV95 coordinates were reprojected, not geocoded. This record does not establish reactor inventory, design, capacity, or current operation.
swiss-prtr:165	CARBOGEN AMCIS AG	Switzerland	47.390073	8.041388	SwissPRTR-published CH1903+/LV95 facility point transformed to WGS84 with the official swisstopo approximate formula (stated accuracy better than 0.12 arcsec longitude and 0.08 arcsec latitude); source position not independently verified	NACE 2110 — 4 - Chemische Industrie	4 - Chemische Industrie | PRTRO level 2: e - Anlagen zur industriellen Herstellung von Grundarzneimitteln unter Verwendung eines chemischen oder biologischen Verfahrens		reported in SwissPRTR for 2024; operating status not asserted; official source notes that 2024 release is not yet complete for some facilities	CARBOGEN AMCIS AG		source industry classification only; pollutant and waste quantities excluded	https://www.bafu.admin.ch/en/swissprtr-en	official Swiss pollutant-register facility and activity classification	2026-09-28	Open use; source attribution required (opendata.swiss terms_by)	Selected systematically from 2024 SwissPRTR point sources by NACE prefix in 10, 11, 17, 19, 20, 21, 22. Published LV95 coordinates were reprojected, not geocoded. This record does not establish reactor inventory, design, capacity, or current operation.
swiss-prtr:166	CARBOGEN AMCIS AG	Switzerland	47.386359	8.111406	SwissPRTR-published CH1903+/LV95 facility point transformed to WGS84 with the official swisstopo approximate formula (stated accuracy better than 0.12 arcsec longitude and 0.08 arcsec latitude); source position not independently verified	NACE 2110 — 4 - Chemische Industrie	4 - Chemische Industrie | PRTRO level 2: e - Anlagen zur industriellen Herstellung von Grundarzneimitteln unter Verwendung eines chemischen oder biologischen Verfahrens		reported in SwissPRTR for 2024; operating status not asserted; official source notes that 2024 release is not yet complete for some facilities	CARBOGEN AMCIS AG		source industry classification only; pollutant and waste quantities excluded	https://www.bafu.admin.ch/en/swissprtr-en	official Swiss pollutant-register facility and activity classification	2026-09-28	Open use; source attribution required (opendata.swiss terms_by)	Selected systematically from 2024 SwissPRTR point sources by NACE prefix in 10, 11, 17, 19, 20, 21, 22. Published LV95 coordinates were reprojected, not geocoded. This record does not establish reactor inventory, design, capacity, or current operation.
swiss-prtr:167	Axalta Polymer Powders Switzerland Sàrl	Switzerland	46.614999	7.045280	SwissPRTR-published CH1903+/LV95 facility point transformed to WGS84 with the official swisstopo approximate formula (stated accuracy better than 0.12 arcsec longitude and 0.08 arcsec latitude); source position not independently verified	NACE 2016 — 4 - Chemische Industrie	4 - Chemische Industrie | PRTRO level 2: a - Chemieanlagen zur industriellen Herstellung von organischen Grundchemikalien wie | PRTRO level 3: 8 - Basiskunststoffen (Polymeren, Chemiefasern, Fasern auf Zellstoffbasis)		reported in SwissPRTR for 2024; operating status not asserted; official source notes that 2024 release is not yet complete for some facilities	Axalta Polymer Powders Switzerland Sàrl		source industry classification only; pollutant and waste quantities excluded	https://www.bafu.admin.ch/en/swissprtr-en	official Swiss pollutant-register facility and activity classification	2026-09-28	Open use; source attribution required (opendata.swiss terms_by)	Selected systematically from 2024 SwissPRTR point sources by NACE prefix in 10, 11, 17, 19, 20, 21, 22. Published LV95 coordinates were reprojected, not geocoded. This record does not establish reactor inventory, design, capacity, or current operation.
swiss-prtr:180	Baxalta Manufacturing Sarl	Switzerland	47.000233	6.909423	SwissPRTR-published CH1903+/LV95 facility point transformed to WGS84 with the official swisstopo approximate formula (stated accuracy better than 0.12 arcsec longitude and 0.08 arcsec latitude); source position not independently verified	NACE 2110 — 4 - Chemische Industrie	4 - Chemische Industrie | PRTRO level 2: e - Anlagen zur industriellen Herstellung von Grundarzneimitteln unter Verwendung eines chemischen oder biologischen Verfahrens		reported in SwissPRTR for 2024; operating status not asserted; official source notes that 2024 release is not yet complete for some facilities	Baxalta Manufacturing Sarl		source industry classification only; pollutant and waste quantities excluded	https://www.bafu.admin.ch/en/swissprtr-en	official Swiss pollutant-register facility and activity classification	2026-09-28	Open use; source attribution required (opendata.swiss terms_by)	Selected systematically from 2024 SwissPRTR point sources by NACE prefix in 10, 11, 17, 19, 20, 21, 22. Published LV95 coordinates were reprojected, not geocoded. This record does not establish reactor inventory, design, capacity, or current operation.
swiss-prtr:181	Siegfried Evionnaz SA	Switzerland	46.172783	7.023880	SwissPRTR-published CH1903+/LV95 facility point transformed to WGS84 with the official swisstopo approximate formula (stated accuracy better than 0.12 arcsec longitude and 0.08 arcsec latitude); source position not independently verified	NACE 2110 — 4 - Chemische Industrie	4 - Chemische Industrie | PRTRO level 2: e - Anlagen zur industriellen Herstellung von Grundarzneimitteln unter Verwendung eines chemischen oder biologischen Verfahrens		reported in SwissPRTR for 2024; operating status not asserted; official source notes that 2024 release is not yet complete for some facilities	Siegfried Evionnaz SA		source industry classification only; pollutant and waste quantities excluded	https://www.bafu.admin.ch/en/swissprtr-en	official Swiss pollutant-register facility and activity classification	2026-09-28	Open use; source attribution required (opendata.swiss terms_by)	Selected systematically from 2024 SwissPRTR point sources by NACE prefix in 10, 11, 17, 19, 20, 21, 22. Published LV95 coordinates were reprojected, not geocoded. This record does not establish reactor inventory, design, capacity, or current operation.
swiss-prtr:187	DSM Nutrional Products - Werk Lalden	Switzerland	46.302313	7.881885	SwissPRTR-published CH1903+/LV95 facility point transformed to WGS84 with the official swisstopo approximate formula (stated accuracy better than 0.12 arcsec longitude and 0.08 arcsec latitude); source position not independently verified	NACE 2014 — 4 - Chemische Industrie	4 - Chemische Industrie | PRTRO level 2: a - Chemieanlagen zur industriellen Herstellung von organischen Grundchemikalien wie | PRTRO level 3: 1 - einfachen Kohlenwasserstoffen (linearen oder ringförmigen, gesättigten oder ungesättigten, aliphatischen oder aromatischen)		reported in SwissPRTR for 2024; operating status not asserted; official source notes that 2024 release is not yet complete for some facilities	DSM Nutrional Products - Werk Lalden		source industry classification only; pollutant and waste quantities excluded	https://www.bafu.admin.ch/en/swissprtr-en	official Swiss pollutant-register facility and activity classification	2026-09-28	Open use; source attribution required (opendata.swiss terms_by)	Selected systematically from 2024 SwissPRTR point sources by NACE prefix in 10, 11, 17, 19, 20, 21, 22. Published LV95 coordinates were reprojected, not geocoded. This record does not establish reactor inventory, design, capacity, or current operation.
swiss-prtr:188	Merck SA	Switzerland	46.482756	6.862383	SwissPRTR-published CH1903+/LV95 facility point transformed to WGS84 with the official swisstopo approximate formula (stated accuracy better than 0.12 arcsec longitude and 0.08 arcsec latitude); source position not independently verified	NACE 2110 — 4 - Chemische Industrie	4 - Chemische Industrie | PRTRO level 2: e - Anlagen zur industriellen Herstellung von Grundarzneimitteln unter Verwendung eines chemischen oder biologischen Verfahrens		reported in SwissPRTR for 2024; operating status not asserted; official source notes that 2024 release is not yet complete for some facilities	Merck Serono SA		source industry classification only; pollutant and waste quantities excluded	https://www.bafu.admin.ch/en/swissprtr-en	official Swiss pollutant-register facility and activity classification	2026-09-28	Open use; source attribution required (opendata.swiss terms_by)	Selected systematically from 2024 SwissPRTR point sources by NACE prefix in 10, 11, 17, 19, 20, 21, 22. Published LV95 coordinates were reprojected, not geocoded. This record does not establish reactor inventory, design, capacity, or current operation.
swiss-prtr:189	analytecon sa	Switzerland	46.931281	6.650750	SwissPRTR-published CH1903+/LV95 facility point transformed to WGS84 with the official swisstopo approximate formula (stated accuracy better than 0.12 arcsec longitude and 0.08 arcsec latitude); source position not independently verified	NACE 2014 — 4 - Chemische Industrie	4 - Chemische Industrie | PRTRO level 2: a - Chemieanlagen zur industriellen Herstellung von organischen Grundchemikalien wie | PRTRO level 3: 1 - einfachen Kohlenwasserstoffen (linearen oder ringförmigen, gesättigten oder ungesättigten, aliphatischen oder aromatischen)		reported in SwissPRTR for 2024; operating status not asserted; official source notes that 2024 release is not yet complete for some facilities	analytecon sa		source industry classification only; pollutant and waste quantities excluded	https://www.bafu.admin.ch/en/swissprtr-en	official Swiss pollutant-register facility and activity classification	2026-09-28	Open use; source attribution required (opendata.swiss terms_by)	Selected systematically from 2024 SwissPRTR point sources by NACE prefix in 10, 11, 17, 19, 20, 21, 22. Published LV95 coordinates were reprojected, not geocoded. This record does not establish reactor inventory, design, capacity, or current operation.
swiss-prtr:194	Syngenta Crop Protection Monthey SA	Switzerland	46.252939	6.965317	SwissPRTR-published CH1903+/LV95 facility point transformed to WGS84 with the official swisstopo approximate formula (stated accuracy better than 0.12 arcsec longitude and 0.08 arcsec latitude); source position not independently verified	NACE 2020 — 4 - Chemische Industrie	4 - Chemische Industrie | PRTRO level 2: d - Chemieanlagen zur industriellen Herstellung von Ausgangsstoffen für Pflanzenschutzmittel und Bioziden		reported in SwissPRTR for 2024; operating status not asserted; official source notes that 2024 release is not yet complete for some facilities	Syngenta Crop Protection Monthey SA		source industry classification only; pollutant and waste quantities excluded	https://www.bafu.admin.ch/en/swissprtr-en	official Swiss pollutant-register facility and activity classification	2026-09-28	Open use; source attribution required (opendata.swiss terms_by)	Selected systematically from 2024 SwissPRTR point sources by NACE prefix in 10, 11, 17, 19, 20, 21, 22. Published LV95 coordinates were reprojected, not geocoded. This record does not establish reactor inventory, design, capacity, or current operation.
swiss-prtr:204	Novartis AG - Werk Basel Klybeck	Switzerland	47.571381	7.589592	SwissPRTR-published CH1903+/LV95 facility point transformed to WGS84 with the official swisstopo approximate formula (stated accuracy better than 0.12 arcsec longitude and 0.08 arcsec latitude); source position not independently verified	NACE 2110 — 4 - Chemische Industrie	4 - Chemische Industrie | PRTRO level 2: e - Anlagen zur industriellen Herstellung von Grundarzneimitteln unter Verwendung eines chemischen oder biologischen Verfahrens		reported in SwissPRTR for 2024; operating status not asserted; official source notes that 2024 release is not yet complete for some facilities	Novartis AG - Werk Basel St. Johann		source industry classification only; pollutant and waste quantities excluded	https://www.bafu.admin.ch/en/swissprtr-en	official Swiss pollutant-register facility and activity classification	2026-09-28	Open use; source attribution required (opendata.swiss terms_by)	Selected systematically from 2024 SwissPRTR point sources by NACE prefix in 10, 11, 17, 19, 20, 21, 22. Published LV95 coordinates were reprojected, not geocoded. This record does not establish reactor inventory, design, capacity, or current operation.
swiss-prtr:205	Novartis Pharma Schweizerhalle AG	Switzerland	47.531904	7.668374	SwissPRTR-published CH1903+/LV95 facility point transformed to WGS84 with the official swisstopo approximate formula (stated accuracy better than 0.12 arcsec longitude and 0.08 arcsec latitude); source position not independently verified	NACE 2110 — 4 - Chemische Industrie	4 - Chemische Industrie | PRTRO level 2: e - Anlagen zur industriellen Herstellung von Grundarzneimitteln unter Verwendung eines chemischen oder biologischen Verfahrens		reported in SwissPRTR for 2024; operating status not asserted; official source notes that 2024 release is not yet complete for some facilities	Novartis AG - Werk Basel St. Johann		source industry classification only; pollutant and waste quantities excluded	https://www.bafu.admin.ch/en/swissprtr-en	official Swiss pollutant-register facility and activity classification	2026-09-28	Open use; source attribution required (opendata.swiss terms_by)	Selected systematically from 2024 SwissPRTR point sources by NACE prefix in 10, 11, 17, 19, 20, 21, 22. Published LV95 coordinates were reprojected, not geocoded. This record does not establish reactor inventory, design, capacity, or current operation.
swiss-prtr:207	Pentapharm AG	Switzerland	47.481197	7.604474	SwissPRTR-published CH1903+/LV95 facility point transformed to WGS84 with the official swisstopo approximate formula (stated accuracy better than 0.12 arcsec longitude and 0.08 arcsec latitude); source position not independently verified	NACE 2110 — 4 - Chemische Industrie	4 - Chemische Industrie | PRTRO level 2: e - Anlagen zur industriellen Herstellung von Grundarzneimitteln unter Verwendung eines chemischen oder biologischen Verfahrens		reported in SwissPRTR for 2024; operating status not asserted; official source notes that 2024 release is not yet complete for some facilities	Pentapharm AG		source industry classification only; pollutant and waste quantities excluded	https://www.bafu.admin.ch/en/swissprtr-en	official Swiss pollutant-register facility and activity classification	2026-09-28	Open use; source attribution required (opendata.swiss terms_by)	Selected systematically from 2024 SwissPRTR point sources by NACE prefix in 10, 11, 17, 19, 20, 21, 22. Published LV95 coordinates were reprojected, not geocoded. This record does not establish reactor inventory, design, capacity, or current operation.
swiss-prtr:213	Gnosis Bioresearch SA	Switzerland	46.156366	8.964449	SwissPRTR-published CH1903+/LV95 facility point transformed to WGS84 with the official swisstopo approximate formula (stated accuracy better than 0.12 arcsec longitude and 0.08 arcsec latitude); source position not independently verified	NACE 2110 — 4 - Chemische Industrie	4 - Chemische Industrie | PRTRO level 2: e - Anlagen zur industriellen Herstellung von Grundarzneimitteln unter Verwendung eines chemischen oder biologischen Verfahrens		reported in SwissPRTR for 2024; operating status not asserted; official source notes that 2024 release is not yet complete for some facilities	Gnosis Bioresearch SA		source industry classification only; pollutant and waste quantities excluded	https://www.bafu.admin.ch/en/swissprtr-en	official Swiss pollutant-register facility and activity classification	2026-09-28	Open use; source attribution required (opendata.swiss terms_by)	Selected systematically from 2024 SwissPRTR point sources by NACE prefix in 10, 11, 17, 19, 20, 21, 22. Published LV95 coordinates were reprojected, not geocoded. This record does not establish reactor inventory, design, capacity, or current operation.
swiss-prtr:215	Schweizer Zucker AG	Switzerland	47.556113	8.875269	SwissPRTR-published CH1903+/LV95 facility point transformed to WGS84 with the official swisstopo approximate formula (stated accuracy better than 0.12 arcsec longitude and 0.08 arcsec latitude); source position not independently verified	NACE 1081 — 8 - Tierische und pflanzliche Produkte aus dem Lebensmittel- und Getränkesektor	8 - Tierische und pflanzliche Produkte aus dem Lebensmittel- und Getränkesektor | PRTRO level 2: b - Behandlung und Verarbeitung für die Herstellung von Nahrungsmittel- und Getränkeerzeugnissen aus: | PRTRO level 3: 2 - pflanzlichen Rohstoffen mit einer Produktionskapazität (Fertigprodukt) von mindestens 300 t pro Tag (Durchschnittswert aufgrund von Quartalszahlen)		reported in SwissPRTR for 2024; operating status not asserted; official source notes that 2024 release is not yet complete for some facilities	Schweizer Zucker AG		source industry classification only; pollutant and waste quantities excluded	https://www.bafu.admin.ch/en/swissprtr-en	official Swiss pollutant-register facility and activity classification	2026-09-28	Open use; source attribution required (opendata.swiss terms_by)	Selected systematically from 2024 SwissPRTR point sources by NACE prefix in 10, 11, 17, 19, 20, 21, 22. Published LV95 coordinates were reprojected, not geocoded. This record does not establish reactor inventory, design, capacity, or current operation.
swiss-prtr:235	SI Group-Switzerland GmbH	Switzerland	47.521808	7.679483	SwissPRTR-published CH1903+/LV95 facility point transformed to WGS84 with the official swisstopo approximate formula (stated accuracy better than 0.12 arcsec longitude and 0.08 arcsec latitude); source position not independently verified	NACE 2014 — 4 - Chemische Industrie	4 - Chemische Industrie | PRTRO level 2: a - Chemieanlagen zur industriellen Herstellung von organischen Grundchemikalien wie | PRTRO level 3: 2 - sauerstoffhaltigen Kohlenwasserstoffen wie Alkoholen, Aldehyden, Ketonen, Carbonsäuren, Estern, Acetaten, Ethern, Peroxiden, Epoxidharzen		reported in SwissPRTR for 2024; operating status not asserted; official source notes that 2024 release is not yet complete for some facilities	SI Group-Switzerland GmbH		source industry classification only; pollutant and waste quantities excluded	https://www.bafu.admin.ch/en/swissprtr-en	official Swiss pollutant-register facility and activity classification	2026-09-28	Open use; source attribution required (opendata.swiss terms_by)	Selected systematically from 2024 SwissPRTR point sources by NACE prefix in 10, 11, 17, 19, 20, 21, 22. Published LV95 coordinates were reprojected, not geocoded. This record does not establish reactor inventory, design, capacity, or current operation.
swiss-prtr:241	Merck & Cie KmG	Switzerland	46.867213	8.633607	SwissPRTR-published CH1903+/LV95 facility point transformed to WGS84 with the official swisstopo approximate formula (stated accuracy better than 0.12 arcsec longitude and 0.08 arcsec latitude); source position not independently verified	NACE 2110 — 4 - Chemische Industrie	4 - Chemische Industrie | PRTRO level 2: e - Anlagen zur industriellen Herstellung von Grundarzneimitteln unter Verwendung eines chemischen oder biologischen Verfahrens		reported in SwissPRTR for 2024; operating status not asserted; official source notes that 2024 release is not yet complete for some facilities	Merck & Cie KmG		source industry classification only; pollutant and waste quantities excluded	https://www.bafu.admin.ch/en/swissprtr-en	official Swiss pollutant-register facility and activity classification	2026-09-28	Open use; source attribution required (opendata.swiss terms_by)	Selected systematically from 2024 SwissPRTR point sources by NACE prefix in 10, 11, 17, 19, 20, 21, 22. Published LV95 coordinates were reprojected, not geocoded. This record does not establish reactor inventory, design, capacity, or current operation.
swiss-prtr:242	Emmi Schweiz AG	Switzerland	46.960833	7.481666	SwissPRTR-published CH1903+/LV95 facility point transformed to WGS84 with the official swisstopo approximate formula (stated accuracy better than 0.12 arcsec longitude and 0.08 arcsec latitude); source position not independently verified	NACE 1051 — 8 - Tierische und pflanzliche Produkte aus dem Lebensmittel- und Getränkesektor	8 - Tierische und pflanzliche Produkte aus dem Lebensmittel- und Getränkesektor | PRTRO level 2: c - Anlagen zur Behandlung und Verarbeitung von Milch mit einer Aufnahmekapazität von mindestens 200 t pro Tag (Durchschnittswert aufgrund von jährlichen Zahlen)		reported in SwissPRTR for 2024; operating status not asserted; official source notes that 2024 release is not yet complete for some facilities	Emmi Schweiz AG		source industry classification only; pollutant and waste quantities excluded	https://www.bafu.admin.ch/en/swissprtr-en	official Swiss pollutant-register facility and activity classification	2026-09-28	Open use; source attribution required (opendata.swiss terms_by)	Selected systematically from 2024 SwissPRTR point sources by NACE prefix in 10, 11, 17, 19, 20, 21, 22. Published LV95 coordinates were reprojected, not geocoded. This record does not establish reactor inventory, design, capacity, or current operation.
swiss-prtr:243	Emmi Schweiz AG	Switzerland	47.214997	7.978333	SwissPRTR-published CH1903+/LV95 facility point transformed to WGS84 with the official swisstopo approximate formula (stated accuracy better than 0.12 arcsec longitude and 0.08 arcsec latitude); source position not independently verified	NACE 1051 — 8 - Tierische und pflanzliche Produkte aus dem Lebensmittel- und Getränkesektor	8 - Tierische und pflanzliche Produkte aus dem Lebensmittel- und Getränkesektor | PRTRO level 2: c - Anlagen zur Behandlung und Verarbeitung von Milch mit einer Aufnahmekapazität von mindestens 200 t pro Tag (Durchschnittswert aufgrund von jährlichen Zahlen)		reported in SwissPRTR for 2024; operating status not asserted; official source notes that 2024 release is not yet complete for some facilities	Emmi Schweiz AG		source industry classification only; pollutant and waste quantities excluded	https://www.bafu.admin.ch/en/swissprtr-en	official Swiss pollutant-register facility and activity classification	2026-09-28	Open use; source attribution required (opendata.swiss terms_by)	Selected systematically from 2024 SwissPRTR point sources by NACE prefix in 10, 11, 17, 19, 20, 21, 22. Published LV95 coordinates were reprojected, not geocoded. This record does not establish reactor inventory, design, capacity, or current operation.
swiss-prtr:244	Emmi Schweiz AG	Switzerland	47.082496	8.307761	SwissPRTR-published CH1903+/LV95 facility point transformed to WGS84 with the official swisstopo approximate formula (stated accuracy better than 0.12 arcsec longitude and 0.08 arcsec latitude); source position not independently verified	NACE 1051 — 8 - Tierische und pflanzliche Produkte aus dem Lebensmittel- und Getränkesektor	8 - Tierische und pflanzliche Produkte aus dem Lebensmittel- und Getränkesektor | PRTRO level 2: c - Anlagen zur Behandlung und Verarbeitung von Milch mit einer Aufnahmekapazität von mindestens 200 t pro Tag (Durchschnittswert aufgrund von jährlichen Zahlen)		reported in SwissPRTR for 2024; operating status not asserted; official source notes that 2024 release is not yet complete for some facilities	Emmi Schweiz AG		source industry classification only; pollutant and waste quantities excluded	https://www.bafu.admin.ch/en/swissprtr-en	official Swiss pollutant-register facility and activity classification	2026-09-28	Open use; source attribution required (opendata.swiss terms_by)	Selected systematically from 2024 SwissPRTR point sources by NACE prefix in 10, 11, 17, 19, 20, 21, 22. Published LV95 coordinates were reprojected, not geocoded. This record does not establish reactor inventory, design, capacity, or current operation.
swiss-prtr:245	Mittelland Molkerei AG	Switzerland	47.366382	8.076389	SwissPRTR-published CH1903+/LV95 facility point transformed to WGS84 with the official swisstopo approximate formula (stated accuracy better than 0.12 arcsec longitude and 0.08 arcsec latitude); source position not independently verified	NACE 1051 — 8 - Tierische und pflanzliche Produkte aus dem Lebensmittel- und Getränkesektor	8 - Tierische und pflanzliche Produkte aus dem Lebensmittel- und Getränkesektor | PRTRO level 2: c - Anlagen zur Behandlung und Verarbeitung von Milch mit einer Aufnahmekapazität von mindestens 200 t pro Tag (Durchschnittswert aufgrund von jährlichen Zahlen)		reported in SwissPRTR for 2024; operating status not asserted; official source notes that 2024 release is not yet complete for some facilities	Emmi Schweiz AG		source industry classification only; pollutant and waste quantities excluded	https://www.bafu.admin.ch/en/swissprtr-en	official Swiss pollutant-register facility and activity classification	2026-09-28	Open use; source attribution required (opendata.swiss terms_by)	Selected systematically from 2024 SwissPRTR point sources by NACE prefix in 10, 11, 17, 19, 20, 21, 22. Published LV95 coordinates were reprojected, not geocoded. This record does not establish reactor inventory, design, capacity, or current operation.
swiss-prtr:250	Model AG	Switzerland	47.562416	9.101582	SwissPRTR-published CH1903+/LV95 facility point transformed to WGS84 with the official swisstopo approximate formula (stated accuracy better than 0.12 arcsec longitude and 0.08 arcsec latitude); source position not independently verified	NACE 1721 — 6 - Be- und Verarbeitung von Papier und Holz	6 - Be- und Verarbeitung von Papier und Holz | PRTRO level 2: b - Industrieanlagen für die Herstellung von Papier und Pappe und sonstigen primären Holzprodukten (wie Spanplatten, Faserplatten und Sperrholz) mit einer Produktionskapazität von mindestens 20 t pro Tag		reported in SwissPRTR for 2024; operating status not asserted; official source notes that 2024 release is not yet complete for some facilities	Model AG		source industry classification only; pollutant and waste quantities excluded	https://www.bafu.admin.ch/en/swissprtr-en	official Swiss pollutant-register facility and activity classification	2026-09-28	Open use; source attribution required (opendata.swiss terms_by)	Selected systematically from 2024 SwissPRTR point sources by NACE prefix in 10, 11, 17, 19, 20, 21, 22. Published LV95 coordinates were reprojected, not geocoded. This record does not establish reactor inventory, design, capacity, or current operation.
swiss-prtr:251	Syngenta Crop Protection AG Münchwilen	Switzerland	47.543050	7.971117	SwissPRTR-published CH1903+/LV95 facility point transformed to WGS84 with the official swisstopo approximate formula (stated accuracy better than 0.12 arcsec longitude and 0.08 arcsec latitude); source position not independently verified	NACE 2020 — 4 - Chemische Industrie	4 - Chemische Industrie | PRTRO level 2: d - Chemieanlagen zur industriellen Herstellung von Ausgangsstoffen für Pflanzenschutzmittel und Bioziden		reported in SwissPRTR for 2024; operating status not asserted; official source notes that 2024 release is not yet complete for some facilities	Syngenta Crop Protection AG Münchwilen		source industry classification only; pollutant and waste quantities excluded	https://www.bafu.admin.ch/en/swissprtr-en	official Swiss pollutant-register facility and activity classification	2026-09-28	Open use; source attribution required (opendata.swiss terms_by)	Selected systematically from 2024 SwissPRTR point sources by NACE prefix in 10, 11, 17, 19, 20, 21, 22. Published LV95 coordinates were reprojected, not geocoded. This record does not establish reactor inventory, design, capacity, or current operation.
swiss-prtr:254	Syngenta Crop Protection AG Münchwilen	Switzerland	47.544995	8.035281	SwissPRTR-published CH1903+/LV95 facility point transformed to WGS84 with the official swisstopo approximate formula (stated accuracy better than 0.12 arcsec longitude and 0.08 arcsec latitude); source position not independently verified	NACE 2020 — 4 - Chemische Industrie	4 - Chemische Industrie | PRTRO level 2: d - Chemieanlagen zur industriellen Herstellung von Ausgangsstoffen für Pflanzenschutzmittel und Bioziden		reported in SwissPRTR for 2024; operating status not asserted; official source notes that 2024 release is not yet complete for some facilities	Syngenta Crop Protection AG Münchwilen		source industry classification only; pollutant and waste quantities excluded	https://www.bafu.admin.ch/en/swissprtr-en	official Swiss pollutant-register facility and activity classification	2026-09-28	Open use; source attribution required (opendata.swiss terms_by)	Selected systematically from 2024 SwissPRTR point sources by NACE prefix in 10, 11, 17, 19, 20, 21, 22. Published LV95 coordinates were reprojected, not geocoded. This record does not establish reactor inventory, design, capacity, or current operation.
swiss-prtr:265	BASF Suisse SA, site de Monthey	Switzerland	46.252939	6.965317	SwissPRTR-published CH1903+/LV95 facility point transformed to WGS84 with the official swisstopo approximate formula (stated accuracy better than 0.12 arcsec longitude and 0.08 arcsec latitude); source position not independently verified	NACE 2041 — 4 - Chemische Industrie	4 - Chemische Industrie | PRTRO level 2: a - Chemieanlagen zur industriellen Herstellung von organischen Grundchemikalien wie | PRTRO level 3: 11 - Tensiden		reported in SwissPRTR for 2024; operating status not asserted; official source notes that 2024 release is not yet complete for some facilities	BASF Suisse SA		source industry classification only; pollutant and waste quantities excluded	https://www.bafu.admin.ch/en/swissprtr-en	official Swiss pollutant-register facility and activity classification	2026-09-28	Open use; source attribution required (opendata.swiss terms_by)	Selected systematically from 2024 SwissPRTR point sources by NACE prefix in 10, 11, 17, 19, 20, 21, 22. Published LV95 coordinates were reprojected, not geocoded. This record does not establish reactor inventory, design, capacity, or current operation.
swiss-prtr:268	LONZA AG	Switzerland	46.296701	7.888199	SwissPRTR-published CH1903+/LV95 facility point transformed to WGS84 with the official swisstopo approximate formula (stated accuracy better than 0.12 arcsec longitude and 0.08 arcsec latitude); source position not independently verified	NACE 2110 — 4 - Chemische Industrie	4 - Chemische Industrie | PRTRO level 2: e - Anlagen zur industriellen Herstellung von Grundarzneimitteln unter Verwendung eines chemischen oder biologischen Verfahrens		reported in SwissPRTR for 2024; operating status not asserted; official source notes that 2024 release is not yet complete for some facilities	LONZA AG		source industry classification only; pollutant and waste quantities excluded	https://www.bafu.admin.ch/en/swissprtr-en	official Swiss pollutant-register facility and activity classification	2026-09-28	Open use; source attribution required (opendata.swiss terms_by)	Selected systematically from 2024 SwissPRTR point sources by NACE prefix in 10, 11, 17, 19, 20, 21, 22. Published LV95 coordinates were reprojected, not geocoded. This record does not establish reactor inventory, design, capacity, or current operation.
swiss-prtr:284	Cerbios-Pharma SA	Switzerland	45.963605	8.922500	SwissPRTR-published CH1903+/LV95 facility point transformed to WGS84 with the official swisstopo approximate formula (stated accuracy better than 0.12 arcsec longitude and 0.08 arcsec latitude); source position not independently verified	NACE 2110 — 4 - Chemische Industrie	4 - Chemische Industrie | PRTRO level 2: e - Anlagen zur industriellen Herstellung von Grundarzneimitteln unter Verwendung eines chemischen oder biologischen Verfahrens		reported in SwissPRTR for 2024; operating status not asserted; official source notes that 2024 release is not yet complete for some facilities	Cerbios-Pharma SA		source industry classification only; pollutant and waste quantities excluded	https://www.bafu.admin.ch/en/swissprtr-en	official Swiss pollutant-register facility and activity classification	2026-09-28	Open use; source attribution required (opendata.swiss terms_by)	Selected systematically from 2024 SwissPRTR point sources by NACE prefix in 10, 11, 17, 19, 20, 21, 22. Published LV95 coordinates were reprojected, not geocoded. This record does not establish reactor inventory, design, capacity, or current operation.
swiss-prtr:316	OM PHARMA	Switzerland	46.225178	6.074906	SwissPRTR-published CH1903+/LV95 facility point transformed to WGS84 with the official swisstopo approximate formula (stated accuracy better than 0.12 arcsec longitude and 0.08 arcsec latitude); source position not independently verified	NACE 2110 — 4 - Chemische Industrie	4 - Chemische Industrie | PRTRO level 2: e - Anlagen zur industriellen Herstellung von Grundarzneimitteln unter Verwendung eines chemischen oder biologischen Verfahrens		reported in SwissPRTR for 2024; operating status not asserted; official source notes that 2024 release is not yet complete for some facilities	OM PHARMA		source industry classification only; pollutant and waste quantities excluded	https://www.bafu.admin.ch/en/swissprtr-en	official Swiss pollutant-register facility and activity classification	2026-09-28	Open use; source attribution required (opendata.swiss terms_by)	Selected systematically from 2024 SwissPRTR point sources by NACE prefix in 10, 11, 17, 19, 20, 21, 22. Published LV95 coordinates were reprojected, not geocoded. This record does not establish reactor inventory, design, capacity, or current operation.
swiss-prtr:321	CONICA AG	Switzerland	47.721669	8.669436	SwissPRTR-published CH1903+/LV95 facility point transformed to WGS84 with the official swisstopo approximate formula (stated accuracy better than 0.12 arcsec longitude and 0.08 arcsec latitude); source position not independently verified	NACE 2016 — 4 - Chemische Industrie	4 - Chemische Industrie | PRTRO level 2: a - Chemieanlagen zur industriellen Herstellung von organischen Grundchemikalien wie | PRTRO level 3: 8 - Basiskunststoffen (Polymeren, Chemiefasern, Fasern auf Zellstoffbasis)		reported in SwissPRTR for 2024; operating status not asserted; official source notes that 2024 release is not yet complete for some facilities	CONICA AG		source industry classification only; pollutant and waste quantities excluded	https://www.bafu.admin.ch/en/swissprtr-en	official Swiss pollutant-register facility and activity classification	2026-09-28	Open use; source attribution required (opendata.swiss terms_by)	Selected systematically from 2024 SwissPRTR point sources by NACE prefix in 10, 11, 17, 19, 20, 21, 22. Published LV95 coordinates were reprojected, not geocoded. This record does not establish reactor inventory, design, capacity, or current operation.
swiss-prtr:327	Merck Serono SA	Switzerland	46.486408	6.401289	SwissPRTR-published CH1903+/LV95 facility point transformed to WGS84 with the official swisstopo approximate formula (stated accuracy better than 0.12 arcsec longitude and 0.08 arcsec latitude); source position not independently verified	NACE 2110 — 4 - Chemische Industrie	4 - Chemische Industrie | PRTRO level 2: e - Anlagen zur industriellen Herstellung von Grundarzneimitteln unter Verwendung eines chemischen oder biologischen Verfahrens		reported in SwissPRTR for 2024; operating status not asserted; official source notes that 2024 release is not yet complete for some facilities	Merck Serono SA		source industry classification only; pollutant and waste quantities excluded	https://www.bafu.admin.ch/en/swissprtr-en	official Swiss pollutant-register facility and activity classification	2026-09-28	Open use; source attribution required (opendata.swiss terms_by)	Selected systematically from 2024 SwissPRTR point sources by NACE prefix in 10, 11, 17, 19, 20, 21, 22. Published LV95 coordinates were reprojected, not geocoded. This record does not establish reactor inventory, design, capacity, or current operation.
swiss-prtr:338	Huntsman Advanced Materials Switzerland	Switzerland	46.252939	6.965317	SwissPRTR-published CH1903+/LV95 facility point transformed to WGS84 with the official swisstopo approximate formula (stated accuracy better than 0.12 arcsec longitude and 0.08 arcsec latitude); source position not independently verified	NACE 2016 — 4 - Chemische Industrie	4 - Chemische Industrie | PRTRO level 2: a - Chemieanlagen zur industriellen Herstellung von organischen Grundchemikalien wie | PRTRO level 3: 8 - Basiskunststoffen (Polymeren, Chemiefasern, Fasern auf Zellstoffbasis)		reported in SwissPRTR for 2024; operating status not asserted; official source notes that 2024 release is not yet complete for some facilities	Huntsman Advanced Materials Switzerland		source industry classification only; pollutant and waste quantities excluded	https://www.bafu.admin.ch/en/swissprtr-en	official Swiss pollutant-register facility and activity classification	2026-09-28	Open use; source attribution required (opendata.swiss terms_by)	Selected systematically from 2024 SwissPRTR point sources by NACE prefix in 10, 11, 17, 19, 20, 21, 22. Published LV95 coordinates were reprojected, not geocoded. This record does not establish reactor inventory, design, capacity, or current operation.
swiss-prtr:349	Dr. Petry Chemie AG	Switzerland	47.260848	9.506601	SwissPRTR-published CH1903+/LV95 facility point transformed to WGS84 with the official swisstopo approximate formula (stated accuracy better than 0.12 arcsec longitude and 0.08 arcsec latitude); source position not independently verified	NACE 2041 — 4 - Chemische Industrie	4 - Chemische Industrie | PRTRO level 2: a - Chemieanlagen zur industriellen Herstellung von organischen Grundchemikalien wie | PRTRO level 3: 4 - stickstoffhaltigen Kohlenwasserstoffen wie Aminen, Amiden, Nitroso-, Nitro- oder Nitratverbindungen,  Nitrilen, Cyanaten, Isocyanaten		reported in SwissPRTR for 2024; operating status not asserted; official source notes that 2024 release is not yet complete for some facilities	Textilchemie Dr. Petry GmbH		source industry classification only; pollutant and waste quantities excluded	https://www.bafu.admin.ch/en/swissprtr-en	official Swiss pollutant-register facility and activity classification	2026-09-28	Open use; source attribution required (opendata.swiss terms_by)	Selected systematically from 2024 SwissPRTR point sources by NACE prefix in 10, 11, 17, 19, 20, 21, 22. Published LV95 coordinates were reprojected, not geocoded. This record does not establish reactor inventory, design, capacity, or current operation.
swiss-prtr:350	Gremolith AG	Switzerland	47.411383	9.070548	SwissPRTR-published CH1903+/LV95 facility point transformed to WGS84 with the official swisstopo approximate formula (stated accuracy better than 0.12 arcsec longitude and 0.08 arcsec latitude); source position not independently verified	NACE 2016 — 4 - Chemische Industrie	4 - Chemische Industrie | PRTRO level 2: a - Chemieanlagen zur industriellen Herstellung von organischen Grundchemikalien wie | PRTRO level 3: 8 - Basiskunststoffen (Polymeren, Chemiefasern, Fasern auf Zellstoffbasis)		reported in SwissPRTR for 2024; operating status not asserted; official source notes that 2024 release is not yet complete for some facilities	Gremolith AG		source industry classification only; pollutant and waste quantities excluded	https://www.bafu.admin.ch/en/swissprtr-en	official Swiss pollutant-register facility and activity classification	2026-09-28	Open use; source attribution required (opendata.swiss terms_by)	Selected systematically from 2024 SwissPRTR point sources by NACE prefix in 10, 11, 17, 19, 20, 21, 22. Published LV95 coordinates were reprojected, not geocoded. This record does not establish reactor inventory, design, capacity, or current operation.
swiss-prtr:351	Givaudan Suisse SA site de Vernier	Switzerland	46.205370	6.079639	SwissPRTR-published CH1903+/LV95 facility point transformed to WGS84 with the official swisstopo approximate formula (stated accuracy better than 0.12 arcsec longitude and 0.08 arcsec latitude); source position not independently verified	NACE 2042 — 4 - Chemische Industrie	4 - Chemische Industrie | PRTRO level 2: a - Chemieanlagen zur industriellen Herstellung von organischen Grundchemikalien wie | PRTRO level 3: 2 - sauerstoffhaltigen Kohlenwasserstoffen wie Alkoholen, Aldehyden, Ketonen, Carbonsäuren, Estern, Acetaten, Ethern, Peroxiden, Epoxidharzen		reported in SwissPRTR for 2024; operating status not asserted; official source notes that 2024 release is not yet complete for some facilities	Givaudan Suisse SA site de Vernier		source industry classification only; pollutant and waste quantities excluded	https://www.bafu.admin.ch/en/swissprtr-en	official Swiss pollutant-register facility and activity classification	2026-09-28	Open use; source attribution required (opendata.swiss terms_by)	Selected systematically from 2024 SwissPRTR point sources by NACE prefix in 10, 11, 17, 19, 20, 21, 22. Published LV95 coordinates were reprojected, not geocoded. This record does not establish reactor inventory, design, capacity, or current operation.
swiss-prtr:353	Biosynth AG	Switzerland	47.482958	9.557378	SwissPRTR-published CH1903+/LV95 facility point transformed to WGS84 with the official swisstopo approximate formula (stated accuracy better than 0.12 arcsec longitude and 0.08 arcsec latitude); source position not independently verified	NACE 2014 — 4 - Chemische Industrie	4 - Chemische Industrie | PRTRO level 2: a - Chemieanlagen zur industriellen Herstellung von organischen Grundchemikalien wie | PRTRO level 3: 2 - sauerstoffhaltigen Kohlenwasserstoffen wie Alkoholen, Aldehyden, Ketonen, Carbonsäuren, Estern, Acetaten, Ethern, Peroxiden, Epoxidharzen		reported in SwissPRTR for 2024; operating status not asserted; official source notes that 2024 release is not yet complete for some facilities	Biosynth Holding AG		source industry classification only; pollutant and waste quantities excluded	https://www.bafu.admin.ch/en/swissprtr-en	official Swiss pollutant-register facility and activity classification	2026-09-28	Open use; source attribution required (opendata.swiss terms_by)	Selected systematically from 2024 SwissPRTR point sources by NACE prefix in 10, 11, 17, 19, 20, 21, 22. Published LV95 coordinates were reprojected, not geocoded. This record does not establish reactor inventory, design, capacity, or current operation.
swiss-prtr:364	Nitrochemie Wimmis AG	Switzerland	46.687497	7.636939	SwissPRTR-published CH1903+/LV95 facility point transformed to WGS84 with the official swisstopo approximate formula (stated accuracy better than 0.12 arcsec longitude and 0.08 arcsec latitude); source position not independently verified	NACE 2051 — 4 - Chemische Industrie	4 - Chemische Industrie | PRTRO level 2: f - Chemieanlagen zur industriellen Herstellung von Explosivstoffen und Feuerwerksmaterial		reported in SwissPRTR for 2024; operating status not asserted; official source notes that 2024 release is not yet complete for some facilities	Nitrochemie Wimmis AG		source industry classification only; pollutant and waste quantities excluded	https://www.bafu.admin.ch/en/swissprtr-en	official Swiss pollutant-register facility and activity classification	2026-09-28	Open use; source attribution required (opendata.swiss terms_by)	Selected systematically from 2024 SwissPRTR point sources by NACE prefix in 10, 11, 17, 19, 20, 21, 22. Published LV95 coordinates were reprojected, not geocoded. This record does not establish reactor inventory, design, capacity, or current operation.
swiss-prtr:365	CSL Behring AG	Switzerland	46.961405	7.461630	SwissPRTR-published CH1903+/LV95 facility point transformed to WGS84 with the official swisstopo approximate formula (stated accuracy better than 0.12 arcsec longitude and 0.08 arcsec latitude); source position not independently verified	NACE 2110 — 4 - Chemische Industrie	4 - Chemische Industrie | PRTRO level 2: e - Anlagen zur industriellen Herstellung von Grundarzneimitteln unter Verwendung eines chemischen oder biologischen Verfahrens		reported in SwissPRTR for 2024; operating status not asserted; official source notes that 2024 release is not yet complete for some facilities	CSL Behring AG		source industry classification only; pollutant and waste quantities excluded	https://www.bafu.admin.ch/en/swissprtr-en	official Swiss pollutant-register facility and activity classification	2026-09-28	Open use; source attribution required (opendata.swiss terms_by)	Selected systematically from 2024 SwissPRTR point sources by NACE prefix in 10, 11, 17, 19, 20, 21, 22. Published LV95 coordinates were reprojected, not geocoded. This record does not establish reactor inventory, design, capacity, or current operation.
swiss-prtr:372	Cremo SA	Switzerland	46.799168	7.124443	SwissPRTR-published CH1903+/LV95 facility point transformed to WGS84 with the official swisstopo approximate formula (stated accuracy better than 0.12 arcsec longitude and 0.08 arcsec latitude); source position not independently verified	NACE 1051 — 8 - Tierische und pflanzliche Produkte aus dem Lebensmittel- und Getränkesektor	8 - Tierische und pflanzliche Produkte aus dem Lebensmittel- und Getränkesektor | PRTRO level 2: c - Anlagen zur Behandlung und Verarbeitung von Milch mit einer Aufnahmekapazität von mindestens 200 t pro Tag (Durchschnittswert aufgrund von jährlichen Zahlen)		reported in SwissPRTR for 2024; operating status not asserted; official source notes that 2024 release is not yet complete for some facilities	Cremo SA		source industry classification only; pollutant and waste quantities excluded	https://www.bafu.admin.ch/en/swissprtr-en	official Swiss pollutant-register facility and activity classification	2026-09-28	Open use; source attribution required (opendata.swiss terms_by)	Selected systematically from 2024 SwissPRTR point sources by NACE prefix in 10, 11, 17, 19, 20, 21, 22. Published LV95 coordinates were reprojected, not geocoded. This record does not establish reactor inventory, design, capacity, or current operation.
swiss-prtr:373	Cremo SA	Switzerland	46.544176	6.628612	SwissPRTR-published CH1903+/LV95 facility point transformed to WGS84 with the official swisstopo approximate formula (stated accuracy better than 0.12 arcsec longitude and 0.08 arcsec latitude); source position not independently verified	NACE 1051 — 8 - Tierische und pflanzliche Produkte aus dem Lebensmittel- und Getränkesektor	8 - Tierische und pflanzliche Produkte aus dem Lebensmittel- und Getränkesektor | PRTRO level 2: c - Anlagen zur Behandlung und Verarbeitung von Milch mit einer Aufnahmekapazität von mindestens 200 t pro Tag (Durchschnittswert aufgrund von jährlichen Zahlen)		reported in SwissPRTR for 2024; operating status not asserted; official source notes that 2024 release is not yet complete for some facilities	Cremo SA		source industry classification only; pollutant and waste quantities excluded	https://www.bafu.admin.ch/en/swissprtr-en	official Swiss pollutant-register facility and activity classification	2026-09-28	Open use; source attribution required (opendata.swiss terms_by)	Selected systematically from 2024 SwissPRTR point sources by NACE prefix in 10, 11, 17, 19, 20, 21, 22. Published LV95 coordinates were reprojected, not geocoded. This record does not establish reactor inventory, design, capacity, or current operation.
swiss-prtr:374	Cremo SA	Switzerland	46.711674	6.846939	SwissPRTR-published CH1903+/LV95 facility point transformed to WGS84 with the official swisstopo approximate formula (stated accuracy better than 0.12 arcsec longitude and 0.08 arcsec latitude); source position not independently verified	NACE 1051 — 8 - Tierische und pflanzliche Produkte aus dem Lebensmittel- und Getränkesektor	8 - Tierische und pflanzliche Produkte aus dem Lebensmittel- und Getränkesektor | PRTRO level 2: c - Anlagen zur Behandlung und Verarbeitung von Milch mit einer Aufnahmekapazität von mindestens 200 t pro Tag (Durchschnittswert aufgrund von jährlichen Zahlen)		reported in SwissPRTR for 2024; operating status not asserted; official source notes that 2024 release is not yet complete for some facilities	Cremo SA		source industry classification only; pollutant and waste quantities excluded	https://www.bafu.admin.ch/en/swissprtr-en	official Swiss pollutant-register facility and activity classification	2026-09-28	Open use; source attribution required (opendata.swiss terms_by)	Selected systematically from 2024 SwissPRTR point sources by NACE prefix in 10, 11, 17, 19, 20, 21, 22. Published LV95 coordinates were reprojected, not geocoded. This record does not establish reactor inventory, design, capacity, or current operation.
swiss-prtr:385	Walter Mäder AG	Switzerland	47.431938	8.355562	SwissPRTR-published CH1903+/LV95 facility point transformed to WGS84 with the official swisstopo approximate formula (stated accuracy better than 0.12 arcsec longitude and 0.08 arcsec latitude); source position not independently verified	NACE 2016 — 4 - Chemische Industrie	4 - Chemische Industrie | PRTRO level 2: a - Chemieanlagen zur industriellen Herstellung von organischen Grundchemikalien wie | PRTRO level 3: 8 - Basiskunststoffen (Polymeren, Chemiefasern, Fasern auf Zellstoffbasis)		reported in SwissPRTR for 2024; operating status not asserted; official source notes that 2024 release is not yet complete for some facilities	AetA Mäder SA		source industry classification only; pollutant and waste quantities excluded	https://www.bafu.admin.ch/en/swissprtr-en	official Swiss pollutant-register facility and activity classification	2026-09-28	Open use; source attribution required (opendata.swiss terms_by)	Selected systematically from 2024 SwissPRTR point sources by NACE prefix in 10, 11, 17, 19, 20, 21, 22. Published LV95 coordinates were reprojected, not geocoded. This record does not establish reactor inventory, design, capacity, or current operation.
swiss-prtr:398	TRB CHEMEDICA SA	Switzerland	46.335715	6.896463	SwissPRTR-published CH1903+/LV95 facility point transformed to WGS84 with the official swisstopo approximate formula (stated accuracy better than 0.12 arcsec longitude and 0.08 arcsec latitude); source position not independently verified	NACE 2110 — 4 - Chemische Industrie	4 - Chemische Industrie | PRTRO level 2: e - Anlagen zur industriellen Herstellung von Grundarzneimitteln unter Verwendung eines chemischen oder biologischen Verfahrens		reported in SwissPRTR for 2024; operating status not asserted; official source notes that 2024 release is not yet complete for some facilities	TRB CHEMEDICA SA		source industry classification only; pollutant and waste quantities excluded	https://www.bafu.admin.ch/en/swissprtr-en	official Swiss pollutant-register facility and activity classification	2026-09-28	Open use; source attribution required (opendata.swiss terms_by)	Selected systematically from 2024 SwissPRTR point sources by NACE prefix in 10, 11, 17, 19, 20, 21, 22. Published LV95 coordinates were reprojected, not geocoded. This record does not establish reactor inventory, design, capacity, or current operation.
swiss-prtr:411	Janssen Vaccines	Switzerland	46.935417	7.386016	SwissPRTR-published CH1903+/LV95 facility point transformed to WGS84 with the official swisstopo approximate formula (stated accuracy better than 0.12 arcsec longitude and 0.08 arcsec latitude); source position not independently verified	NACE 2110 — 4 - Chemische Industrie	4 - Chemische Industrie | PRTRO level 2: e - Anlagen zur industriellen Herstellung von Grundarzneimitteln unter Verwendung eines chemischen oder biologischen Verfahrens		reported in SwissPRTR for 2024; operating status not asserted; official source notes that 2024 release is not yet complete for some facilities	Johnson & Johnson		source industry classification only; pollutant and waste quantities excluded	https://www.bafu.admin.ch/en/swissprtr-en	official Swiss pollutant-register facility and activity classification	2026-09-28	Open use; source attribution required (opendata.swiss terms_by)	Selected systematically from 2024 SwissPRTR point sources by NACE prefix in 10, 11, 17, 19, 20, 21, 22. Published LV95 coordinates were reprojected, not geocoded. This record does not establish reactor inventory, design, capacity, or current operation.
swiss-prtr:414	CARBOGEN AMCIS AG	Switzerland	46.306204	6.906830	SwissPRTR-published CH1903+/LV95 facility point transformed to WGS84 with the official swisstopo approximate formula (stated accuracy better than 0.12 arcsec longitude and 0.08 arcsec latitude); source position not independently verified	NACE 2110 — 4 - Chemische Industrie	4 - Chemische Industrie | PRTRO level 2: e - Anlagen zur industriellen Herstellung von Grundarzneimitteln unter Verwendung eines chemischen oder biologischen Verfahrens		reported in SwissPRTR for 2024; operating status not asserted; official source notes that 2024 release is not yet complete for some facilities	CARBOGEN AMCIS AG		source industry classification only; pollutant and waste quantities excluded	https://www.bafu.admin.ch/en/swissprtr-en	official Swiss pollutant-register facility and activity classification	2026-09-28	Open use; source attribution required (opendata.swiss terms_by)	Selected systematically from 2024 SwissPRTR point sources by NACE prefix in 10, 11, 17, 19, 20, 21, 22. Published LV95 coordinates were reprojected, not geocoded. This record does not establish reactor inventory, design, capacity, or current operation.
swiss-prtr:419	Bayer CropScience Schweiz AG	Switzerland	47.533778	7.661848	SwissPRTR-published CH1903+/LV95 facility point transformed to WGS84 with the official swisstopo approximate formula (stated accuracy better than 0.12 arcsec longitude and 0.08 arcsec latitude); source position not independently verified	NACE 2020 — 4 - Chemische Industrie	4 - Chemische Industrie | PRTRO level 2: d - Chemieanlagen zur industriellen Herstellung von Ausgangsstoffen für Pflanzenschutzmittel und Bioziden		reported in SwissPRTR for 2024; operating status not asserted; official source notes that 2024 release is not yet complete for some facilities	Bayer CropScience Schweiz AG		source industry classification only; pollutant and waste quantities excluded	https://www.bafu.admin.ch/en/swissprtr-en	official Swiss pollutant-register facility and activity classification	2026-09-28	Open use; source attribution required (opendata.swiss terms_by)	Selected systematically from 2024 SwissPRTR point sources by NACE prefix in 10, 11, 17, 19, 20, 21, 22. Published LV95 coordinates were reprojected, not geocoded. This record does not establish reactor inventory, design, capacity, or current operation.
swiss-prtr:431	Nestlé Suisse SA	Switzerland	46.880586	7.619717	SwissPRTR-published CH1903+/LV95 facility point transformed to WGS84 with the official swisstopo approximate formula (stated accuracy better than 0.12 arcsec longitude and 0.08 arcsec latitude); source position not independently verified	NACE 1051 — 8 - Tierische und pflanzliche Produkte aus dem Lebensmittel- und Getränkesektor	8 - Tierische und pflanzliche Produkte aus dem Lebensmittel- und Getränkesektor | PRTRO level 2: c - Anlagen zur Behandlung und Verarbeitung von Milch mit einer Aufnahmekapazität von mindestens 200 t pro Tag (Durchschnittswert aufgrund von jährlichen Zahlen)		reported in SwissPRTR for 2024; operating status not asserted; official source notes that 2024 release is not yet complete for some facilities	Nestlé Suisse SA		source industry classification only; pollutant and waste quantities excluded	https://www.bafu.admin.ch/en/swissprtr-en	official Swiss pollutant-register facility and activity classification	2026-09-28	Open use; source attribution required (opendata.swiss terms_by)	Selected systematically from 2024 SwissPRTR point sources by NACE prefix in 10, 11, 17, 19, 20, 21, 22. Published LV95 coordinates were reprojected, not geocoded. This record does not establish reactor inventory, design, capacity, or current operation.
swiss-prtr:432	Clariant Additives (Switzerland) AG	Switzerland	47.533704	7.663083	SwissPRTR-published CH1903+/LV95 facility point transformed to WGS84 with the official swisstopo approximate formula (stated accuracy better than 0.12 arcsec longitude and 0.08 arcsec latitude); source position not independently verified	NACE 2014 — 4 - Chemische Industrie	4 - Chemische Industrie | PRTRO level 2: a - Chemieanlagen zur industriellen Herstellung von organischen Grundchemikalien wie | PRTRO level 3: 5 - phosphorhaltigen  Kohlenwasserstoffen		reported in SwissPRTR for 2024; operating status not asserted; official source notes that 2024 release is not yet complete for some facilities	Clariant Additives (Switzerland) AG		source industry classification only; pollutant and waste quantities excluded	https://www.bafu.admin.ch/en/swissprtr-en	official Swiss pollutant-register facility and activity classification	2026-09-28	Open use; source attribution required (opendata.swiss terms_by)	Selected systematically from 2024 SwissPRTR point sources by NACE prefix in 10, 11, 17, 19, 20, 21, 22. Published LV95 coordinates were reprojected, not geocoded. This record does not establish reactor inventory, design, capacity, or current operation.
swiss-prtr:434	Hoffmann Neopac AG	Switzerland	46.842094	7.620204	SwissPRTR-published CH1903+/LV95 facility point transformed to WGS84 with the official swisstopo approximate formula (stated accuracy better than 0.12 arcsec longitude and 0.08 arcsec latitude); source position not independently verified	NACE 2222 — 9 - Sonstige Tätigkeiten	9 - Sonstige Tätigkeiten | PRTRO level 2: c - Anlagen zur Oberflächenbehandlung von Stoffen, Gegenständen oder Erzeugnissen unter Verwendung organischer Lösungsmittel, insbesondere zum Appretieren, Bedrucken, Beschichten, Entfetten, Imprägnieren, Kleben, Lackieren, Reinigen oder Tränken mit einer Verbrauchskapazität von mehr als 150 kg Lösungsmitteln pro Stunde oder von mehr als 200 t pro Jahr		reported in SwissPRTR for 2024; operating status not asserted; official source notes that 2024 release is not yet complete for some facilities	Hoffmann Neopac AG		source industry classification only; pollutant and waste quantities excluded	https://www.bafu.admin.ch/en/swissprtr-en	official Swiss pollutant-register facility and activity classification	2026-09-28	Open use; source attribution required (opendata.swiss terms_by)	Selected systematically from 2024 SwissPRTR point sources by NACE prefix in 10, 11, 17, 19, 20, 21, 22. Published LV95 coordinates were reprojected, not geocoded. This record does not establish reactor inventory, design, capacity, or current operation.
swiss-prtr:435	Arxada AG	Switzerland	46.298973	7.891411	SwissPRTR-published CH1903+/LV95 facility point transformed to WGS84 with the official swisstopo approximate formula (stated accuracy better than 0.12 arcsec longitude and 0.08 arcsec latitude); source position not independently verified	NACE 2014 — 4 - Chemische Industrie	4 - Chemische Industrie | PRTRO level 2: a - Chemieanlagen zur industriellen Herstellung von organischen Grundchemikalien wie | PRTRO level 3: 1 - einfachen Kohlenwasserstoffen (linearen oder ringförmigen, gesättigten oder ungesättigten, aliphatischen oder aromatischen)		reported in SwissPRTR for 2024; operating status not asserted; official source notes that 2024 release is not yet complete for some facilities	Arxada AG		source industry classification only; pollutant and waste quantities excluded	https://www.bafu.admin.ch/en/swissprtr-en	official Swiss pollutant-register facility and activity classification	2026-09-28	Open use; source attribution required (opendata.swiss terms_by)	Selected systematically from 2024 SwissPRTR point sources by NACE prefix in 10, 11, 17, 19, 20, 21, 22. Published LV95 coordinates were reprojected, not geocoded. This record does not establish reactor inventory, design, capacity, or current operation.
swiss-prtr:437	Zeochem AG	Switzerland	47.262206	8.854165	SwissPRTR-published CH1903+/LV95 facility point transformed to WGS84 with the official swisstopo approximate formula (stated accuracy better than 0.12 arcsec longitude and 0.08 arcsec latitude); source position not independently verified	NACE 2014 — 4 - Chemische Industrie	4 - Chemische Industrie | PRTRO level 2: a - Chemieanlagen zur industriellen Herstellung von organischen Grundchemikalien wie | PRTRO level 3: 1 - einfachen Kohlenwasserstoffen (linearen oder ringförmigen, gesättigten oder ungesättigten, aliphatischen oder aromatischen)		reported in SwissPRTR for 2024; operating status not asserted; official source notes that 2024 release is not yet complete for some facilities	Zeochem AG		source industry classification only; pollutant and waste quantities excluded	https://www.bafu.admin.ch/en/swissprtr-en	official Swiss pollutant-register facility and activity classification	2026-09-28	Open use; source attribution required (opendata.swiss terms_by)	Selected systematically from 2024 SwissPRTR point sources by NACE prefix in 10, 11, 17, 19, 20, 21, 22. Published LV95 coordinates were reprojected, not geocoded. This record does not establish reactor inventory, design, capacity, or current operation.
swiss-prtr:439	Syngenta Crop Protection AG	Switzerland	47.532884	7.668192	SwissPRTR-published CH1903+/LV95 facility point transformed to WGS84 with the official swisstopo approximate formula (stated accuracy better than 0.12 arcsec longitude and 0.08 arcsec latitude); source position not independently verified	NACE 2020 — 4 - Chemische Industrie	4 - Chemische Industrie | PRTRO level 2: d - Chemieanlagen zur industriellen Herstellung von Ausgangsstoffen für Pflanzenschutzmittel und Bioziden		reported in SwissPRTR for 2024; operating status not asserted; official source notes that 2024 release is not yet complete for some facilities	Syngenta Crop Protection AG		source industry classification only; pollutant and waste quantities excluded	https://www.bafu.admin.ch/en/swissprtr-en	official Swiss pollutant-register facility and activity classification	2026-09-28	Open use; source attribution required (opendata.swiss terms_by)	Selected systematically from 2024 SwissPRTR point sources by NACE prefix in 10, 11, 17, 19, 20, 21, 22. Published LV95 coordinates were reprojected, not geocoded. This record does not establish reactor inventory, design, capacity, or current operation.
swiss-prtr:440	Colors & Effects Switzerland AG	Switzerland	46.252939	6.965317	SwissPRTR-published CH1903+/LV95 facility point transformed to WGS84 with the official swisstopo approximate formula (stated accuracy better than 0.12 arcsec longitude and 0.08 arcsec latitude); source position not independently verified	NACE 2012 — 4 - Chemische Industrie	4 - Chemische Industrie | PRTRO level 2: a - Chemieanlagen zur industriellen Herstellung von organischen Grundchemikalien wie | PRTRO level 3: 10 - Farbstoffen und Pigmenten		reported in SwissPRTR for 2024; operating status not asserted; official source notes that 2024 release is not yet complete for some facilities	Colors & Effects Switzerland AG		source industry classification only; pollutant and waste quantities excluded	https://www.bafu.admin.ch/en/swissprtr-en	official Swiss pollutant-register facility and activity classification	2026-09-28	Open use; source attribution required (opendata.swiss terms_by)	Selected systematically from 2024 SwissPRTR point sources by NACE prefix in 10, 11, 17, 19, 20, 21, 22. Published LV95 coordinates were reprojected, not geocoded. This record does not establish reactor inventory, design, capacity, or current operation.
swiss-prtr:443	Emmi Schweiz AG	Switzerland	46.954267	9.562145	SwissPRTR-published CH1903+/LV95 facility point transformed to WGS84 with the official swisstopo approximate formula (stated accuracy better than 0.12 arcsec longitude and 0.08 arcsec latitude); source position not independently verified	NACE 1051 — 8 - Tierische und pflanzliche Produkte aus dem Lebensmittel- und Getränkesektor	8 - Tierische und pflanzliche Produkte aus dem Lebensmittel- und Getränkesektor | PRTRO level 2: c - Anlagen zur Behandlung und Verarbeitung von Milch mit einer Aufnahmekapazität von mindestens 200 t pro Tag (Durchschnittswert aufgrund von jährlichen Zahlen)		reported in SwissPRTR for 2024; operating status not asserted; official source notes that 2024 release is not yet complete for some facilities	Emmi Schweiz AG		source industry classification only; pollutant and waste quantities excluded	https://www.bafu.admin.ch/en/swissprtr-en	official Swiss pollutant-register facility and activity classification	2026-09-28	Open use; source attribution required (opendata.swiss terms_by)	Selected systematically from 2024 SwissPRTR point sources by NACE prefix in 10, 11, 17, 19, 20, 21, 22. Published LV95 coordinates were reprojected, not geocoded. This record does not establish reactor inventory, design, capacity, or current operation.
swiss-prtr:449	Suedpack Bioggio SA	Switzerland	46.006240	8.914425	SwissPRTR-published CH1903+/LV95 facility point transformed to WGS84 with the official swisstopo approximate formula (stated accuracy better than 0.12 arcsec longitude and 0.08 arcsec latitude); source position not independently verified	NACE 2222 — 9 - Sonstige Tätigkeiten	9 - Sonstige Tätigkeiten | PRTRO level 2: c - Anlagen zur Oberflächenbehandlung von Stoffen, Gegenständen oder Erzeugnissen unter Verwendung organischer Lösungsmittel, insbesondere zum Appretieren, Bedrucken, Beschichten, Entfetten, Imprägnieren, Kleben, Lackieren, Reinigen oder Tränken mit einer Verbrauchskapazität von mehr als 150 kg Lösungsmitteln pro Stunde oder von mehr als 200 t pro Jahr		reported in SwissPRTR for 2024; operating status not asserted; official source notes that 2024 release is not yet complete for some facilities	Suedpack Bioggio SA		source industry classification only; pollutant and waste quantities excluded	https://www.bafu.admin.ch/en/swissprtr-en	official Swiss pollutant-register facility and activity classification	2026-09-28	Open use; source attribution required (opendata.swiss terms_by)	Selected systematically from 2024 SwissPRTR point sources by NACE prefix in 10, 11, 17, 19, 20, 21, 22. Published LV95 coordinates were reprojected, not geocoded. This record does not establish reactor inventory, design, capacity, or current operation.
swiss-prtr:450	Micarna SA	Switzerland	46.866317	7.120274	SwissPRTR-published CH1903+/LV95 facility point transformed to WGS84 with the official swisstopo approximate formula (stated accuracy better than 0.12 arcsec longitude and 0.08 arcsec latitude); source position not independently verified	NACE 1012 — 8 - Tierische und pflanzliche Produkte aus dem Lebensmittel- und Getränkesektor	8 - Tierische und pflanzliche Produkte aus dem Lebensmittel- und Getränkesektor | PRTRO level 2: a - Anlagen zum Schlachten mit einer Schlachtkapazität (Tierkörper) von mindestens 50 t pro Tag		reported in SwissPRTR for 2024; operating status not asserted; official source notes that 2024 release is not yet complete for some facilities	Micarna SA		source industry classification only; pollutant and waste quantities excluded	https://www.bafu.admin.ch/en/swissprtr-en	official Swiss pollutant-register facility and activity classification	2026-09-28	Open use; source attribution required (opendata.swiss terms_by)	Selected systematically from 2024 SwissPRTR point sources by NACE prefix in 10, 11, 17, 19, 20, 21, 22. Published LV95 coordinates were reprojected, not geocoded. This record does not establish reactor inventory, design, capacity, or current operation.
