stable_id	facility_name	country	lat	lon	precision	sector	process_or_activity	reactor_type_if_explicit	status	operator	capacity	pollutant_or_product_context	source_url	source_role	retrieved	license	verification_notes
fr-ademe-h2:0ead90c2449513cb	Aleria	France	42.1059103989478	9.4956446614984	ADEME-published point; dataset uses parcel location when known and otherwise a commune coordinate; row-level basis not identified	low-carbon or renewable hydrogen production	ADEME site type: Production | supported project: H2V CORSTYRENE		ADEME-published status: Operational (source label: Opérationnel); not independently verified	not provided	planned power 0.07 MW; production capacity 4 kg H2/day	hydrogen production; individual production pathway not stated in the source row	https://data.ademe.fr/datasets/liste-des-sites-de-production-et-de-distribution-dhydrogene-finances-par-lademe	official ADEME-supported hydrogen production project register	2026-09-28	Licence Ouverte / Open Licence 2.0	All rows explicitly classified by ADEME as site type Production are included. The dataset description says production is mainly electrolysis, but no production pathway is assigned to an individual row unless the source explicitly supplies it; therefore reactor type remains blank.
fr-ademe-h2:1688faf62615e49c	Sorgues Saint Anne	France	44.0145757792343	4.8674896836679	ADEME-published point; dataset uses parcel location when known and otherwise a commune coordinate; row-level basis not identified	low-carbon or renewable hydrogen production	ADEME site type: Production | supported project: H2vaucluse		ADEME-published status: Committed (source label: Engagé); not independently verified	not provided	planned power 2 MW; production capacity 800 kg H2/day	hydrogen production; individual production pathway not stated in the source row	https://data.ademe.fr/datasets/liste-des-sites-de-production-et-de-distribution-dhydrogene-finances-par-lademe	official ADEME-supported hydrogen production project register	2026-09-28	Licence Ouverte / Open Licence 2.0	All rows explicitly classified by ADEME as site type Production are included. The dataset description says production is mainly electrolysis, but no production pathway is assigned to an individual row unless the source explicitly supplies it; therefore reactor type remains blank.
fr-ademe-h2:1829a690a14d3b6a	Magny	France	47.4703689810682	3.9708834794753	ADEME-published point; dataset uses parcel location when known and otherwise a commune coordinate; row-level basis not identified	low-carbon or renewable hydrogen production	ADEME site type: Production | supported project: TES		ADEME-published status: Committed (source label: Engagé); not independently verified	Schiever	planned power 2.5 MW; production capacity 1000 kg H2/day	hydrogen production; individual production pathway not stated in the source row	https://data.ademe.fr/datasets/liste-des-sites-de-production-et-de-distribution-dhydrogene-finances-par-lademe	official ADEME-supported hydrogen production project register	2026-09-28	Licence Ouverte / Open Licence 2.0	All rows explicitly classified by ADEME as site type Production are included. The dataset description says production is mainly electrolysis, but no production pathway is assigned to an individual row unless the source explicitly supplies it; therefore reactor type remains blank.
fr-ademe-h2:2f96f91632026cca	Biosenthys2	France	45.0115342351947	-0.5483104468666	ADEME-published point; dataset uses parcel location when known and otherwise a commune coordinate; row-level basis not identified	low-carbon or renewable hydrogen production	ADEME site type: Production | supported project: H2 – BIOSYNTHIS D3		ADEME-published status: Committed (source label: Engagé); not independently verified	not provided	planned power 2.5 MW; production capacity 730 kg H2/day	hydrogen production; individual production pathway not stated in the source row	https://data.ademe.fr/datasets/liste-des-sites-de-production-et-de-distribution-dhydrogene-finances-par-lademe	official ADEME-supported hydrogen production project register	2026-09-28	Licence Ouverte / Open Licence 2.0	All rows explicitly classified by ADEME as site type Production are included. The dataset description says production is mainly electrolysis, but no production pathway is assigned to an individual row unless the source explicitly supplies it; therefore reactor type remains blank.
fr-ademe-h2:390805ff473433b2	Bouin	France	46.93577359	-2.06939145	ADEME-published point; dataset uses parcel location when known and otherwise a commune coordinate; row-level basis not identified	low-carbon or renewable hydrogen production	ADEME site type: Production | supported project: H2 OUEST - Methyv		ADEME-published status: Operational (source label: Opérationnel); not independently verified	LHYFE	planned power 0.75 MW; production capacity 324 kg H2/day	hydrogen production; individual production pathway not stated in the source row	https://data.ademe.fr/datasets/liste-des-sites-de-production-et-de-distribution-dhydrogene-finances-par-lademe	official ADEME-supported hydrogen production project register	2026-09-28	Licence Ouverte / Open Licence 2.0	All rows explicitly classified by ADEME as site type Production are included. The dataset description says production is mainly electrolysis, but no production pathway is assigned to an individual row unless the source explicitly supplies it; therefore reactor type remains blank.
fr-ademe-h2:3cc40271ddb2b271	Clermont-ferrand -Gravanches	France	45.80180624	3.13259625	ADEME-published point; dataset uses parcel location when known and otherwise a commune coordinate; row-level basis not identified	low-carbon or renewable hydrogen production	ADEME site type: Production | supported project: ZEV - Pays des Volcans		ADEME-published status: Operational (source label: Opérationnel); not independently verified	hympulsion	planned power 2 MW; production capacity 800 kg H2/day	hydrogen production; individual production pathway not stated in the source row	https://data.ademe.fr/datasets/liste-des-sites-de-production-et-de-distribution-dhydrogene-finances-par-lademe	official ADEME-supported hydrogen production project register	2026-09-28	Licence Ouverte / Open Licence 2.0	All rows explicitly classified by ADEME as site type Production are included. The dataset description says production is mainly electrolysis, but no production pathway is assigned to an individual row unless the source explicitly supplies it; therefore reactor type remains blank.
fr-ademe-h2:4437910236a0232e	Tremblay-en-France	France	48.98035656	2.53002157	ADEME-published point; dataset uses parcel location when known and otherwise a commune coordinate; row-level basis not identified	low-carbon or renewable hydrogen production	ADEME site type: Production | supported project: MAHYAGE		ADEME-published status: Committed (source label: Engagé); not independently verified	not provided	planned power 1 MW; production capacity 400 kg H2/day	hydrogen production; individual production pathway not stated in the source row	https://data.ademe.fr/datasets/liste-des-sites-de-production-et-de-distribution-dhydrogene-finances-par-lademe	official ADEME-supported hydrogen production project register	2026-09-28	Licence Ouverte / Open Licence 2.0	All rows explicitly classified by ADEME as site type Production are included. The dataset description says production is mainly electrolysis, but no production pathway is assigned to an individual row unless the source explicitly supplies it; therefore reactor type remains blank.
fr-ademe-h2:458e135984447e99	Auxhygen	France	47.80654325	3.58803157	ADEME-published point; dataset uses parcel location when known and otherwise a commune coordinate; row-level basis not identified	low-carbon or renewable hydrogen production	ADEME site type: Production | supported project: AuxR_H2		ADEME-published status: Operational (source label: Opérationnel); not independently verified	Auxhygen	planned power 3 MW; production capacity 1000 kg H2/day	hydrogen production; individual production pathway not stated in the source row	https://data.ademe.fr/datasets/liste-des-sites-de-production-et-de-distribution-dhydrogene-finances-par-lademe	official ADEME-supported hydrogen production project register	2026-09-28	Licence Ouverte / Open Licence 2.0	All rows explicitly classified by ADEME as site type Production are included. The dataset description says production is mainly electrolysis, but no production pathway is assigned to an individual row unless the source explicitly supplies it; therefore reactor type remains blank.
fr-ademe-h2:4683cd9e9442f8dd	Sorigny	France	47.2310348450754	0.686650804134	ADEME-published point; dataset uses parcel location when known and otherwise a commune coordinate; row-level basis not identified	low-carbon or renewable hydrogen production	ADEME site type: Production | supported project: Hy'Touraine		ADEME-published status: Committed (source label: Engagé); not independently verified	Lhyfe Production 1	planned power 5 MW; production capacity 2000 kg H2/day	hydrogen production; individual production pathway not stated in the source row	https://data.ademe.fr/datasets/liste-des-sites-de-production-et-de-distribution-dhydrogene-finances-par-lademe	official ADEME-supported hydrogen production project register	2026-09-28	Licence Ouverte / Open Licence 2.0	All rows explicitly classified by ADEME as site type Production are included. The dataset description says production is mainly electrolysis, but no production pathway is assigned to an individual row unless the source explicitly supplies it; therefore reactor type remains blank.
fr-ademe-h2:5a1d2df453fd372a	Port La Nouvelle	France	43.02573585	3.05105118	ADEME-published point; dataset uses parcel location when known and otherwise a commune coordinate; row-level basis not identified	low-carbon or renewable hydrogen production	ADEME site type: Production | supported project: HYVOO		ADEME-published status: Committed (source label: Engagé); not independently verified	Hydocc	planned power 20 MW; production capacity 8000 kg H2/day	hydrogen production; individual production pathway not stated in the source row	https://data.ademe.fr/datasets/liste-des-sites-de-production-et-de-distribution-dhydrogene-finances-par-lademe	official ADEME-supported hydrogen production project register	2026-09-28	Licence Ouverte / Open Licence 2.0	All rows explicitly classified by ADEME as site type Production are included. The dataset description says production is mainly electrolysis, but no production pathway is assigned to an individual row unless the source explicitly supplies it; therefore reactor type remains blank.
fr-ademe-h2:6a2d39d8bfe0082c	Florange	France	49.33341924	6.14087717	ADEME-published point; dataset uses parcel location when known and otherwise a commune coordinate; row-level basis not identified	low-carbon or renewable hydrogen production	ADEME site type: Production | supported project: Westfalen Hydrogène HUB Grand Est		ADEME-published status: Committed (source label: Engagé); not independently verified	not provided	planned power 2.5 MW; production capacity 485 kg H2/day	hydrogen production; individual production pathway not stated in the source row	https://data.ademe.fr/datasets/liste-des-sites-de-production-et-de-distribution-dhydrogene-finances-par-lademe	official ADEME-supported hydrogen production project register	2026-09-28	Licence Ouverte / Open Licence 2.0	All rows explicitly classified by ADEME as site type Production are included. The dataset description says production is mainly electrolysis, but no production pathway is assigned to an individual row unless the source explicitly supplies it; therefore reactor type remains blank.
fr-ademe-h2:7f0600f2af3a3a1e	Biosenthys1	France	45.0115342351947	-0.5483104468666	ADEME-published point; dataset uses parcel location when known and otherwise a commune coordinate; row-level basis not identified	low-carbon or renewable hydrogen production	ADEME site type: Production | supported project: H2 – BIOSYNTHIS D3		ADEME-published status: Committed (source label: Engagé); not independently verified	not provided	planned power 2.5 MW; production capacity 730 kg H2/day	hydrogen production; individual production pathway not stated in the source row	https://data.ademe.fr/datasets/liste-des-sites-de-production-et-de-distribution-dhydrogene-finances-par-lademe	official ADEME-supported hydrogen production project register	2026-09-28	Licence Ouverte / Open Licence 2.0	All rows explicitly classified by ADEME as site type Production are included. The dataset description says production is mainly electrolysis, but no production pathway is assigned to an individual row unless the source explicitly supplies it; therefore reactor type remains blank.
fr-ademe-h2:889a40ecfc34aa4c	SARROLA	France	42.0010159091619	8.8343789190234	ADEME-published point; dataset uses parcel location when known and otherwise a commune coordinate; row-level basis not identified	low-carbon or renewable hydrogen production	ADEME site type: Production | supported project: DépHy2A-2B		ADEME-published status: Committed (source label: Engagé); not independently verified	not provided	planned power 5 MW; production capacity 440 kg H2/day	hydrogen production; individual production pathway not stated in the source row	https://data.ademe.fr/datasets/liste-des-sites-de-production-et-de-distribution-dhydrogene-finances-par-lademe	official ADEME-supported hydrogen production project register	2026-09-28	Licence Ouverte / Open Licence 2.0	All rows explicitly classified by ADEME as site type Production are included. The dataset description says production is mainly electrolysis, but no production pathway is assigned to an individual row unless the source explicitly supplies it; therefore reactor type remains blank.
fr-ademe-h2:8b99c0544123c8da	Porte de Saint-Cloud	France	48.8603976770857	2.2621010347364	ADEME-published point; dataset uses parcel location when known and otherwise a commune coordinate; row-level basis not identified	low-carbon or renewable hydrogen production	ADEME site type: Production | supported project: HYSETCO 600		ADEME-published status: Operational (source label: Opérationnel); not independently verified	HysetCo	planned power 2.5 MW; production capacity 1000 kg H2/day	hydrogen production; individual production pathway not stated in the source row	https://data.ademe.fr/datasets/liste-des-sites-de-production-et-de-distribution-dhydrogene-finances-par-lademe	official ADEME-supported hydrogen production project register	2026-09-28	Licence Ouverte / Open Licence 2.0	All rows explicitly classified by ADEME as site type Production are included. The dataset description says production is mainly electrolysis, but no production pathway is assigned to an individual row unless the source explicitly supplies it; therefore reactor type remains blank.
fr-ademe-h2:9bcd07712ddafc41	Blagnac	France	43.6421875378683	1.3788693717658	ADEME-published point; dataset uses parcel location when known and otherwise a commune coordinate; row-level basis not identified	low-carbon or renewable hydrogen production	ADEME site type: Production | supported project: Hyport		ADEME-published status: Operational (source label: Opérationnel); not independently verified	Hyport	planned power 1 MW; production capacity 400 kg H2/day	hydrogen production; individual production pathway not stated in the source row	https://data.ademe.fr/datasets/liste-des-sites-de-production-et-de-distribution-dhydrogene-finances-par-lademe	official ADEME-supported hydrogen production project register	2026-09-28	Licence Ouverte / Open Licence 2.0	All rows explicitly classified by ADEME as site type Production are included. The dataset description says production is mainly electrolysis, but no production pathway is assigned to an individual row unless the source explicitly supplies it; therefore reactor type remains blank.
fr-ademe-h2:9e1da22a9f4a24c6	La Couronne	France	45.609637974068	0.1091212342201	ADEME-published point; dataset uses parcel location when known and otherwise a commune coordinate; row-level basis not identified	low-carbon or renewable hydrogen production	ADEME site type: Production | supported project: H2Charente		ADEME-published status: Committed (source label: Engagé); not independently verified	Hynoé	planned power 5 MW; production capacity 1644 kg H2/day	hydrogen production; individual production pathway not stated in the source row	https://data.ademe.fr/datasets/liste-des-sites-de-production-et-de-distribution-dhydrogene-finances-par-lademe	official ADEME-supported hydrogen production project register	2026-09-28	Licence Ouverte / Open Licence 2.0	All rows explicitly classified by ADEME as site type Production are included. The dataset description says production is mainly electrolysis, but no production pathway is assigned to an individual row unless the source explicitly supplies it; therefore reactor type remains blank.
fr-ademe-h2:a0973d4ce0865e19	Dijon Smart Energhy-Nord	France	47.3229259621729	5.0379015384287	ADEME-published point; dataset uses parcel location when known and otherwise a commune coordinate; row-level basis not identified	low-carbon or renewable hydrogen production	ADEME site type: Production | supported project: Dijon Smart Energhy		ADEME-published status: Committed (source label: Engagé); not independently verified	DMSE	planned power 1.4 MW; production capacity 570 kg H2/day	hydrogen production; individual production pathway not stated in the source row	https://data.ademe.fr/datasets/liste-des-sites-de-production-et-de-distribution-dhydrogene-finances-par-lademe	official ADEME-supported hydrogen production project register	2026-09-28	Licence Ouverte / Open Licence 2.0	All rows explicitly classified by ADEME as site type Production are included. The dataset description says production is mainly electrolysis, but no production pathway is assigned to an individual row unless the source explicitly supplies it; therefore reactor type remains blank.
fr-ademe-h2:a3e5637d22d84899	Site de CEOG	France	4.9647440487505	-53.9832114090687	ADEME-published point; dataset uses parcel location when known and otherwise a commune coordinate; row-level basis not identified	low-carbon or renewable hydrogen production	ADEME site type: Production | supported project: CEOG		ADEME-published status: Operational (source label: Opérationnel); not independently verified	not provided	planned power 16 MW	hydrogen production; individual production pathway not stated in the source row	https://data.ademe.fr/datasets/liste-des-sites-de-production-et-de-distribution-dhydrogene-finances-par-lademe	official ADEME-supported hydrogen production project register	2026-09-28	Licence Ouverte / Open Licence 2.0	All rows explicitly classified by ADEME as site type Production are included. The dataset description says production is mainly electrolysis, but no production pathway is assigned to an individual row unless the source explicitly supplies it; therefore reactor type remains blank.
fr-ademe-h2:b04a2f5c2ea92116	Bassens	France	44.9084146658892	-0.5258687752689	ADEME-published point; dataset uses parcel location when known and otherwise a commune coordinate; row-level basis not identified	low-carbon or renewable hydrogen production	ADEME site type: Production | supported project: H2B by Hype		ADEME-published status: Committed (source label: Engagé); not independently verified	not provided	planned power 4 MW; production capacity 1296 kg H2/day	hydrogen production; individual production pathway not stated in the source row	https://data.ademe.fr/datasets/liste-des-sites-de-production-et-de-distribution-dhydrogene-finances-par-lademe	official ADEME-supported hydrogen production project register	2026-09-28	Licence Ouverte / Open Licence 2.0	All rows explicitly classified by ADEME as site type Production are included. The dataset description says production is mainly electrolysis, but no production pathway is assigned to an individual row unless the source explicitly supplies it; therefore reactor type remains blank.
fr-ademe-h2:bb7b4c231e92e429	Bastia	France	42.6864767535005	9.4250219839828	ADEME-published point; dataset uses parcel location when known and otherwise a commune coordinate; row-level basis not identified	low-carbon or renewable hydrogen production	ADEME site type: Production | supported project: DépHy2A-2B		ADEME-published status: Committed (source label: Engagé); not independently verified	not provided	planned power 5 MW; production capacity 440 kg H2/day	hydrogen production; individual production pathway not stated in the source row	https://data.ademe.fr/datasets/liste-des-sites-de-production-et-de-distribution-dhydrogene-finances-par-lademe	official ADEME-supported hydrogen production project register	2026-09-28	Licence Ouverte / Open Licence 2.0	All rows explicitly classified by ADEME as site type Production are included. The dataset description says production is mainly electrolysis, but no production pathway is assigned to an individual row unless the source explicitly supplies it; therefore reactor type remains blank.
fr-ademe-h2:be78d14f91befb9d	Hyliko - Villabé	France	48.58976169	2.4458779	ADEME-published point; dataset uses parcel location when known and otherwise a commune coordinate; row-level basis not identified	low-carbon or renewable hydrogen production	ADEME site type: Production | supported project: Grand-ParHY		ADEME-published status: Committed (source label: Engagé); not independently verified	Hyliko Network	planned power 2 MW; production capacity 800 kg H2/day	hydrogen production; individual production pathway not stated in the source row	https://data.ademe.fr/datasets/liste-des-sites-de-production-et-de-distribution-dhydrogene-finances-par-lademe	official ADEME-supported hydrogen production project register	2026-09-28	Licence Ouverte / Open Licence 2.0	All rows explicitly classified by ADEME as site type Production are included. The dataset description says production is mainly electrolysis, but no production pathway is assigned to an individual row unless the source explicitly supplies it; therefore reactor type remains blank.
fr-ademe-h2:c39670dd1311f35e	Pau	France	43.32103508	-0.3179864	ADEME-published point; dataset uses parcel location when known and otherwise a commune coordinate; row-level basis not identified	low-carbon or renewable hydrogen production	ADEME site type: Production | supported project: Febus		ADEME-published status: Operational (source label: Opérationnel); not independently verified	Febus	planned power 0.69 MW; production capacity 200 kg H2/day	hydrogen production; individual production pathway not stated in the source row	https://data.ademe.fr/datasets/liste-des-sites-de-production-et-de-distribution-dhydrogene-finances-par-lademe	official ADEME-supported hydrogen production project register	2026-09-28	Licence Ouverte / Open Licence 2.0	All rows explicitly classified by ADEME as site type Production are included. The dataset description says production is mainly electrolysis, but no production pathway is assigned to an individual row unless the source explicitly supplies it; therefore reactor type remains blank.
fr-ademe-h2:c4d926fee17488e3	Lagord	France	46.18467621	-1.14670454	ADEME-published point; dataset uses parcel location when known and otherwise a commune coordinate; row-level basis not identified	low-carbon or renewable hydrogen production	ADEME site type: Production | supported project: LUZO		ADEME-published status: Operational (source label: Opérationnel); not independently verified	Luzo	planned power 0.14 MW; production capacity 10 kg H2/day	hydrogen production; individual production pathway not stated in the source row	https://data.ademe.fr/datasets/liste-des-sites-de-production-et-de-distribution-dhydrogene-finances-par-lademe	official ADEME-supported hydrogen production project register	2026-09-28	Licence Ouverte / Open Licence 2.0	All rows explicitly classified by ADEME as site type Production are included. The dataset description says production is mainly electrolysis, but no production pathway is assigned to an individual row unless the source explicitly supplies it; therefore reactor type remains blank.
fr-ademe-h2:d152751b743c92cf	Cannes	France	43.54615321	6.96665537	ADEME-published point; dataset uses parcel location when known and otherwise a commune coordinate; row-level basis not identified	low-carbon or renewable hydrogen production	ADEME site type: Production | supported project: Cannes Lérins		ADEME-published status: Committed (source label: Engagé); not independently verified	UHMY	planned power 2 MW; production capacity 800 kg H2/day	hydrogen production; individual production pathway not stated in the source row	https://data.ademe.fr/datasets/liste-des-sites-de-production-et-de-distribution-dhydrogene-finances-par-lademe	official ADEME-supported hydrogen production project register	2026-09-28	Licence Ouverte / Open Licence 2.0	All rows explicitly classified by ADEME as site type Production are included. The dataset description says production is mainly electrolysis, but no production pathway is assigned to an individual row unless the source explicitly supplies it; therefore reactor type remains blank.
fr-ademe-h2:d277af77fabcfba6	Créteil	France	48.77803724	2.43786051	ADEME-published point; dataset uses parcel location when known and otherwise a commune coordinate; row-level basis not identified	low-carbon or renewable hydrogen production	ADEME site type: Production | supported project: H2 IDF		ADEME-published status: Operational (source label: Opérationnel); not independently verified	H2 Créteil	planned power 2.5 MW; production capacity 1000 kg H2/day	hydrogen production; individual production pathway not stated in the source row	https://data.ademe.fr/datasets/liste-des-sites-de-production-et-de-distribution-dhydrogene-finances-par-lademe	official ADEME-supported hydrogen production project register	2026-09-28	Licence Ouverte / Open Licence 2.0	All rows explicitly classified by ADEME as site type Production are included. The dataset description says production is mainly electrolysis, but no production pathway is assigned to an individual row unless the source explicitly supplies it; therefore reactor type remains blank.
fr-ademe-h2:d9c283e8620d21f6	Rouen	France	49.441346984825	1.0925686367988	ADEME-published point; dataset uses parcel location when known and otherwise a commune coordinate; row-level basis not identified	low-carbon or renewable hydrogen production	ADEME site type: Production | supported project: RVH2		ADEME-published status: Committed (source label: Engagé); not independently verified	ROUEN VALLEE HYDROGENE	planned power 1 MW; production capacity 400 kg H2/day	hydrogen production; individual production pathway not stated in the source row	https://data.ademe.fr/datasets/liste-des-sites-de-production-et-de-distribution-dhydrogene-finances-par-lademe	official ADEME-supported hydrogen production project register	2026-09-28	Licence Ouverte / Open Licence 2.0	All rows explicitly classified by ADEME as site type Production are included. The dataset description says production is mainly electrolysis, but no production pathway is assigned to an individual row unless the source explicitly supplies it; therefore reactor type remains blank.
fr-ademe-h2:df7d810a0cee3ccb	Buléon	France	47.92405418	-2.68653169	ADEME-published point; dataset uses parcel location when known and otherwise a commune coordinate; row-level basis not identified	low-carbon or renewable hydrogen production	ADEME site type: Production | supported project: Vhygo Lorient- H2 buléon		ADEME-published status: Operational (source label: Opérationnel); not independently verified	LHYFE	planned power 5 MW; production capacity 2000 kg H2/day	hydrogen production; individual production pathway not stated in the source row	https://data.ademe.fr/datasets/liste-des-sites-de-production-et-de-distribution-dhydrogene-finances-par-lademe	official ADEME-supported hydrogen production project register	2026-09-28	Licence Ouverte / Open Licence 2.0	All rows explicitly classified by ADEME as site type Production are included. The dataset description says production is mainly electrolysis, but no production pathway is assigned to an individual row unless the source explicitly supplies it; therefore reactor type remains blank.
fr-ademe-h2:e2b2da79581fbb09	Dunkerque	France	51.00180826	2.31984336	ADEME-published point; dataset uses parcel location when known and otherwise a commune coordinate; row-level basis not identified	low-carbon or renewable hydrogen production	ADEME site type: Production | supported project: SHYMED		ADEME-published status: Operational (source label: Opérationnel); not independently verified	Shymed	planned power 1.25 MW; production capacity 534 kg H2/day	hydrogen production; individual production pathway not stated in the source row	https://data.ademe.fr/datasets/liste-des-sites-de-production-et-de-distribution-dhydrogene-finances-par-lademe	official ADEME-supported hydrogen production project register	2026-09-28	Licence Ouverte / Open Licence 2.0	All rows explicitly classified by ADEME as site type Production are included. The dataset description says production is mainly electrolysis, but no production pathway is assigned to an individual row unless the source explicitly supplies it; therefore reactor type remains blank.
fr-ademe-h2:e33a124626e2c34d	Signes	France	43.2776411792593	5.8571392422719	ADEME-published point; dataset uses parcel location when known and otherwise a commune coordinate; row-level basis not identified	low-carbon or renewable hydrogen production	ADEME site type: Production | supported project: HYNOVAR		ADEME-published status: Committed (source label: Engagé); not independently verified	hynomed	planned power 5 MW; production capacity 2000 kg H2/day	hydrogen production; individual production pathway not stated in the source row	https://data.ademe.fr/datasets/liste-des-sites-de-production-et-de-distribution-dhydrogene-finances-par-lademe	official ADEME-supported hydrogen production project register	2026-09-28	Licence Ouverte / Open Licence 2.0	All rows explicitly classified by ADEME as site type Production are included. The dataset description says production is mainly electrolysis, but no production pathway is assigned to an individual row unless the source explicitly supplies it; therefore reactor type remains blank.
fr-ademe-h2:e72347b43f31a249	Chatenay	France	48.7681682516195	2.2628273990627	ADEME-published point; dataset uses parcel location when known and otherwise a commune coordinate; row-level basis not identified	low-carbon or renewable hydrogen production	ADEME site type: Production | supported project: Vallee Sud H2		ADEME-published status: Committed (source label: Engagé); not independently verified	Vallee Sud Hydrogene	planned power 5 MW; production capacity 2136 kg H2/day	hydrogen production; individual production pathway not stated in the source row	https://data.ademe.fr/datasets/liste-des-sites-de-production-et-de-distribution-dhydrogene-finances-par-lademe	official ADEME-supported hydrogen production project register	2026-09-28	Licence Ouverte / Open Licence 2.0	All rows explicitly classified by ADEME as site type Production are included. The dataset description says production is mainly electrolysis, but no production pathway is assigned to an individual row unless the source explicitly supplies it; therefore reactor type remains blank.
fr-ademe-h2:f89e9fcecfc4553e	Belhynov	France	47.62251705	6.8591052	ADEME-published point; dataset uses parcel location when known and otherwise a commune coordinate; row-level basis not identified	low-carbon or renewable hydrogen production	ADEME site type: Production | supported project: H2 NFC		ADEME-published status: Committed (source label: Engagé); not independently verified	HY4	planned power 3 MW; production capacity 800 kg H2/day	hydrogen production; individual production pathway not stated in the source row	https://data.ademe.fr/datasets/liste-des-sites-de-production-et-de-distribution-dhydrogene-finances-par-lademe	official ADEME-supported hydrogen production project register	2026-09-28	Licence Ouverte / Open Licence 2.0	All rows explicitly classified by ADEME as site type Production are included. The dataset description says production is mainly electrolysis, but no production pathway is assigned to an individual row unless the source explicitly supplies it; therefore reactor type remains blank.
uk-repd:11020	Acorn Bioenergy Limited - Anaerobic Digestion Facility	United Kingdom	51.792401	-1.029124	REPD-published British National Grid project point transformed with OS approximate Helmert method (about 3 m); source position not independently verified	anaerobic digestion / renewable energy planning	REPD technology: Anaerobic Digestion | CHP Enabled: No | jurisdiction: England	Anaerobic digestion (source technology type; vessel design and count not published)	REPD-published development status: Planning Application Submitted; not independently verified	SLR Consulting Limited		biogas/renewable-energy project context; feedstock and gas output not inferred	https://www.gov.uk/government/publications/renewable-energy-planning-database-quarterly-extract	official UK renewable-energy planning project technology and status register	2026-09-28	Open Government Licence v3.0	All July 2026 REPD Anaerobic Digestion records in England, Scotland and Wales are included. Northern Ireland is excluded because its coordinates use a different grid. REPD records are planning projects and may represent revised applications at the same physical site.
uk-repd:11062	Lower Eggleton - Anaerobic Digestion Facility	United Kingdom	52.109123	-2.576896	REPD-published British National Grid project point transformed with OS approximate Helmert method (about 3 m); source position not independently verified	anaerobic digestion / renewable energy planning	REPD technology: Anaerobic Digestion | CHP Enabled: No | jurisdiction: England	Anaerobic digestion (source technology type; vessel design and count not published)	REPD-published development status: Planning Permission Refused; not independently verified	Oaktree Environmental Limited		biogas/renewable-energy project context; feedstock and gas output not inferred	https://www.gov.uk/government/publications/renewable-energy-planning-database-quarterly-extract	official UK renewable-energy planning project technology and status register	2026-09-28	Open Government Licence v3.0	All July 2026 REPD Anaerobic Digestion records in England, Scotland and Wales are included. Northern Ireland is excluded because its coordinates use a different grid. REPD records are planning projects and may represent revised applications at the same physical site.
uk-repd:11108	GMT Biogas - Anaerobic Digestion Facility, Cross Banks Road	United Kingdom	52.765851	0.388020	REPD-published British National Grid project point transformed with OS approximate Helmert method (about 3 m); source position not independently verified	anaerobic digestion / renewable energy planning	REPD technology: Anaerobic Digestion | CHP Enabled: Yes | jurisdiction: England	Anaerobic digestion (source technology type; vessel design and count not published)	REPD-published development status: Planning Permission Granted; not independently verified	Mickram	1 MW electrical installed capacity	biogas/renewable-energy project context; feedstock and gas output not inferred	https://www.gov.uk/government/publications/renewable-energy-planning-database-quarterly-extract	official UK renewable-energy planning project technology and status register	2026-09-28	Open Government Licence v3.0	All July 2026 REPD Anaerobic Digestion records in England, Scotland and Wales are included. Northern Ireland is excluded because its coordinates use a different grid. REPD records are planning projects and may represent revised applications at the same physical site.
uk-repd:11189	Barley Mow Farm, Evenley - Anaerobic Digestion Facility	United Kingdom	51.998369	-1.156192	REPD-published British National Grid project point transformed with OS approximate Helmert method (about 3 m); source position not independently verified	anaerobic digestion / renewable energy planning	REPD technology: Anaerobic Digestion | CHP Enabled: No | jurisdiction: England	Anaerobic digestion (source technology type; vessel design and count not published)	REPD-published development status: Planning Permission Refused; not independently verified	Acorn Bioenergy Limited	0.9 MW electrical installed capacity	biogas/renewable-energy project context; feedstock and gas output not inferred	https://www.gov.uk/government/publications/renewable-energy-planning-database-quarterly-extract	official UK renewable-energy planning project technology and status register	2026-09-28	Open Government Licence v3.0	All July 2026 REPD Anaerobic Digestion records in England, Scotland and Wales are included. Northern Ireland is excluded because its coordinates use a different grid. REPD records are planning projects and may represent revised applications at the same physical site.
uk-repd:11238	Barff Lane - Farm Anaerobic Digestion Plant	United Kingdom	53.407135	-0.497971	REPD-published British National Grid project point transformed with OS approximate Helmert method (about 3 m); source position not independently verified	anaerobic digestion / renewable energy planning	REPD technology: Anaerobic Digestion | CHP Enabled:  | jurisdiction: England	Anaerobic digestion (source technology type; vessel design and count not published)	REPD-published development status: Under Construction; not independently verified	Glentham Farming Company		biogas/renewable-energy project context; feedstock and gas output not inferred	https://www.gov.uk/government/publications/renewable-energy-planning-database-quarterly-extract	official UK renewable-energy planning project technology and status register	2026-09-28	Open Government Licence v3.0	All July 2026 REPD Anaerobic Digestion records in England, Scotland and Wales are included. Northern Ireland is excluded because its coordinates use a different grid. REPD records are planning projects and may represent revised applications at the same physical site.
uk-repd:11239	Deal Farm, Bressingham - Anaerobic Digestion facility & Agricultural Building	United Kingdom	52.407964	1.065094	REPD-published British National Grid project point transformed with OS approximate Helmert method (about 3 m); source position not independently verified	anaerobic digestion / renewable energy planning	REPD technology: Anaerobic Digestion | CHP Enabled:  | jurisdiction: England	Anaerobic digestion (source technology type; vessel design and count not published)	REPD-published development status: Revised; not independently verified	Deal Farm Biogas Limited	6.6 MW electrical installed capacity	biogas/renewable-energy project context; feedstock and gas output not inferred	https://www.gov.uk/government/publications/renewable-energy-planning-database-quarterly-extract	official UK renewable-energy planning project technology and status register	2026-09-28	Open Government Licence v3.0	All July 2026 REPD Anaerobic Digestion records in England, Scotland and Wales are included. Northern Ireland is excluded because its coordinates use a different grid. REPD records are planning projects and may represent revised applications at the same physical site.
uk-repd:11240	Toggam Farm - Anaerobic Digestion Plant	United Kingdom	52.435080	0.507360	REPD-published British National Grid project point transformed with OS approximate Helmert method (about 3 m); source position not independently verified	anaerobic digestion / renewable energy planning	REPD technology: Anaerobic Digestion | CHP Enabled: Yes | jurisdiction: England	Anaerobic digestion (source technology type; vessel design and count not published)	REPD-published development status: Operational; not independently verified	Greenheath Farming Co Limited	1 MW electrical installed capacity	biogas/renewable-energy project context; feedstock and gas output not inferred	https://www.gov.uk/government/publications/renewable-energy-planning-database-quarterly-extract	official UK renewable-energy planning project technology and status register	2026-09-28	Open Government Licence v3.0	All July 2026 REPD Anaerobic Digestion records in England, Scotland and Wales are included. Northern Ireland is excluded because its coordinates use a different grid. REPD records are planning projects and may represent revised applications at the same physical site.
uk-repd:11242	Hulam Farm, Hutton Henry - Anaerobic Digestion Plant	United Kingdom	54.722961	-1.319530	REPD-published British National Grid project point transformed with OS approximate Helmert method (about 3 m); source position not independently verified	anaerobic digestion / renewable energy planning	REPD technology: Anaerobic Digestion | CHP Enabled:  | jurisdiction: England	Anaerobic digestion (source technology type; vessel design and count not published)	REPD-published development status: Planning Permission Granted; not independently verified	Ener-G Bio Limited		biogas/renewable-energy project context; feedstock and gas output not inferred	https://www.gov.uk/government/publications/renewable-energy-planning-database-quarterly-extract	official UK renewable-energy planning project technology and status register	2026-09-28	Open Government Licence v3.0	All July 2026 REPD Anaerobic Digestion records in England, Scotland and Wales are included. Northern Ireland is excluded because its coordinates use a different grid. REPD records are planning projects and may represent revised applications at the same physical site.
uk-repd:11243	Higher Farm - Anaerobic Digestion Facility	United Kingdom	53.206770	-2.417426	REPD-published British National Grid project point transformed with OS approximate Helmert method (about 3 m); source position not independently verified	anaerobic digestion / renewable energy planning	REPD technology: Anaerobic Digestion | CHP Enabled:  | jurisdiction: England	Anaerobic digestion (source technology type; vessel design and count not published)	REPD-published development status: Planning Application Withdrawn; not independently verified	Higher Farm		biogas/renewable-energy project context; feedstock and gas output not inferred	https://www.gov.uk/government/publications/renewable-energy-planning-database-quarterly-extract	official UK renewable-energy planning project technology and status register	2026-09-28	Open Government Licence v3.0	All July 2026 REPD Anaerobic Digestion records in England, Scotland and Wales are included. Northern Ireland is excluded because its coordinates use a different grid. REPD records are planning projects and may represent revised applications at the same physical site.
uk-repd:11244	Gibson Lane, South Melton - Anaerobic Digestion Plant	United Kingdom	53.723672	-0.531274	REPD-published British National Grid project point transformed with OS approximate Helmert method (about 3 m); source position not independently verified	anaerobic digestion / renewable energy planning	REPD technology: Anaerobic Digestion | CHP Enabled:  | jurisdiction: England	Anaerobic digestion (source technology type; vessel design and count not published)	REPD-published development status: Abandoned; not independently verified	Melton Energy Tech		biogas/renewable-energy project context; feedstock and gas output not inferred	https://www.gov.uk/government/publications/renewable-energy-planning-database-quarterly-extract	official UK renewable-energy planning project technology and status register	2026-09-28	Open Government Licence v3.0	All July 2026 REPD Anaerobic Digestion records in England, Scotland and Wales are included. Northern Ireland is excluded because its coordinates use a different grid. REPD records are planning projects and may represent revised applications at the same physical site.
uk-repd:11245	Lords Meadow Industrial Estate - Anaerobic Digestion Plant	United Kingdom	50.789114	-3.643350	REPD-published British National Grid project point transformed with OS approximate Helmert method (about 3 m); source position not independently verified	anaerobic digestion / renewable energy planning	REPD technology: Anaerobic Digestion | CHP Enabled:  | jurisdiction: England	Anaerobic digestion (source technology type; vessel design and count not published)	REPD-published development status: Under Construction; not independently verified	Lords Meadow Biogas Limited		biogas/renewable-energy project context; feedstock and gas output not inferred	https://www.gov.uk/government/publications/renewable-energy-planning-database-quarterly-extract	official UK renewable-energy planning project technology and status register	2026-09-28	Open Government Licence v3.0	All July 2026 REPD Anaerobic Digestion records in England, Scotland and Wales are included. Northern Ireland is excluded because its coordinates use a different grid. REPD records are planning projects and may represent revised applications at the same physical site.
uk-repd:11246	Bushywarren Lane, Ellisfield - Anaerobic Digestor Plant	United Kingdom	51.216133	-1.060434	REPD-published British National Grid project point transformed with OS approximate Helmert method (about 3 m); source position not independently verified	anaerobic digestion / renewable energy planning	REPD technology: Anaerobic Digestion | CHP Enabled:  | jurisdiction: England	Anaerobic digestion (source technology type; vessel design and count not published)	REPD-published development status: Under Construction; not independently verified	RKE Bio Group Limited		biogas/renewable-energy project context; feedstock and gas output not inferred	https://www.gov.uk/government/publications/renewable-energy-planning-database-quarterly-extract	official UK renewable-energy planning project technology and status register	2026-09-28	Open Government Licence v3.0	All July 2026 REPD Anaerobic Digestion records in England, Scotland and Wales are included. Northern Ireland is excluded because its coordinates use a different grid. REPD records are planning projects and may represent revised applications at the same physical site.
uk-repd:11247	Hedgehope Cottage, Winfield - Anaerobic Digestion Unit	United Kingdom	55.670039	-1.801643	REPD-published British National Grid project point transformed with OS approximate Helmert method (about 3 m); source position not independently verified	anaerobic digestion / renewable energy planning	REPD technology: Anaerobic Digestion | CHP Enabled:  | jurisdiction: England	Anaerobic digestion (source technology type; vessel design and count not published)	REPD-published development status: Planning Application Withdrawn; not independently verified	Avocet Infinite Renewables	0.6 MW electrical installed capacity	biogas/renewable-energy project context; feedstock and gas output not inferred	https://www.gov.uk/government/publications/renewable-energy-planning-database-quarterly-extract	official UK renewable-energy planning project technology and status register	2026-09-28	Open Government Licence v3.0	All July 2026 REPD Anaerobic Digestion records in England, Scotland and Wales are included. Northern Ireland is excluded because its coordinates use a different grid. REPD records are planning projects and may represent revised applications at the same physical site.
uk-repd:11248	Balmcassie Commercial Park - Anaerobic digestion plant	United Kingdom	57.370809	-2.050114	REPD-published British National Grid project point transformed with OS approximate Helmert method (about 3 m); source position not independently verified	anaerobic digestion / renewable energy planning	REPD technology: Anaerobic Digestion | CHP Enabled:  | jurisdiction: Scotland	Anaerobic digestion (source technology type; vessel design and count not published)	REPD-published development status: Under Construction; not independently verified	Brewdog Limited	3.5 MW electrical installed capacity	biogas/renewable-energy project context; feedstock and gas output not inferred	https://www.gov.uk/government/publications/renewable-energy-planning-database-quarterly-extract	official UK renewable-energy planning project technology and status register	2026-09-28	Open Government Licence v3.0	All July 2026 REPD Anaerobic Digestion records in England, Scotland and Wales are included. Northern Ireland is excluded because its coordinates use a different grid. REPD records are planning projects and may represent revised applications at the same physical site.
uk-repd:11249	Portgordon - Anaerobic Digestion Tanks	United Kingdom	57.662675	-3.015951	REPD-published British National Grid project point transformed with OS approximate Helmert method (about 3 m); source position not independently verified	anaerobic digestion / renewable energy planning	REPD technology: Anaerobic Digestion | CHP Enabled: No | jurisdiction: Scotland	Anaerobic digestion (source technology type; vessel design and count not published)	REPD-published development status: Under Construction; not independently verified	Grissan Renewable Energy		biogas/renewable-energy project context; feedstock and gas output not inferred	https://www.gov.uk/government/publications/renewable-energy-planning-database-quarterly-extract	official UK renewable-energy planning project technology and status register	2026-09-28	Open Government Licence v3.0	All July 2026 REPD Anaerobic Digestion records in England, Scotland and Wales are included. Northern Ireland is excluded because its coordinates use a different grid. REPD records are planning projects and may represent revised applications at the same physical site.
uk-repd:11250	Deeside Industrial Park - Waste Management Facility	United Kingdom	53.239213	-3.031968	REPD-published British National Grid project point transformed with OS approximate Helmert method (about 3 m); source position not independently verified	anaerobic digestion / renewable energy planning	REPD technology: Anaerobic Digestion | CHP Enabled: No | jurisdiction: Wales	Anaerobic digestion (source technology type; vessel design and count not published)	REPD-published development status: Abandoned; not independently verified	Logik WTE Limited		biogas/renewable-energy project context; feedstock and gas output not inferred	https://www.gov.uk/government/publications/renewable-energy-planning-database-quarterly-extract	official UK renewable-energy planning project technology and status register	2026-09-28	Open Government Licence v3.0	All July 2026 REPD Anaerobic Digestion records in England, Scotland and Wales are included. Northern Ireland is excluded because its coordinates use a different grid. REPD records are planning projects and may represent revised applications at the same physical site.
uk-repd:11251	Ystym Colwyn Farms - Anaerobic Digestion Plant	United Kingdom	52.738949	-3.211746	REPD-published British National Grid project point transformed with OS approximate Helmert method (about 3 m); source position not independently verified	anaerobic digestion / renewable energy planning	REPD technology: Anaerobic Digestion | CHP Enabled: No | jurisdiction: Wales	Anaerobic digestion (source technology type; vessel design and count not published)	REPD-published development status: Planning Permission Granted; not independently verified	Gittins & Sons	0.25 MW electrical installed capacity	biogas/renewable-energy project context; feedstock and gas output not inferred	https://www.gov.uk/government/publications/renewable-energy-planning-database-quarterly-extract	official UK renewable-energy planning project technology and status register	2026-09-28	Open Government Licence v3.0	All July 2026 REPD Anaerobic Digestion records in England, Scotland and Wales are included. Northern Ireland is excluded because its coordinates use a different grid. REPD records are planning projects and may represent revised applications at the same physical site.
uk-repd:11762	Grange Farm, Lea Lane, Aldford - Anaerobic Digestion Facility	United Kingdom	53.123801	-2.851056	REPD-published British National Grid project point transformed with OS approximate Helmert method (about 3 m); source position not independently verified	anaerobic digestion / renewable energy planning	REPD technology: Anaerobic Digestion | CHP Enabled:  | jurisdiction: England	Anaerobic digestion (source technology type; vessel design and count not published)	REPD-published development status: Planning Permission Granted; not independently verified	Grosvenor Farms Limited		biogas/renewable-energy project context; feedstock and gas output not inferred	https://www.gov.uk/government/publications/renewable-energy-planning-database-quarterly-extract	official UK renewable-energy planning project technology and status register	2026-09-28	Open Government Licence v3.0	All July 2026 REPD Anaerobic Digestion records in England, Scotland and Wales are included. Northern Ireland is excluded because its coordinates use a different grid. REPD records are planning projects and may represent revised applications at the same physical site.
uk-repd:11802	The Drove, Pondersbridge - Anaerobic Digestion Plant	United Kingdom	52.512092	-0.146026	REPD-published British National Grid project point transformed with OS approximate Helmert method (about 3 m); source position not independently verified	anaerobic digestion / renewable energy planning	REPD technology: Anaerobic Digestion | CHP Enabled: No | jurisdiction: England	Anaerobic digestion (source technology type; vessel design and count not published)	REPD-published development status: Planning Permission Granted; not independently verified	Collmart Growers Limited	6.8 MW electrical installed capacity	biogas/renewable-energy project context; feedstock and gas output not inferred	https://www.gov.uk/government/publications/renewable-energy-planning-database-quarterly-extract	official UK renewable-energy planning project technology and status register	2026-09-28	Open Government Licence v3.0	All July 2026 REPD Anaerobic Digestion records in England, Scotland and Wales are included. Northern Ireland is excluded because its coordinates use a different grid. REPD records are planning projects and may represent revised applications at the same physical site.
uk-repd:12047	Bycott Farm, Lower Town - Anaerobic Digester	United Kingdom	50.904441	-3.417926	REPD-published British National Grid project point transformed with OS approximate Helmert method (about 3 m); source position not independently verified	anaerobic digestion / renewable energy planning	REPD technology: Anaerobic Digestion | CHP Enabled: No | jurisdiction: England	Anaerobic digestion (source technology type; vessel design and count not published)	REPD-published development status: Planning Application Withdrawn; not independently verified	Bycott Farms Limited		biogas/renewable-energy project context; feedstock and gas output not inferred	https://www.gov.uk/government/publications/renewable-energy-planning-database-quarterly-extract	official UK renewable-energy planning project technology and status register	2026-09-28	Open Government Licence v3.0	All July 2026 REPD Anaerobic Digestion records in England, Scotland and Wales are included. Northern Ireland is excluded because its coordinates use a different grid. REPD records are planning projects and may represent revised applications at the same physical site.
uk-repd:12152	Suezlower, Eccleshill Road - Anaerobic Digestion Facility	United Kingdom	53.711557	-2.466104	REPD-published British National Grid project point transformed with OS approximate Helmert method (about 3 m); source position not independently verified	anaerobic digestion / renewable energy planning	REPD technology: Anaerobic Digestion | CHP Enabled: No | jurisdiction: England	Anaerobic digestion (source technology type; vessel design and count not published)	REPD-published development status: Planning Permission Granted; not independently verified	SUEZ Recycling & Recovery UK Limited Head Office		biogas/renewable-energy project context; feedstock and gas output not inferred	https://www.gov.uk/government/publications/renewable-energy-planning-database-quarterly-extract	official UK renewable-energy planning project technology and status register	2026-09-28	Open Government Licence v3.0	All July 2026 REPD Anaerobic Digestion records in England, Scotland and Wales are included. Northern Ireland is excluded because its coordinates use a different grid. REPD records are planning projects and may represent revised applications at the same physical site.
uk-repd:12211	Spring Grove Farm, Withersfield North - Anaerobic Digestion Facility	United Kingdom	52.094725	0.395382	REPD-published British National Grid project point transformed with OS approximate Helmert method (about 3 m); source position not independently verified	anaerobic digestion / renewable energy planning	REPD technology: Anaerobic Digestion | CHP Enabled: No | jurisdiction: England	Anaerobic digestion (source technology type; vessel design and count not published)	REPD-published development status: Planning Permission Refused; not independently verified	Acorn Bioenergy Limited	2.9 MW electrical installed capacity	biogas/renewable-energy project context; feedstock and gas output not inferred	https://www.gov.uk/government/publications/renewable-energy-planning-database-quarterly-extract	official UK renewable-energy planning project technology and status register	2026-09-28	Open Government Licence v3.0	All July 2026 REPD Anaerobic Digestion records in England, Scotland and Wales are included. Northern Ireland is excluded because its coordinates use a different grid. REPD records are planning projects and may represent revised applications at the same physical site.
uk-repd:12228	Wigan Lane - Anaerobic Digester Unit	United Kingdom	53.616597	-2.601032	REPD-published British National Grid project point transformed with OS approximate Helmert method (about 3 m); source position not independently verified	anaerobic digestion / renewable energy planning	REPD technology: Anaerobic Digestion | CHP Enabled: No | jurisdiction: England	Anaerobic digestion (source technology type; vessel design and count not published)	REPD-published development status: Appeal Granted; not independently verified	J & B Woodcock & Sons		biogas/renewable-energy project context; feedstock and gas output not inferred	https://www.gov.uk/government/publications/renewable-energy-planning-database-quarterly-extract	official UK renewable-energy planning project technology and status register	2026-09-28	Open Government Licence v3.0	All July 2026 REPD Anaerobic Digestion records in England, Scotland and Wales are included. Northern Ireland is excluded because its coordinates use a different grid. REPD records are planning projects and may represent revised applications at the same physical site.
uk-repd:12268	East Lodge Farm, Quinton Road - Anaerobic Digestion Facility	United Kingdom	52.169428	-0.873010	REPD-published British National Grid project point transformed with OS approximate Helmert method (about 3 m); source position not independently verified	anaerobic digestion / renewable energy planning	REPD technology: Anaerobic Digestion | CHP Enabled: No | jurisdiction: England	Anaerobic digestion (source technology type; vessel design and count not published)	REPD-published development status: Under Construction; not independently verified	Acorn Bioenergy Limited		biogas/renewable-energy project context; feedstock and gas output not inferred	https://www.gov.uk/government/publications/renewable-energy-planning-database-quarterly-extract	official UK renewable-energy planning project technology and status register	2026-09-28	Open Government Licence v3.0	All July 2026 REPD Anaerobic Digestion records in England, Scotland and Wales are included. Northern Ireland is excluded because its coordinates use a different grid. REPD records are planning projects and may represent revised applications at the same physical site.
uk-repd:12313	Girvan Distillery, Main Street - Anaerobic Digestion Facility	United Kingdom	55.260702	-4.833403	REPD-published British National Grid project point transformed with OS approximate Helmert method (about 3 m); source position not independently verified	anaerobic digestion / renewable energy planning	REPD technology: Anaerobic Digestion | CHP Enabled: No | jurisdiction: Scotland	Anaerobic digestion (source technology type; vessel design and count not published)	REPD-published development status: Revised; not independently verified	Grissan Carrick Limited	2 MW electrical installed capacity	biogas/renewable-energy project context; feedstock and gas output not inferred	https://www.gov.uk/government/publications/renewable-energy-planning-database-quarterly-extract	official UK renewable-energy planning project technology and status register	2026-09-28	Open Government Licence v3.0	All July 2026 REPD Anaerobic Digestion records in England, Scotland and Wales are included. Northern Ireland is excluded because its coordinates use a different grid. REPD records are planning projects and may represent revised applications at the same physical site.
uk-repd:12372	Ellington Road - Anaerobic Digestion Facility	United Kingdom	55.199811	-1.584603	REPD-published British National Grid project point transformed with OS approximate Helmert method (about 3 m); source position not independently verified	anaerobic digestion / renewable energy planning	REPD technology: Anaerobic Digestion | CHP Enabled: No | jurisdiction: England	Anaerobic digestion (source technology type; vessel design and count not published)	REPD-published development status: Planning Permission Granted; not independently verified	SUEZ recycling and recovery UK		biogas/renewable-energy project context; feedstock and gas output not inferred	https://www.gov.uk/government/publications/renewable-energy-planning-database-quarterly-extract	official UK renewable-energy planning project technology and status register	2026-09-28	Open Government Licence v3.0	All July 2026 REPD Anaerobic Digestion records in England, Scotland and Wales are included. Northern Ireland is excluded because its coordinates use a different grid. REPD records are planning projects and may represent revised applications at the same physical site.
uk-repd:12405	East Witney Green Power  - Anaerobic Digestion Facility	United Kingdom	51.779873	-1.371152	REPD-published British National Grid project point transformed with OS approximate Helmert method (about 3 m); source position not independently verified	anaerobic digestion / renewable energy planning	REPD technology: Anaerobic Digestion | CHP Enabled: No | jurisdiction: England	Anaerobic digestion (source technology type; vessel design and count not published)	REPD-published development status: Planning Permission Refused; not independently verified	Acorn Bioenergy Limited		biogas/renewable-energy project context; feedstock and gas output not inferred	https://www.gov.uk/government/publications/renewable-energy-planning-database-quarterly-extract	official UK renewable-energy planning project technology and status register	2026-09-28	Open Government Licence v3.0	All July 2026 REPD Anaerobic Digestion records in England, Scotland and Wales are included. Northern Ireland is excluded because its coordinates use a different grid. REPD records are planning projects and may represent revised applications at the same physical site.
uk-repd:12484	RAF Shawbury	United Kingdom	52.800301	-2.651489	REPD-published British National Grid project point transformed with OS approximate Helmert method (about 3 m); source position not independently verified	anaerobic digestion / renewable energy planning	REPD technology: Anaerobic Digestion | CHP Enabled: Yes | jurisdiction: England	Anaerobic digestion (source technology type; vessel design and count not published)	REPD-published development status: Planning Permission Granted; not independently verified	Oaklands Farm Eggs		biogas/renewable-energy project context; feedstock and gas output not inferred	https://www.gov.uk/government/publications/renewable-energy-planning-database-quarterly-extract	official UK renewable-energy planning project technology and status register	2026-09-28	Open Government Licence v3.0	All July 2026 REPD Anaerobic Digestion records in England, Scotland and Wales are included. Northern Ireland is excluded because its coordinates use a different grid. REPD records are planning projects and may represent revised applications at the same physical site.
uk-repd:12509	Tubbs End, Tysoe Road - Anaerobic Digestion Facility	United Kingdom	52.126059	-1.507326	REPD-published British National Grid project point transformed with OS approximate Helmert method (about 3 m); source position not independently verified	anaerobic digestion / renewable energy planning	REPD technology: Anaerobic Digestion | CHP Enabled: No | jurisdiction: England	Anaerobic digestion (source technology type; vessel design and count not published)	REPD-published development status: Planning Application Submitted; not independently verified	Acorn Bioenergy Limited		biogas/renewable-energy project context; feedstock and gas output not inferred	https://www.gov.uk/government/publications/renewable-energy-planning-database-quarterly-extract	official UK renewable-energy planning project technology and status register	2026-09-28	Open Government Licence v3.0	All July 2026 REPD Anaerobic Digestion records in England, Scotland and Wales are included. Northern Ireland is excluded because its coordinates use a different grid. REPD records are planning projects and may represent revised applications at the same physical site.
uk-repd:12604	Carlindean Farm, Carnwath - Anaerobic Digestion Plant	United Kingdom	55.704360	-3.606019	REPD-published British National Grid project point transformed with OS approximate Helmert method (about 3 m); source position not independently verified	anaerobic digestion / renewable energy planning	REPD technology: Anaerobic Digestion | CHP Enabled: No | jurisdiction: Scotland	Anaerobic digestion (source technology type; vessel design and count not published)	REPD-published development status: Planning Permission Granted; not independently verified	Hewitt Farming		biogas/renewable-energy project context; feedstock and gas output not inferred	https://www.gov.uk/government/publications/renewable-energy-planning-database-quarterly-extract	official UK renewable-energy planning project technology and status register	2026-09-28	Open Government Licence v3.0	All July 2026 REPD Anaerobic Digestion records in England, Scotland and Wales are included. Northern Ireland is excluded because its coordinates use a different grid. REPD records are planning projects and may represent revised applications at the same physical site.
uk-repd:12611	Bicester Road, Long Crendon - Anaerobic Digestion Facility	United Kingdom	51.789096	-1.028557	REPD-published British National Grid project point transformed with OS approximate Helmert method (about 3 m); source position not independently verified	anaerobic digestion / renewable energy planning	REPD technology: Anaerobic Digestion | CHP Enabled: No | jurisdiction: England	Anaerobic digestion (source technology type; vessel design and count not published)	REPD-published development status: Planning Application Submitted; not independently verified	Acorn Bioenergy Limited		biogas/renewable-energy project context; feedstock and gas output not inferred	https://www.gov.uk/government/publications/renewable-energy-planning-database-quarterly-extract	official UK renewable-energy planning project technology and status register	2026-09-28	Open Government Licence v3.0	All July 2026 REPD Anaerobic Digestion records in England, Scotland and Wales are included. Northern Ireland is excluded because its coordinates use a different grid. REPD records are planning projects and may represent revised applications at the same physical site.
uk-repd:12617	Manby Airfield, Manby Park - Anaerobic Digestor	United Kingdom	53.360599	0.089761	REPD-published British National Grid project point transformed with OS approximate Helmert method (about 3 m); source position not independently verified	anaerobic digestion / renewable energy planning	REPD technology: Anaerobic Digestion | CHP Enabled: No | jurisdiction: England	Anaerobic digestion (source technology type; vessel design and count not published)	REPD-published development status: Planning Permission Granted; not independently verified	Manby BGE Limited		biogas/renewable-energy project context; feedstock and gas output not inferred	https://www.gov.uk/government/publications/renewable-energy-planning-database-quarterly-extract	official UK renewable-energy planning project technology and status register	2026-09-28	Open Government Licence v3.0	All July 2026 REPD Anaerobic Digestion records in England, Scotland and Wales are included. Northern Ireland is excluded because its coordinates use a different grid. REPD records are planning projects and may represent revised applications at the same physical site.
uk-repd:12660	Longmorn - Anaerobic Digestion Plant	United Kingdom	57.597687	-3.280487	REPD-published British National Grid project point transformed with OS approximate Helmert method (about 3 m); source position not independently verified	anaerobic digestion / renewable energy planning	REPD technology: Anaerobic Digestion | CHP Enabled: No | jurisdiction: Scotland	Anaerobic digestion (source technology type; vessel design and count not published)	REPD-published development status: Planning Permission Refused; not independently verified	Acorn Bioenergy		biogas/renewable-energy project context; feedstock and gas output not inferred	https://www.gov.uk/government/publications/renewable-energy-planning-database-quarterly-extract	official UK renewable-energy planning project technology and status register	2026-09-28	Open Government Licence v3.0	All July 2026 REPD Anaerobic Digestion records in England, Scotland and Wales are included. Northern Ireland is excluded because its coordinates use a different grid. REPD records are planning projects and may represent revised applications at the same physical site.
uk-repd:12686	Rathven - Anaerobic Digestion Plant	United Kingdom	57.670537	-2.932834	REPD-published British National Grid project point transformed with OS approximate Helmert method (about 3 m); source position not independently verified	anaerobic digestion / renewable energy planning	REPD technology: Anaerobic Digestion | CHP Enabled: No | jurisdiction: Scotland	Anaerobic digestion (source technology type; vessel design and count not published)	REPD-published development status: Planning Application Withdrawn; not independently verified	Acorn Bioenergy Limited		biogas/renewable-energy project context; feedstock and gas output not inferred	https://www.gov.uk/government/publications/renewable-energy-planning-database-quarterly-extract	official UK renewable-energy planning project technology and status register	2026-09-28	Open Government Licence v3.0	All July 2026 REPD Anaerobic Digestion records in England, Scotland and Wales are included. Northern Ireland is excluded because its coordinates use a different grid. REPD records are planning projects and may represent revised applications at the same physical site.
uk-repd:12699	Copeland Way, Ellough - Anaerobic Digestion Plant	United Kingdom	52.438855	1.606639	REPD-published British National Grid project point transformed with OS approximate Helmert method (about 3 m); source position not independently verified	anaerobic digestion / renewable energy planning	REPD technology: Anaerobic Digestion | CHP Enabled: No | jurisdiction: England	Anaerobic digestion (source technology type; vessel design and count not published)	REPD-published development status: Planning Permission Refused; not independently verified	Privilege Finance Limited	10 MW electrical installed capacity	biogas/renewable-energy project context; feedstock and gas output not inferred	https://www.gov.uk/government/publications/renewable-energy-planning-database-quarterly-extract	official UK renewable-energy planning project technology and status register	2026-09-28	Open Government Licence v3.0	All July 2026 REPD Anaerobic Digestion records in England, Scotland and Wales are included. Northern Ireland is excluded because its coordinates use a different grid. REPD records are planning projects and may represent revised applications at the same physical site.
uk-repd:12957	Deal Farm, Bressingham - Anaerobic Digestion facility & Agricultural Building	United Kingdom	52.407964	1.065094	REPD-published British National Grid project point transformed with OS approximate Helmert method (about 3 m); source position not independently verified	anaerobic digestion / renewable energy planning	REPD technology: Anaerobic Digestion | CHP Enabled:  | jurisdiction: England	Anaerobic digestion (source technology type; vessel design and count not published)	REPD-published development status: Revised; not independently verified	Deal Farm Biogas Limited	6.6 MW electrical installed capacity	biogas/renewable-energy project context; feedstock and gas output not inferred	https://www.gov.uk/government/publications/renewable-energy-planning-database-quarterly-extract	official UK renewable-energy planning project technology and status register	2026-09-28	Open Government Licence v3.0	All July 2026 REPD Anaerobic Digestion records in England, Scotland and Wales are included. Northern Ireland is excluded because its coordinates use a different grid. REPD records are planning projects and may represent revised applications at the same physical site.
uk-repd:12961	Cowdown Farm, Cowdown Lane - Anaerobic Digestion Facility	United Kingdom	51.195316	-1.450694	REPD-published British National Grid project point transformed with OS approximate Helmert method (about 3 m); source position not independently verified	anaerobic digestion / renewable energy planning	REPD technology: Anaerobic Digestion | CHP Enabled: Yes | jurisdiction: England	Anaerobic digestion (source technology type; vessel design and count not published)	REPD-published development status: Revised; not independently verified	Acorn Bioenergy Limited		biogas/renewable-energy project context; feedstock and gas output not inferred	https://www.gov.uk/government/publications/renewable-energy-planning-database-quarterly-extract	official UK renewable-energy planning project technology and status register	2026-09-28	Open Government Licence v3.0	All July 2026 REPD Anaerobic Digestion records in England, Scotland and Wales are included. Northern Ireland is excluded because its coordinates use a different grid. REPD records are planning projects and may represent revised applications at the same physical site.
uk-repd:13017	Grove Farm, Cow Lane - Anaerobic Digestion Facility	United Kingdom	51.622984	-1.421772	REPD-published British National Grid project point transformed with OS approximate Helmert method (about 3 m); source position not independently verified	anaerobic digestion / renewable energy planning	REPD technology: Anaerobic Digestion | CHP Enabled: No | jurisdiction: England	Anaerobic digestion (source technology type; vessel design and count not published)	REPD-published development status: Planning Application Withdrawn; not independently verified	Acorn Bioenergy Limited		biogas/renewable-energy project context; feedstock and gas output not inferred	https://www.gov.uk/government/publications/renewable-energy-planning-database-quarterly-extract	official UK renewable-energy planning project technology and status register	2026-09-28	Open Government Licence v3.0	All July 2026 REPD Anaerobic Digestion records in England, Scotland and Wales are included. Northern Ireland is excluded because its coordinates use a different grid. REPD records are planning projects and may represent revised applications at the same physical site.
uk-repd:13018	Stanley Villa Farm, Back Lane - Anaerobic Digestion Plant	United Kingdom	53.812826	-2.913041	REPD-published British National Grid project point transformed with OS approximate Helmert method (about 3 m); source position not independently verified	anaerobic digestion / renewable energy planning	REPD technology: Anaerobic Digestion | CHP Enabled: No | jurisdiction: England	Anaerobic digestion (source technology type; vessel design and count not published)	REPD-published development status: Planning Permission Granted; not independently verified	Farm Generation Limited		biogas/renewable-energy project context; feedstock and gas output not inferred	https://www.gov.uk/government/publications/renewable-energy-planning-database-quarterly-extract	official UK renewable-energy planning project technology and status register	2026-09-28	Open Government Licence v3.0	All July 2026 REPD Anaerobic Digestion records in England, Scotland and Wales are included. Northern Ireland is excluded because its coordinates use a different grid. REPD records are planning projects and may represent revised applications at the same physical site.
uk-repd:13029	Hemswell Biogas, Hemswell Cliff Industrial Estate - Anaerobic Digestion	United Kingdom	53.402166	-0.576620	REPD-published British National Grid project point transformed with OS approximate Helmert method (about 3 m); source position not independently verified	anaerobic digestion / renewable energy planning	REPD technology: Anaerobic Digestion | CHP Enabled: Yes | jurisdiction: England	Anaerobic digestion (source technology type; vessel design and count not published)	REPD-published development status: Planning Permission Granted; not independently verified	A M Duguid & Son (BioteCH4)	6 MW electrical installed capacity	biogas/renewable-energy project context; feedstock and gas output not inferred	https://www.gov.uk/government/publications/renewable-energy-planning-database-quarterly-extract	official UK renewable-energy planning project technology and status register	2026-09-28	Open Government Licence v3.0	All July 2026 REPD Anaerobic Digestion records in England, Scotland and Wales are included. Northern Ireland is excluded because its coordinates use a different grid. REPD records are planning projects and may represent revised applications at the same physical site.
uk-repd:13083	Omega Proteins Penrith, Processing Plant - Anaerobic Digestion Facility	United Kingdom	54.657229	-2.778745	REPD-published British National Grid project point transformed with OS approximate Helmert method (about 3 m); source position not independently verified	anaerobic digestion / renewable energy planning	REPD technology: Anaerobic Digestion | CHP Enabled: No | jurisdiction: England	Anaerobic digestion (source technology type; vessel design and count not published)	REPD-published development status: Planning Application Withdrawn; not independently verified	Omega Proteins Limited		biogas/renewable-energy project context; feedstock and gas output not inferred	https://www.gov.uk/government/publications/renewable-energy-planning-database-quarterly-extract	official UK renewable-energy planning project technology and status register	2026-09-28	Open Government Licence v3.0	All July 2026 REPD Anaerobic Digestion records in England, Scotland and Wales are included. Northern Ireland is excluded because its coordinates use a different grid. REPD records are planning projects and may represent revised applications at the same physical site.
uk-repd:13129	Woofields Farm, Coddington - Anaerobic Digestion	United Kingdom	52.081208	-2.411552	REPD-published British National Grid project point transformed with OS approximate Helmert method (about 3 m); source position not independently verified	anaerobic digestion / renewable energy planning	REPD technology: Anaerobic Digestion | CHP Enabled: No | jurisdiction: England	Anaerobic digestion (source technology type; vessel design and count not published)	REPD-published development status: Planning Permission Refused; not independently verified	Private Developer		biogas/renewable-energy project context; feedstock and gas output not inferred	https://www.gov.uk/government/publications/renewable-energy-planning-database-quarterly-extract	official UK renewable-energy planning project technology and status register	2026-09-28	Open Government Licence v3.0	All July 2026 REPD Anaerobic Digestion records in England, Scotland and Wales are included. Northern Ireland is excluded because its coordinates use a different grid. REPD records are planning projects and may represent revised applications at the same physical site.
uk-repd:13137	Eden Business Park, Edenhouse Drive - Anaerobic Digestion Facility	United Kingdom	54.152693	-0.777576	REPD-published British National Grid project point transformed with OS approximate Helmert method (about 3 m); source position not independently verified	anaerobic digestion / renewable energy planning	REPD technology: Anaerobic Digestion | CHP Enabled: No | jurisdiction: England	Anaerobic digestion (source technology type; vessel design and count not published)	REPD-published development status: Planning Application Submitted; not independently verified	Circular Malton & Norton Cic		biogas/renewable-energy project context; feedstock and gas output not inferred	https://www.gov.uk/government/publications/renewable-energy-planning-database-quarterly-extract	official UK renewable-energy planning project technology and status register	2026-09-28	Open Government Licence v3.0	All July 2026 REPD Anaerobic Digestion records in England, Scotland and Wales are included. Northern Ireland is excluded because its coordinates use a different grid. REPD records are planning projects and may represent revised applications at the same physical site.
uk-repd:13139	Iggesund Paperboard, Siddick - Anaerobic Digestion Plant	United Kingdom	54.666104	-3.545443	REPD-published British National Grid project point transformed with OS approximate Helmert method (about 3 m); source position not independently verified	anaerobic digestion / renewable energy planning	REPD technology: Anaerobic Digestion | CHP Enabled: No | jurisdiction: England	Anaerobic digestion (source technology type; vessel design and count not published)	REPD-published development status: Planning Permission Granted; not independently verified	Iggesund Paperboard		biogas/renewable-energy project context; feedstock and gas output not inferred	https://www.gov.uk/government/publications/renewable-energy-planning-database-quarterly-extract	official UK renewable-energy planning project technology and status register	2026-09-28	Open Government Licence v3.0	All July 2026 REPD Anaerobic Digestion records in England, Scotland and Wales are included. Northern Ireland is excluded because its coordinates use a different grid. REPD records are planning projects and may represent revised applications at the same physical site.
uk-repd:13286	Alton Materials Recovery Facility - Anaerobic Digestion Facility	United Kingdom	51.168228	-0.935169	REPD-published British National Grid project point transformed with OS approximate Helmert method (about 3 m); source position not independently verified	anaerobic digestion / renewable energy planning	REPD technology: Anaerobic Digestion | CHP Enabled: No | jurisdiction: England	Anaerobic digestion (source technology type; vessel design and count not published)	REPD-published development status: Planning Application Submitted; not independently verified	Veolia (Es) Uk Limited	1.5 MW electrical installed capacity	biogas/renewable-energy project context; feedstock and gas output not inferred	https://www.gov.uk/government/publications/renewable-energy-planning-database-quarterly-extract	official UK renewable-energy planning project technology and status register	2026-09-28	Open Government Licence v3.0	All July 2026 REPD Anaerobic Digestion records in England, Scotland and Wales are included. Northern Ireland is excluded because its coordinates use a different grid. REPD records are planning projects and may represent revised applications at the same physical site.
uk-repd:13327	Staples Vegetables Limited, Station Farm - Anaerobic Digestion Plant	United Kingdom	53.034610	0.031156	REPD-published British National Grid project point transformed with OS approximate Helmert method (about 3 m); source position not independently verified	anaerobic digestion / renewable energy planning	REPD technology: Anaerobic Digestion | CHP Enabled: No | jurisdiction: England	Anaerobic digestion (source technology type; vessel design and count not published)	REPD-published development status: Planning Permission Granted; not independently verified	Staples Brothers Limited		biogas/renewable-energy project context; feedstock and gas output not inferred	https://www.gov.uk/government/publications/renewable-energy-planning-database-quarterly-extract	official UK renewable-energy planning project technology and status register	2026-09-28	Open Government Licence v3.0	All July 2026 REPD Anaerobic Digestion records in England, Scotland and Wales are included. Northern Ireland is excluded because its coordinates use a different grid. REPD records are planning projects and may represent revised applications at the same physical site.
uk-repd:13342	Modern Moulds Business Centre, Harwood Road - Anaerobic Digestion	United Kingdom	50.813159	-0.552728	REPD-published British National Grid project point transformed with OS approximate Helmert method (about 3 m); source position not independently verified	anaerobic digestion / renewable energy planning	REPD technology: Anaerobic Digestion | CHP Enabled: Yes | jurisdiction: England	Anaerobic digestion (source technology type; vessel design and count not published)	REPD-published development status: Planning Application Withdrawn; not independently verified	Basf Agricultural Specialities Limited		biogas/renewable-energy project context; feedstock and gas output not inferred	https://www.gov.uk/government/publications/renewable-energy-planning-database-quarterly-extract	official UK renewable-energy planning project technology and status register	2026-09-28	Open Government Licence v3.0	All July 2026 REPD Anaerobic Digestion records in England, Scotland and Wales are included. Northern Ireland is excluded because its coordinates use a different grid. REPD records are planning projects and may represent revised applications at the same physical site.
uk-repd:13462	Lockerbie Creamery - Anaerobic Digester	United Kingdom	55.117235	-3.409955	REPD-published British National Grid project point transformed with OS approximate Helmert method (about 3 m); source position not independently verified	anaerobic digestion / renewable energy planning	REPD technology: Anaerobic Digestion | CHP Enabled: No | jurisdiction: Scotland	Anaerobic digestion (source technology type; vessel design and count not published)	REPD-published development status: Planning Permission Granted; not independently verified	Lockerbie Biogas Limited		biogas/renewable-energy project context; feedstock and gas output not inferred	https://www.gov.uk/government/publications/renewable-energy-planning-database-quarterly-extract	official UK renewable-energy planning project technology and status register	2026-09-28	Open Government Licence v3.0	All July 2026 REPD Anaerobic Digestion records in England, Scotland and Wales are included. Northern Ireland is excluded because its coordinates use a different grid. REPD records are planning projects and may represent revised applications at the same physical site.
uk-repd:13506	Former Christian Salvesen, Burton Lane - Anaerobic Digestion Plant	United Kingdom	52.828175	-0.607370	REPD-published British National Grid project point transformed with OS approximate Helmert method (about 3 m); source position not independently verified	anaerobic digestion / renewable energy planning	REPD technology: Anaerobic Digestion | CHP Enabled: No | jurisdiction: England	Anaerobic digestion (source technology type; vessel design and count not published)	REPD-published development status: Planning Permission Granted; not independently verified	Easton Properties Limited	5 MW electrical installed capacity	biogas/renewable-energy project context; feedstock and gas output not inferred	https://www.gov.uk/government/publications/renewable-energy-planning-database-quarterly-extract	official UK renewable-energy planning project technology and status register	2026-09-28	Open Government Licence v3.0	All July 2026 REPD Anaerobic Digestion records in England, Scotland and Wales are included. Northern Ireland is excluded because its coordinates use a different grid. REPD records are planning projects and may represent revised applications at the same physical site.
uk-repd:13758	Girvan Distillery, Main Street - Anaerobic Digestion Facility	United Kingdom	55.266017	-4.829043	REPD-published British National Grid project point transformed with OS approximate Helmert method (about 3 m); source position not independently verified	anaerobic digestion / renewable energy planning	REPD technology: Anaerobic Digestion | CHP Enabled: No | jurisdiction: Scotland	Anaerobic digestion (source technology type; vessel design and count not published)	REPD-published development status: Planning Permission Granted; not independently verified	Grissan Carrick Limited	2 MW electrical installed capacity	biogas/renewable-energy project context; feedstock and gas output not inferred	https://www.gov.uk/government/publications/renewable-energy-planning-database-quarterly-extract	official UK renewable-energy planning project technology and status register	2026-09-28	Open Government Licence v3.0	All July 2026 REPD Anaerobic Digestion records in England, Scotland and Wales are included. Northern Ireland is excluded because its coordinates use a different grid. REPD records are planning projects and may represent revised applications at the same physical site.
uk-repd:13870	Ashton Road, Ashton Keynes - Anaerobic Digestion Facility	United Kingdom	51.664035	-1.943782	REPD-published British National Grid project point transformed with OS approximate Helmert method (about 3 m); source position not independently verified	anaerobic digestion / renewable energy planning	REPD technology: Anaerobic Digestion | CHP Enabled: No | jurisdiction: England	Anaerobic digestion (source technology type; vessel design and count not published)	REPD-published development status: Planning Permission Granted; not independently verified	Acorn Bioenergy Limited		biogas/renewable-energy project context; feedstock and gas output not inferred	https://www.gov.uk/government/publications/renewable-energy-planning-database-quarterly-extract	official UK renewable-energy planning project technology and status register	2026-09-28	Open Government Licence v3.0	All July 2026 REPD Anaerobic Digestion records in England, Scotland and Wales are included. Northern Ireland is excluded because its coordinates use a different grid. REPD records are planning projects and may represent revised applications at the same physical site.
uk-repd:14038	Beddington Lane, Beddington - Anaerobic Digestion Facility	United Kingdom	51.372834	-0.130619	REPD-published British National Grid project point transformed with OS approximate Helmert method (about 3 m); source position not independently verified	anaerobic digestion / renewable energy planning	REPD technology: Anaerobic Digestion | CHP Enabled: No | jurisdiction: England	Anaerobic digestion (source technology type; vessel design and count not published)	REPD-published development status: Planning Permission Refused; not independently verified	SUEZ Recycling & Recovery UK Limited		biogas/renewable-energy project context; feedstock and gas output not inferred	https://www.gov.uk/government/publications/renewable-energy-planning-database-quarterly-extract	official UK renewable-energy planning project technology and status register	2026-09-28	Open Government Licence v3.0	All July 2026 REPD Anaerobic Digestion records in England, Scotland and Wales are included. Northern Ireland is excluded because its coordinates use a different grid. REPD records are planning projects and may represent revised applications at the same physical site.
uk-repd:14108	The Portgordon Maltings. Phase 1 - Aerobic Digestion Facility	United Kingdom	57.655915	-3.027677	REPD-published British National Grid project point transformed with OS approximate Helmert method (about 3 m); source position not independently verified	anaerobic digestion / renewable energy planning	REPD technology: Anaerobic Digestion | CHP Enabled: No | jurisdiction: Scotland	Anaerobic digestion (source technology type; vessel design and count not published)	REPD-published development status: Planning Permission Granted; not independently verified	Grissan Engineering Services Limited	4 MW electrical installed capacity	biogas/renewable-energy project context; feedstock and gas output not inferred	https://www.gov.uk/government/publications/renewable-energy-planning-database-quarterly-extract	official UK renewable-energy planning project technology and status register	2026-09-28	Open Government Licence v3.0	All July 2026 REPD Anaerobic Digestion records in England, Scotland and Wales are included. Northern Ireland is excluded because its coordinates use a different grid. REPD records are planning projects and may represent revised applications at the same physical site.
uk-repd:14109	The Portgordon Maltings, Phase 2 - Aerobic Digestion Facility	United Kingdom	57.656050	-3.026575	REPD-published British National Grid project point transformed with OS approximate Helmert method (about 3 m); source position not independently verified	anaerobic digestion / renewable energy planning	REPD technology: Anaerobic Digestion | CHP Enabled: No | jurisdiction: Scotland	Anaerobic digestion (source technology type; vessel design and count not published)	REPD-published development status: Planning Permission Granted; not independently verified	Grisasan Engineering Services Limited	4 MW electrical installed capacity	biogas/renewable-energy project context; feedstock and gas output not inferred	https://www.gov.uk/government/publications/renewable-energy-planning-database-quarterly-extract	official UK renewable-energy planning project technology and status register	2026-09-28	Open Government Licence v3.0	All July 2026 REPD Anaerobic Digestion records in England, Scotland and Wales are included. Northern Ireland is excluded because its coordinates use a different grid. REPD records are planning projects and may represent revised applications at the same physical site.
uk-repd:14137	The Portgordon Maltings, Phase 3 - Aerobic Digestion Facility	United Kingdom	57.656236	-3.029027	REPD-published British National Grid project point transformed with OS approximate Helmert method (about 3 m); source position not independently verified	anaerobic digestion / renewable energy planning	REPD technology: Anaerobic Digestion | CHP Enabled: No | jurisdiction: Scotland	Anaerobic digestion (source technology type; vessel design and count not published)	REPD-published development status: Planning Permission Granted; not independently verified	Grissan Engineering Services Limited	4 MW electrical installed capacity	biogas/renewable-energy project context; feedstock and gas output not inferred	https://www.gov.uk/government/publications/renewable-energy-planning-database-quarterly-extract	official UK renewable-energy planning project technology and status register	2026-09-28	Open Government Licence v3.0	All July 2026 REPD Anaerobic Digestion records in England, Scotland and Wales are included. Northern Ireland is excluded because its coordinates use a different grid. REPD records are planning projects and may represent revised applications at the same physical site.
uk-repd:14174	Deal Farm, Bressingham - Anaerobic Digestion facility & Agricultural Building	United Kingdom	52.407964	1.065094	REPD-published British National Grid project point transformed with OS approximate Helmert method (about 3 m); source position not independently verified	anaerobic digestion / renewable energy planning	REPD technology: Anaerobic Digestion | CHP Enabled:  | jurisdiction: England	Anaerobic digestion (source technology type; vessel design and count not published)	REPD-published development status: Planning Application Withdrawn; not independently verified	Deal Farm Biogas Limited	6.6 MW electrical installed capacity	biogas/renewable-energy project context; feedstock and gas output not inferred	https://www.gov.uk/government/publications/renewable-energy-planning-database-quarterly-extract	official UK renewable-energy planning project technology and status register	2026-09-28	Open Government Licence v3.0	All July 2026 REPD Anaerobic Digestion records in England, Scotland and Wales are included. Northern Ireland is excluded because its coordinates use a different grid. REPD records are planning projects and may represent revised applications at the same physical site.
uk-repd:14511	Heck Hall Farm - Anaerobic Digestion Plant	United Kingdom	53.678709	-1.099235	REPD-published British National Grid project point transformed with OS approximate Helmert method (about 3 m); source position not independently verified	anaerobic digestion / renewable energy planning	REPD technology: Anaerobic Digestion | CHP Enabled: No | jurisdiction: England	Anaerobic digestion (source technology type; vessel design and count not published)	REPD-published development status: Planning Permission Granted; not independently verified	Great Heck Green Energy Limited		biogas/renewable-energy project context; feedstock and gas output not inferred	https://www.gov.uk/government/publications/renewable-energy-planning-database-quarterly-extract	official UK renewable-energy planning project technology and status register	2026-09-28	Open Government Licence v3.0	All July 2026 REPD Anaerobic Digestion records in England, Scotland and Wales are included. Northern Ireland is excluded because its coordinates use a different grid. REPD records are planning projects and may represent revised applications at the same physical site.
uk-repd:14561	Singleton Birch, Melton Ross - Anaerobic Digestion Facility	United Kingdom	53.586475	-0.364459	REPD-published British National Grid project point transformed with OS approximate Helmert method (about 3 m); source position not independently verified	anaerobic digestion / renewable energy planning	REPD technology: Anaerobic Digestion | CHP Enabled: No | jurisdiction: England	Anaerobic digestion (source technology type; vessel design and count not published)	REPD-published development status: Planning Permission Granted; not independently verified	Singleton Birch Limited		biogas/renewable-energy project context; feedstock and gas output not inferred	https://www.gov.uk/government/publications/renewable-energy-planning-database-quarterly-extract	official UK renewable-energy planning project technology and status register	2026-09-28	Open Government Licence v3.0	All July 2026 REPD Anaerobic Digestion records in England, Scotland and Wales are included. Northern Ireland is excluded because its coordinates use a different grid. REPD records are planning projects and may represent revised applications at the same physical site.
uk-repd:14688	Court Farm, Hindlip - Anaerobic Digestion Facility	United Kingdom	52.222973	-2.181639	REPD-published British National Grid project point transformed with OS approximate Helmert method (about 3 m); source position not independently verified	anaerobic digestion / renewable energy planning	REPD technology: Anaerobic Digestion | CHP Enabled: No | jurisdiction: England	Anaerobic digestion (source technology type; vessel design and count not published)	REPD-published development status: Planning Permission Refused; not independently verified	Stenergy Worcester Limited	2.8 MW electrical installed capacity	biogas/renewable-energy project context; feedstock and gas output not inferred	https://www.gov.uk/government/publications/renewable-energy-planning-database-quarterly-extract	official UK renewable-energy planning project technology and status register	2026-09-28	Open Government Licence v3.0	All July 2026 REPD Anaerobic Digestion records in England, Scotland and Wales are included. Northern Ireland is excluded because its coordinates use a different grid. REPD records are planning projects and may represent revised applications at the same physical site.
uk-repd:15021	Trinity Organics Limited - Anaerobic Digestion Plant	United Kingdom	53.279189	-2.869424	REPD-published British National Grid project point transformed with OS approximate Helmert method (about 3 m); source position not independently verified	anaerobic digestion / renewable energy planning	REPD technology: Anaerobic Digestion | CHP Enabled: No | jurisdiction: England	Anaerobic digestion (source technology type; vessel design and count not published)	REPD-published development status: Planning Permission Granted; not independently verified	Trinity Chemicals		biogas/renewable-energy project context; feedstock and gas output not inferred	https://www.gov.uk/government/publications/renewable-energy-planning-database-quarterly-extract	official UK renewable-energy planning project technology and status register	2026-09-28	Open Government Licence v3.0	All July 2026 REPD Anaerobic Digestion records in England, Scotland and Wales are included. Northern Ireland is excluded because its coordinates use a different grid. REPD records are planning projects and may represent revised applications at the same physical site.
uk-repd:15259	Rectory Farm - Anaerobic Digestion Plant	United Kingdom	52.450871	-0.363483	REPD-published British National Grid project point transformed with OS approximate Helmert method (about 3 m); source position not independently verified	anaerobic digestion / renewable energy planning	REPD technology: Anaerobic Digestion | CHP Enabled: No | jurisdiction: England	Anaerobic digestion (source technology type; vessel design and count not published)	REPD-published development status: Planning Permission Granted; not independently verified	Great Heck Green Energy Limited	7 MW electrical installed capacity	biogas/renewable-energy project context; feedstock and gas output not inferred	https://www.gov.uk/government/publications/renewable-energy-planning-database-quarterly-extract	official UK renewable-energy planning project technology and status register	2026-09-28	Open Government Licence v3.0	All July 2026 REPD Anaerobic Digestion records in England, Scotland and Wales are included. Northern Ireland is excluded because its coordinates use a different grid. REPD records are planning projects and may represent revised applications at the same physical site.
uk-repd:15260	Streetly Hall Farm, West Wickham - Anaerobic Digestion Renewable Energy Facility	United Kingdom	52.107934	0.356644	REPD-published British National Grid project point transformed with OS approximate Helmert method (about 3 m); source position not independently verified	anaerobic digestion / renewable energy planning	REPD technology: Anaerobic Digestion | CHP Enabled: No | jurisdiction: England	Anaerobic digestion (source technology type; vessel design and count not published)	REPD-published development status: Planning Permission Granted; not independently verified	Streetly Hall Farm	7 MW electrical installed capacity	biogas/renewable-energy project context; feedstock and gas output not inferred	https://www.gov.uk/government/publications/renewable-energy-planning-database-quarterly-extract	official UK renewable-energy planning project technology and status register	2026-09-28	Open Government Licence v3.0	All July 2026 REPD Anaerobic Digestion records in England, Scotland and Wales are included. Northern Ireland is excluded because its coordinates use a different grid. REPD records are planning projects and may represent revised applications at the same physical site.
uk-repd:15309	Academy Road - Energy Centre & Anaerobic Digestion Facility	United Kingdom	57.700079	-4.158469	REPD-published British National Grid project point transformed with OS approximate Helmert method (about 3 m); source position not independently verified	anaerobic digestion / renewable energy planning	REPD technology: Anaerobic Digestion | CHP Enabled: No | jurisdiction: Scotland	Anaerobic digestion (source technology type; vessel design and count not published)	REPD-published development status: Planning Permission Granted; not independently verified	Grissan Engineering Services Limited	4 MW electrical installed capacity	biogas/renewable-energy project context; feedstock and gas output not inferred	https://www.gov.uk/government/publications/renewable-energy-planning-database-quarterly-extract	official UK renewable-energy planning project technology and status register	2026-09-28	Open Government Licence v3.0	All July 2026 REPD Anaerobic Digestion records in England, Scotland and Wales are included. Northern Ireland is excluded because its coordinates use a different grid. REPD records are planning projects and may represent revised applications at the same physical site.
uk-repd:15369	Brae of Pert Farm - Anaerobic Digestion Plant	United Kingdom	56.775059	-2.589195	REPD-published British National Grid project point transformed with OS approximate Helmert method (about 3 m); source position not independently verified	anaerobic digestion / renewable energy planning	REPD technology: Anaerobic Digestion | CHP Enabled: No | jurisdiction: Scotland	Anaerobic digestion (source technology type; vessel design and count not published)	REPD-published development status: Planning Permission Granted; not independently verified	Stracathro Renewable Energy Limited		biogas/renewable-energy project context; feedstock and gas output not inferred	https://www.gov.uk/government/publications/renewable-energy-planning-database-quarterly-extract	official UK renewable-energy planning project technology and status register	2026-09-28	Open Government Licence v3.0	All July 2026 REPD Anaerobic Digestion records in England, Scotland and Wales are included. Northern Ireland is excluded because its coordinates use a different grid. REPD records are planning projects and may represent revised applications at the same physical site.
uk-repd:15376	Tambowie Farm - Anaerobic Digestion Project	United Kingdom	55.950356	-4.356507	REPD-published British National Grid project point transformed with OS approximate Helmert method (about 3 m); source position not independently verified	anaerobic digestion / renewable energy planning	REPD technology: Anaerobic Digestion | CHP Enabled: No | jurisdiction: Scotland	Anaerobic digestion (source technology type; vessel design and count not published)	REPD-published development status: Planning Application Withdrawn; not independently verified	Stream BioEnergy Limited		biogas/renewable-energy project context; feedstock and gas output not inferred	https://www.gov.uk/government/publications/renewable-energy-planning-database-quarterly-extract	official UK renewable-energy planning project technology and status register	2026-09-28	Open Government Licence v3.0	All July 2026 REPD Anaerobic Digestion records in England, Scotland and Wales are included. Northern Ireland is excluded because its coordinates use a different grid. REPD records are planning projects and may represent revised applications at the same physical site.
uk-repd:15442	Primrose Hill Farm, Smeaton Road - Anaerobic Digestion Facility	United Kingdom	53.955257	-1.219727	REPD-published British National Grid project point transformed with OS approximate Helmert method (about 3 m); source position not independently verified	anaerobic digestion / renewable energy planning	REPD technology: Anaerobic Digestion | CHP Enabled: No | jurisdiction: England	Anaerobic digestion (source technology type; vessel design and count not published)	REPD-published development status: Planning Permission Granted; not independently verified	Storengy UK		biogas/renewable-energy project context; feedstock and gas output not inferred	https://www.gov.uk/government/publications/renewable-energy-planning-database-quarterly-extract	official UK renewable-energy planning project technology and status register	2026-09-28	Open Government Licence v3.0	All July 2026 REPD Anaerobic Digestion records in England, Scotland and Wales are included. Northern Ireland is excluded because its coordinates use a different grid. REPD records are planning projects and may represent revised applications at the same physical site.
uk-repd:15666	Surfleet Bank & Woad Farm - Anaerobic Digestor Plant	United Kingdom	52.858616	-0.105934	REPD-published British National Grid project point transformed with OS approximate Helmert method (about 3 m); source position not independently verified	anaerobic digestion / renewable energy planning	REPD technology: Anaerobic Digestion | CHP Enabled: No | jurisdiction: England	Anaerobic digestion (source technology type; vessel design and count not published)	REPD-published development status: Planning Permission Granted; not independently verified	Naylor Farms		biogas/renewable-energy project context; feedstock and gas output not inferred	https://www.gov.uk/government/publications/renewable-energy-planning-database-quarterly-extract	official UK renewable-energy planning project technology and status register	2026-09-28	Open Government Licence v3.0	All July 2026 REPD Anaerobic Digestion records in England, Scotland and Wales are included. Northern Ireland is excluded because its coordinates use a different grid. REPD records are planning projects and may represent revised applications at the same physical site.
uk-repd:16263	Sprucely Biogas, Sedgefield - Anaerobic Digestion Plant	United Kingdom	54.673817	-1.463930	REPD-published British National Grid project point transformed with OS approximate Helmert method (about 3 m); source position not independently verified	anaerobic digestion / renewable energy planning	REPD technology: Anaerobic Digestion | CHP Enabled: No | jurisdiction: England	Anaerobic digestion (source technology type; vessel design and count not published)	REPD-published development status: Planning Permission Refused; not independently verified	BioConstruct NewEnergy Limited		biogas/renewable-energy project context; feedstock and gas output not inferred	https://www.gov.uk/government/publications/renewable-energy-planning-database-quarterly-extract	official UK renewable-energy planning project technology and status register	2026-09-28	Open Government Licence v3.0	All July 2026 REPD Anaerobic Digestion records in England, Scotland and Wales are included. Northern Ireland is excluded because its coordinates use a different grid. REPD records are planning projects and may represent revised applications at the same physical site.
uk-repd:16406	Sewstern Road - Anaerobic Digestion Facility	United Kingdom	52.785367	-0.667975	REPD-published British National Grid project point transformed with OS approximate Helmert method (about 3 m); source position not independently verified	anaerobic digestion / renewable energy planning	REPD technology: Anaerobic Digestion | CHP Enabled: No | jurisdiction: England	Anaerobic digestion (source technology type; vessel design and count not published)	REPD-published development status: Planning Application Submitted; not independently verified	Ironstone Energy Limited		biogas/renewable-energy project context; feedstock and gas output not inferred	https://www.gov.uk/government/publications/renewable-energy-planning-database-quarterly-extract	official UK renewable-energy planning project technology and status register	2026-09-28	Open Government Licence v3.0	All July 2026 REPD Anaerobic Digestion records in England, Scotland and Wales are included. Northern Ireland is excluded because its coordinates use a different grid. REPD records are planning projects and may represent revised applications at the same physical site.
uk-repd:16413	Allanfearn, Inverness - Anaerobic Digesters	United Kingdom	57.499408	-4.144152	REPD-published British National Grid project point transformed with OS approximate Helmert method (about 3 m); source position not independently verified	anaerobic digestion / renewable energy planning	REPD technology: Anaerobic Digestion | CHP Enabled: No | jurisdiction: Scotland	Anaerobic digestion (source technology type; vessel design and count not published)	REPD-published development status: Planning Permission Granted; not independently verified	Scottish Water Head Office		biogas/renewable-energy project context; feedstock and gas output not inferred	https://www.gov.uk/government/publications/renewable-energy-planning-database-quarterly-extract	official UK renewable-energy planning project technology and status register	2026-09-28	Open Government Licence v3.0	All July 2026 REPD Anaerobic Digestion records in England, Scotland and Wales are included. Northern Ireland is excluded because its coordinates use a different grid. REPD records are planning projects and may represent revised applications at the same physical site.
uk-repd:16696	Cashmere Works, Birksland Street - Anaerobic Digestion Facility	United Kingdom	53.790681	-1.730275	REPD-published British National Grid project point transformed with OS approximate Helmert method (about 3 m); source position not independently verified	anaerobic digestion / renewable energy planning	REPD technology: Anaerobic Digestion | CHP Enabled: No | jurisdiction: England	Anaerobic digestion (source technology type; vessel design and count not published)	REPD-published development status: Planning Application Submitted; not independently verified	Howarth Scouring Company		biogas/renewable-energy project context; feedstock and gas output not inferred	https://www.gov.uk/government/publications/renewable-energy-planning-database-quarterly-extract	official UK renewable-energy planning project technology and status register	2026-09-28	Open Government Licence v3.0	All July 2026 REPD Anaerobic Digestion records in England, Scotland and Wales are included. Northern Ireland is excluded because its coordinates use a different grid. REPD records are planning projects and may represent revised applications at the same physical site.
uk-repd:16799	The Seaboard Villages, Fearn Airfield - Anaerobic Digestion Plant	United Kingdom	57.756697	-3.915237	REPD-published British National Grid project point transformed with OS approximate Helmert method (about 3 m); source position not independently verified	anaerobic digestion / renewable energy planning	REPD technology: Anaerobic Digestion | CHP Enabled: No | jurisdiction: Scotland	Anaerobic digestion (source technology type; vessel design and count not published)	REPD-published development status: Appeal Granted; not independently verified	Breydons Solicitors	11 MW electrical installed capacity	biogas/renewable-energy project context; feedstock and gas output not inferred	https://www.gov.uk/government/publications/renewable-energy-planning-database-quarterly-extract	official UK renewable-energy planning project technology and status register	2026-09-28	Open Government Licence v3.0	All July 2026 REPD Anaerobic Digestion records in England, Scotland and Wales are included. Northern Ireland is excluded because its coordinates use a different grid. REPD records are planning projects and may represent revised applications at the same physical site.
uk-repd:16865	Old Green Farm, Earthcott Road - Anaerobic Digester	United Kingdom	51.565218	-2.515162	REPD-published British National Grid project point transformed with OS approximate Helmert method (about 3 m); source position not independently verified	anaerobic digestion / renewable energy planning	REPD technology: Anaerobic Digestion | CHP Enabled: No | jurisdiction: England	Anaerobic digestion (source technology type; vessel design and count not published)	REPD-published development status: Planning Application Submitted; not independently verified	Private Developer		biogas/renewable-energy project context; feedstock and gas output not inferred	https://www.gov.uk/government/publications/renewable-energy-planning-database-quarterly-extract	official UK renewable-energy planning project technology and status register	2026-09-28	Open Government Licence v3.0	All July 2026 REPD Anaerobic Digestion records in England, Scotland and Wales are included. Northern Ireland is excluded because its coordinates use a different grid. REPD records are planning projects and may represent revised applications at the same physical site.
uk-repd:16910	Great Hele Barton, Condate Biogas - Anaerobic Digestion Plant Expansion	United Kingdom	51.006039	-3.833001	REPD-published British National Grid project point transformed with OS approximate Helmert method (about 3 m); source position not independently verified	anaerobic digestion / renewable energy planning	REPD technology: Anaerobic Digestion | CHP Enabled: No | jurisdiction: England	Anaerobic digestion (source technology type; vessel design and count not published)	REPD-published development status: Planning permission granted; not independently verified	Condate Biogas Limited		biogas/renewable-energy project context; feedstock and gas output not inferred	https://www.gov.uk/government/publications/renewable-energy-planning-database-quarterly-extract	official UK renewable-energy planning project technology and status register	2026-09-28	Open Government Licence v3.0	All July 2026 REPD Anaerobic Digestion records in England, Scotland and Wales are included. Northern Ireland is excluded because its coordinates use a different grid. REPD records are planning projects and may represent revised applications at the same physical site.
uk-repd:16934	Naylor Farms, Spalding - Anaerobic Digestor Plant & Building	United Kingdom	52.780690	-0.124429	REPD-published British National Grid project point transformed with OS approximate Helmert method (about 3 m); source position not independently verified	anaerobic digestion / renewable energy planning	REPD technology: Anaerobic Digestion | CHP Enabled: No | jurisdiction: England	Anaerobic digestion (source technology type; vessel design and count not published)	REPD-published development status: Planning Application Submitted; not independently verified	Naylor Farms		biogas/renewable-energy project context; feedstock and gas output not inferred	https://www.gov.uk/government/publications/renewable-energy-planning-database-quarterly-extract	official UK renewable-energy planning project technology and status register	2026-09-28	Open Government Licence v3.0	All July 2026 REPD Anaerobic Digestion records in England, Scotland and Wales are included. Northern Ireland is excluded because its coordinates use a different grid. REPD records are planning projects and may represent revised applications at the same physical site.
uk-repd:16943	Market Weighton Road, Barlby - Anaerobic Digestion Facility	United Kingdom	53.818903	-1.020419	REPD-published British National Grid project point transformed with OS approximate Helmert method (about 3 m); source position not independently verified	anaerobic digestion / renewable energy planning	REPD technology: Anaerobic Digestion | CHP Enabled: No | jurisdiction: England	Anaerobic digestion (source technology type; vessel design and count not published)	REPD-published development status: Planning Permission Granted; not independently verified	Future Biogas Limited		biogas/renewable-energy project context; feedstock and gas output not inferred	https://www.gov.uk/government/publications/renewable-energy-planning-database-quarterly-extract	official UK renewable-energy planning project technology and status register	2026-09-28	Open Government Licence v3.0	All July 2026 REPD Anaerobic Digestion records in England, Scotland and Wales are included. Northern Ireland is excluded because its coordinates use a different grid. REPD records are planning projects and may represent revised applications at the same physical site.
uk-repd:17097	Cashmere Works, Birksland Street - Anaerobic Digestion Facility	United Kingdom	53.790681	-1.730275	REPD-published British National Grid project point transformed with OS approximate Helmert method (about 3 m); source position not independently verified	anaerobic digestion / renewable energy planning	REPD technology: Anaerobic Digestion | CHP Enabled: No | jurisdiction: England	Anaerobic digestion (source technology type; vessel design and count not published)	REPD-published development status: Planning Permission Granted; not independently verified	Howarth Scouring Company		biogas/renewable-energy project context; feedstock and gas output not inferred	https://www.gov.uk/government/publications/renewable-energy-planning-database-quarterly-extract	official UK renewable-energy planning project technology and status register	2026-09-28	Open Government Licence v3.0	All July 2026 REPD Anaerobic Digestion records in England, Scotland and Wales are included. Northern Ireland is excluded because its coordinates use a different grid. REPD records are planning projects and may represent revised applications at the same physical site.
uk-repd:17375	Greaves, Popplemire Lane - Anaerobic Digestion Plant	United Kingdom	54.283975	-2.686574	REPD-published British National Grid project point transformed with OS approximate Helmert method (about 3 m); source position not independently verified	anaerobic digestion / renewable energy planning	REPD technology: Anaerobic Digestion | CHP Enabled: No | jurisdiction: England	Anaerobic digestion (source technology type; vessel design and count not published)	REPD-published development status: Planning Permission Granted; not independently verified	T K Robinson & Sons		biogas/renewable-energy project context; feedstock and gas output not inferred	https://www.gov.uk/government/publications/renewable-energy-planning-database-quarterly-extract	official UK renewable-energy planning project technology and status register	2026-09-28	Open Government Licence v3.0	All July 2026 REPD Anaerobic Digestion records in England, Scotland and Wales are included. Northern Ireland is excluded because its coordinates use a different grid. REPD records are planning projects and may represent revised applications at the same physical site.
uk-repd:17758	Girvan Distillery, Bridge Mill Girvan - Anaerobic Digestion Extension	United Kingdom	55.260710	-4.833419	REPD-published British National Grid project point transformed with OS approximate Helmert method (about 3 m); source position not independently verified	anaerobic digestion / renewable energy planning	REPD technology: Anaerobic Digestion | CHP Enabled: No | jurisdiction: Scotland	Anaerobic digestion (source technology type; vessel design and count not published)	REPD-published development status: Planning Permission Granted; not independently verified	Grissan Carrick Limited	10 MW electrical installed capacity	biogas/renewable-energy project context; feedstock and gas output not inferred	https://www.gov.uk/government/publications/renewable-energy-planning-database-quarterly-extract	official UK renewable-energy planning project technology and status register	2026-09-28	Open Government Licence v3.0	All July 2026 REPD Anaerobic Digestion records in England, Scotland and Wales are included. Northern Ireland is excluded because its coordinates use a different grid. REPD records are planning projects and may represent revised applications at the same physical site.
uk-repd:17860	Kilchoman Distillery, Bruichladdich - Anaerobic Digester Facility	United Kingdom	55.795644	-6.396478	REPD-published British National Grid project point transformed with OS approximate Helmert method (about 3 m); source position not independently verified	anaerobic digestion / renewable energy planning	REPD technology: Anaerobic Digestion | CHP Enabled: No | jurisdiction: Scotland	Anaerobic digestion (source technology type; vessel design and count not published)	REPD-published development status: Planning Application Submitted; not independently verified	Kilchoman Distillery		biogas/renewable-energy project context; feedstock and gas output not inferred	https://www.gov.uk/government/publications/renewable-energy-planning-database-quarterly-extract	official UK renewable-energy planning project technology and status register	2026-09-28	Open Government Licence v3.0	All July 2026 REPD Anaerobic Digestion records in England, Scotland and Wales are included. Northern Ireland is excluded because its coordinates use a different grid. REPD records are planning projects and may represent revised applications at the same physical site.
uk-repd:17891	Reydon Ad Plant - Anaerobic Digestion Facility	United Kingdom	52.336538	1.644495	REPD-published British National Grid project point transformed with OS approximate Helmert method (about 3 m); source position not independently verified	anaerobic digestion / renewable energy planning	REPD technology: Anaerobic Digestion | CHP Enabled: Yes | jurisdiction: England	Anaerobic digestion (source technology type; vessel design and count not published)	REPD-published development status: Planning Permission Granted; not independently verified	Adnams & Company Plc		biogas/renewable-energy project context; feedstock and gas output not inferred	https://www.gov.uk/government/publications/renewable-energy-planning-database-quarterly-extract	official UK renewable-energy planning project technology and status register	2026-09-28	Open Government Licence v3.0	All July 2026 REPD Anaerobic Digestion records in England, Scotland and Wales are included. Northern Ireland is excluded because its coordinates use a different grid. REPD records are planning projects and may represent revised applications at the same physical site.
uk-repd:18436	Plusterwine Biogas, Station Road - Anaerobic Digestion Plant Extension	United Kingdom	51.693552	-2.585918	REPD-published British National Grid project point transformed with OS approximate Helmert method (about 3 m); source position not independently verified	anaerobic digestion / renewable energy planning	REPD technology: Anaerobic Digestion | CHP Enabled: No | jurisdiction: England	Anaerobic digestion (source technology type; vessel design and count not published)	REPD-published development status: Planning Permission Granted; not independently verified	Plusterwine Biogas Limited		biogas/renewable-energy project context; feedstock and gas output not inferred	https://www.gov.uk/government/publications/renewable-energy-planning-database-quarterly-extract	official UK renewable-energy planning project technology and status register	2026-09-28	Open Government Licence v3.0	All July 2026 REPD Anaerobic Digestion records in England, Scotland and Wales are included. Northern Ireland is excluded because its coordinates use a different grid. REPD records are planning projects and may represent revised applications at the same physical site.
uk-repd:18527	Manor Farm, Lower Lane - Anaerobic Digestion Facility	United Kingdom	53.123837	-2.851042	REPD-published British National Grid project point transformed with OS approximate Helmert method (about 3 m); source position not independently verified	anaerobic digestion / renewable energy planning	REPD technology: Anaerobic Digestion | CHP Enabled: No | jurisdiction: England	Anaerobic digestion (source technology type; vessel design and count not published)	REPD-published development status: Planning Permission Granted; not independently verified	Grosvenor Farms Limited		biogas/renewable-energy project context; feedstock and gas output not inferred	https://www.gov.uk/government/publications/renewable-energy-planning-database-quarterly-extract	official UK renewable-energy planning project technology and status register	2026-09-28	Open Government Licence v3.0	All July 2026 REPD Anaerobic Digestion records in England, Scotland and Wales are included. Northern Ireland is excluded because its coordinates use a different grid. REPD records are planning projects and may represent revised applications at the same physical site.
uk-repd:18571	Cowdown Farm, Cowdown Lane - Anaerobic Digestion Facility	United Kingdom	51.195316	-1.450694	REPD-published British National Grid project point transformed with OS approximate Helmert method (about 3 m); source position not independently verified	anaerobic digestion / renewable energy planning	REPD technology: Anaerobic Digestion | CHP Enabled: Yes | jurisdiction: England	Anaerobic digestion (source technology type; vessel design and count not published)	REPD-published development status: Planning Permission Granted; not independently verified	Acorn Bioenergy Limited		biogas/renewable-energy project context; feedstock and gas output not inferred	https://www.gov.uk/government/publications/renewable-energy-planning-database-quarterly-extract	official UK renewable-energy planning project technology and status register	2026-09-28	Open Government Licence v3.0	All July 2026 REPD Anaerobic Digestion records in England, Scotland and Wales are included. Northern Ireland is excluded because its coordinates use a different grid. REPD records are planning projects and may represent revised applications at the same physical site.
uk-repd:18716	Sandhutton Biofuel Plant, Thirsk - Anaerobic Digestion Facility	United Kingdom	54.224700	-1.423840	REPD-published British National Grid project point transformed with OS approximate Helmert method (about 3 m); source position not independently verified	anaerobic digestion / renewable energy planning	REPD technology: Anaerobic Digestion | CHP Enabled: No | jurisdiction: England	Anaerobic digestion (source technology type; vessel design and count not published)	REPD-published development status: Planning Application Submitted; not independently verified	Sandhutton Biofuel Plant Limited		biogas/renewable-energy project context; feedstock and gas output not inferred	https://www.gov.uk/government/publications/renewable-energy-planning-database-quarterly-extract	official UK renewable-energy planning project technology and status register	2026-09-28	Open Government Licence v3.0	All July 2026 REPD Anaerobic Digestion records in England, Scotland and Wales are included. Northern Ireland is excluded because its coordinates use a different grid. REPD records are planning projects and may represent revised applications at the same physical site.
uk-repd:19150	Thriplow Village, Thriplow - Anaerobic Digestion Plant	United Kingdom	52.080549	0.099015	REPD-published British National Grid project point transformed with OS approximate Helmert method (about 3 m); source position not independently verified	anaerobic digestion / renewable energy planning	REPD technology: Anaerobic Digestion | CHP Enabled: No | jurisdiction: England	Anaerobic digestion (source technology type; vessel design and count not published)	REPD-published development status: Planning Application Withdrawn; not independently verified	Meridian Biogas Limited		biogas/renewable-energy project context; feedstock and gas output not inferred	https://www.gov.uk/government/publications/renewable-energy-planning-database-quarterly-extract	official UK renewable-energy planning project technology and status register	2026-09-28	Open Government Licence v3.0	All July 2026 REPD Anaerobic Digestion records in England, Scotland and Wales are included. Northern Ireland is excluded because its coordinates use a different grid. REPD records are planning projects and may represent revised applications at the same physical site.
uk-repd:19286	Dobcross Hall, Gaitsgill - Anaerobic Digester	United Kingdom	54.801897	-2.936652	REPD-published British National Grid project point transformed with OS approximate Helmert method (about 3 m); source position not independently verified	anaerobic digestion / renewable energy planning	REPD technology: Anaerobic Digestion | CHP Enabled: No | jurisdiction: England	Anaerobic digestion (source technology type; vessel design and count not published)	REPD-published development status: Planning Application Submitted; not independently verified	P & A M Holliday		biogas/renewable-energy project context; feedstock and gas output not inferred	https://www.gov.uk/government/publications/renewable-energy-planning-database-quarterly-extract	official UK renewable-energy planning project technology and status register	2026-09-28	Open Government Licence v3.0	All July 2026 REPD Anaerobic Digestion records in England, Scotland and Wales are included. Northern Ireland is excluded because its coordinates use a different grid. REPD records are planning projects and may represent revised applications at the same physical site.
uk-repd:19373	Park Grounds Farm, Callow Hill - Anaerobic Digestion Facility	United Kingdom	51.554737	-1.927575	REPD-published British National Grid project point transformed with OS approximate Helmert method (about 3 m); source position not independently verified	anaerobic digestion / renewable energy planning	REPD technology: Anaerobic Digestion | CHP Enabled: No | jurisdiction: England	Anaerobic digestion (source technology type; vessel design and count not published)	REPD-published development status: Planning Application Submitted; not independently verified	Development At Park Grounds Farm		biogas/renewable-energy project context; feedstock and gas output not inferred	https://www.gov.uk/government/publications/renewable-energy-planning-database-quarterly-extract	official UK renewable-energy planning project technology and status register	2026-09-28	Open Government Licence v3.0	All July 2026 REPD Anaerobic Digestion records in England, Scotland and Wales are included. Northern Ireland is excluded because its coordinates use a different grid. REPD records are planning projects and may represent revised applications at the same physical site.
uk-repd:19414	Old Quarry Road, Westfield - Renewable Biogas Facility	United Kingdom	55.926516	-4.056920	REPD-published British National Grid project point transformed with OS approximate Helmert method (about 3 m); source position not independently verified	anaerobic digestion / renewable energy planning	REPD technology: Anaerobic Digestion | CHP Enabled: No | jurisdiction: Scotland	Anaerobic digestion (source technology type; vessel design and count not published)	REPD-published development status: Planning Permission Granted; not independently verified	Deerdyke Bioenergy Limited		biogas/renewable-energy project context; feedstock and gas output not inferred	https://www.gov.uk/government/publications/renewable-energy-planning-database-quarterly-extract	official UK renewable-energy planning project technology and status register	2026-09-28	Open Government Licence v3.0	All July 2026 REPD Anaerobic Digestion records in England, Scotland and Wales are included. Northern Ireland is excluded because its coordinates use a different grid. REPD records are planning projects and may represent revised applications at the same physical site.
uk-repd:19430	Winwick Link Road, Winwick - Anaerobic Digestion Facility	United Kingdom	53.432896	-2.583295	REPD-published British National Grid project point transformed with OS approximate Helmert method (about 3 m); source position not independently verified	anaerobic digestion / renewable energy planning	REPD technology: Anaerobic Digestion | CHP Enabled: No | jurisdiction: England	Anaerobic digestion (source technology type; vessel design and count not published)	REPD-published development status: Planning Application Submitted; not independently verified	Warrington Borough Council	1 MW electrical installed capacity	biogas/renewable-energy project context; feedstock and gas output not inferred	https://www.gov.uk/government/publications/renewable-energy-planning-database-quarterly-extract	official UK renewable-energy planning project technology and status register	2026-09-28	Open Government Licence v3.0	All July 2026 REPD Anaerobic Digestion records in England, Scotland and Wales are included. Northern Ireland is excluded because its coordinates use a different grid. REPD records are planning projects and may represent revised applications at the same physical site.
uk-repd:19497	Ottringham Road, Keyingham - Anaerobic Digestion Facility	United Kingdom	53.707696	-0.104112	REPD-published British National Grid project point transformed with OS approximate Helmert method (about 3 m); source position not independently verified	anaerobic digestion / renewable energy planning	REPD technology: Anaerobic Digestion | CHP Enabled: No | jurisdiction: England	Anaerobic digestion (source technology type; vessel design and count not published)	REPD-published development status: Planning Permission Granted; not independently verified	Saltaugh Grange Renewable Energy Limited	7 MW electrical installed capacity	biogas/renewable-energy project context; feedstock and gas output not inferred	https://www.gov.uk/government/publications/renewable-energy-planning-database-quarterly-extract	official UK renewable-energy planning project technology and status register	2026-09-28	Open Government Licence v3.0	All July 2026 REPD Anaerobic Digestion records in England, Scotland and Wales are included. Northern Ireland is excluded because its coordinates use a different grid. REPD records are planning projects and may represent revised applications at the same physical site.
uk-repd:195	Plot Q Kiln Lane	United Kingdom	53.609016	-0.171087	REPD-published British National Grid project point transformed with OS approximate Helmert method (about 3 m); source position not independently verified	anaerobic digestion / renewable energy planning	REPD technology: Anaerobic Digestion | CHP Enabled: No | jurisdiction: England	Anaerobic digestion (source technology type; vessel design and count not published)	REPD-published development status: Revised; not independently verified	PdP Solutions Limited	5 MW electrical installed capacity	biogas/renewable-energy project context; feedstock and gas output not inferred	https://www.gov.uk/government/publications/renewable-energy-planning-database-quarterly-extract	official UK renewable-energy planning project technology and status register	2026-09-28	Open Government Licence v3.0	All July 2026 REPD Anaerobic Digestion records in England, Scotland and Wales are included. Northern Ireland is excluded because its coordinates use a different grid. REPD records are planning projects and may represent revised applications at the same physical site.
uk-repd:19529	Pennans Farm, Grampound - Anaerobic Digestion Facility	United Kingdom	50.305075	-4.873762	REPD-published British National Grid project point transformed with OS approximate Helmert method (about 3 m); source position not independently verified	anaerobic digestion / renewable energy planning	REPD technology: Anaerobic Digestion | CHP Enabled: No | jurisdiction: England	Anaerobic digestion (source technology type; vessel design and count not published)	REPD-published development status: Planning Application Submitted; not independently verified	Penans Renewable Energy Limited		biogas/renewable-energy project context; feedstock and gas output not inferred	https://www.gov.uk/government/publications/renewable-energy-planning-database-quarterly-extract	official UK renewable-energy planning project technology and status register	2026-09-28	Open Government Licence v3.0	All July 2026 REPD Anaerobic Digestion records in England, Scotland and Wales are included. Northern Ireland is excluded because its coordinates use a different grid. REPD records are planning projects and may represent revised applications at the same physical site.
uk-repd:19721	Del Monte UK, Weasenham Lane - Anaerobic Digestion Plant	United Kingdom	52.654842	0.154868	REPD-published British National Grid project point transformed with OS approximate Helmert method (about 3 m); source position not independently verified	anaerobic digestion / renewable energy planning	REPD technology: Anaerobic Digestion | CHP Enabled: No | jurisdiction: England	Anaerobic digestion (source technology type; vessel design and count not published)	REPD-published development status: Planning Application Submitted; not independently verified	Del Monte Fresh Package Produce (UK) Limited		biogas/renewable-energy project context; feedstock and gas output not inferred	https://www.gov.uk/government/publications/renewable-energy-planning-database-quarterly-extract	official UK renewable-energy planning project technology and status register	2026-09-28	Open Government Licence v3.0	All July 2026 REPD Anaerobic Digestion records in England, Scotland and Wales are included. Northern Ireland is excluded because its coordinates use a different grid. REPD records are planning projects and may represent revised applications at the same physical site.
uk-repd:19725	Wessex Farm, Sherborne Causeway - Anaerobic Digestion Facility	United Kingdom	51.009013	-2.237313	REPD-published British National Grid project point transformed with OS approximate Helmert method (about 3 m); source position not independently verified	anaerobic digestion / renewable energy planning	REPD technology: Anaerobic Digestion | CHP Enabled: No | jurisdiction: England	Anaerobic digestion (source technology type; vessel design and count not published)	REPD-published development status: Planning Application Submitted; not independently verified	1st ESTATE BIOMETHANE LTD		biogas/renewable-energy project context; feedstock and gas output not inferred	https://www.gov.uk/government/publications/renewable-energy-planning-database-quarterly-extract	official UK renewable-energy planning project technology and status register	2026-09-28	Open Government Licence v3.0	All July 2026 REPD Anaerobic Digestion records in England, Scotland and Wales are included. Northern Ireland is excluded because its coordinates use a different grid. REPD records are planning projects and may represent revised applications at the same physical site.
uk-repd:19954	Barrow Clump Farm, Elveden - Anaerobic Digestion Plant	United Kingdom	52.384890	0.666085	REPD-published British National Grid project point transformed with OS approximate Helmert method (about 3 m); source position not independently verified	anaerobic digestion / renewable energy planning	REPD technology: Anaerobic Digestion | CHP Enabled: No | jurisdiction: England	Anaerobic digestion (source technology type; vessel design and count not published)	REPD-published development status: Planning Application Submitted; not independently verified	Farm Biomethane Limited		biogas/renewable-energy project context; feedstock and gas output not inferred	https://www.gov.uk/government/publications/renewable-energy-planning-database-quarterly-extract	official UK renewable-energy planning project technology and status register	2026-09-28	Open Government Licence v3.0	All July 2026 REPD Anaerobic Digestion records in England, Scotland and Wales are included. Northern Ireland is excluded because its coordinates use a different grid. REPD records are planning projects and may represent revised applications at the same physical site.
uk-repd:20364	Naylor Farms, Rangell Gate - Anaerobic Digestor Plant	United Kingdom	52.786065	-0.127757	REPD-published British National Grid project point transformed with OS approximate Helmert method (about 3 m); source position not independently verified	anaerobic digestion / renewable energy planning	REPD technology: Anaerobic Digestion | CHP Enabled: No | jurisdiction: England	Anaerobic digestion (source technology type; vessel design and count not published)	REPD-published development status: Planning Permission Granted; not independently verified	Naylor Farms		biogas/renewable-energy project context; feedstock and gas output not inferred	https://www.gov.uk/government/publications/renewable-energy-planning-database-quarterly-extract	official UK renewable-energy planning project technology and status register	2026-09-28	Open Government Licence v3.0	All July 2026 REPD Anaerobic Digestion records in England, Scotland and Wales are included. Northern Ireland is excluded because its coordinates use a different grid. REPD records are planning projects and may represent revised applications at the same physical site.
uk-repd:20579	Beckside, Sile croft - Anaerobic Digester Plants	United Kingdom	54.249494	-3.305886	REPD-published British National Grid project point transformed with OS approximate Helmert method (about 3 m); source position not independently verified	anaerobic digestion / renewable energy planning	REPD technology: Anaerobic Digestion | CHP Enabled: No | jurisdiction: England	Anaerobic digestion (source technology type; vessel design and count not published)	REPD-published development status: Planning Application Submitted; not independently verified	Beckside Farms Limited		biogas/renewable-energy project context; feedstock and gas output not inferred	https://www.gov.uk/government/publications/renewable-energy-planning-database-quarterly-extract	official UK renewable-energy planning project technology and status register	2026-09-28	Open Government Licence v3.0	All July 2026 REPD Anaerobic Digestion records in England, Scotland and Wales are included. Northern Ireland is excluded because its coordinates use a different grid. REPD records are planning projects and may represent revised applications at the same physical site.
uk-repd:20585	Cross Lane, Glentham 2 - Anaerobic Digestion Facility	United Kingdom	53.401382	-0.485147	REPD-published British National Grid project point transformed with OS approximate Helmert method (about 3 m); source position not independently verified	anaerobic digestion / renewable energy planning	REPD technology: Anaerobic Digestion | CHP Enabled: No | jurisdiction: England	Anaerobic digestion (source technology type; vessel design and count not published)	REPD-published development status: Planning Application Submitted; not independently verified	VIDA bioenergy Limited		biogas/renewable-energy project context; feedstock and gas output not inferred	https://www.gov.uk/government/publications/renewable-energy-planning-database-quarterly-extract	official UK renewable-energy planning project technology and status register	2026-09-28	Open Government Licence v3.0	All July 2026 REPD Anaerobic Digestion records in England, Scotland and Wales are included. Northern Ireland is excluded because its coordinates use a different grid. REPD records are planning projects and may represent revised applications at the same physical site.
uk-repd:20750	Biogen Merevale, Merevale Lane - Anaerobic Digestion Facility	United Kingdom	52.575302	-1.579808	REPD-published British National Grid project point transformed with OS approximate Helmert method (about 3 m); source position not independently verified	anaerobic digestion / renewable energy planning	REPD technology: Anaerobic Digestion | CHP Enabled: Yes | jurisdiction: England	Anaerobic digestion (source technology type; vessel design and count not published)	REPD-published development status: Planning Application Submitted; not independently verified	Biogen UK Limited		biogas/renewable-energy project context; feedstock and gas output not inferred	https://www.gov.uk/government/publications/renewable-energy-planning-database-quarterly-extract	official UK renewable-energy planning project technology and status register	2026-09-28	Open Government Licence v3.0	All July 2026 REPD Anaerobic Digestion records in England, Scotland and Wales are included. Northern Ireland is excluded because its coordinates use a different grid. REPD records are planning projects and may represent revised applications at the same physical site.
uk-repd:209	North Tamar Environ Project - Holsworthy  (Farm AD)	United Kingdom	50.828003	-4.352036	REPD-published British National Grid project point transformed with OS approximate Helmert method (about 3 m); source position not independently verified	anaerobic digestion / renewable energy planning	REPD technology: Anaerobic Digestion | CHP Enabled: No | jurisdiction: England	Anaerobic digestion (source technology type; vessel design and count not published)	REPD-published development status: Operational; not independently verified	Holsworthy Biogas Company ( North Tamar Business Network)	1.4 MW electrical installed capacity	biogas/renewable-energy project context; feedstock and gas output not inferred	https://www.gov.uk/government/publications/renewable-energy-planning-database-quarterly-extract	official UK renewable-energy planning project technology and status register	2026-09-28	Open Government Licence v3.0	All July 2026 REPD Anaerobic Digestion records in England, Scotland and Wales are included. Northern Ireland is excluded because its coordinates use a different grid. REPD records are planning projects and may represent revised applications at the same physical site.
uk-repd:210	Deerdykes Composting and Organics Recycling Facility (Waste AD)	United Kingdom	55.970410	-3.957523	REPD-published British National Grid project point transformed with OS approximate Helmert method (about 3 m); source position not independently verified	anaerobic digestion / renewable energy planning	REPD technology: Anaerobic Digestion | CHP Enabled: Yes | jurisdiction: Scotland	Anaerobic digestion (source technology type; vessel design and count not published)	REPD-published development status: Operational; not independently verified	Scottish Water Solutions	1 MW electrical installed capacity	biogas/renewable-energy project context; feedstock and gas output not inferred	https://www.gov.uk/government/publications/renewable-energy-planning-database-quarterly-extract	official UK renewable-energy planning project technology and status register	2026-09-28	Open Government Licence v3.0	All July 2026 REPD Anaerobic Digestion records in England, Scotland and Wales are included. Northern Ireland is excluded because its coordinates use a different grid. REPD records are planning projects and may represent revised applications at the same physical site.
uk-repd:211	Cumbernauld BioPlant  (Waste AD)	United Kingdom	55.970410	-3.957523	REPD-published British National Grid project point transformed with OS approximate Helmert method (about 3 m); source position not independently verified	anaerobic digestion / renewable energy planning	REPD technology: Anaerobic Digestion | CHP Enabled: No | jurisdiction: Scotland	Anaerobic digestion (source technology type; vessel design and count not published)	REPD-published development status: Operational; not independently verified	Shanks Group	2.4 MW electrical installed capacity	biogas/renewable-energy project context; feedstock and gas output not inferred	https://www.gov.uk/government/publications/renewable-energy-planning-database-quarterly-extract	official UK renewable-energy planning project technology and status register	2026-09-28	Open Government Licence v3.0	All July 2026 REPD Anaerobic Digestion records in England, Scotland and Wales are included. Northern Ireland is excluded because its coordinates use a different grid. REPD records are planning projects and may represent revised applications at the same physical site.
uk-repd:212	Carr Farm (Farm AD)	United Kingdom	53.748547	-2.928767	REPD-published British National Grid project point transformed with OS approximate Helmert method (about 3 m); source position not independently verified	anaerobic digestion / renewable energy planning	REPD technology: Anaerobic Digestion | CHP Enabled: No | jurisdiction: England	Anaerobic digestion (source technology type; vessel design and count not published)	REPD-published development status: Operational; not independently verified	Farmgen	1 MW electrical installed capacity	biogas/renewable-energy project context; feedstock and gas output not inferred	https://www.gov.uk/government/publications/renewable-energy-planning-database-quarterly-extract	official UK renewable-energy planning project technology and status register	2026-09-28	Open Government Licence v3.0	All July 2026 REPD Anaerobic Digestion records in England, Scotland and Wales are included. Northern Ireland is excluded because its coordinates use a different grid. REPD records are planning projects and may represent revised applications at the same physical site.
uk-repd:213	Stoke Bardolph energy crop (Farm AD)	United Kingdom	52.975932	-1.039584	REPD-published British National Grid project point transformed with OS approximate Helmert method (about 3 m); source position not independently verified	anaerobic digestion / renewable energy planning	REPD technology: Anaerobic Digestion | CHP Enabled: No | jurisdiction: England	Anaerobic digestion (source technology type; vessel design and count not published)	REPD-published development status: Operational; not independently verified	Severn Trent Water	2 MW electrical installed capacity	biogas/renewable-energy project context; feedstock and gas output not inferred	https://www.gov.uk/government/publications/renewable-energy-planning-database-quarterly-extract	official UK renewable-energy planning project technology and status register	2026-09-28	Open Government Licence v3.0	All July 2026 REPD Anaerobic Digestion records in England, Scotland and Wales are included. Northern Ireland is excluded because its coordinates use a different grid. REPD records are planning projects and may represent revised applications at the same physical site.
uk-repd:214	BV Dairy  (Farm AD)	United Kingdom	51.011188	-2.182759	REPD-published British National Grid project point transformed with OS approximate Helmert method (about 3 m); source position not independently verified	anaerobic digestion / renewable energy planning	REPD technology: Anaerobic Digestion | CHP Enabled: Yes | jurisdiction: England	Anaerobic digestion (source technology type; vessel design and count not published)	REPD-published development status: Operational; not independently verified	BV Dairy	1.5 MW electrical installed capacity	biogas/renewable-energy project context; feedstock and gas output not inferred	https://www.gov.uk/government/publications/renewable-energy-planning-database-quarterly-extract	official UK renewable-energy planning project technology and status register	2026-09-28	Open Government Licence v3.0	All July 2026 REPD Anaerobic Digestion records in England, Scotland and Wales are included. Northern Ireland is excluded because its coordinates use a different grid. REPD records are planning projects and may represent revised applications at the same physical site.
uk-repd:216	Stonepit Hill (Waste AD)	United Kingdom	52.896374	1.194852	REPD-published British National Grid project point transformed with OS approximate Helmert method (about 3 m); source position not independently verified	anaerobic digestion / renewable energy planning	REPD technology: Anaerobic Digestion | CHP Enabled: No | jurisdiction: England	Anaerobic digestion (source technology type; vessel design and count not published)	REPD-published development status: Planning Application Withdrawn; not independently verified	Future Biogas	2 MW electrical installed capacity	biogas/renewable-energy project context; feedstock and gas output not inferred	https://www.gov.uk/government/publications/renewable-energy-planning-database-quarterly-extract	official UK renewable-energy planning project technology and status register	2026-09-28	Open Government Licence v3.0	All July 2026 REPD Anaerobic Digestion records in England, Scotland and Wales are included. Northern Ireland is excluded because its coordinates use a different grid. REPD records are planning projects and may represent revised applications at the same physical site.
uk-repd:217	South Manchester Resource Recovery Centre (AD)	United Kingdom	53.394356	-2.246099	REPD-published British National Grid project point transformed with OS approximate Helmert method (about 3 m); source position not independently verified	anaerobic digestion / renewable energy planning	REPD technology: Anaerobic Digestion | CHP Enabled: No | jurisdiction: England	Anaerobic digestion (source technology type; vessel design and count not published)	REPD-published development status: Operational; not independently verified	Viridor	2 MW electrical installed capacity	biogas/renewable-energy project context; feedstock and gas output not inferred	https://www.gov.uk/government/publications/renewable-energy-planning-database-quarterly-extract	official UK renewable-energy planning project technology and status register	2026-09-28	Open Government Licence v3.0	All July 2026 REPD Anaerobic Digestion records in England, Scotland and Wales are included. Northern Ireland is excluded because its coordinates use a different grid. REPD records are planning projects and may represent revised applications at the same physical site.
uk-repd:218	Reliance Street Mechanical Biological Treatment Facility (MBT)	United Kingdom	53.504133	-2.180654	REPD-published British National Grid project point transformed with OS approximate Helmert method (about 3 m); source position not independently verified	anaerobic digestion / renewable energy planning	REPD technology: Anaerobic Digestion | CHP Enabled: No | jurisdiction: England	Anaerobic digestion (source technology type; vessel design and count not published)	REPD-published development status: Operational; not independently verified	Viridor	2 MW electrical installed capacity	biogas/renewable-energy project context; feedstock and gas output not inferred	https://www.gov.uk/government/publications/renewable-energy-planning-database-quarterly-extract	official UK renewable-energy planning project technology and status register	2026-09-28	Open Government Licence v3.0	All July 2026 REPD Anaerobic Digestion records in England, Scotland and Wales are included. Northern Ireland is excluded because its coordinates use a different grid. REPD records are planning projects and may represent revised applications at the same physical site.
uk-repd:219	Westwell Leacon Renewable Energy Facility (Waste AD)	United Kingdom	51.193058	0.789250	REPD-published British National Grid project point transformed with OS approximate Helmert method (about 3 m); source position not independently verified	anaerobic digestion / renewable energy planning	REPD technology: Anaerobic Digestion | CHP Enabled: No | jurisdiction: England	Anaerobic digestion (source technology type; vessel design and count not published)	REPD-published development status: Appeal Refused; not independently verified	Future Biogas	2 MW electrical installed capacity	biogas/renewable-energy project context; feedstock and gas output not inferred	https://www.gov.uk/government/publications/renewable-energy-planning-database-quarterly-extract	official UK renewable-energy planning project technology and status register	2026-09-28	Open Government Licence v3.0	All July 2026 REPD Anaerobic Digestion records in England, Scotland and Wales are included. Northern Ireland is excluded because its coordinates use a different grid. REPD records are planning projects and may represent revised applications at the same physical site.
uk-repd:220	Fenmarc Fenland AD Plant (Waste AD)	United Kingdom	52.568046	0.062073	REPD-published British National Grid project point transformed with OS approximate Helmert method (about 3 m); source position not independently verified	anaerobic digestion / renewable energy planning	REPD technology: Anaerobic Digestion | CHP Enabled: No | jurisdiction: England	Anaerobic digestion (source technology type; vessel design and count not published)	REPD-published development status: Operational; not independently verified	Local Generation	1.5 MW electrical installed capacity	biogas/renewable-energy project context; feedstock and gas output not inferred	https://www.gov.uk/government/publications/renewable-energy-planning-database-quarterly-extract	official UK renewable-energy planning project technology and status register	2026-09-28	Open Government Licence v3.0	All July 2026 REPD Anaerobic Digestion records in England, Scotland and Wales are included. Northern Ireland is excluded because its coordinates use a different grid. REPD records are planning projects and may represent revised applications at the same physical site.
uk-repd:221	Bowmans Business Park (Waste AD)	United Kingdom	53.180735	0.315853	REPD-published British National Grid project point transformed with OS approximate Helmert method (about 3 m); source position not independently verified	anaerobic digestion / renewable energy planning	REPD technology: Anaerobic Digestion | CHP Enabled: No | jurisdiction: England	Anaerobic digestion (source technology type; vessel design and count not published)	REPD-published development status: Planning Permission Refused; not independently verified	Bowmans Waste	4.5 MW electrical installed capacity	biogas/renewable-energy project context; feedstock and gas output not inferred	https://www.gov.uk/government/publications/renewable-energy-planning-database-quarterly-extract	official UK renewable-energy planning project technology and status register	2026-09-28	Open Government Licence v3.0	All July 2026 REPD Anaerobic Digestion records in England, Scotland and Wales are included. Northern Ireland is excluded because its coordinates use a different grid. REPD records are planning projects and may represent revised applications at the same physical site.
uk-repd:222	Marsh Farm  (Farm AD)	United Kingdom	53.033601	0.156854	REPD-published British National Grid project point transformed with OS approximate Helmert method (about 3 m); source position not independently verified	anaerobic digestion / renewable energy planning	REPD technology: Anaerobic Digestion | CHP Enabled: No | jurisdiction: England	Anaerobic digestion (source technology type; vessel design and count not published)	REPD-published development status: Operational; not independently verified	Staples Brothers	1.4 MW electrical installed capacity	biogas/renewable-energy project context; feedstock and gas output not inferred	https://www.gov.uk/government/publications/renewable-energy-planning-database-quarterly-extract	official UK renewable-energy planning project technology and status register	2026-09-28	Open Government Licence v3.0	All July 2026 REPD Anaerobic Digestion records in England, Scotland and Wales are included. Northern Ireland is excluded because its coordinates use a different grid. REPD records are planning projects and may represent revised applications at the same physical site.
uk-repd:223	Thornton Waste Recovery Park (Waste AD)	United Kingdom	53.894779	-3.015064	REPD-published British National Grid project point transformed with OS approximate Helmert method (about 3 m); source position not independently verified	anaerobic digestion / renewable energy planning	REPD technology: Anaerobic Digestion | CHP Enabled: No | jurisdiction: England	Anaerobic digestion (source technology type; vessel design and count not published)	REPD-published development status: Operational; not independently verified	Global Renewables Lancashire	1.9 MW electrical installed capacity	biogas/renewable-energy project context; feedstock and gas output not inferred	https://www.gov.uk/government/publications/renewable-energy-planning-database-quarterly-extract	official UK renewable-energy planning project technology and status register	2026-09-28	Open Government Licence v3.0	All July 2026 REPD Anaerobic Digestion records in England, Scotland and Wales are included. Northern Ireland is excluded because its coordinates use a different grid. REPD records are planning projects and may represent revised applications at the same physical site.
uk-repd:224	Farington Waste Recovery Park (Waste AD)	United Kingdom	53.703004	-2.737307	REPD-published British National Grid project point transformed with OS approximate Helmert method (about 3 m); source position not independently verified	anaerobic digestion / renewable energy planning	REPD technology: Anaerobic Digestion | CHP Enabled: No | jurisdiction: England	Anaerobic digestion (source technology type; vessel design and count not published)	REPD-published development status: Operational; not independently verified	Global Renewables Lancashire	1.9 MW electrical installed capacity	biogas/renewable-energy project context; feedstock and gas output not inferred	https://www.gov.uk/government/publications/renewable-energy-planning-database-quarterly-extract	official UK renewable-energy planning project technology and status register	2026-09-28	Open Government Licence v3.0	All July 2026 REPD Anaerobic Digestion records in England, Scotland and Wales are included. Northern Ireland is excluded because its coordinates use a different grid. REPD records are planning projects and may represent revised applications at the same physical site.
uk-repd:225	North West Biogas Anaerobic Digestion Plant (Waste AD)	United Kingdom	53.883143	-3.000741	REPD-published British National Grid project point transformed with OS approximate Helmert method (about 3 m); source position not independently verified	anaerobic digestion / renewable energy planning	REPD technology: Anaerobic Digestion | CHP Enabled: No | jurisdiction: England	Anaerobic digestion (source technology type; vessel design and count not published)	REPD-published development status: Abandoned; not independently verified	Northwest Biogas	2 MW electrical installed capacity	biogas/renewable-energy project context; feedstock and gas output not inferred	https://www.gov.uk/government/publications/renewable-energy-planning-database-quarterly-extract	official UK renewable-energy planning project technology and status register	2026-09-28	Open Government Licence v3.0	All July 2026 REPD Anaerobic Digestion records in England, Scotland and Wales are included. Northern Ireland is excluded because its coordinates use a different grid. REPD records are planning projects and may represent revised applications at the same physical site.
uk-repd:226	Fernbrook AD Plant (Waste AD)	United Kingdom	52.411929	-0.766247	REPD-published British National Grid project point transformed with OS approximate Helmert method (about 3 m); source position not independently verified	anaerobic digestion / renewable energy planning	REPD technology: Anaerobic Digestion | CHP Enabled: Yes | jurisdiction: England	Anaerobic digestion (source technology type; vessel design and count not published)	REPD-published development status: Operational; not independently verified	Fernbrook Bio Limited	1.5 MW electrical installed capacity	biogas/renewable-energy project context; feedstock and gas output not inferred	https://www.gov.uk/government/publications/renewable-energy-planning-database-quarterly-extract	official UK renewable-energy planning project technology and status register	2026-09-28	Open Government Licence v3.0	All July 2026 REPD Anaerobic Digestion records in England, Scotland and Wales are included. Northern Ireland is excluded because its coordinates use a different grid. REPD records are planning projects and may represent revised applications at the same physical site.
uk-repd:227	Sefter Farm AD Plant (Farm AD)	United Kingdom	50.788971	-0.737300	REPD-published British National Grid project point transformed with OS approximate Helmert method (about 3 m); source position not independently verified	anaerobic digestion / renewable energy planning	REPD technology: Anaerobic Digestion | CHP Enabled: Yes | jurisdiction: England	Anaerobic digestion (source technology type; vessel design and count not published)	REPD-published development status: Operational; not independently verified	Barfoots of Botley	1 MW electrical installed capacity	biogas/renewable-energy project context; feedstock and gas output not inferred	https://www.gov.uk/government/publications/renewable-energy-planning-database-quarterly-extract	official UK renewable-energy planning project technology and status register	2026-09-28	Open Government Licence v3.0	All July 2026 REPD Anaerobic Digestion records in England, Scotland and Wales are included. Northern Ireland is excluded because its coordinates use a different grid. REPD records are planning projects and may represent revised applications at the same physical site.
uk-repd:228	Brookfield Farm AD Plant (Farm AD)	United Kingdom	52.775220	-2.231175	REPD-published British National Grid project point transformed with OS approximate Helmert method (about 3 m); source position not independently verified	anaerobic digestion / renewable energy planning	REPD technology: Anaerobic Digestion | CHP Enabled: No | jurisdiction: England	Anaerobic digestion (source technology type; vessel design and count not published)	REPD-published development status: Operational; not independently verified	Private Developer	1.3 MW electrical installed capacity	biogas/renewable-energy project context; feedstock and gas output not inferred	https://www.gov.uk/government/publications/renewable-energy-planning-database-quarterly-extract	official UK renewable-energy planning project technology and status register	2026-09-28	Open Government Licence v3.0	All July 2026 REPD Anaerobic Digestion records in England, Scotland and Wales are included. Northern Ireland is excluded because its coordinates use a different grid. REPD records are planning projects and may represent revised applications at the same physical site.
uk-repd:229	Cassington AD (Waste AD)	United Kingdom	51.799563	-1.330288	REPD-published British National Grid project point transformed with OS approximate Helmert method (about 3 m); source position not independently verified	anaerobic digestion / renewable energy planning	REPD technology: Anaerobic Digestion | CHP Enabled: Yes | jurisdiction: England	Anaerobic digestion (source technology type; vessel design and count not published)	REPD-published development status: Operational; not independently verified	Severn Trent (formerly Agrivert)	2.1 MW electrical installed capacity	biogas/renewable-energy project context; feedstock and gas output not inferred	https://www.gov.uk/government/publications/renewable-energy-planning-database-quarterly-extract	official UK renewable-energy planning project technology and status register	2026-09-28	Open Government Licence v3.0	All July 2026 REPD Anaerobic Digestion records in England, Scotland and Wales are included. Northern Ireland is excluded because its coordinates use a different grid. REPD records are planning projects and may represent revised applications at the same physical site.
uk-repd:231	Energen biogas Cumbernauld	United Kingdom	55.969682	-3.958047	REPD-published British National Grid project point transformed with OS approximate Helmert method (about 3 m); source position not independently verified	anaerobic digestion / renewable energy planning	REPD technology: Anaerobic Digestion | CHP Enabled: No | jurisdiction: Scotland	Anaerobic digestion (source technology type; vessel design and count not published)	REPD-published development status: Operational; not independently verified	Bio Capital Limited	2.4 MW electrical installed capacity	biogas/renewable-energy project context; feedstock and gas output not inferred	https://www.gov.uk/government/publications/renewable-energy-planning-database-quarterly-extract	official UK renewable-energy planning project technology and status register	2026-09-28	Open Government Licence v3.0	All July 2026 REPD Anaerobic Digestion records in England, Scotland and Wales are included. Northern Ireland is excluded because its coordinates use a different grid. REPD records are planning projects and may represent revised applications at the same physical site.
uk-repd:232	Bristol STW (Waste AD)	United Kingdom	51.512779	-2.670029	REPD-published British National Grid project point transformed with OS approximate Helmert method (about 3 m); source position not independently verified	anaerobic digestion / renewable energy planning	REPD technology: Anaerobic Digestion | CHP Enabled: No | jurisdiction: England	Anaerobic digestion (source technology type; vessel design and count not published)	REPD-published development status: Operational; not independently verified	GENeco	10 MW electrical installed capacity	biogas/renewable-energy project context; feedstock and gas output not inferred	https://www.gov.uk/government/publications/renewable-energy-planning-database-quarterly-extract	official UK renewable-energy planning project technology and status register	2026-09-28	Open Government Licence v3.0	All July 2026 REPD Anaerobic Digestion records in England, Scotland and Wales are included. Northern Ireland is excluded because its coordinates use a different grid. REPD records are planning projects and may represent revised applications at the same physical site.
uk-repd:233	A C Shropshire (Farm AD)	United Kingdom	52.586017	-1.237499	REPD-published British National Grid project point transformed with OS approximate Helmert method (about 3 m); source position not independently verified	anaerobic digestion / renewable energy planning	REPD technology: Anaerobic Digestion | CHP Enabled: Yes | jurisdiction: England	Anaerobic digestion (source technology type; vessel design and count not published)	REPD-published development status: Operational; not independently verified	PROjEN	2.5 MW electrical installed capacity	biogas/renewable-energy project context; feedstock and gas output not inferred	https://www.gov.uk/government/publications/renewable-energy-planning-database-quarterly-extract	official UK renewable-energy planning project technology and status register	2026-09-28	Open Government Licence v3.0	All July 2026 REPD Anaerobic Digestion records in England, Scotland and Wales are included. Northern Ireland is excluded because its coordinates use a different grid. REPD records are planning projects and may represent revised applications at the same physical site.
uk-repd:234	Mapledurham farm AD (Farm waste)	United Kingdom	51.486748	-1.023256	REPD-published British National Grid project point transformed with OS approximate Helmert method (about 3 m); source position not independently verified	anaerobic digestion / renewable energy planning	REPD technology: Anaerobic Digestion | CHP Enabled: No | jurisdiction: England	Anaerobic digestion (source technology type; vessel design and count not published)	REPD-published development status: Planning Application Withdrawn; not independently verified	M S Power Projects Limited	1.5 MW electrical installed capacity	biogas/renewable-energy project context; feedstock and gas output not inferred	https://www.gov.uk/government/publications/renewable-energy-planning-database-quarterly-extract	official UK renewable-energy planning project technology and status register	2026-09-28	Open Government Licence v3.0	All July 2026 REPD Anaerobic Digestion records in England, Scotland and Wales are included. Northern Ireland is excluded because its coordinates use a different grid. REPD records are planning projects and may represent revised applications at the same physical site.
uk-repd:235	Lowbrook Farm Anaerobic Digester (Farm AD)	United Kingdom	50.883248	-2.302219	REPD-published British National Grid project point transformed with OS approximate Helmert method (about 3 m); source position not independently verified	anaerobic digestion / renewable energy planning	REPD technology: Anaerobic Digestion | CHP Enabled: No | jurisdiction: England	Anaerobic digestion (source technology type; vessel design and count not published)	REPD-published development status: Operational; not independently verified	Biogas Nord	1.3 MW electrical installed capacity	biogas/renewable-energy project context; feedstock and gas output not inferred	https://www.gov.uk/government/publications/renewable-energy-planning-database-quarterly-extract	official UK renewable-energy planning project technology and status register	2026-09-28	Open Government Licence v3.0	All July 2026 REPD Anaerobic Digestion records in England, Scotland and Wales are included. Northern Ireland is excluded because its coordinates use a different grid. REPD records are planning projects and may represent revised applications at the same physical site.
uk-repd:236	Harp Road (Farm AD)	United Kingdom	51.239854	-2.935695	REPD-published British National Grid project point transformed with OS approximate Helmert method (about 3 m); source position not independently verified	anaerobic digestion / renewable energy planning	REPD technology: Anaerobic Digestion | CHP Enabled: Yes | jurisdiction: England	Anaerobic digestion (source technology type; vessel design and count not published)	REPD-published development status: Planning Permission Refused; not independently verified	Private Developer	1.6 MW electrical installed capacity	biogas/renewable-energy project context; feedstock and gas output not inferred	https://www.gov.uk/government/publications/renewable-energy-planning-database-quarterly-extract	official UK renewable-energy planning project technology and status register	2026-09-28	Open Government Licence v3.0	All July 2026 REPD Anaerobic Digestion records in England, Scotland and Wales are included. Northern Ireland is excluded because its coordinates use a different grid. REPD records are planning projects and may represent revised applications at the same physical site.
uk-repd:237	Symonds Farm Power Ltd (Farm AD)	United Kingdom	52.257188	0.637138	REPD-published British National Grid project point transformed with OS approximate Helmert method (about 3 m); source position not independently verified	anaerobic digestion / renewable energy planning	REPD technology: Anaerobic Digestion | CHP Enabled: Yes | jurisdiction: England	Anaerobic digestion (source technology type; vessel design and count not published)	REPD-published development status: Operational; not independently verified	Geo E Gittus and Son	1.4 MW electrical installed capacity	biogas/renewable-energy project context; feedstock and gas output not inferred	https://www.gov.uk/government/publications/renewable-energy-planning-database-quarterly-extract	official UK renewable-energy planning project technology and status register	2026-09-28	Open Government Licence v3.0	All July 2026 REPD Anaerobic Digestion records in England, Scotland and Wales are included. Northern Ireland is excluded because its coordinates use a different grid. REPD records are planning projects and may represent revised applications at the same physical site.
uk-repd:238	Buttermilk Farm	United Kingdom	51.946851	-0.048728	REPD-published British National Grid project point transformed with OS approximate Helmert method (about 3 m); source position not independently verified	anaerobic digestion / renewable energy planning	REPD technology: Anaerobic Digestion | CHP Enabled: Yes | jurisdiction: England	Anaerobic digestion (source technology type; vessel design and count not published)	REPD-published development status: Operational; not independently verified	Hallwick Energy	1.1 MW electrical installed capacity	biogas/renewable-energy project context; feedstock and gas output not inferred	https://www.gov.uk/government/publications/renewable-energy-planning-database-quarterly-extract	official UK renewable-energy planning project technology and status register	2026-09-28	Open Government Licence v3.0	All July 2026 REPD Anaerobic Digestion records in England, Scotland and Wales are included. Northern Ireland is excluded because its coordinates use a different grid. REPD records are planning projects and may represent revised applications at the same physical site.
uk-repd:239	Spring Farm (biomass)	United Kingdom	52.701342	1.195013	REPD-published British National Grid project point transformed with OS approximate Helmert method (about 3 m); source position not independently verified	anaerobic digestion / renewable energy planning	REPD technology: Anaerobic Digestion | CHP Enabled: Yes | jurisdiction: England	Anaerobic digestion (source technology type; vessel design and count not published)	REPD-published development status: Operational; not independently verified	Private Developer	1 MW electrical installed capacity	biogas/renewable-energy project context; feedstock and gas output not inferred	https://www.gov.uk/government/publications/renewable-energy-planning-database-quarterly-extract	official UK renewable-energy planning project technology and status register	2026-09-28	Open Government Licence v3.0	All July 2026 REPD Anaerobic Digestion records in England, Scotland and Wales are included. Northern Ireland is excluded because its coordinates use a different grid. REPD records are planning projects and may represent revised applications at the same physical site.
uk-repd:240	Trinity Hall Farm	United Kingdom	51.918829	-0.565565	REPD-published British National Grid project point transformed with OS approximate Helmert method (about 3 m); source position not independently verified	anaerobic digestion / renewable energy planning	REPD technology: Anaerobic Digestion | CHP Enabled: Yes | jurisdiction: England	Anaerobic digestion (source technology type; vessel design and count not published)	REPD-published development status: Operational; not independently verified	Hallwick Energy	1.1 MW electrical installed capacity	biogas/renewable-energy project context; feedstock and gas output not inferred	https://www.gov.uk/government/publications/renewable-energy-planning-database-quarterly-extract	official UK renewable-energy planning project technology and status register	2026-09-28	Open Government Licence v3.0	All July 2026 REPD Anaerobic Digestion records in England, Scotland and Wales are included. Northern Ireland is excluded because its coordinates use a different grid. REPD records are planning projects and may represent revised applications at the same physical site.
uk-repd:241	St Nicholas Court Farm (AD)	United Kingdom	51.358414	1.241160	REPD-published British National Grid project point transformed with OS approximate Helmert method (about 3 m); source position not independently verified	anaerobic digestion / renewable energy planning	REPD technology: Anaerobic Digestion | CHP Enabled: Yes | jurisdiction: England	Anaerobic digestion (source technology type; vessel design and count not published)	REPD-published development status: Revised; not independently verified	St Nicholas Court Farms Ltd	1.2 MW electrical installed capacity	biogas/renewable-energy project context; feedstock and gas output not inferred	https://www.gov.uk/government/publications/renewable-energy-planning-database-quarterly-extract	official UK renewable-energy planning project technology and status register	2026-09-28	Open Government Licence v3.0	All July 2026 REPD Anaerobic Digestion records in England, Scotland and Wales are included. Northern Ireland is excluded because its coordinates use a different grid. REPD records are planning projects and may represent revised applications at the same physical site.
uk-repd:242	Prosper Demulder Limited Anaerobic Digestion Plant (Waste AD)	United Kingdom	53.536917	-1.137434	REPD-published British National Grid project point transformed with OS approximate Helmert method (about 3 m); source position not independently verified	anaerobic digestion / renewable energy planning	REPD technology: Anaerobic Digestion | CHP Enabled: Yes | jurisdiction: England	Anaerobic digestion (source technology type; vessel design and count not published)	REPD-published development status: Operational; not independently verified	Prosper Demulder / ReFood	2 MW electrical installed capacity	biogas/renewable-energy project context; feedstock and gas output not inferred	https://www.gov.uk/government/publications/renewable-energy-planning-database-quarterly-extract	official UK renewable-energy planning project technology and status register	2026-09-28	Open Government Licence v3.0	All July 2026 REPD Anaerobic Digestion records in England, Scotland and Wales are included. Northern Ireland is excluded because its coordinates use a different grid. REPD records are planning projects and may represent revised applications at the same physical site.
uk-repd:244	Marsh Farm (Farm AD)	United Kingdom	51.552395	0.476383	REPD-published British National Grid project point transformed with OS approximate Helmert method (about 3 m); source position not independently verified	anaerobic digestion / renewable energy planning	REPD technology: Anaerobic Digestion | CHP Enabled: No | jurisdiction: England	Anaerobic digestion (source technology type; vessel design and count not published)	REPD-published development status: Planning Application Withdrawn; not independently verified	Private Developer	1.4 MW electrical installed capacity	biogas/renewable-energy project context; feedstock and gas output not inferred	https://www.gov.uk/government/publications/renewable-energy-planning-database-quarterly-extract	official UK renewable-energy planning project technology and status register	2026-09-28	Open Government Licence v3.0	All July 2026 REPD Anaerobic Digestion records in England, Scotland and Wales are included. Northern Ireland is excluded because its coordinates use a different grid. REPD records are planning projects and may represent revised applications at the same physical site.
uk-repd:245	Sandhill Anaerobic Digestion Plant (Waste AD)	United Kingdom	53.991977	-0.498510	REPD-published British National Grid project point transformed with OS approximate Helmert method (about 3 m); source position not independently verified	anaerobic digestion / renewable energy planning	REPD technology: Anaerobic Digestion | CHP Enabled: No | jurisdiction: England	Anaerobic digestion (source technology type; vessel design and count not published)	REPD-published development status: Operational; not independently verified	GWE Biogas	2 MW electrical installed capacity	biogas/renewable-energy project context; feedstock and gas output not inferred	https://www.gov.uk/government/publications/renewable-energy-planning-database-quarterly-extract	official UK renewable-energy planning project technology and status register	2026-09-28	Open Government Licence v3.0	All July 2026 REPD Anaerobic Digestion records in England, Scotland and Wales are included. Northern Ireland is excluded because its coordinates use a different grid. REPD records are planning projects and may represent revised applications at the same physical site.
uk-repd:246	Pebble Hall Farm - Food Waste AD	United Kingdom	52.455027	-1.028336	REPD-published British National Grid project point transformed with OS approximate Helmert method (about 3 m); source position not independently verified	anaerobic digestion / renewable energy planning	REPD technology: Anaerobic Digestion | CHP Enabled: No | jurisdiction: England	Anaerobic digestion (source technology type; vessel design and count not published)	REPD-published development status: Revised; not independently verified	Welland Waste Management	4 MW electrical installed capacity	biogas/renewable-energy project context; feedstock and gas output not inferred	https://www.gov.uk/government/publications/renewable-energy-planning-database-quarterly-extract	official UK renewable-energy planning project technology and status register	2026-09-28	Open Government Licence v3.0	All July 2026 REPD Anaerobic Digestion records in England, Scotland and Wales are included. Northern Ireland is excluded because its coordinates use a different grid. REPD records are planning projects and may represent revised applications at the same physical site.
uk-repd:247	Abbots moor Farm Anaerobic Digester (Farm AD)	United Kingdom	52.838961	-2.930007	REPD-published British National Grid project point transformed with OS approximate Helmert method (about 3 m); source position not independently verified	anaerobic digestion / renewable energy planning	REPD technology: Anaerobic Digestion | CHP Enabled: No | jurisdiction: England	Anaerobic digestion (source technology type; vessel design and count not published)	REPD-published development status: Operational; not independently verified	Private Developer	1 MW electrical installed capacity	biogas/renewable-energy project context; feedstock and gas output not inferred	https://www.gov.uk/government/publications/renewable-energy-planning-database-quarterly-extract	official UK renewable-energy planning project technology and status register	2026-09-28	Open Government Licence v3.0	All July 2026 REPD Anaerobic Digestion records in England, Scotland and Wales are included. Northern Ireland is excluded because its coordinates use a different grid. REPD records are planning projects and may represent revised applications at the same physical site.
uk-repd:248	Land at Oulton Street  (Farm AD)	United Kingdom	52.797457	1.183853	REPD-published British National Grid project point transformed with OS approximate Helmert method (about 3 m); source position not independently verified	anaerobic digestion / renewable energy planning	REPD technology: Anaerobic Digestion | CHP Enabled: No | jurisdiction: England	Anaerobic digestion (source technology type; vessel design and count not published)	REPD-published development status: Planning Permission Refused; not independently verified	Black Bridge Energy	1.5 MW electrical installed capacity	biogas/renewable-energy project context; feedstock and gas output not inferred	https://www.gov.uk/government/publications/renewable-energy-planning-database-quarterly-extract	official UK renewable-energy planning project technology and status register	2026-09-28	Open Government Licence v3.0	All July 2026 REPD Anaerobic Digestion records in England, Scotland and Wales are included. Northern Ireland is excluded because its coordinates use a different grid. REPD records are planning projects and may represent revised applications at the same physical site.
uk-repd:249	Poplars Anaerobic Digestion Facility (Waste AD)	United Kingdom	52.684084	-2.009987	REPD-published British National Grid project point transformed with OS approximate Helmert method (about 3 m); source position not independently verified	anaerobic digestion / renewable energy planning	REPD technology: Anaerobic Digestion | CHP Enabled: No | jurisdiction: England	Anaerobic digestion (source technology type; vessel design and count not published)	REPD-published development status: Operational; not independently verified	Biffa	6 MW electrical installed capacity	biogas/renewable-energy project context; feedstock and gas output not inferred	https://www.gov.uk/government/publications/renewable-energy-planning-database-quarterly-extract	official UK renewable-energy planning project technology and status register	2026-09-28	Open Government Licence v3.0	All July 2026 REPD Anaerobic Digestion records in England, Scotland and Wales are included. Northern Ireland is excluded because its coordinates use a different grid. REPD records are planning projects and may represent revised applications at the same physical site.
uk-repd:250	Wheldon Road	United Kingdom	53.730706	-1.334467	REPD-published British National Grid project point transformed with OS approximate Helmert method (about 3 m); source position not independently verified	anaerobic digestion / renewable energy planning	REPD technology: Anaerobic Digestion | CHP Enabled: Yes | jurisdiction: England	Anaerobic digestion (source technology type; vessel design and count not published)	REPD-published development status: Revised; not independently verified	Clean Power Properties & Network Rail Infrastructure	2 MW electrical installed capacity	biogas/renewable-energy project context; feedstock and gas output not inferred	https://www.gov.uk/government/publications/renewable-energy-planning-database-quarterly-extract	official UK renewable-energy planning project technology and status register	2026-09-28	Open Government Licence v3.0	All July 2026 REPD Anaerobic Digestion records in England, Scotland and Wales are included. Northern Ireland is excluded because its coordinates use a different grid. REPD records are planning projects and may represent revised applications at the same physical site.
uk-repd:251	Reepham Road (Waste AD)	United Kingdom	52.700817	1.202806	REPD-published British National Grid project point transformed with OS approximate Helmert method (about 3 m); source position not independently verified	anaerobic digestion / renewable energy planning	REPD technology: Anaerobic Digestion | CHP Enabled: No | jurisdiction: England	Anaerobic digestion (source technology type; vessel design and count not published)	REPD-published development status: Operational; not independently verified	Material Change	1.5 MW electrical installed capacity	biogas/renewable-energy project context; feedstock and gas output not inferred	https://www.gov.uk/government/publications/renewable-energy-planning-database-quarterly-extract	official UK renewable-energy planning project technology and status register	2026-09-28	Open Government Licence v3.0	All July 2026 REPD Anaerobic Digestion records in England, Scotland and Wales are included. Northern Ireland is excluded because its coordinates use a different grid. REPD records are planning projects and may represent revised applications at the same physical site.
uk-repd:252	PwllfaWatkin AD Plant (Waste AD)	United Kingdom	51.756104	-3.888898	REPD-published British National Grid project point transformed with OS approximate Helmert method (about 3 m); source position not independently verified	anaerobic digestion / renewable energy planning	REPD technology: Anaerobic Digestion | CHP Enabled: No | jurisdiction: Wales	Anaerobic digestion (source technology type; vessel design and count not published)	REPD-published development status: Planning Application Withdrawn; not independently verified	Waste Recycling Group	2.3 MW electrical installed capacity	biogas/renewable-energy project context; feedstock and gas output not inferred	https://www.gov.uk/government/publications/renewable-energy-planning-database-quarterly-extract	official UK renewable-energy planning project technology and status register	2026-09-28	Open Government Licence v3.0	All July 2026 REPD Anaerobic Digestion records in England, Scotland and Wales are included. Northern Ireland is excluded because its coordinates use a different grid. REPD records are planning projects and may represent revised applications at the same physical site.
uk-repd:253	Bonby Lane	United Kingdom	53.634713	-0.465745	REPD-published British National Grid project point transformed with OS approximate Helmert method (about 3 m); source position not independently verified	anaerobic digestion / renewable energy planning	REPD technology: Anaerobic Digestion | CHP Enabled: Yes | jurisdiction: England	Anaerobic digestion (source technology type; vessel design and count not published)	REPD-published development status: Revised; not independently verified	Biogen (formerly Tamar Energy)	3 MW electrical installed capacity	biogas/renewable-energy project context; feedstock and gas output not inferred	https://www.gov.uk/government/publications/renewable-energy-planning-database-quarterly-extract	official UK renewable-energy planning project technology and status register	2026-09-28	Open Government Licence v3.0	All July 2026 REPD Anaerobic Digestion records in England, Scotland and Wales are included. Northern Ireland is excluded because its coordinates use a different grid. REPD records are planning projects and may represent revised applications at the same physical site.
uk-repd:255	Cardiff Waste Water Treatment Works (Waste AD)	United Kingdom	51.477165	-3.136535	REPD-published British National Grid project point transformed with OS approximate Helmert method (about 3 m); source position not independently verified	anaerobic digestion / renewable energy planning	REPD technology: Anaerobic Digestion | CHP Enabled: No | jurisdiction: Wales	Anaerobic digestion (source technology type; vessel design and count not published)	REPD-published development status: Revised; not independently verified	Kelda Organic Energy	1.5 MW electrical installed capacity	biogas/renewable-energy project context; feedstock and gas output not inferred	https://www.gov.uk/government/publications/renewable-energy-planning-database-quarterly-extract	official UK renewable-energy planning project technology and status register	2026-09-28	Open Government Licence v3.0	All July 2026 REPD Anaerobic Digestion records in England, Scotland and Wales are included. Northern Ireland is excluded because its coordinates use a different grid. REPD records are planning projects and may represent revised applications at the same physical site.
uk-repd:256	Coleshill STW (Waste AD)	United Kingdom	52.518988	-1.711639	REPD-published British National Grid project point transformed with OS approximate Helmert method (about 3 m); source position not independently verified	anaerobic digestion / renewable energy planning	REPD technology: Anaerobic Digestion | CHP Enabled: Yes | jurisdiction: England	Anaerobic digestion (source technology type; vessel design and count not published)	REPD-published development status: Operational; not independently verified	Severn Trent Water	2.4 MW electrical installed capacity	biogas/renewable-energy project context; feedstock and gas output not inferred	https://www.gov.uk/government/publications/renewable-energy-planning-database-quarterly-extract	official UK renewable-energy planning project technology and status register	2026-09-28	Open Government Licence v3.0	All July 2026 REPD Anaerobic Digestion records in England, Scotland and Wales are included. Northern Ireland is excluded because its coordinates use a different grid. REPD records are planning projects and may represent revised applications at the same physical site.
uk-repd:257	Colwick Industrial Estate (Farm and Food waste)	United Kingdom	52.952328	-1.057805	REPD-published British National Grid project point transformed with OS approximate Helmert method (about 3 m); source position not independently verified	anaerobic digestion / renewable energy planning	REPD technology: Anaerobic Digestion | CHP Enabled: No | jurisdiction: England	Anaerobic digestion (source technology type; vessel design and count not published)	REPD-published development status: Operational; not independently verified	Bio Dynamic	2 MW electrical installed capacity	biogas/renewable-energy project context; feedstock and gas output not inferred	https://www.gov.uk/government/publications/renewable-energy-planning-database-quarterly-extract	official UK renewable-energy planning project technology and status register	2026-09-28	Open Government Licence v3.0	All July 2026 REPD Anaerobic Digestion records in England, Scotland and Wales are included. Northern Ireland is excluded because its coordinates use a different grid. REPD records are planning projects and may represent revised applications at the same physical site.
uk-repd:258	Frog Island AD Plant (Waste AD)	United Kingdom	51.507540	0.174658	REPD-published British National Grid project point transformed with OS approximate Helmert method (about 3 m); source position not independently verified	anaerobic digestion / renewable energy planning	REPD technology: Anaerobic Digestion | CHP Enabled: No | jurisdiction: England	Anaerobic digestion (source technology type; vessel design and count not published)	REPD-published development status: Abandoned; not independently verified	Shanks Group	5 MW electrical installed capacity	biogas/renewable-energy project context; feedstock and gas output not inferred	https://www.gov.uk/government/publications/renewable-energy-planning-database-quarterly-extract	official UK renewable-energy planning project technology and status register	2026-09-28	Open Government Licence v3.0	All July 2026 REPD Anaerobic Digestion records in England, Scotland and Wales are included. Northern Ireland is excluded because its coordinates use a different grid. REPD records are planning projects and may represent revised applications at the same physical site.
uk-repd:259	Green Waste Composting Facility (Waste AD)	United Kingdom	51.216819	-1.065331	REPD-published British National Grid project point transformed with OS approximate Helmert method (about 3 m); source position not independently verified	anaerobic digestion / renewable energy planning	REPD technology: Anaerobic Digestion | CHP Enabled: No | jurisdiction: England	Anaerobic digestion (source technology type; vessel design and count not published)	REPD-published development status: Operational; not independently verified	Barfoot Energy Projects	1.2 MW electrical installed capacity	biogas/renewable-energy project context; feedstock and gas output not inferred	https://www.gov.uk/government/publications/renewable-energy-planning-database-quarterly-extract	official UK renewable-energy planning project technology and status register	2026-09-28	Open Government Licence v3.0	All July 2026 REPD Anaerobic Digestion records in England, Scotland and Wales are included. Northern Ireland is excluded because its coordinates use a different grid. REPD records are planning projects and may represent revised applications at the same physical site.
uk-repd:260	Singleton Birch (Farm AD)	United Kingdom	53.590896	-0.357127	REPD-published British National Grid project point transformed with OS approximate Helmert method (about 3 m); source position not independently verified	anaerobic digestion / renewable energy planning	REPD technology: Anaerobic Digestion | CHP Enabled: No | jurisdiction: England	Anaerobic digestion (source technology type; vessel design and count not published)	REPD-published development status: Operational; not independently verified	Singleton Birch	1.5 MW electrical installed capacity	biogas/renewable-energy project context; feedstock and gas output not inferred	https://www.gov.uk/government/publications/renewable-energy-planning-database-quarterly-extract	official UK renewable-energy planning project technology and status register	2026-09-28	Open Government Licence v3.0	All July 2026 REPD Anaerobic Digestion records in England, Scotland and Wales are included. Northern Ireland is excluded because its coordinates use a different grid. REPD records are planning projects and may represent revised applications at the same physical site.
uk-repd:261	Bryn Pica AD / Tomorrow's Valley (Waste AD) - resubmission	United Kingdom	51.738314	-3.436033	REPD-published British National Grid project point transformed with OS approximate Helmert method (about 3 m); source position not independently verified	anaerobic digestion / renewable energy planning	REPD technology: Anaerobic Digestion | CHP Enabled: No | jurisdiction: Wales	Anaerobic digestion (source technology type; vessel design and count not published)	REPD-published development status: Operational; not independently verified	Ancala Bioenergy (formerly Biogen)	1 MW electrical installed capacity	biogas/renewable-energy project context; feedstock and gas output not inferred	https://www.gov.uk/government/publications/renewable-energy-planning-database-quarterly-extract	official UK renewable-energy planning project technology and status register	2026-09-28	Open Government Licence v3.0	All July 2026 REPD Anaerobic Digestion records in England, Scotland and Wales are included. Northern Ireland is excluded because its coordinates use a different grid. REPD records are planning projects and may represent revised applications at the same physical site.
uk-repd:262	Suffolk Anaerobic Digestion Scheme (Waste AD)	United Kingdom	52.331642	1.127634	REPD-published British National Grid project point transformed with OS approximate Helmert method (about 3 m); source position not independently verified	anaerobic digestion / renewable energy planning	REPD technology: Anaerobic Digestion | CHP Enabled: No | jurisdiction: England	Anaerobic digestion (source technology type; vessel design and count not published)	REPD-published development status: Abandoned; not independently verified	Infinis (previously NOVERA)	1.1 MW electrical installed capacity	biogas/renewable-energy project context; feedstock and gas output not inferred	https://www.gov.uk/government/publications/renewable-energy-planning-database-quarterly-extract	official UK renewable-energy planning project technology and status register	2026-09-28	Open Government Licence v3.0	All July 2026 REPD Anaerobic Digestion records in England, Scotland and Wales are included. Northern Ireland is excluded because its coordinates use a different grid. REPD records are planning projects and may represent revised applications at the same physical site.
uk-repd:263	Bredbury Park Way - AD Stockport (Waste AD)	United Kingdom	53.427436	-2.114337	REPD-published British National Grid project point transformed with OS approximate Helmert method (about 3 m); source position not independently verified	anaerobic digestion / renewable energy planning	REPD technology: Anaerobic Digestion | CHP Enabled: No | jurisdiction: England	Anaerobic digestion (source technology type; vessel design and count not published)	REPD-published development status: Operational; not independently verified	Greater Manchester Waste	2 MW electrical installed capacity	biogas/renewable-energy project context; feedstock and gas output not inferred	https://www.gov.uk/government/publications/renewable-energy-planning-database-quarterly-extract	official UK renewable-energy planning project technology and status register	2026-09-28	Open Government Licence v3.0	All July 2026 REPD Anaerobic Digestion records in England, Scotland and Wales are included. Northern Ireland is excluded because its coordinates use a different grid. REPD records are planning projects and may represent revised applications at the same physical site.
uk-repd:264	Chelveston Renewable Energy Park (Waste AD)	United Kingdom	52.301442	-0.541355	REPD-published British National Grid project point transformed with OS approximate Helmert method (about 3 m); source position not independently verified	anaerobic digestion / renewable energy planning	REPD technology: Anaerobic Digestion | CHP Enabled: No | jurisdiction: England	Anaerobic digestion (source technology type; vessel design and count not published)	REPD-published development status: Abandoned; not independently verified	Chelveston Renewable Energy	2 MW electrical installed capacity	biogas/renewable-energy project context; feedstock and gas output not inferred	https://www.gov.uk/government/publications/renewable-energy-planning-database-quarterly-extract	official UK renewable-energy planning project technology and status register	2026-09-28	Open Government Licence v3.0	All July 2026 REPD Anaerobic Digestion records in England, Scotland and Wales are included. Northern Ireland is excluded because its coordinates use a different grid. REPD records are planning projects and may represent revised applications at the same physical site.
uk-repd:265	Stud Farm, Rufford (Farm AD)	United Kingdom	53.158265	-1.028506	REPD-published British National Grid project point transformed with OS approximate Helmert method (about 3 m); source position not independently verified	anaerobic digestion / renewable energy planning	REPD technology: Anaerobic Digestion | CHP Enabled: Yes | jurisdiction: England	Anaerobic digestion (source technology type; vessel design and count not published)	REPD-published development status: Operational; not independently verified	Future Biogas	2.2 MW electrical installed capacity	biogas/renewable-energy project context; feedstock and gas output not inferred	https://www.gov.uk/government/publications/renewable-energy-planning-database-quarterly-extract	official UK renewable-energy planning project technology and status register	2026-09-28	Open Government Licence v3.0	All July 2026 REPD Anaerobic Digestion records in England, Scotland and Wales are included. Northern Ireland is excluded because its coordinates use a different grid. REPD records are planning projects and may represent revised applications at the same physical site.
uk-repd:266	Barkip Anaerobic Digestor (Waste AD)	United Kingdom	55.718053	-4.718572	REPD-published British National Grid project point transformed with OS approximate Helmert method (about 3 m); source position not independently verified	anaerobic digestion / renewable energy planning	REPD technology: Anaerobic Digestion | CHP Enabled: Yes | jurisdiction: Scotland	Anaerobic digestion (source technology type; vessel design and count not published)	REPD-published development status: Operational; not independently verified	Scottish and Southern Energy (SSE) / William Tracey Ltd	2.2 MW electrical installed capacity	biogas/renewable-energy project context; feedstock and gas output not inferred	https://www.gov.uk/government/publications/renewable-energy-planning-database-quarterly-extract	official UK renewable-energy planning project technology and status register	2026-09-28	Open Government Licence v3.0	All July 2026 REPD Anaerobic Digestion records in England, Scotland and Wales are included. Northern Ireland is excluded because its coordinates use a different grid. REPD records are planning projects and may represent revised applications at the same physical site.
uk-repd:267	Dryholme Farm (Farm AD)	United Kingdom	54.856296	-3.358572	REPD-published British National Grid project point transformed with OS approximate Helmert method (about 3 m); source position not independently verified	anaerobic digestion / renewable energy planning	REPD technology: Anaerobic Digestion | CHP Enabled: No | jurisdiction: England	Anaerobic digestion (source technology type; vessel design and count not published)	REPD-published development status: Operational; not independently verified	Kirk Environmental	1 MW electrical installed capacity	biogas/renewable-energy project context; feedstock and gas output not inferred	https://www.gov.uk/government/publications/renewable-energy-planning-database-quarterly-extract	official UK renewable-energy planning project technology and status register	2026-09-28	Open Government Licence v3.0	All July 2026 REPD Anaerobic Digestion records in England, Scotland and Wales are included. Northern Ireland is excluded because its coordinates use a different grid. REPD records are planning projects and may represent revised applications at the same physical site.
uk-repd:268	John Pointon And Sons anaerobic digestion facility (Waste AD)	United Kingdom	53.053081	-2.044059	REPD-published British National Grid project point transformed with OS approximate Helmert method (about 3 m); source position not independently verified	anaerobic digestion / renewable energy planning	REPD technology: Anaerobic Digestion | CHP Enabled: No | jurisdiction: England	Anaerobic digestion (source technology type; vessel design and count not published)	REPD-published development status: Abandoned; not independently verified	J Pointon & Sons Ltd	2 MW electrical installed capacity	biogas/renewable-energy project context; feedstock and gas output not inferred	https://www.gov.uk/government/publications/renewable-energy-planning-database-quarterly-extract	official UK renewable-energy planning project technology and status register	2026-09-28	Open Government Licence v3.0	All July 2026 REPD Anaerobic Digestion records in England, Scotland and Wales are included. Northern Ireland is excluded because its coordinates use a different grid. REPD records are planning projects and may represent revised applications at the same physical site.
uk-repd:269	Lochhead Landfill CHP	United Kingdom	56.096895	-3.469444	REPD-published British National Grid project point transformed with OS approximate Helmert method (about 3 m); source position not independently verified	anaerobic digestion / renewable energy planning	REPD technology: Anaerobic Digestion | CHP Enabled: Yes | jurisdiction: Scotland	Anaerobic digestion (source technology type; vessel design and count not published)	REPD-published development status: Operational; not independently verified	Fife Council	1.7 MW electrical installed capacity	biogas/renewable-energy project context; feedstock and gas output not inferred	https://www.gov.uk/government/publications/renewable-energy-planning-database-quarterly-extract	official UK renewable-energy planning project technology and status register	2026-09-28	Open Government Licence v3.0	All July 2026 REPD Anaerobic Digestion records in England, Scotland and Wales are included. Northern Ireland is excluded because its coordinates use a different grid. REPD records are planning projects and may represent revised applications at the same physical site.
uk-repd:270	Merevale & Blyth Estate (Waste AD)	United Kingdom	52.571082	-1.586665	REPD-published British National Grid project point transformed with OS approximate Helmert method (about 3 m); source position not independently verified	anaerobic digestion / renewable energy planning	REPD technology: Anaerobic Digestion | CHP Enabled: No | jurisdiction: England	Anaerobic digestion (source technology type; vessel design and count not published)	REPD-published development status: Operational; not independently verified	Ancala Bioenergy (formerly Biogen)	2 MW electrical installed capacity	biogas/renewable-energy project context; feedstock and gas output not inferred	https://www.gov.uk/government/publications/renewable-energy-planning-database-quarterly-extract	official UK renewable-energy planning project technology and status register	2026-09-28	Open Government Licence v3.0	All July 2026 REPD Anaerobic Digestion records in England, Scotland and Wales are included. Northern Ireland is excluded because its coordinates use a different grid. REPD records are planning projects and may represent revised applications at the same physical site.
uk-repd:271	Bygrave Lodge Farm Anaerobic Digestion Facility (Farm AD)	United Kingdom	52.002531	-0.142826	REPD-published British National Grid project point transformed with OS approximate Helmert method (about 3 m); source position not independently verified	anaerobic digestion / renewable energy planning	REPD technology: Anaerobic Digestion | CHP Enabled: No | jurisdiction: England	Anaerobic digestion (source technology type; vessel design and count not published)	REPD-published development status: Operational; not independently verified	Ancala Bioenergy (formerly Biogen)	2.3 MW electrical installed capacity	biogas/renewable-energy project context; feedstock and gas output not inferred	https://www.gov.uk/government/publications/renewable-energy-planning-database-quarterly-extract	official UK renewable-energy planning project technology and status register	2026-09-28	Open Government Licence v3.0	All July 2026 REPD Anaerobic Digestion records in England, Scotland and Wales are included. Northern Ireland is excluded because its coordinates use a different grid. REPD records are planning projects and may represent revised applications at the same physical site.
uk-repd:272	Westwood AD Plant (Farm AD)	United Kingdom	52.262169	-0.563392	REPD-published British National Grid project point transformed with OS approximate Helmert method (about 3 m); source position not independently verified	anaerobic digestion / renewable energy planning	REPD technology: Anaerobic Digestion | CHP Enabled: No | jurisdiction: England	Anaerobic digestion (source technology type; vessel design and count not published)	REPD-published development status: Operational; not independently verified	Ancala Bioenergy (formerly Biogen)	2 MW electrical installed capacity	biogas/renewable-energy project context; feedstock and gas output not inferred	https://www.gov.uk/government/publications/renewable-energy-planning-database-quarterly-extract	official UK renewable-energy planning project technology and status register	2026-09-28	Open Government Licence v3.0	All July 2026 REPD Anaerobic Digestion records in England, Scotland and Wales are included. Northern Ireland is excluded because its coordinates use a different grid. REPD records are planning projects and may represent revised applications at the same physical site.
uk-repd:273	May Farm Anaerobic Digester (Farm AD)	United Kingdom	52.454646	0.352082	REPD-published British National Grid project point transformed with OS approximate Helmert method (about 3 m); source position not independently verified	anaerobic digestion / renewable energy planning	REPD technology: Anaerobic Digestion | CHP Enabled: Yes | jurisdiction: England	Anaerobic digestion (source technology type; vessel design and count not published)	REPD-published development status: Operational; not independently verified	Barway Farms /Shropshire Energy	2.4 MW electrical installed capacity	biogas/renewable-energy project context; feedstock and gas output not inferred	https://www.gov.uk/government/publications/renewable-energy-planning-database-quarterly-extract	official UK renewable-energy planning project technology and status register	2026-09-28	Open Government Licence v3.0	All July 2026 REPD Anaerobic Digestion records in England, Scotland and Wales are included. Northern Ireland is excluded because its coordinates use a different grid. REPD records are planning projects and may represent revised applications at the same physical site.
uk-repd:274	Kenninghall Renewable Energy Facility (Waste AD)	United Kingdom	52.424252	0.978519	REPD-published British National Grid project point transformed with OS approximate Helmert method (about 3 m); source position not independently verified	anaerobic digestion / renewable energy planning	REPD technology: Anaerobic Digestion | CHP Enabled: No | jurisdiction: England	Anaerobic digestion (source technology type; vessel design and count not published)	REPD-published development status: Revised; not independently verified	Greenshoots Energy	1.2 MW electrical installed capacity	biogas/renewable-energy project context; feedstock and gas output not inferred	https://www.gov.uk/government/publications/renewable-energy-planning-database-quarterly-extract	official UK renewable-energy planning project technology and status register	2026-09-28	Open Government Licence v3.0	All July 2026 REPD Anaerobic Digestion records in England, Scotland and Wales are included. Northern Ireland is excluded because its coordinates use a different grid. REPD records are planning projects and may represent revised applications at the same physical site.
uk-repd:275	Carousel Dairy AD Plant (Farm AD)	United Kingdom	51.218387	-1.129876	REPD-published British National Grid project point transformed with OS approximate Helmert method (about 3 m); source position not independently verified	anaerobic digestion / renewable energy planning	REPD technology: Anaerobic Digestion | CHP Enabled: Yes | jurisdiction: England	Anaerobic digestion (source technology type; vessel design and count not published)	REPD-published development status: Operational; not independently verified	Biogen (formerly Tamar Energy)	1.5 MW electrical installed capacity	biogas/renewable-energy project context; feedstock and gas output not inferred	https://www.gov.uk/government/publications/renewable-energy-planning-database-quarterly-extract	official UK renewable-energy planning project technology and status register	2026-09-28	Open Government Licence v3.0	All July 2026 REPD Anaerobic Digestion records in England, Scotland and Wales are included. Northern Ireland is excluded because its coordinates use a different grid. REPD records are planning projects and may represent revised applications at the same physical site.
uk-repd:277	Cannington Cold Stores	United Kingdom	51.144394	-3.096891	REPD-published British National Grid project point transformed with OS approximate Helmert method (about 3 m); source position not independently verified	anaerobic digestion / renewable energy planning	REPD technology: Anaerobic Digestion | CHP Enabled: Yes | jurisdiction: England	Anaerobic digestion (source technology type; vessel design and count not published)	REPD-published development status: Operational; not independently verified	Cannington Bioenergy	3.3 MW electrical installed capacity	biogas/renewable-energy project context; feedstock and gas output not inferred	https://www.gov.uk/government/publications/renewable-energy-planning-database-quarterly-extract	official UK renewable-energy planning project technology and status register	2026-09-28	Open Government Licence v3.0	All July 2026 REPD Anaerobic Digestion records in England, Scotland and Wales are included. Northern Ireland is excluded because its coordinates use a different grid. REPD records are planning projects and may represent revised applications at the same physical site.
uk-repd:278	McCain Foods AD Plant (AD)	United Kingdom	52.559371	-0.175205	REPD-published British National Grid project point transformed with OS approximate Helmert method (about 3 m); source position not independently verified	anaerobic digestion / renewable energy planning	REPD technology: Anaerobic Digestion | CHP Enabled: No | jurisdiction: England	Anaerobic digestion (source technology type; vessel design and count not published)	REPD-published development status: Operational; not independently verified	McCain Foods	1 MW electrical installed capacity	biogas/renewable-energy project context; feedstock and gas output not inferred	https://www.gov.uk/government/publications/renewable-energy-planning-database-quarterly-extract	official UK renewable-energy planning project technology and status register	2026-09-28	Open Government Licence v3.0	All July 2026 REPD Anaerobic Digestion records in England, Scotland and Wales are included. Northern Ireland is excluded because its coordinates use a different grid. REPD records are planning projects and may represent revised applications at the same physical site.
uk-repd:279	Kenninghall Renewable Energy Facility (AD)	United Kingdom	52.424953	0.986407	REPD-published British National Grid project point transformed with OS approximate Helmert method (about 3 m); source position not independently verified	anaerobic digestion / renewable energy planning	REPD technology: Anaerobic Digestion | CHP Enabled: Yes | jurisdiction: England	Anaerobic digestion (source technology type; vessel design and count not published)	REPD-published development status: Planning Application Withdrawn; not independently verified	Greenshoots Energy	1.2 MW electrical installed capacity	biogas/renewable-energy project context; feedstock and gas output not inferred	https://www.gov.uk/government/publications/renewable-energy-planning-database-quarterly-extract	official UK renewable-energy planning project technology and status register	2026-09-28	Open Government Licence v3.0	All July 2026 REPD Anaerobic Digestion records in England, Scotland and Wales are included. Northern Ireland is excluded because its coordinates use a different grid. REPD records are planning projects and may represent revised applications at the same physical site.
uk-repd:280	Preston Road AD Plant (Waste AD)	United Kingdom	54.605815	-1.580266	REPD-published British National Grid project point transformed with OS approximate Helmert method (about 3 m); source position not independently verified	anaerobic digestion / renewable energy planning	REPD technology: Anaerobic Digestion | CHP Enabled: Yes | jurisdiction: England	Anaerobic digestion (source technology type; vessel design and count not published)	REPD-published development status: Operational; not independently verified	Emerald Biogas	2.8 MW electrical installed capacity	biogas/renewable-energy project context; feedstock and gas output not inferred	https://www.gov.uk/government/publications/renewable-energy-planning-database-quarterly-extract	official UK renewable-energy planning project technology and status register	2026-09-28	Open Government Licence v3.0	All July 2026 REPD Anaerobic Digestion records in England, Scotland and Wales are included. Northern Ireland is excluded because its coordinates use a different grid. REPD records are planning projects and may represent revised applications at the same physical site.
uk-repd:281	East Dagenham Docks AD (AD)	United Kingdom	51.521164	0.137496	REPD-published British National Grid project point transformed with OS approximate Helmert method (about 3 m); source position not independently verified	anaerobic digestion / renewable energy planning	REPD technology: Anaerobic Digestion | CHP Enabled: Yes | jurisdiction: England	Anaerobic digestion (source technology type; vessel design and count not published)	REPD-published development status: Operational; not independently verified	Lynton Development / Teg Environmental	1.4 MW electrical installed capacity	biogas/renewable-energy project context; feedstock and gas output not inferred	https://www.gov.uk/government/publications/renewable-energy-planning-database-quarterly-extract	official UK renewable-energy planning project technology and status register	2026-09-28	Open Government Licence v3.0	All July 2026 REPD Anaerobic Digestion records in England, Scotland and Wales are included. Northern Ireland is excluded because its coordinates use a different grid. REPD records are planning projects and may represent revised applications at the same physical site.
uk-repd:282	Manor Farm (Farm AD)	United Kingdom	52.835344	0.081647	REPD-published British National Grid project point transformed with OS approximate Helmert method (about 3 m); source position not independently verified	anaerobic digestion / renewable energy planning	REPD technology: Anaerobic Digestion | CHP Enabled: Yes | jurisdiction: England	Anaerobic digestion (source technology type; vessel design and count not published)	REPD-published development status: Operational; not independently verified	Biogen (formerly Tamar Energy)	1.5 MW electrical installed capacity	biogas/renewable-energy project context; feedstock and gas output not inferred	https://www.gov.uk/government/publications/renewable-energy-planning-database-quarterly-extract	official UK renewable-energy planning project technology and status register	2026-09-28	Open Government Licence v3.0	All July 2026 REPD Anaerobic Digestion records in England, Scotland and Wales are included. Northern Ireland is excluded because its coordinates use a different grid. REPD records are planning projects and may represent revised applications at the same physical site.
uk-repd:283	Westcott Venture Park	United Kingdom	51.849858	-0.978527	REPD-published British National Grid project point transformed with OS approximate Helmert method (about 3 m); source position not independently verified	anaerobic digestion / renewable energy planning	REPD technology: Anaerobic Digestion | CHP Enabled: No | jurisdiction: England	Anaerobic digestion (source technology type; vessel design and count not published)	REPD-published development status: Operational; not independently verified	Olleco	2 MW electrical installed capacity	biogas/renewable-energy project context; feedstock and gas output not inferred	https://www.gov.uk/government/publications/renewable-energy-planning-database-quarterly-extract	official UK renewable-energy planning project technology and status register	2026-09-28	Open Government Licence v3.0	All July 2026 REPD Anaerobic Digestion records in England, Scotland and Wales are included. Northern Ireland is excluded because its coordinates use a different grid. REPD records are planning projects and may represent revised applications at the same physical site.
uk-repd:284	New Inn AD (Waste AD)	United Kingdom	51.682783	-3.012306	REPD-published British National Grid project point transformed with OS approximate Helmert method (about 3 m); source position not independently verified	anaerobic digestion / renewable energy planning	REPD technology: Anaerobic Digestion | CHP Enabled: No | jurisdiction: Wales	Anaerobic digestion (source technology type; vessel design and count not published)	REPD-published development status: Planning Permission Refused; not independently verified	Shanks Group	2.4 MW electrical installed capacity	biogas/renewable-energy project context; feedstock and gas output not inferred	https://www.gov.uk/government/publications/renewable-energy-planning-database-quarterly-extract	official UK renewable-energy planning project technology and status register	2026-09-28	Open Government Licence v3.0	All July 2026 REPD Anaerobic Digestion records in England, Scotland and Wales are included. Northern Ireland is excluded because its coordinates use a different grid. REPD records are planning projects and may represent revised applications at the same physical site.
uk-repd:285	Swancote Farm AD (Farm AD)	United Kingdom	52.542796	-2.381841	REPD-published British National Grid project point transformed with OS approximate Helmert method (about 3 m); source position not independently verified	anaerobic digestion / renewable energy planning	REPD technology: Anaerobic Digestion | CHP Enabled: No | jurisdiction: England	Anaerobic digestion (source technology type; vessel design and count not published)	REPD-published development status: Operational; not independently verified	Private Developer	2.2 MW electrical installed capacity	biogas/renewable-energy project context; feedstock and gas output not inferred	https://www.gov.uk/government/publications/renewable-energy-planning-database-quarterly-extract	official UK renewable-energy planning project technology and status register	2026-09-28	Open Government Licence v3.0	All July 2026 REPD Anaerobic Digestion records in England, Scotland and Wales are included. Northern Ireland is excluded because its coordinates use a different grid. REPD records are planning projects and may represent revised applications at the same physical site.
uk-repd:286	Glasgow Renewable Energy and Recycling Centre (Waste AD)	United Kingdom	55.834008	-4.244732	REPD-published British National Grid project point transformed with OS approximate Helmert method (about 3 m); source position not independently verified	anaerobic digestion / renewable energy planning	REPD technology: Anaerobic Digestion | CHP Enabled: No | jurisdiction: Scotland	Anaerobic digestion (source technology type; vessel design and count not published)	REPD-published development status: Operational; not independently verified	Viridor	5 MW electrical installed capacity	biogas/renewable-energy project context; feedstock and gas output not inferred	https://www.gov.uk/government/publications/renewable-energy-planning-database-quarterly-extract	official UK renewable-energy planning project technology and status register	2026-09-28	Open Government Licence v3.0	All July 2026 REPD Anaerobic Digestion records in England, Scotland and Wales are included. Northern Ireland is excluded because its coordinates use a different grid. REPD records are planning projects and may represent revised applications at the same physical site.
uk-repd:287	Parley Renewable Energy Park (AD)	United Kingdom	50.786210	-1.857226	REPD-published British National Grid project point transformed with OS approximate Helmert method (about 3 m); source position not independently verified	anaerobic digestion / renewable energy planning	REPD technology: Anaerobic Digestion | CHP Enabled: No | jurisdiction: England	Anaerobic digestion (source technology type; vessel design and count not published)	REPD-published development status: Planning Permission Expired; not independently verified	Eco Sustainable Solutions	1 MW electrical installed capacity	biogas/renewable-energy project context; feedstock and gas output not inferred	https://www.gov.uk/government/publications/renewable-energy-planning-database-quarterly-extract	official UK renewable-energy planning project technology and status register	2026-09-28	Open Government Licence v3.0	All July 2026 REPD Anaerobic Digestion records in England, Scotland and Wales are included. Northern Ireland is excluded because its coordinates use a different grid. REPD records are planning projects and may represent revised applications at the same physical site.
uk-repd:288	Wyke Farms Biogas (Farm AD)	United Kingdom	51.111679	-2.481901	REPD-published British National Grid project point transformed with OS approximate Helmert method (about 3 m); source position not independently verified	anaerobic digestion / renewable energy planning	REPD technology: Anaerobic Digestion | CHP Enabled: Yes | jurisdiction: England	Anaerobic digestion (source technology type; vessel design and count not published)	REPD-published development status: Operational; not independently verified	Wyke Farms	1 MW electrical installed capacity	biogas/renewable-energy project context; feedstock and gas output not inferred	https://www.gov.uk/government/publications/renewable-energy-planning-database-quarterly-extract	official UK renewable-energy planning project technology and status register	2026-09-28	Open Government Licence v3.0	All July 2026 REPD Anaerobic Digestion records in England, Scotland and Wales are included. Northern Ireland is excluded because its coordinates use a different grid. REPD records are planning projects and may represent revised applications at the same physical site.
uk-repd:289	South Kirkby Business Park (Waste AD)	United Kingdom	53.602657	-1.340697	REPD-published British National Grid project point transformed with OS approximate Helmert method (about 3 m); source position not independently verified	anaerobic digestion / renewable energy planning	REPD technology: Anaerobic Digestion | CHP Enabled: No | jurisdiction: England	Anaerobic digestion (source technology type; vessel design and count not published)	REPD-published development status: Operational; not independently verified	Shanks Group	6 MW electrical installed capacity	biogas/renewable-energy project context; feedstock and gas output not inferred	https://www.gov.uk/government/publications/renewable-energy-planning-database-quarterly-extract	official UK renewable-energy planning project technology and status register	2026-09-28	Open Government Licence v3.0	All July 2026 REPD Anaerobic Digestion records in England, Scotland and Wales are included. Northern Ireland is excluded because its coordinates use a different grid. REPD records are planning projects and may represent revised applications at the same physical site.
uk-repd:290	Energy Works Hull - AD (Waste AD)	United Kingdom	53.758535	-0.330400	REPD-published British National Grid project point transformed with OS approximate Helmert method (about 3 m); source position not independently verified	anaerobic digestion / renewable energy planning	REPD technology: Anaerobic Digestion | CHP Enabled: No | jurisdiction: England	Anaerobic digestion (source technology type; vessel design and count not published)	REPD-published development status: Operational; not independently verified	Energy Works / The Spencer Group	3 MW electrical installed capacity	biogas/renewable-energy project context; feedstock and gas output not inferred	https://www.gov.uk/government/publications/renewable-energy-planning-database-quarterly-extract	official UK renewable-energy planning project technology and status register	2026-09-28	Open Government Licence v3.0	All July 2026 REPD Anaerobic Digestion records in England, Scotland and Wales are included. Northern Ireland is excluded because its coordinates use a different grid. REPD records are planning projects and may represent revised applications at the same physical site.
uk-repd:291	Staples Anaerobic Digestion CHP Plant (Waste AD)	United Kingdom	53.034591	0.031185	REPD-published British National Grid project point transformed with OS approximate Helmert method (about 3 m); source position not independently verified	anaerobic digestion / renewable energy planning	REPD technology: Anaerobic Digestion | CHP Enabled: Yes | jurisdiction: England	Anaerobic digestion (source technology type; vessel design and count not published)	REPD-published development status: Operational; not independently verified	Staples Brothers	1.4 MW electrical installed capacity	biogas/renewable-energy project context; feedstock and gas output not inferred	https://www.gov.uk/government/publications/renewable-energy-planning-database-quarterly-extract	official UK renewable-energy planning project technology and status register	2026-09-28	Open Government Licence v3.0	All July 2026 REPD Anaerobic Digestion records in England, Scotland and Wales are included. Northern Ireland is excluded because its coordinates use a different grid. REPD records are planning projects and may represent revised applications at the same physical site.
uk-repd:292	Brierley Hill Energy Recovery Centre (Waste AD)	United Kingdom	52.479772	-2.131501	REPD-published British National Grid project point transformed with OS approximate Helmert method (about 3 m); source position not independently verified	anaerobic digestion / renewable energy planning	REPD technology: Anaerobic Digestion | CHP Enabled: Yes | jurisdiction: England	Anaerobic digestion (source technology type; vessel design and count not published)	REPD-published development status: Planning Permission Refused; not independently verified	Clean Power Properties	2 MW electrical installed capacity	biogas/renewable-energy project context; feedstock and gas output not inferred	https://www.gov.uk/government/publications/renewable-energy-planning-database-quarterly-extract	official UK renewable-energy planning project technology and status register	2026-09-28	Open Government Licence v3.0	All July 2026 REPD Anaerobic Digestion records in England, Scotland and Wales are included. Northern Ireland is excluded because its coordinates use a different grid. REPD records are planning projects and may represent revised applications at the same physical site.
uk-repd:293	West Lodge Farm	United Kingdom	52.171261	-0.903481	REPD-published British National Grid project point transformed with OS approximate Helmert method (about 3 m); source position not independently verified	anaerobic digestion / renewable energy planning	REPD technology: Anaerobic Digestion | CHP Enabled: Yes | jurisdiction: England	Anaerobic digestion (source technology type; vessel design and count not published)	REPD-published development status: Abandoned; not independently verified	Northamptonshire County Council	2 MW electrical installed capacity	biogas/renewable-energy project context; feedstock and gas output not inferred	https://www.gov.uk/government/publications/renewable-energy-planning-database-quarterly-extract	official UK renewable-energy planning project technology and status register	2026-09-28	Open Government Licence v3.0	All July 2026 REPD Anaerobic Digestion records in England, Scotland and Wales are included. Northern Ireland is excluded because its coordinates use a different grid. REPD records are planning projects and may represent revised applications at the same physical site.
uk-repd:294	Dimmer Anaerobic Digestor (Waste AD)	United Kingdom	51.080110	-2.556105	REPD-published British National Grid project point transformed with OS approximate Helmert method (about 3 m); source position not independently verified	anaerobic digestion / renewable energy planning	REPD technology: Anaerobic Digestion | CHP Enabled: No | jurisdiction: England	Anaerobic digestion (source technology type; vessel design and count not published)	REPD-published development status: Operational; not independently verified	Viridor / Wyvern Waste Services	3 MW electrical installed capacity	biogas/renewable-energy project context; feedstock and gas output not inferred	https://www.gov.uk/government/publications/renewable-energy-planning-database-quarterly-extract	official UK renewable-energy planning project technology and status register	2026-09-28	Open Government Licence v3.0	All July 2026 REPD Anaerobic Digestion records in England, Scotland and Wales are included. Northern Ireland is excluded because its coordinates use a different grid. REPD records are planning projects and may represent revised applications at the same physical site.
uk-repd:295	M74 Central Coalburn (Waste AD)	United Kingdom	55.600111	-3.852384	REPD-published British National Grid project point transformed with OS approximate Helmert method (about 3 m); source position not independently verified	anaerobic digestion / renewable energy planning	REPD technology: Anaerobic Digestion | CHP Enabled: No | jurisdiction: Scotland	Anaerobic digestion (source technology type; vessel design and count not published)	REPD-published development status: Planning Permission Expired; not independently verified	Pro-Active Energy	5 MW electrical installed capacity	biogas/renewable-energy project context; feedstock and gas output not inferred	https://www.gov.uk/government/publications/renewable-energy-planning-database-quarterly-extract	official UK renewable-energy planning project technology and status register	2026-09-28	Open Government Licence v3.0	All July 2026 REPD Anaerobic Digestion records in England, Scotland and Wales are included. Northern Ireland is excluded because its coordinates use a different grid. REPD records are planning projects and may represent revised applications at the same physical site.
uk-repd:296	Pineham AD Plant (Waste AD)	United Kingdom	52.055417	-0.707731	REPD-published British National Grid project point transformed with OS approximate Helmert method (about 3 m); source position not independently verified	anaerobic digestion / renewable energy planning	REPD technology: Anaerobic Digestion | CHP Enabled: No | jurisdiction: England	Anaerobic digestion (source technology type; vessel design and count not published)	REPD-published development status: Abandoned; not independently verified	Renewable Power Systems	1 MW electrical installed capacity	biogas/renewable-energy project context; feedstock and gas output not inferred	https://www.gov.uk/government/publications/renewable-energy-planning-database-quarterly-extract	official UK renewable-energy planning project technology and status register	2026-09-28	Open Government Licence v3.0	All July 2026 REPD Anaerobic Digestion records in England, Scotland and Wales are included. Northern Ireland is excluded because its coordinates use a different grid. REPD records are planning projects and may represent revised applications at the same physical site.
uk-repd:297	Wallingford (Waste AD)	United Kingdom	51.614003	-1.112239	REPD-published British National Grid project point transformed with OS approximate Helmert method (about 3 m); source position not independently verified	anaerobic digestion / renewable energy planning	REPD technology: Anaerobic Digestion | CHP Enabled: Yes | jurisdiction: England	Anaerobic digestion (source technology type; vessel design and count not published)	REPD-published development status: Operational; not independently verified	Severn Trent (formerly Agrivert)	2.4 MW electrical installed capacity	biogas/renewable-energy project context; feedstock and gas output not inferred	https://www.gov.uk/government/publications/renewable-energy-planning-database-quarterly-extract	official UK renewable-energy planning project technology and status register	2026-09-28	Open Government Licence v3.0	All July 2026 REPD Anaerobic Digestion records in England, Scotland and Wales are included. Northern Ireland is excluded because its coordinates use a different grid. REPD records are planning projects and may represent revised applications at the same physical site.
uk-repd:298	North Clyde Recycling Centre (Waste AD)	United Kingdom	55.891464	-4.393095	REPD-published British National Grid project point transformed with OS approximate Helmert method (about 3 m); source position not independently verified	anaerobic digestion / renewable energy planning	REPD technology: Anaerobic Digestion | CHP Enabled: No | jurisdiction: Scotland	Anaerobic digestion (source technology type; vessel design and count not published)	REPD-published development status: Revised; not independently verified	Peel Environmental	1.6 MW electrical installed capacity	biogas/renewable-energy project context; feedstock and gas output not inferred	https://www.gov.uk/government/publications/renewable-energy-planning-database-quarterly-extract	official UK renewable-energy planning project technology and status register	2026-09-28	Open Government Licence v3.0	All July 2026 REPD Anaerobic Digestion records in England, Scotland and Wales are included. Northern Ireland is excluded because its coordinates use a different grid. REPD records are planning projects and may represent revised applications at the same physical site.
uk-repd:302	Queen Charlton Quarry Renewable Energy Facility - food waste	United Kingdom	51.390663	-2.527469	REPD-published British National Grid project point transformed with OS approximate Helmert method (about 3 m); source position not independently verified	anaerobic digestion / renewable energy planning	REPD technology: Anaerobic Digestion | CHP Enabled: No | jurisdiction: England	Anaerobic digestion (source technology type; vessel design and count not published)	REPD-published development status: Under Construction; not independently verified	RSM (formerly Resourceful Earth)	2.2 MW electrical installed capacity	biogas/renewable-energy project context; feedstock and gas output not inferred	https://www.gov.uk/government/publications/renewable-energy-planning-database-quarterly-extract	official UK renewable-energy planning project technology and status register	2026-09-28	Open Government Licence v3.0	All July 2026 REPD Anaerobic Digestion records in England, Scotland and Wales are included. Northern Ireland is excluded because its coordinates use a different grid. REPD records are planning projects and may represent revised applications at the same physical site.
uk-repd:304	Mitcham Eco Park (Waste AD)	United Kingdom	51.399645	-0.174825	REPD-published British National Grid project point transformed with OS approximate Helmert method (about 3 m); source position not independently verified	anaerobic digestion / renewable energy planning	REPD technology: Anaerobic Digestion | CHP Enabled: No | jurisdiction: England	Anaerobic digestion (source technology type; vessel design and count not published)	REPD-published development status: Abandoned; not independently verified	SITA UK	6.2 MW electrical installed capacity	biogas/renewable-energy project context; feedstock and gas output not inferred	https://www.gov.uk/government/publications/renewable-energy-planning-database-quarterly-extract	official UK renewable-energy planning project technology and status register	2026-09-28	Open Government Licence v3.0	All July 2026 REPD Anaerobic Digestion records in England, Scotland and Wales are included. Northern Ireland is excluded because its coordinates use a different grid. REPD records are planning projects and may represent revised applications at the same physical site.
uk-repd:305	Lee Moor AD (Waste AD)	United Kingdom	50.433836	-4.024732	REPD-published British National Grid project point transformed with OS approximate Helmert method (about 3 m); source position not independently verified	anaerobic digestion / renewable energy planning	REPD technology: Anaerobic Digestion | CHP Enabled: No | jurisdiction: England	Anaerobic digestion (source technology type; vessel design and count not published)	REPD-published development status: Planning Permission Expired; not independently verified	AeroThermal Group (AAD (South West))	3.3 MW electrical installed capacity	biogas/renewable-energy project context; feedstock and gas output not inferred	https://www.gov.uk/government/publications/renewable-energy-planning-database-quarterly-extract	official UK renewable-energy planning project technology and status register	2026-09-28	Open Government Licence v3.0	All July 2026 REPD Anaerobic Digestion records in England, Scotland and Wales are included. Northern Ireland is excluded because its coordinates use a different grid. REPD records are planning projects and may represent revised applications at the same physical site.
uk-repd:306	Granox Biogas Plant	United Kingdom	53.352471	-2.746731	REPD-published British National Grid project point transformed with OS approximate Helmert method (about 3 m); source position not independently verified	anaerobic digestion / renewable energy planning	REPD technology: Anaerobic Digestion | CHP Enabled: Yes | jurisdiction: England	Anaerobic digestion (source technology type; vessel design and count not published)	REPD-published development status: Operational; not independently verified	ReFood UK	5 MW electrical installed capacity	biogas/renewable-energy project context; feedstock and gas output not inferred	https://www.gov.uk/government/publications/renewable-energy-planning-database-quarterly-extract	official UK renewable-energy planning project technology and status register	2026-09-28	Open Government Licence v3.0	All July 2026 REPD Anaerobic Digestion records in England, Scotland and Wales are included. Northern Ireland is excluded because its coordinates use a different grid. REPD records are planning projects and may represent revised applications at the same physical site.
uk-repd:307	Prosper Demulder Limited Anaerobic Digestion Plant (Waste AD) - extension	United Kingdom	53.536917	-1.137434	REPD-published British National Grid project point transformed with OS approximate Helmert method (about 3 m); source position not independently verified	anaerobic digestion / renewable energy planning	REPD technology: Anaerobic Digestion | CHP Enabled: Yes | jurisdiction: England	Anaerobic digestion (source technology type; vessel design and count not published)	REPD-published development status: Operational; not independently verified	Prosper Demulder / ReFood	3 MW electrical installed capacity	biogas/renewable-energy project context; feedstock and gas output not inferred	https://www.gov.uk/government/publications/renewable-energy-planning-database-quarterly-extract	official UK renewable-energy planning project technology and status register	2026-09-28	Open Government Licence v3.0	All July 2026 REPD Anaerobic Digestion records in England, Scotland and Wales are included. Northern Ireland is excluded because its coordinates use a different grid. REPD records are planning projects and may represent revised applications at the same physical site.
uk-repd:308	Trumps Farm (AD)	United Kingdom	51.381996	-0.572221	REPD-published British National Grid project point transformed with OS approximate Helmert method (about 3 m); source position not independently verified	anaerobic digestion / renewable energy planning	REPD technology: Anaerobic Digestion | CHP Enabled: No | jurisdiction: England	Anaerobic digestion (source technology type; vessel design and count not published)	REPD-published development status: Operational; not independently verified	Severn Trent (formerly Agrivert)	2.4 MW electrical installed capacity	biogas/renewable-energy project context; feedstock and gas output not inferred	https://www.gov.uk/government/publications/renewable-energy-planning-database-quarterly-extract	official UK renewable-energy planning project technology and status register	2026-09-28	Open Government Licence v3.0	All July 2026 REPD Anaerobic Digestion records in England, Scotland and Wales are included. Northern Ireland is excluded because its coordinates use a different grid. REPD records are planning projects and may represent revised applications at the same physical site.
uk-repd:309	Selby Renewable Energy Park	United Kingdom	53.780016	-1.055911	REPD-published British National Grid project point transformed with OS approximate Helmert method (about 3 m); source position not independently verified	anaerobic digestion / renewable energy planning	REPD technology: Anaerobic Digestion | CHP Enabled: No | jurisdiction: England	Anaerobic digestion (source technology type; vessel design and count not published)	REPD-published development status: Abandoned; not independently verified	Whites Renewable Energy	8 MW electrical installed capacity	biogas/renewable-energy project context; feedstock and gas output not inferred	https://www.gov.uk/government/publications/renewable-energy-planning-database-quarterly-extract	official UK renewable-energy planning project technology and status register	2026-09-28	Open Government Licence v3.0	All July 2026 REPD Anaerobic Digestion records in England, Scotland and Wales are included. Northern Ireland is excluded because its coordinates use a different grid. REPD records are planning projects and may represent revised applications at the same physical site.
uk-repd:310	Beddington AD Facility (Waste AD)	United Kingdom	51.378795	-0.133379	REPD-published British National Grid project point transformed with OS approximate Helmert method (about 3 m); source position not independently verified	anaerobic digestion / renewable energy planning	REPD technology: Anaerobic Digestion | CHP Enabled: No | jurisdiction: England	Anaerobic digestion (source technology type; vessel design and count not published)	REPD-published development status: Planning Application Withdrawn; not independently verified	Viridor	2 MW electrical installed capacity	biogas/renewable-energy project context; feedstock and gas output not inferred	https://www.gov.uk/government/publications/renewable-energy-planning-database-quarterly-extract	official UK renewable-energy planning project technology and status register	2026-09-28	Open Government Licence v3.0	All July 2026 REPD Anaerobic Digestion records in England, Scotland and Wales are included. Northern Ireland is excluded because its coordinates use a different grid. REPD records are planning projects and may represent revised applications at the same physical site.
uk-repd:311	Ratty's Lane Sustainable Energy Facility (Waste AD)	United Kingdom	51.767101	0.000279	REPD-published British National Grid project point transformed with OS approximate Helmert method (about 3 m); source position not independently verified	anaerobic digestion / renewable energy planning	REPD technology: Anaerobic Digestion | CHP Enabled: Yes | jurisdiction: England	Anaerobic digestion (source technology type; vessel design and count not published)	REPD-published development status: Operational; not independently verified	Biogen (formerly Tamar Energy)	3 MW electrical installed capacity	biogas/renewable-energy project context; feedstock and gas output not inferred	https://www.gov.uk/government/publications/renewable-energy-planning-database-quarterly-extract	official UK renewable-energy planning project technology and status register	2026-09-28	Open Government Licence v3.0	All July 2026 REPD Anaerobic Digestion records in England, Scotland and Wales are included. Northern Ireland is excluded because its coordinates use a different grid. REPD records are planning projects and may represent revised applications at the same physical site.
uk-repd:312	Brookhurst Wood (Waste AD)	United Kingdom	51.102819	-0.326279	REPD-published British National Grid project point transformed with OS approximate Helmert method (about 3 m); source position not independently verified	anaerobic digestion / renewable energy planning	REPD technology: Anaerobic Digestion | CHP Enabled: No | jurisdiction: England	Anaerobic digestion (source technology type; vessel design and count not published)	REPD-published development status: Operational; not independently verified	Biffa/West Sussex County Council	4.5 MW electrical installed capacity	biogas/renewable-energy project context; feedstock and gas output not inferred	https://www.gov.uk/government/publications/renewable-energy-planning-database-quarterly-extract	official UK renewable-energy planning project technology and status register	2026-09-28	Open Government Licence v3.0	All July 2026 REPD Anaerobic Digestion records in England, Scotland and Wales are included. Northern Ireland is excluded because its coordinates use a different grid. REPD records are planning projects and may represent revised applications at the same physical site.
uk-repd:313	Halstead Renewable Power Project (Waste AD)	United Kingdom	51.942071	0.657809	REPD-published British National Grid project point transformed with OS approximate Helmert method (about 3 m); source position not independently verified	anaerobic digestion / renewable energy planning	REPD technology: Anaerobic Digestion | CHP Enabled: Yes | jurisdiction: England	Anaerobic digestion (source technology type; vessel design and count not published)	REPD-published development status: Operational; not independently verified	Biogen (formerly Tamar Energy)	2 MW electrical installed capacity	biogas/renewable-energy project context; feedstock and gas output not inferred	https://www.gov.uk/government/publications/renewable-energy-planning-database-quarterly-extract	official UK renewable-energy planning project technology and status register	2026-09-28	Open Government Licence v3.0	All July 2026 REPD Anaerobic Digestion records in England, Scotland and Wales are included. Northern Ireland is excluded because its coordinates use a different grid. REPD records are planning projects and may represent revised applications at the same physical site.
uk-repd:314	Washwood	United Kingdom	52.503850	-1.841174	REPD-published British National Grid project point transformed with OS approximate Helmert method (about 3 m); source position not independently verified	anaerobic digestion / renewable energy planning	REPD technology: Anaerobic Digestion | CHP Enabled: Yes | jurisdiction: England	Anaerobic digestion (source technology type; vessel design and count not published)	REPD-published development status: Revised; not independently verified	Clean Power Properties & Network Rail Infrastructure	2 MW electrical installed capacity	biogas/renewable-energy project context; feedstock and gas output not inferred	https://www.gov.uk/government/publications/renewable-energy-planning-database-quarterly-extract	official UK renewable-energy planning project technology and status register	2026-09-28	Open Government Licence v3.0	All July 2026 REPD Anaerobic Digestion records in England, Scotland and Wales are included. Northern Ireland is excluded because its coordinates use a different grid. REPD records are planning projects and may represent revised applications at the same physical site.
uk-repd:315	Packington AD Plant	United Kingdom	52.469191	-1.693460	REPD-published British National Grid project point transformed with OS approximate Helmert method (about 3 m); source position not independently verified	anaerobic digestion / renewable energy planning	REPD technology: Anaerobic Digestion | CHP Enabled: Yes | jurisdiction: England	Anaerobic digestion (source technology type; vessel design and count not published)	REPD-published development status: Planning Permission Expired; not independently verified	SITA UK	1.6 MW electrical installed capacity	biogas/renewable-energy project context; feedstock and gas output not inferred	https://www.gov.uk/government/publications/renewable-energy-planning-database-quarterly-extract	official UK renewable-energy planning project technology and status register	2026-09-28	Open Government Licence v3.0	All July 2026 REPD Anaerobic Digestion records in England, Scotland and Wales are included. Northern Ireland is excluded because its coordinates use a different grid. REPD records are planning projects and may represent revised applications at the same physical site.
uk-repd:316	Willesden	United Kingdom	51.532056	-0.252495	REPD-published British National Grid project point transformed with OS approximate Helmert method (about 3 m); source position not independently verified	anaerobic digestion / renewable energy planning	REPD technology: Anaerobic Digestion | CHP Enabled: Yes | jurisdiction: England	Anaerobic digestion (source technology type; vessel design and count not published)	REPD-published development status: Planning Permission Refused; not independently verified	Clean Power Properties & Network Rail Infrastructure	2 MW electrical installed capacity	biogas/renewable-energy project context; feedstock and gas output not inferred	https://www.gov.uk/government/publications/renewable-energy-planning-database-quarterly-extract	official UK renewable-energy planning project technology and status register	2026-09-28	Open Government Licence v3.0	All July 2026 REPD Anaerobic Digestion records in England, Scotland and Wales are included. Northern Ireland is excluded because its coordinates use a different grid. REPD records are planning projects and may represent revised applications at the same physical site.
uk-repd:317	Walpole Landfill AD (Waste AD)	United Kingdom	51.183895	-2.982879	REPD-published British National Grid project point transformed with OS approximate Helmert method (about 3 m); source position not independently verified	anaerobic digestion / renewable energy planning	REPD technology: Anaerobic Digestion | CHP Enabled: No | jurisdiction: England	Anaerobic digestion (source technology type; vessel design and count not published)	REPD-published development status: Operational; not independently verified	Viridor	1.6 MW electrical installed capacity	biogas/renewable-energy project context; feedstock and gas output not inferred	https://www.gov.uk/government/publications/renewable-energy-planning-database-quarterly-extract	official UK renewable-energy planning project technology and status register	2026-09-28	Open Government Licence v3.0	All July 2026 REPD Anaerobic Digestion records in England, Scotland and Wales are included. Northern Ireland is excluded because its coordinates use a different grid. REPD records are planning projects and may represent revised applications at the same physical site.
uk-repd:318	Waen Biogas (Waste AD)	United Kingdom	53.263183	-3.426328	REPD-published British National Grid project point transformed with OS approximate Helmert method (about 3 m); source position not independently verified	anaerobic digestion / renewable energy planning	REPD technology: Anaerobic Digestion | CHP Enabled: Yes | jurisdiction: Wales	Anaerobic digestion (source technology type; vessel design and count not published)	REPD-published development status: Operational; not independently verified	Ancala Bioenergy (formerly Biogen)	1 MW electrical installed capacity	biogas/renewable-energy project context; feedstock and gas output not inferred	https://www.gov.uk/government/publications/renewable-energy-planning-database-quarterly-extract	official UK renewable-energy planning project technology and status register	2026-09-28	Open Government Licence v3.0	All July 2026 REPD Anaerobic Digestion records in England, Scotland and Wales are included. Northern Ireland is excluded because its coordinates use a different grid. REPD records are planning projects and may represent revised applications at the same physical site.
uk-repd:319	Swanley (Waste AD)	United Kingdom	51.406707	0.142162	REPD-published British National Grid project point transformed with OS approximate Helmert method (about 3 m); source position not independently verified	anaerobic digestion / renewable energy planning	REPD technology: Anaerobic Digestion | CHP Enabled: Yes | jurisdiction: England	Anaerobic digestion (source technology type; vessel design and count not published)	REPD-published development status: Abandoned; not independently verified	Biogen (formerly Tamar Energy)	2 MW electrical installed capacity	biogas/renewable-energy project context; feedstock and gas output not inferred	https://www.gov.uk/government/publications/renewable-energy-planning-database-quarterly-extract	official UK renewable-energy planning project technology and status register	2026-09-28	Open Government Licence v3.0	All July 2026 REPD Anaerobic Digestion records in England, Scotland and Wales are included. Northern Ireland is excluded because its coordinates use a different grid. REPD records are planning projects and may represent revised applications at the same physical site.
uk-repd:320	Fletcher Bank Quarry (Waste AD)	United Kingdom	53.647553	-2.300247	REPD-published British National Grid project point transformed with OS approximate Helmert method (about 3 m); source position not independently verified	anaerobic digestion / renewable energy planning	REPD technology: Anaerobic Digestion | CHP Enabled: No | jurisdiction: England	Anaerobic digestion (source technology type; vessel design and count not published)	REPD-published development status: Planning Permission Refused; not independently verified	Peel Environmental	2 MW electrical installed capacity	biogas/renewable-energy project context; feedstock and gas output not inferred	https://www.gov.uk/government/publications/renewable-energy-planning-database-quarterly-extract	official UK renewable-energy planning project technology and status register	2026-09-28	Open Government Licence v3.0	All July 2026 REPD Anaerobic Digestion records in England, Scotland and Wales are included. Northern Ireland is excluded because its coordinates use a different grid. REPD records are planning projects and may represent revised applications at the same physical site.
uk-repd:321	Wardley (Waste AD)	United Kingdom	54.939637	-1.512333	REPD-published British National Grid project point transformed with OS approximate Helmert method (about 3 m); source position not independently verified	anaerobic digestion / renewable energy planning	REPD technology: Anaerobic Digestion | CHP Enabled: Yes | jurisdiction: England	Anaerobic digestion (source technology type; vessel design and count not published)	REPD-published development status: Abandoned; not independently verified	Biogen (formerly Tamar Energy)	3 MW electrical installed capacity	biogas/renewable-energy project context; feedstock and gas output not inferred	https://www.gov.uk/government/publications/renewable-energy-planning-database-quarterly-extract	official UK renewable-energy planning project technology and status register	2026-09-28	Open Government Licence v3.0	All July 2026 REPD Anaerobic Digestion records in England, Scotland and Wales are included. Northern Ireland is excluded because its coordinates use a different grid. REPD records are planning projects and may represent revised applications at the same physical site.
uk-repd:322	Micheldever Rail Sidings EFW	United Kingdom	51.186294	-1.259242	REPD-published British National Grid project point transformed with OS approximate Helmert method (about 3 m); source position not independently verified	anaerobic digestion / renewable energy planning	REPD technology: Anaerobic Digestion | CHP Enabled: No | jurisdiction: England	Anaerobic digestion (source technology type; vessel design and count not published)	REPD-published development status: Appeal Withdrawn; not independently verified	Clean Power Properties & Network Rail Infrastructure	2 MW electrical installed capacity	biogas/renewable-energy project context; feedstock and gas output not inferred	https://www.gov.uk/government/publications/renewable-energy-planning-database-quarterly-extract	official UK renewable-energy planning project technology and status register	2026-09-28	Open Government Licence v3.0	All July 2026 REPD Anaerobic Digestion records in England, Scotland and Wales are included. Northern Ireland is excluded because its coordinates use a different grid. REPD records are planning projects and may represent revised applications at the same physical site.
uk-repd:323	North Selby Anaerobic Digestion & Horticultural Glasshouse Project (AD)	United Kingdom	53.885696	-1.014051	REPD-published British National Grid project point transformed with OS approximate Helmert method (about 3 m); source position not independently verified	anaerobic digestion / renewable energy planning	REPD technology: Anaerobic Digestion | CHP Enabled: Yes | jurisdiction: England	Anaerobic digestion (source technology type; vessel design and count not published)	REPD-published development status: Abandoned; not independently verified	Peel Environmental	2.8 MW electrical installed capacity	biogas/renewable-energy project context; feedstock and gas output not inferred	https://www.gov.uk/government/publications/renewable-energy-planning-database-quarterly-extract	official UK renewable-energy planning project technology and status register	2026-09-28	Open Government Licence v3.0	All July 2026 REPD Anaerobic Digestion records in England, Scotland and Wales are included. Northern Ireland is excluded because its coordinates use a different grid. REPD records are planning projects and may represent revised applications at the same physical site.
uk-repd:324	Pebble Hall Farm - Food Waste AD	United Kingdom	52.455027	-1.028336	REPD-published British National Grid project point transformed with OS approximate Helmert method (about 3 m); source position not independently verified	anaerobic digestion / renewable energy planning	REPD technology: Anaerobic Digestion | CHP Enabled: No | jurisdiction: England	Anaerobic digestion (source technology type; vessel design and count not published)	REPD-published development status: Operational; not independently verified	Welland Waste Management	4 MW electrical installed capacity	biogas/renewable-energy project context; feedstock and gas output not inferred	https://www.gov.uk/government/publications/renewable-energy-planning-database-quarterly-extract	official UK renewable-energy planning project technology and status register	2026-09-28	Open Government Licence v3.0	All July 2026 REPD Anaerobic Digestion records in England, Scotland and Wales are included. Northern Ireland is excluded because its coordinates use a different grid. REPD records are planning projects and may represent revised applications at the same physical site.
uk-repd:325	St Nicholas Court Farm (AD)	United Kingdom	51.356124	1.243972	REPD-published British National Grid project point transformed with OS approximate Helmert method (about 3 m); source position not independently verified	anaerobic digestion / renewable energy planning	REPD technology: Anaerobic Digestion | CHP Enabled: No | jurisdiction: England	Anaerobic digestion (source technology type; vessel design and count not published)	REPD-published development status: Operational; not independently verified	St Nicholas Court Farms Ltd	1.2 MW electrical installed capacity	biogas/renewable-energy project context; feedstock and gas output not inferred	https://www.gov.uk/government/publications/renewable-energy-planning-database-quarterly-extract	official UK renewable-energy planning project technology and status register	2026-09-28	Open Government Licence v3.0	All July 2026 REPD Anaerobic Digestion records in England, Scotland and Wales are included. Northern Ireland is excluded because its coordinates use a different grid. REPD records are planning projects and may represent revised applications at the same physical site.
uk-repd:326	Wilton Centre (Waste AD)	United Kingdom	54.567351	-1.096726	REPD-published British National Grid project point transformed with OS approximate Helmert method (about 3 m); source position not independently verified	anaerobic digestion / renewable energy planning	REPD technology: Anaerobic Digestion | CHP Enabled: Yes | jurisdiction: England	Anaerobic digestion (source technology type; vessel design and count not published)	REPD-published development status: Planning Permission Expired; not independently verified	Earthly Energy Group	5.1 MW electrical installed capacity	biogas/renewable-energy project context; feedstock and gas output not inferred	https://www.gov.uk/government/publications/renewable-energy-planning-database-quarterly-extract	official UK renewable-energy planning project technology and status register	2026-09-28	Open Government Licence v3.0	All July 2026 REPD Anaerobic Digestion records in England, Scotland and Wales are included. Northern Ireland is excluded because its coordinates use a different grid. REPD records are planning projects and may represent revised applications at the same physical site.
uk-repd:327	Gore Cross - AD	United Kingdom	50.675629	-1.252361	REPD-published British National Grid project point transformed with OS approximate Helmert method (about 3 m); source position not independently verified	anaerobic digestion / renewable energy planning	REPD technology: Anaerobic Digestion | CHP Enabled: Yes | jurisdiction: England	Anaerobic digestion (source technology type; vessel design and count not published)	REPD-published development status: Operational; not independently verified	Wight Farm Energy	2.2 MW electrical installed capacity	biogas/renewable-energy project context; feedstock and gas output not inferred	https://www.gov.uk/government/publications/renewable-energy-planning-database-quarterly-extract	official UK renewable-energy planning project technology and status register	2026-09-28	Open Government Licence v3.0	All July 2026 REPD Anaerobic Digestion records in England, Scotland and Wales are included. Northern Ireland is excluded because its coordinates use a different grid. REPD records are planning projects and may represent revised applications at the same physical site.
uk-repd:328	Dagenham Docks Biogas (Waste AD)	United Kingdom	51.524106	0.136423	REPD-published British National Grid project point transformed with OS approximate Helmert method (about 3 m); source position not independently verified	anaerobic digestion / renewable energy planning	REPD technology: Anaerobic Digestion | CHP Enabled: Yes | jurisdiction: England	Anaerobic digestion (source technology type; vessel design and count not published)	REPD-published development status: Operational; not independently verified	ReFood UK	1.4 MW electrical installed capacity	biogas/renewable-energy project context; feedstock and gas output not inferred	https://www.gov.uk/government/publications/renewable-energy-planning-database-quarterly-extract	official UK renewable-energy planning project technology and status register	2026-09-28	Open Government Licence v3.0	All July 2026 REPD Anaerobic Digestion records in England, Scotland and Wales are included. Northern Ireland is excluded because its coordinates use a different grid. REPD records are planning projects and may represent revised applications at the same physical site.
uk-repd:330	Leeming Bar (Waste AD)	United Kingdom	54.291229	-1.542466	REPD-published British National Grid project point transformed with OS approximate Helmert method (about 3 m); source position not independently verified	anaerobic digestion / renewable energy planning	REPD technology: Anaerobic Digestion | CHP Enabled: Yes | jurisdiction: England	Anaerobic digestion (source technology type; vessel design and count not published)	REPD-published development status: Operational; not independently verified	JFS Biogas	1.5 MW electrical installed capacity	biogas/renewable-energy project context; feedstock and gas output not inferred	https://www.gov.uk/government/publications/renewable-energy-planning-database-quarterly-extract	official UK renewable-energy planning project technology and status register	2026-09-28	Open Government Licence v3.0	All July 2026 REPD Anaerobic Digestion records in England, Scotland and Wales are included. Northern Ireland is excluded because its coordinates use a different grid. REPD records are planning projects and may represent revised applications at the same physical site.
uk-repd:331	Metheringham Heath (Farm AD)	United Kingdom	53.133413	-0.472078	REPD-published British National Grid project point transformed with OS approximate Helmert method (about 3 m); source position not independently verified	anaerobic digestion / renewable energy planning	REPD technology: Anaerobic Digestion | CHP Enabled: Yes | jurisdiction: England	Anaerobic digestion (source technology type; vessel design and count not published)	REPD-published development status: Operational; not independently verified	Future Biogas (Blankney Estate)	6.5 MW electrical installed capacity	biogas/renewable-energy project context; feedstock and gas output not inferred	https://www.gov.uk/government/publications/renewable-energy-planning-database-quarterly-extract	official UK renewable-energy planning project technology and status register	2026-09-28	Open Government Licence v3.0	All July 2026 REPD Anaerobic Digestion records in England, Scotland and Wales are included. Northern Ireland is excluded because its coordinates use a different grid. REPD records are planning projects and may represent revised applications at the same physical site.
uk-repd:332	Eastleigh	United Kingdom	50.961859	-1.342498	REPD-published British National Grid project point transformed with OS approximate Helmert method (about 3 m); source position not independently verified	anaerobic digestion / renewable energy planning	REPD technology: Anaerobic Digestion | CHP Enabled: No | jurisdiction: England	Anaerobic digestion (source technology type; vessel design and count not published)	REPD-published development status: Planning Permission Expired; not independently verified	Clean Power Properties	2 MW electrical installed capacity	biogas/renewable-energy project context; feedstock and gas output not inferred	https://www.gov.uk/government/publications/renewable-energy-planning-database-quarterly-extract	official UK renewable-energy planning project technology and status register	2026-09-28	Open Government Licence v3.0	All July 2026 REPD Anaerobic Digestion records in England, Scotland and Wales are included. Northern Ireland is excluded because its coordinates use a different grid. REPD records are planning projects and may represent revised applications at the same physical site.
uk-repd:333	Pure Malt Products AD	United Kingdom	55.956609	-2.770698	REPD-published British National Grid project point transformed with OS approximate Helmert method (about 3 m); source position not independently verified	anaerobic digestion / renewable energy planning	REPD technology: Anaerobic Digestion | CHP Enabled: No | jurisdiction: Scotland	Anaerobic digestion (source technology type; vessel design and count not published)	REPD-published development status: Operational; not independently verified	Pure Malt Products Limited	1.5 MW electrical installed capacity	biogas/renewable-energy project context; feedstock and gas output not inferred	https://www.gov.uk/government/publications/renewable-energy-planning-database-quarterly-extract	official UK renewable-energy planning project technology and status register	2026-09-28	Open Government Licence v3.0	All July 2026 REPD Anaerobic Digestion records in England, Scotland and Wales are included. Northern Ireland is excluded because its coordinates use a different grid. REPD records are planning projects and may represent revised applications at the same physical site.
uk-repd:335	Bearley Lane	United Kingdom	50.996323	-2.718662	REPD-published British National Grid project point transformed with OS approximate Helmert method (about 3 m); source position not independently verified	anaerobic digestion / renewable energy planning	REPD technology: Anaerobic Digestion | CHP Enabled: No | jurisdiction: England	Anaerobic digestion (source technology type; vessel design and count not published)	REPD-published development status: Operational; not independently verified	Greener for Life Energy	1.3 MW electrical installed capacity	biogas/renewable-energy project context; feedstock and gas output not inferred	https://www.gov.uk/government/publications/renewable-energy-planning-database-quarterly-extract	official UK renewable-energy planning project technology and status register	2026-09-28	Open Government Licence v3.0	All July 2026 REPD Anaerobic Digestion records in England, Scotland and Wales are included. Northern Ireland is excluded because its coordinates use a different grid. REPD records are planning projects and may represent revised applications at the same physical site.
uk-repd:336	Codford Biogas (Waste AD)	United Kingdom	51.172523	-2.015169	REPD-published British National Grid project point transformed with OS approximate Helmert method (about 3 m); source position not independently verified	anaerobic digestion / renewable energy planning	REPD technology: Anaerobic Digestion | CHP Enabled: Yes | jurisdiction: England	Anaerobic digestion (source technology type; vessel design and count not published)	REPD-published development status: Operational; not independently verified	J M Stratton & Co	3.7 MW electrical installed capacity	biogas/renewable-energy project context; feedstock and gas output not inferred	https://www.gov.uk/government/publications/renewable-energy-planning-database-quarterly-extract	official UK renewable-energy planning project technology and status register	2026-09-28	Open Government Licence v3.0	All July 2026 REPD Anaerobic Digestion records in England, Scotland and Wales are included. Northern Ireland is excluded because its coordinates use a different grid. REPD records are planning projects and may represent revised applications at the same physical site.
uk-repd:337	Banningham Road	United Kingdom	52.803565	1.269389	REPD-published British National Grid project point transformed with OS approximate Helmert method (about 3 m); source position not independently verified	anaerobic digestion / renewable energy planning	REPD technology: Anaerobic Digestion | CHP Enabled: No | jurisdiction: England	Anaerobic digestion (source technology type; vessel design and count not published)	REPD-published development status: Abandoned; not independently verified	Pigeon Investment Management	1.6 MW electrical installed capacity	biogas/renewable-energy project context; feedstock and gas output not inferred	https://www.gov.uk/government/publications/renewable-energy-planning-database-quarterly-extract	official UK renewable-energy planning project technology and status register	2026-09-28	Open Government Licence v3.0	All July 2026 REPD Anaerobic Digestion records in England, Scotland and Wales are included. Northern Ireland is excluded because its coordinates use a different grid. REPD records are planning projects and may represent revised applications at the same physical site.
uk-repd:338	Blaise Farm (Farm AD)	United Kingdom	51.281263	0.381793	REPD-published British National Grid project point transformed with OS approximate Helmert method (about 3 m); source position not independently verified	anaerobic digestion / renewable energy planning	REPD technology: Anaerobic Digestion | CHP Enabled: Yes | jurisdiction: England	Anaerobic digestion (source technology type; vessel design and count not published)	REPD-published development status: Abandoned; not independently verified	PandaGreen	5 MW electrical installed capacity	biogas/renewable-energy project context; feedstock and gas output not inferred	https://www.gov.uk/government/publications/renewable-energy-planning-database-quarterly-extract	official UK renewable-energy planning project technology and status register	2026-09-28	Open Government Licence v3.0	All July 2026 REPD Anaerobic Digestion records in England, Scotland and Wales are included. Northern Ireland is excluded because its coordinates use a different grid. REPD records are planning projects and may represent revised applications at the same physical site.
uk-repd:339	Bolton Road Waste Treatment and Renewable Energy Facility (Waste AD)	United Kingdom	53.508038	-1.315658	REPD-published British National Grid project point transformed with OS approximate Helmert method (about 3 m); source position not independently verified	anaerobic digestion / renewable energy planning	REPD technology: Anaerobic Digestion | CHP Enabled: No | jurisdiction: England	Anaerobic digestion (source technology type; vessel design and count not published)	REPD-published development status: Operational; not independently verified	Shanks Group	4 MW electrical installed capacity	biogas/renewable-energy project context; feedstock and gas output not inferred	https://www.gov.uk/government/publications/renewable-energy-planning-database-quarterly-extract	official UK renewable-energy planning project technology and status register	2026-09-28	Open Government Licence v3.0	All July 2026 REPD Anaerobic Digestion records in England, Scotland and Wales are included. Northern Ireland is excluded because its coordinates use a different grid. REPD records are planning projects and may represent revised applications at the same physical site.
uk-repd:340	Broughall Fields Farm	United Kingdom	52.962501	-2.662426	REPD-published British National Grid project point transformed with OS approximate Helmert method (about 3 m); source position not independently verified	anaerobic digestion / renewable energy planning	REPD technology: Anaerobic Digestion | CHP Enabled: No | jurisdiction: England	Anaerobic digestion (source technology type; vessel design and count not published)	REPD-published development status: Operational; not independently verified	Grocontinental/ Whitchurch Biogas	2.4 MW electrical installed capacity	biogas/renewable-energy project context; feedstock and gas output not inferred	https://www.gov.uk/government/publications/renewable-energy-planning-database-quarterly-extract	official UK renewable-energy planning project technology and status register	2026-09-28	Open Government Licence v3.0	All July 2026 REPD Anaerobic Digestion records in England, Scotland and Wales are included. Northern Ireland is excluded because its coordinates use a different grid. REPD records are planning projects and may represent revised applications at the same physical site.
uk-repd:341	New Lodge Farm - AD	United Kingdom	51.768816	-4.071019	REPD-published British National Grid project point transformed with OS approximate Helmert method (about 3 m); source position not independently verified	anaerobic digestion / renewable energy planning	REPD technology: Anaerobic Digestion | CHP Enabled: No | jurisdiction: Wales	Anaerobic digestion (source technology type; vessel design and count not published)	REPD-published development status: Planning Permission Refused; not independently verified	Clean Power Properties	3 MW electrical installed capacity	biogas/renewable-energy project context; feedstock and gas output not inferred	https://www.gov.uk/government/publications/renewable-energy-planning-database-quarterly-extract	official UK renewable-energy planning project technology and status register	2026-09-28	Open Government Licence v3.0	All July 2026 REPD Anaerobic Digestion records in England, Scotland and Wales are included. Northern Ireland is excluded because its coordinates use a different grid. REPD records are planning projects and may represent revised applications at the same physical site.
uk-repd:342	Cattlegate Farm Biogas (Farm AD)	United Kingdom	51.696007	-0.111572	REPD-published British National Grid project point transformed with OS approximate Helmert method (about 3 m); source position not independently verified	anaerobic digestion / renewable energy planning	REPD technology: Anaerobic Digestion | CHP Enabled: No | jurisdiction: England	Anaerobic digestion (source technology type; vessel design and count not published)	REPD-published development status: Operational; not independently verified	Willen Biogas & Xergi	1.5 MW electrical installed capacity	biogas/renewable-energy project context; feedstock and gas output not inferred	https://www.gov.uk/government/publications/renewable-energy-planning-database-quarterly-extract	official UK renewable-energy planning project technology and status register	2026-09-28	Open Government Licence v3.0	All July 2026 REPD Anaerobic Digestion records in England, Scotland and Wales are included. Northern Ireland is excluded because its coordinates use a different grid. REPD records are planning projects and may represent revised applications at the same physical site.
uk-repd:343	GlaxoSmithKline (Waste AD)	United Kingdom	55.594462	-4.630184	REPD-published British National Grid project point transformed with OS approximate Helmert method (about 3 m); source position not independently verified	anaerobic digestion / renewable energy planning	REPD technology: Anaerobic Digestion | CHP Enabled: Yes | jurisdiction: Scotland	Anaerobic digestion (source technology type; vessel design and count not published)	REPD-published development status: Operational; not independently verified	GlaxoSmithKline	1 MW electrical installed capacity	biogas/renewable-energy project context; feedstock and gas output not inferred	https://www.gov.uk/government/publications/renewable-energy-planning-database-quarterly-extract	official UK renewable-energy planning project technology and status register	2026-09-28	Open Government Licence v3.0	All July 2026 REPD Anaerobic Digestion records in England, Scotland and Wales are included. Northern Ireland is excluded because its coordinates use a different grid. REPD records are planning projects and may represent revised applications at the same physical site.
uk-repd:344	Gravel Pit Farm	United Kingdom	54.020009	-0.957869	REPD-published British National Grid project point transformed with OS approximate Helmert method (about 3 m); source position not independently verified	anaerobic digestion / renewable energy planning	REPD technology: Anaerobic Digestion | CHP Enabled: Yes | jurisdiction: England	Anaerobic digestion (source technology type; vessel design and count not published)	REPD-published development status: Revised; not independently verified	JFS Biogas	1 MW electrical installed capacity	biogas/renewable-energy project context; feedstock and gas output not inferred	https://www.gov.uk/government/publications/renewable-energy-planning-database-quarterly-extract	official UK renewable-energy planning project technology and status register	2026-09-28	Open Government Licence v3.0	All July 2026 REPD Anaerobic Digestion records in England, Scotland and Wales are included. Northern Ireland is excluded because its coordinates use a different grid. REPD records are planning projects and may represent revised applications at the same physical site.
uk-repd:345	Great Hele Farm AD farm waste	United Kingdom	51.005068	-3.823811	REPD-published British National Grid project point transformed with OS approximate Helmert method (about 3 m); source position not independently verified	anaerobic digestion / renewable energy planning	REPD technology: Anaerobic Digestion | CHP Enabled: Yes | jurisdiction: England	Anaerobic digestion (source technology type; vessel design and count not published)	REPD-published development status: Operational; not independently verified	Greener for Life Energy	1.3 MW electrical installed capacity	biogas/renewable-energy project context; feedstock and gas output not inferred	https://www.gov.uk/government/publications/renewable-energy-planning-database-quarterly-extract	official UK renewable-energy planning project technology and status register	2026-09-28	Open Government Licence v3.0	All July 2026 REPD Anaerobic Digestion records in England, Scotland and Wales are included. Northern Ireland is excluded because its coordinates use a different grid. REPD records are planning projects and may represent revised applications at the same physical site.
uk-repd:346	Harlington Quarry	United Kingdom	51.491443	-0.424889	REPD-published British National Grid project point transformed with OS approximate Helmert method (about 3 m); source position not independently verified	anaerobic digestion / renewable energy planning	REPD technology: Anaerobic Digestion | CHP Enabled: Yes | jurisdiction: England	Anaerobic digestion (source technology type; vessel design and count not published)	REPD-published development status: Planning Permission Refused; not independently verified	Andigestion	3 MW electrical installed capacity	biogas/renewable-energy project context; feedstock and gas output not inferred	https://www.gov.uk/government/publications/renewable-energy-planning-database-quarterly-extract	official UK renewable-energy planning project technology and status register	2026-09-28	Open Government Licence v3.0	All July 2026 REPD Anaerobic Digestion records in England, Scotland and Wales are included. Northern Ireland is excluded because its coordinates use a different grid. REPD records are planning projects and may represent revised applications at the same physical site.
uk-repd:347	Holme Farm	United Kingdom	53.288447	-2.816193	REPD-published British National Grid project point transformed with OS approximate Helmert method (about 3 m); source position not independently verified	anaerobic digestion / renewable energy planning	REPD technology: Anaerobic Digestion | CHP Enabled: Yes | jurisdiction: England	Anaerobic digestion (source technology type; vessel design and count not published)	REPD-published development status: Planning Permission Granted; not independently verified	J H Willis & Son Ltd	1.4 MW electrical installed capacity	biogas/renewable-energy project context; feedstock and gas output not inferred	https://www.gov.uk/government/publications/renewable-energy-planning-database-quarterly-extract	official UK renewable-energy planning project technology and status register	2026-09-28	Open Government Licence v3.0	All July 2026 REPD Anaerobic Digestion records in England, Scotland and Wales are included. Northern Ireland is excluded because its coordinates use a different grid. REPD records are planning projects and may represent revised applications at the same physical site.
uk-repd:348	Imperial Park	United Kingdom	54.582204	-1.184977	REPD-published British National Grid project point transformed with OS approximate Helmert method (about 3 m); source position not independently verified	anaerobic digestion / renewable energy planning	REPD technology: Anaerobic Digestion | CHP Enabled: Yes | jurisdiction: England	Anaerobic digestion (source technology type; vessel design and count not published)	REPD-published development status: Operational; not independently verified	BioConstruct	5.1 MW electrical installed capacity	biogas/renewable-energy project context; feedstock and gas output not inferred	https://www.gov.uk/government/publications/renewable-energy-planning-database-quarterly-extract	official UK renewable-energy planning project technology and status register	2026-09-28	Open Government Licence v3.0	All July 2026 REPD Anaerobic Digestion records in England, Scotland and Wales are included. Northern Ireland is excluded because its coordinates use a different grid. REPD records are planning projects and may represent revised applications at the same physical site.
uk-repd:349	Land Adjacent to Thomas Swan and Co Ltd.	United Kingdom	54.854770	-1.814349	REPD-published British National Grid project point transformed with OS approximate Helmert method (about 3 m); source position not independently verified	anaerobic digestion / renewable energy planning	REPD technology: Anaerobic Digestion | CHP Enabled: Yes | jurisdiction: England	Anaerobic digestion (source technology type; vessel design and count not published)	REPD-published development status: Operational; not independently verified	Hallwick Energy	1 MW electrical installed capacity	biogas/renewable-energy project context; feedstock and gas output not inferred	https://www.gov.uk/government/publications/renewable-energy-planning-database-quarterly-extract	official UK renewable-energy planning project technology and status register	2026-09-28	Open Government Licence v3.0	All July 2026 REPD Anaerobic Digestion records in England, Scotland and Wales are included. Northern Ireland is excluded because its coordinates use a different grid. REPD records are planning projects and may represent revised applications at the same physical site.
uk-repd:350	North Moor Farm AD Plant (Farm AD)	United Kingdom	53.574461	-0.794089	REPD-published British National Grid project point transformed with OS approximate Helmert method (about 3 m); source position not independently verified	anaerobic digestion / renewable energy planning	REPD technology: Anaerobic Digestion | CHP Enabled: Yes | jurisdiction: England	Anaerobic digestion (source technology type; vessel design and count not published)	REPD-published development status: Operational; not independently verified	Rockscape Energy	4 MW electrical installed capacity	biogas/renewable-energy project context; feedstock and gas output not inferred	https://www.gov.uk/government/publications/renewable-energy-planning-database-quarterly-extract	official UK renewable-energy planning project technology and status register	2026-09-28	Open Government Licence v3.0	All July 2026 REPD Anaerobic Digestion records in England, Scotland and Wales are included. Northern Ireland is excluded because its coordinates use a different grid. REPD records are planning projects and may represent revised applications at the same physical site.
uk-repd:351	Park Shield	United Kingdom	55.013929	-2.164228	REPD-published British National Grid project point transformed with OS approximate Helmert method (about 3 m); source position not independently verified	anaerobic digestion / renewable energy planning	REPD technology: Anaerobic Digestion | CHP Enabled: No | jurisdiction: England	Anaerobic digestion (source technology type; vessel design and count not published)	REPD-published development status: Appeal Refused; not independently verified	JFS Biogas	1 MW electrical installed capacity	biogas/renewable-energy project context; feedstock and gas output not inferred	https://www.gov.uk/government/publications/renewable-energy-planning-database-quarterly-extract	official UK renewable-energy planning project technology and status register	2026-09-28	Open Government Licence v3.0	All July 2026 REPD Anaerobic Digestion records in England, Scotland and Wales are included. Northern Ireland is excluded because its coordinates use a different grid. REPD records are planning projects and may represent revised applications at the same physical site.
uk-repd:352	Wren Power and Pulp (Rivenhall Airfield)	United Kingdom	51.853283	0.647025	REPD-published British National Grid project point transformed with OS approximate Helmert method (about 3 m); source position not independently verified	anaerobic digestion / renewable energy planning	REPD technology: Anaerobic Digestion | CHP Enabled: No | jurisdiction: England	Anaerobic digestion (source technology type; vessel design and count not published)	REPD-published development status: Under Construction; not independently verified	Gent Fairhead Environmental Services	1.8 MW electrical installed capacity	biogas/renewable-energy project context; feedstock and gas output not inferred	https://www.gov.uk/government/publications/renewable-energy-planning-database-quarterly-extract	official UK renewable-energy planning project technology and status register	2026-09-28	Open Government Licence v3.0	All July 2026 REPD Anaerobic Digestion records in England, Scotland and Wales are included. Northern Ireland is excluded because its coordinates use a different grid. REPD records are planning projects and may represent revised applications at the same physical site.
uk-repd:353	Sutton Grange AD Plant	United Kingdom	53.363099	-0.960108	REPD-published British National Grid project point transformed with OS approximate Helmert method (about 3 m); source position not independently verified	anaerobic digestion / renewable energy planning	REPD technology: Anaerobic Digestion | CHP Enabled: No | jurisdiction: England	Anaerobic digestion (source technology type; vessel design and count not published)	REPD-published development status: Operational; not independently verified	Fred Walter & Sons Ltd	3 MW electrical installed capacity	biogas/renewable-energy project context; feedstock and gas output not inferred	https://www.gov.uk/government/publications/renewable-energy-planning-database-quarterly-extract	official UK renewable-energy planning project technology and status register	2026-09-28	Open Government Licence v3.0	All July 2026 REPD Anaerobic Digestion records in England, Scotland and Wales are included. Northern Ireland is excluded because its coordinates use a different grid. REPD records are planning projects and may represent revised applications at the same physical site.
uk-repd:354	The Old Dairy	United Kingdom	51.662365	-2.211510	REPD-published British National Grid project point transformed with OS approximate Helmert method (about 3 m); source position not independently verified	anaerobic digestion / renewable energy planning	REPD technology: Anaerobic Digestion | CHP Enabled: No | jurisdiction: England	Anaerobic digestion (source technology type; vessel design and count not published)	REPD-published development status: Appeal Refused; not independently verified	Greener for Life Energy	1.5 MW electrical installed capacity	biogas/renewable-energy project context; feedstock and gas output not inferred	https://www.gov.uk/government/publications/renewable-energy-planning-database-quarterly-extract	official UK renewable-energy planning project technology and status register	2026-09-28	Open Government Licence v3.0	All July 2026 REPD Anaerobic Digestion records in England, Scotland and Wales are included. Northern Ireland is excluded because its coordinates use a different grid. REPD records are planning projects and may represent revised applications at the same physical site.
uk-repd:355	Wheldon Road	United Kingdom	53.730511	-1.334910	REPD-published British National Grid project point transformed with OS approximate Helmert method (about 3 m); source position not independently verified	anaerobic digestion / renewable energy planning	REPD technology: Anaerobic Digestion | CHP Enabled: Yes | jurisdiction: England	Anaerobic digestion (source technology type; vessel design and count not published)	REPD-published development status: Planning Permission Refused; not independently verified	Clean Power Properties & Network Rail Infrastructure	2 MW electrical installed capacity	biogas/renewable-energy project context; feedstock and gas output not inferred	https://www.gov.uk/government/publications/renewable-energy-planning-database-quarterly-extract	official UK renewable-energy planning project technology and status register	2026-09-28	Open Government Licence v3.0	All July 2026 REPD Anaerobic Digestion records in England, Scotland and Wales are included. Northern Ireland is excluded because its coordinates use a different grid. REPD records are planning projects and may represent revised applications at the same physical site.
uk-repd:356	Wingmoor Farm (Waste AD)	United Kingdom	51.946094	-2.083259	REPD-published British National Grid project point transformed with OS approximate Helmert method (about 3 m); source position not independently verified	anaerobic digestion / renewable energy planning	REPD technology: Anaerobic Digestion | CHP Enabled: Yes | jurisdiction: England	Anaerobic digestion (source technology type; vessel design and count not published)	REPD-published development status: Operational; not independently verified	Grundon	1.6 MW electrical installed capacity	biogas/renewable-energy project context; feedstock and gas output not inferred	https://www.gov.uk/government/publications/renewable-energy-planning-database-quarterly-extract	official UK renewable-energy planning project technology and status register	2026-09-28	Open Government Licence v3.0	All July 2026 REPD Anaerobic Digestion records in England, Scotland and Wales are included. Northern Ireland is excluded because its coordinates use a different grid. REPD records are planning projects and may represent revised applications at the same physical site.
uk-repd:357	Carrington Farm AD	United Kingdom	53.070893	-0.053059	REPD-published British National Grid project point transformed with OS approximate Helmert method (about 3 m); source position not independently verified	anaerobic digestion / renewable energy planning	REPD technology: Anaerobic Digestion | CHP Enabled: No | jurisdiction: England	Anaerobic digestion (source technology type; vessel design and count not published)	REPD-published development status: Operational; not independently verified	Beeswax Farming (Rainbow)	3 MW electrical installed capacity	biogas/renewable-energy project context; feedstock and gas output not inferred	https://www.gov.uk/government/publications/renewable-energy-planning-database-quarterly-extract	official UK renewable-energy planning project technology and status register	2026-09-28	Open Government Licence v3.0	All July 2026 REPD Anaerobic Digestion records in England, Scotland and Wales are included. Northern Ireland is excluded because its coordinates use a different grid. REPD records are planning projects and may represent revised applications at the same physical site.
uk-repd:358	Houghton Main Renewable Energy - AD	United Kingdom	53.554208	-1.370538	REPD-published British National Grid project point transformed with OS approximate Helmert method (about 3 m); source position not independently verified	anaerobic digestion / renewable energy planning	REPD technology: Anaerobic Digestion | CHP Enabled: No | jurisdiction: England	Anaerobic digestion (source technology type; vessel design and count not published)	REPD-published development status: Planning Permission Refused; not independently verified	Peel Environmental	3 MW electrical installed capacity	biogas/renewable-energy project context; feedstock and gas output not inferred	https://www.gov.uk/government/publications/renewable-energy-planning-database-quarterly-extract	official UK renewable-energy planning project technology and status register	2026-09-28	Open Government Licence v3.0	All July 2026 REPD Anaerobic Digestion records in England, Scotland and Wales are included. Northern Ireland is excluded because its coordinates use a different grid. REPD records are planning projects and may represent revised applications at the same physical site.
uk-repd:359	West Roucan Farm	United Kingdom	55.095088	-3.533635	REPD-published British National Grid project point transformed with OS approximate Helmert method (about 3 m); source position not independently verified	anaerobic digestion / renewable energy planning	REPD technology: Anaerobic Digestion | CHP Enabled: No | jurisdiction: Scotland	Anaerobic digestion (source technology type; vessel design and count not published)	REPD-published development status: Operational; not independently verified	Private Developer	1.2 MW electrical installed capacity	biogas/renewable-energy project context; feedstock and gas output not inferred	https://www.gov.uk/government/publications/renewable-energy-planning-database-quarterly-extract	official UK renewable-energy planning project technology and status register	2026-09-28	Open Government Licence v3.0	All July 2026 REPD Anaerobic Digestion records in England, Scotland and Wales are included. Northern Ireland is excluded because its coordinates use a different grid. REPD records are planning projects and may represent revised applications at the same physical site.
uk-repd:360	Gedling Colliery AD	United Kingdom	52.989192	-1.088719	REPD-published British National Grid project point transformed with OS approximate Helmert method (about 3 m); source position not independently verified	anaerobic digestion / renewable energy planning	REPD technology: Anaerobic Digestion | CHP Enabled: Yes | jurisdiction: England	Anaerobic digestion (source technology type; vessel design and count not published)	REPD-published development status: Abandoned; not independently verified	Biogen (formerly Tamar Energy)	3 MW electrical installed capacity	biogas/renewable-energy project context; feedstock and gas output not inferred	https://www.gov.uk/government/publications/renewable-energy-planning-database-quarterly-extract	official UK renewable-energy planning project technology and status register	2026-09-28	Open Government Licence v3.0	All July 2026 REPD Anaerobic Digestion records in England, Scotland and Wales are included. Northern Ireland is excluded because its coordinates use a different grid. REPD records are planning projects and may represent revised applications at the same physical site.
uk-repd:361	Twemlow Lane AD Plant (Waste AD)	United Kingdom	53.217588	-2.330042	REPD-published British National Grid project point transformed with OS approximate Helmert method (about 3 m); source position not independently verified	anaerobic digestion / renewable energy planning	REPD technology: Anaerobic Digestion | CHP Enabled: No | jurisdiction: England	Anaerobic digestion (source technology type; vessel design and count not published)	REPD-published development status: Planning Permission Refused; not independently verified	C.R.E.S Biogas	1.2 MW electrical installed capacity	biogas/renewable-energy project context; feedstock and gas output not inferred	https://www.gov.uk/government/publications/renewable-energy-planning-database-quarterly-extract	official UK renewable-energy planning project technology and status register	2026-09-28	Open Government Licence v3.0	All July 2026 REPD Anaerobic Digestion records in England, Scotland and Wales are included. Northern Ireland is excluded because its coordinates use a different grid. REPD records are planning projects and may represent revised applications at the same physical site.
uk-repd:362	Trenoweth Guidestone Biogas Plant (Farm AD)	United Kingdom	50.446277	-4.951566	REPD-published British National Grid project point transformed with OS approximate Helmert method (about 3 m); source position not independently verified	anaerobic digestion / renewable energy planning	REPD technology: Anaerobic Digestion | CHP Enabled: No | jurisdiction: England	Anaerobic digestion (source technology type; vessel design and count not published)	REPD-published development status: Planning Permission Refused; not independently verified	Greener for Life Energy	2 MW electrical installed capacity	biogas/renewable-energy project context; feedstock and gas output not inferred	https://www.gov.uk/government/publications/renewable-energy-planning-database-quarterly-extract	official UK renewable-energy planning project technology and status register	2026-09-28	Open Government Licence v3.0	All July 2026 REPD Anaerobic Digestion records in England, Scotland and Wales are included. Northern Ireland is excluded because its coordinates use a different grid. REPD records are planning projects and may represent revised applications at the same physical site.
uk-repd:363	Maesgwyn Anaerobic Digestion Facility (Waste AD)	United Kingdom	51.764414	-3.644827	REPD-published British National Grid project point transformed with OS approximate Helmert method (about 3 m); source position not independently verified	anaerobic digestion / renewable energy planning	REPD technology: Anaerobic Digestion | CHP Enabled: No | jurisdiction: Wales	Anaerobic digestion (source technology type; vessel design and count not published)	REPD-published development status: Planning Permission Expired; not independently verified	Green Energy (South Wales)	1 MW electrical installed capacity	biogas/renewable-energy project context; feedstock and gas output not inferred	https://www.gov.uk/government/publications/renewable-energy-planning-database-quarterly-extract	official UK renewable-energy planning project technology and status register	2026-09-28	Open Government Licence v3.0	All July 2026 REPD Anaerobic Digestion records in England, Scotland and Wales are included. Northern Ireland is excluded because its coordinates use a different grid. REPD records are planning projects and may represent revised applications at the same physical site.
uk-repd:365	Charlton Lane Eco Park (Waste AD)	United Kingdom	51.404483	-0.440732	REPD-published British National Grid project point transformed with OS approximate Helmert method (about 3 m); source position not independently verified	anaerobic digestion / renewable energy planning	REPD technology: Anaerobic Digestion | CHP Enabled: No | jurisdiction: England	Anaerobic digestion (source technology type; vessel design and count not published)	REPD-published development status: Operational; not independently verified	Surrey County Council	1.7 MW electrical installed capacity	biogas/renewable-energy project context; feedstock and gas output not inferred	https://www.gov.uk/government/publications/renewable-energy-planning-database-quarterly-extract	official UK renewable-energy planning project technology and status register	2026-09-28	Open Government Licence v3.0	All July 2026 REPD Anaerobic Digestion records in England, Scotland and Wales are included. Northern Ireland is excluded because its coordinates use a different grid. REPD records are planning projects and may represent revised applications at the same physical site.
uk-repd:366	Bourne Park AD (AD)	United Kingdom	50.777105	-2.394149	REPD-published British National Grid project point transformed with OS approximate Helmert method (about 3 m); source position not independently verified	anaerobic digestion / renewable energy planning	REPD technology: Anaerobic Digestion | CHP Enabled: No | jurisdiction: England	Anaerobic digestion (source technology type; vessel design and count not published)	REPD-published development status: Operational; not independently verified	Eco Sustainable Solutions	1.1 MW electrical installed capacity	biogas/renewable-energy project context; feedstock and gas output not inferred	https://www.gov.uk/government/publications/renewable-energy-planning-database-quarterly-extract	official UK renewable-energy planning project technology and status register	2026-09-28	Open Government Licence v3.0	All July 2026 REPD Anaerobic Digestion records in England, Scotland and Wales are included. Northern Ireland is excluded because its coordinates use a different grid. REPD records are planning projects and may represent revised applications at the same physical site.
uk-repd:367	Decoy Farm (Farm AD)	United Kingdom	52.696879	-0.137066	REPD-published British National Grid project point transformed with OS approximate Helmert method (about 3 m); source position not independently verified	anaerobic digestion / renewable energy planning	REPD technology: Anaerobic Digestion | CHP Enabled: Yes | jurisdiction: England	Anaerobic digestion (source technology type; vessel design and count not published)	REPD-published development status: Operational; not independently verified	Organic Recycling	1.8 MW electrical installed capacity	biogas/renewable-energy project context; feedstock and gas output not inferred	https://www.gov.uk/government/publications/renewable-energy-planning-database-quarterly-extract	official UK renewable-energy planning project technology and status register	2026-09-28	Open Government Licence v3.0	All July 2026 REPD Anaerobic Digestion records in England, Scotland and Wales are included. Northern Ireland is excluded because its coordinates use a different grid. REPD records are planning projects and may represent revised applications at the same physical site.
uk-repd:368	Allerton Waste Recovery Park (Waste AD)	United Kingdom	54.032581	-1.380498	REPD-published British National Grid project point transformed with OS approximate Helmert method (about 3 m); source position not independently verified	anaerobic digestion / renewable energy planning	REPD technology: Anaerobic Digestion | CHP Enabled: No | jurisdiction: England	Anaerobic digestion (source technology type; vessel design and count not published)	REPD-published development status: Operational; not independently verified	AmeyCespa	1.1 MW electrical installed capacity	biogas/renewable-energy project context; feedstock and gas output not inferred	https://www.gov.uk/government/publications/renewable-energy-planning-database-quarterly-extract	official UK renewable-energy planning project technology and status register	2026-09-28	Open Government Licence v3.0	All July 2026 REPD Anaerobic Digestion records in England, Scotland and Wales are included. Northern Ireland is excluded because its coordinates use a different grid. REPD records are planning projects and may represent revised applications at the same physical site.
uk-repd:369	Wissington Sugar Factory	United Kingdom	52.551172	0.447947	REPD-published British National Grid project point transformed with OS approximate Helmert method (about 3 m); source position not independently verified	anaerobic digestion / renewable energy planning	REPD technology: Anaerobic Digestion | CHP Enabled: Yes | jurisdiction: England	Anaerobic digestion (source technology type; vessel design and count not published)	REPD-published development status: Planning Permission Expired; not independently verified	British Sugar	18 MW electrical installed capacity	biogas/renewable-energy project context; feedstock and gas output not inferred	https://www.gov.uk/government/publications/renewable-energy-planning-database-quarterly-extract	official UK renewable-energy planning project technology and status register	2026-09-28	Open Government Licence v3.0	All July 2026 REPD Anaerobic Digestion records in England, Scotland and Wales are included. Northern Ireland is excluded because its coordinates use a different grid. REPD records are planning projects and may represent revised applications at the same physical site.
uk-repd:370	Coursers Farm AD Plant (Waste AD)	United Kingdom	51.726713	-0.257494	REPD-published British National Grid project point transformed with OS approximate Helmert method (about 3 m); source position not independently verified	anaerobic digestion / renewable energy planning	REPD technology: Anaerobic Digestion | CHP Enabled: No | jurisdiction: England	Anaerobic digestion (source technology type; vessel design and count not published)	REPD-published development status: Operational; not independently verified	Severn Trent (formerly Agrivert)	3 MW electrical installed capacity	biogas/renewable-energy project context; feedstock and gas output not inferred	https://www.gov.uk/government/publications/renewable-energy-planning-database-quarterly-extract	official UK renewable-energy planning project technology and status register	2026-09-28	Open Government Licence v3.0	All July 2026 REPD Anaerobic Digestion records in England, Scotland and Wales are included. Northern Ireland is excluded because its coordinates use a different grid. REPD records are planning projects and may represent revised applications at the same physical site.
uk-repd:371	Millerhill AD (Waste AD)	United Kingdom	55.925503	-3.083380	REPD-published British National Grid project point transformed with OS approximate Helmert method (about 3 m); source position not independently verified	anaerobic digestion / renewable energy planning	REPD technology: Anaerobic Digestion | CHP Enabled: Yes | jurisdiction: Scotland	Anaerobic digestion (source technology type; vessel design and count not published)	REPD-published development status: Operational; not independently verified	Ancala Bioenergy (formerly Biogen/Aluana Renewable Energy)	1.5 MW electrical installed capacity	biogas/renewable-energy project context; feedstock and gas output not inferred	https://www.gov.uk/government/publications/renewable-energy-planning-database-quarterly-extract	official UK renewable-energy planning project technology and status register	2026-09-28	Open Government Licence v3.0	All July 2026 REPD Anaerobic Digestion records in England, Scotland and Wales are included. Northern Ireland is excluded because its coordinates use a different grid. REPD records are planning projects and may represent revised applications at the same physical site.
uk-repd:373	Willow Farm - New Earth Solutions (Waste AD)	United Kingdom	51.528079	-2.656357	REPD-published British National Grid project point transformed with OS approximate Helmert method (about 3 m); source position not independently verified	anaerobic digestion / renewable energy planning	REPD technology: Anaerobic Digestion | CHP Enabled: No | jurisdiction: England	Anaerobic digestion (source technology type; vessel design and count not published)	REPD-published development status: Abandoned; not independently verified	PandaGreen	3 MW electrical installed capacity	biogas/renewable-energy project context; feedstock and gas output not inferred	https://www.gov.uk/government/publications/renewable-energy-planning-database-quarterly-extract	official UK renewable-energy planning project technology and status register	2026-09-28	Open Government Licence v3.0	All July 2026 REPD Anaerobic Digestion records in England, Scotland and Wales are included. Northern Ireland is excluded because its coordinates use a different grid. REPD records are planning projects and may represent revised applications at the same physical site.
uk-repd:376	Hogsbrook Farm - Farm AD	United Kingdom	50.692826	-3.384124	REPD-published British National Grid project point transformed with OS approximate Helmert method (about 3 m); source position not independently verified	anaerobic digestion / renewable energy planning	REPD technology: Anaerobic Digestion | CHP Enabled: No | jurisdiction: England	Anaerobic digestion (source technology type; vessel design and count not published)	REPD-published development status: Operational; not independently verified	Greener for Life Energy	1 MW electrical installed capacity	biogas/renewable-energy project context; feedstock and gas output not inferred	https://www.gov.uk/government/publications/renewable-energy-planning-database-quarterly-extract	official UK renewable-energy planning project technology and status register	2026-09-28	Open Government Licence v3.0	All July 2026 REPD Anaerobic Digestion records in England, Scotland and Wales are included. Northern Ireland is excluded because its coordinates use a different grid. REPD records are planning projects and may represent revised applications at the same physical site.
uk-repd:378	Willowbrook	United Kingdom	52.508005	-0.661494	REPD-published British National Grid project point transformed with OS approximate Helmert method (about 3 m); source position not independently verified	anaerobic digestion / renewable energy planning	REPD technology: Anaerobic Digestion | CHP Enabled: No | jurisdiction: England	Anaerobic digestion (source technology type; vessel design and count not published)	REPD-published development status: Abandoned; not independently verified	Clean Power Properties	3 MW electrical installed capacity	biogas/renewable-energy project context; feedstock and gas output not inferred	https://www.gov.uk/government/publications/renewable-energy-planning-database-quarterly-extract	official UK renewable-energy planning project technology and status register	2026-09-28	Open Government Licence v3.0	All July 2026 REPD Anaerobic Digestion records in England, Scotland and Wales are included. Northern Ireland is excluded because its coordinates use a different grid. REPD records are planning projects and may represent revised applications at the same physical site.
uk-repd:379	Airfield Farm - AD	United Kingdom	51.669865	-1.839447	REPD-published British National Grid project point transformed with OS approximate Helmert method (about 3 m); source position not independently verified	anaerobic digestion / renewable energy planning	REPD technology: Anaerobic Digestion | CHP Enabled: No | jurisdiction: England	Anaerobic digestion (source technology type; vessel design and count not published)	REPD-published development status: Abandoned; not independently verified	Ylem Energy Limited	2 MW electrical installed capacity	biogas/renewable-energy project context; feedstock and gas output not inferred	https://www.gov.uk/government/publications/renewable-energy-planning-database-quarterly-extract	official UK renewable-energy planning project technology and status register	2026-09-28	Open Government Licence v3.0	All July 2026 REPD Anaerobic Digestion records in England, Scotland and Wales are included. Northern Ireland is excluded because its coordinates use a different grid. REPD records are planning projects and may represent revised applications at the same physical site.
uk-repd:380	Evercreech Junction - AD (food and farm waste)	United Kingdom	51.127373	-2.517032	REPD-published British National Grid project point transformed with OS approximate Helmert method (about 3 m); source position not independently verified	anaerobic digestion / renewable energy planning	REPD technology: Anaerobic Digestion | CHP Enabled: Yes | jurisdiction: England	Anaerobic digestion (source technology type; vessel design and count not published)	REPD-published development status: Abandoned; not independently verified	Evercreech Renewable Energy	4.8 MW electrical installed capacity	biogas/renewable-energy project context; feedstock and gas output not inferred	https://www.gov.uk/government/publications/renewable-energy-planning-database-quarterly-extract	official UK renewable-energy planning project technology and status register	2026-09-28	Open Government Licence v3.0	All July 2026 REPD Anaerobic Digestion records in England, Scotland and Wales are included. Northern Ireland is excluded because its coordinates use a different grid. REPD records are planning projects and may represent revised applications at the same physical site.
uk-repd:381	Wothersome Grange Farm House AD - crops	United Kingdom	53.877006	-1.393933	REPD-published British National Grid project point transformed with OS approximate Helmert method (about 3 m); source position not independently verified	anaerobic digestion / renewable energy planning	REPD technology: Anaerobic Digestion | CHP Enabled: No | jurisdiction: England	Anaerobic digestion (source technology type; vessel design and count not published)	REPD-published development status: Operational; not independently verified	Private Developer	1 MW electrical installed capacity	biogas/renewable-energy project context; feedstock and gas output not inferred	https://www.gov.uk/government/publications/renewable-energy-planning-database-quarterly-extract	official UK renewable-energy planning project technology and status register	2026-09-28	Open Government Licence v3.0	All July 2026 REPD Anaerobic Digestion records in England, Scotland and Wales are included. Northern Ireland is excluded because its coordinates use a different grid. REPD records are planning projects and may represent revised applications at the same physical site.
uk-repd:382	Knostrop WWTW AD	United Kingdom	53.779790	-1.507344	REPD-published British National Grid project point transformed with OS approximate Helmert method (about 3 m); source position not independently verified	anaerobic digestion / renewable energy planning	REPD technology: Anaerobic Digestion | CHP Enabled: No | jurisdiction: England	Anaerobic digestion (source technology type; vessel design and count not published)	REPD-published development status: Operational; not independently verified	Kelda Water Services	2.4 MW electrical installed capacity	biogas/renewable-energy project context; feedstock and gas output not inferred	https://www.gov.uk/government/publications/renewable-energy-planning-database-quarterly-extract	official UK renewable-energy planning project technology and status register	2026-09-28	Open Government Licence v3.0	All July 2026 REPD Anaerobic Digestion records in England, Scotland and Wales are included. Northern Ireland is excluded because its coordinates use a different grid. REPD records are planning projects and may represent revised applications at the same physical site.
uk-repd:383	Houghton Lodge Farm - AD - farm waste	United Kingdom	52.614768	-1.021037	REPD-published British National Grid project point transformed with OS approximate Helmert method (about 3 m); source position not independently verified	anaerobic digestion / renewable energy planning	REPD technology: Anaerobic Digestion | CHP Enabled: No | jurisdiction: England	Anaerobic digestion (source technology type; vessel design and count not published)	REPD-published development status: Abandoned; not independently verified	Ylem Energy Limited	2 MW electrical installed capacity	biogas/renewable-energy project context; feedstock and gas output not inferred	https://www.gov.uk/government/publications/renewable-energy-planning-database-quarterly-extract	official UK renewable-energy planning project technology and status register	2026-09-28	Open Government Licence v3.0	All July 2026 REPD Anaerobic Digestion records in England, Scotland and Wales are included. Northern Ireland is excluded because its coordinates use a different grid. REPD records are planning projects and may represent revised applications at the same physical site.
uk-repd:384	Land South East Of Water Treatment Works Bridge End	United Kingdom	54.973341	-2.081828	REPD-published British National Grid project point transformed with OS approximate Helmert method (about 3 m); source position not independently verified	anaerobic digestion / renewable energy planning	REPD technology: Anaerobic Digestion | CHP Enabled: Yes | jurisdiction: England	Anaerobic digestion (source technology type; vessel design and count not published)	REPD-published development status: Operational; not independently verified	DJ AND SJ RECYCLING	1.5 MW electrical installed capacity	biogas/renewable-energy project context; feedstock and gas output not inferred	https://www.gov.uk/government/publications/renewable-energy-planning-database-quarterly-extract	official UK renewable-energy planning project technology and status register	2026-09-28	Open Government Licence v3.0	All July 2026 REPD Anaerobic Digestion records in England, Scotland and Wales are included. Northern Ireland is excluded because its coordinates use a different grid. REPD records are planning projects and may represent revised applications at the same physical site.
uk-repd:385	Teesside Green Energy Plant (Waste AD)	United Kingdom	54.581509	-1.246942	REPD-published British National Grid project point transformed with OS approximate Helmert method (about 3 m); source position not independently verified	anaerobic digestion / renewable energy planning	REPD technology: Anaerobic Digestion | CHP Enabled: No | jurisdiction: England	Anaerobic digestion (source technology type; vessel design and count not published)	REPD-published development status: Operational; not independently verified	B F BIO GAS	4.8 MW electrical installed capacity	biogas/renewable-energy project context; feedstock and gas output not inferred	https://www.gov.uk/government/publications/renewable-energy-planning-database-quarterly-extract	official UK renewable-energy planning project technology and status register	2026-09-28	Open Government Licence v3.0	All July 2026 REPD Anaerobic Digestion records in England, Scotland and Wales are included. Northern Ireland is excluded because its coordinates use a different grid. REPD records are planning projects and may represent revised applications at the same physical site.
uk-repd:386	Crowmarsh Battle Farm (Farm AD)	United Kingdom	51.610977	-1.103272	REPD-published British National Grid project point transformed with OS approximate Helmert method (about 3 m); source position not independently verified	anaerobic digestion / renewable energy planning	REPD technology: Anaerobic Digestion | CHP Enabled: No | jurisdiction: England	Anaerobic digestion (source technology type; vessel design and count not published)	REPD-published development status: Operational; not independently verified	Severn Trent (formerly Agrivert)	2.3 MW electrical installed capacity	biogas/renewable-energy project context; feedstock and gas output not inferred	https://www.gov.uk/government/publications/renewable-energy-planning-database-quarterly-extract	official UK renewable-energy planning project technology and status register	2026-09-28	Open Government Licence v3.0	All July 2026 REPD Anaerobic Digestion records in England, Scotland and Wales are included. Northern Ireland is excluded because its coordinates use a different grid. REPD records are planning projects and may represent revised applications at the same physical site.
uk-repd:46	Green's Lodge Farm	United Kingdom	52.723994	-1.312489	REPD-published British National Grid project point transformed with OS approximate Helmert method (about 3 m); source position not independently verified	anaerobic digestion / renewable energy planning	REPD technology: Anaerobic Digestion | CHP Enabled: Yes | jurisdiction: England	Anaerobic digestion (source technology type; vessel design and count not published)	REPD-published development status: Operational; not independently verified	A C Shropshire Ltd	2 MW electrical installed capacity	biogas/renewable-energy project context; feedstock and gas output not inferred	https://www.gov.uk/government/publications/renewable-energy-planning-database-quarterly-extract	official UK renewable-energy planning project technology and status register	2026-09-28	Open Government Licence v3.0	All July 2026 REPD Anaerobic Digestion records in England, Scotland and Wales are included. Northern Ireland is excluded because its coordinates use a different grid. REPD records are planning projects and may represent revised applications at the same physical site.
uk-repd:4786	Stormy Down (Waste AD)	United Kingdom	51.507234	-3.671340	REPD-published British National Grid project point transformed with OS approximate Helmert method (about 3 m); source position not independently verified	anaerobic digestion / renewable energy planning	REPD technology: Anaerobic Digestion | CHP Enabled: No | jurisdiction: Wales	Anaerobic digestion (source technology type; vessel design and count not published)	REPD-published development status: Operational; not independently verified	Severn Trent (formerly Agrivert)	3 MW electrical installed capacity	biogas/renewable-energy project context; feedstock and gas output not inferred	https://www.gov.uk/government/publications/renewable-energy-planning-database-quarterly-extract	official UK renewable-energy planning project technology and status register	2026-09-28	Open Government Licence v3.0	All July 2026 REPD Anaerobic Digestion records in England, Scotland and Wales are included. Northern Ireland is excluded because its coordinates use a different grid. REPD records are planning projects and may represent revised applications at the same physical site.
uk-repd:4787	Knowsley AD Facility	United Kingdom	53.492050	-2.855203	REPD-published British National Grid project point transformed with OS approximate Helmert method (about 3 m); source position not independently verified	anaerobic digestion / renewable energy planning	REPD technology: Anaerobic Digestion | CHP Enabled: Yes | jurisdiction: England	Anaerobic digestion (source technology type; vessel design and count not published)	REPD-published development status: Abandoned; not independently verified	Biogen (formerly Tamar Energy)	3 MW electrical installed capacity	biogas/renewable-energy project context; feedstock and gas output not inferred	https://www.gov.uk/government/publications/renewable-energy-planning-database-quarterly-extract	official UK renewable-energy planning project technology and status register	2026-09-28	Open Government Licence v3.0	All July 2026 REPD Anaerobic Digestion records in England, Scotland and Wales are included. Northern Ireland is excluded because its coordinates use a different grid. REPD records are planning projects and may represent revised applications at the same physical site.
uk-repd:4876	Bonby Lane	United Kingdom	53.634634	-0.465899	REPD-published British National Grid project point transformed with OS approximate Helmert method (about 3 m); source position not independently verified	anaerobic digestion / renewable energy planning	REPD technology: Anaerobic Digestion | CHP Enabled: Yes | jurisdiction: England	Anaerobic digestion (source technology type; vessel design and count not published)	REPD-published development status: Operational; not independently verified	Zebec Energy	1.5 MW electrical installed capacity	biogas/renewable-energy project context; feedstock and gas output not inferred	https://www.gov.uk/government/publications/renewable-energy-planning-database-quarterly-extract	official UK renewable-energy planning project technology and status register	2026-09-28	Open Government Licence v3.0	All July 2026 REPD Anaerobic Digestion records in England, Scotland and Wales are included. Northern Ireland is excluded because its coordinates use a different grid. REPD records are planning projects and may represent revised applications at the same physical site.
uk-repd:4877	British Sugar - Bury	United Kingdom	52.254292	0.726952	REPD-published British National Grid project point transformed with OS approximate Helmert method (about 3 m); source position not independently verified	anaerobic digestion / renewable energy planning	REPD technology: Anaerobic Digestion | CHP Enabled: Yes | jurisdiction: England	Anaerobic digestion (source technology type; vessel design and count not published)	REPD-published development status: Operational; not independently verified	British Sugar	5 MW electrical installed capacity	biogas/renewable-energy project context; feedstock and gas output not inferred	https://www.gov.uk/government/publications/renewable-energy-planning-database-quarterly-extract	official UK renewable-energy planning project technology and status register	2026-09-28	Open Government Licence v3.0	All July 2026 REPD Anaerobic Digestion records in England, Scotland and Wales are included. Northern Ireland is excluded because its coordinates use a different grid. REPD records are planning projects and may represent revised applications at the same physical site.
uk-repd:4904	Church Farm AD	United Kingdom	54.209406	-1.224085	REPD-published British National Grid project point transformed with OS approximate Helmert method (about 3 m); source position not independently verified	anaerobic digestion / renewable energy planning	REPD technology: Anaerobic Digestion | CHP Enabled: No | jurisdiction: England	Anaerobic digestion (source technology type; vessel design and count not published)	REPD-published development status: Planning Permission Refused; not independently verified	JFS Biogas	1 MW electrical installed capacity	biogas/renewable-energy project context; feedstock and gas output not inferred	https://www.gov.uk/government/publications/renewable-energy-planning-database-quarterly-extract	official UK renewable-energy planning project technology and status register	2026-09-28	Open Government Licence v3.0	All July 2026 REPD Anaerobic Digestion records in England, Scotland and Wales are included. Northern Ireland is excluded because its coordinates use a different grid. REPD records are planning projects and may represent revised applications at the same physical site.
uk-repd:4906	Arla Dairy Site	United Kingdom	51.820624	-0.738225	REPD-published British National Grid project point transformed with OS approximate Helmert method (about 3 m); source position not independently verified	anaerobic digestion / renewable energy planning	REPD technology: Anaerobic Digestion | CHP Enabled: Yes | jurisdiction: England	Anaerobic digestion (source technology type; vessel design and count not published)	REPD-published development status: Operational; not independently verified	Olleco and Arla Foods	5 MW electrical installed capacity	biogas/renewable-energy project context; feedstock and gas output not inferred	https://www.gov.uk/government/publications/renewable-energy-planning-database-quarterly-extract	official UK renewable-energy planning project technology and status register	2026-09-28	Open Government Licence v3.0	All July 2026 REPD Anaerobic Digestion records in England, Scotland and Wales are included. Northern Ireland is excluded because its coordinates use a different grid. REPD records are planning projects and may represent revised applications at the same physical site.
uk-repd:4919	Gravel Pit Farm	United Kingdom	54.020009	-0.957869	REPD-published British National Grid project point transformed with OS approximate Helmert method (about 3 m); source position not independently verified	anaerobic digestion / renewable energy planning	REPD technology: Anaerobic Digestion | CHP Enabled: Yes | jurisdiction: England	Anaerobic digestion (source technology type; vessel design and count not published)	REPD-published development status: Operational; not independently verified	JFS Biogas	1 MW electrical installed capacity	biogas/renewable-energy project context; feedstock and gas output not inferred	https://www.gov.uk/government/publications/renewable-energy-planning-database-quarterly-extract	official UK renewable-energy planning project technology and status register	2026-09-28	Open Government Licence v3.0	All July 2026 REPD Anaerobic Digestion records in England, Scotland and Wales are included. Northern Ireland is excluded because its coordinates use a different grid. REPD records are planning projects and may represent revised applications at the same physical site.
uk-repd:4970	Bentwaters Park (extension)	United Kingdom	52.125307	1.442806	REPD-published British National Grid project point transformed with OS approximate Helmert method (about 3 m); source position not independently verified	anaerobic digestion / renewable energy planning	REPD technology: Anaerobic Digestion | CHP Enabled: Yes | jurisdiction: England	Anaerobic digestion (source technology type; vessel design and count not published)	REPD-published development status: Operational; not independently verified	Agri-Gen/Downing	1.8 MW electrical installed capacity	biogas/renewable-energy project context; feedstock and gas output not inferred	https://www.gov.uk/government/publications/renewable-energy-planning-database-quarterly-extract	official UK renewable-energy planning project technology and status register	2026-09-28	Open Government Licence v3.0	All July 2026 REPD Anaerobic Digestion records in England, Scotland and Wales are included. Northern Ireland is excluded because its coordinates use a different grid. REPD records are planning projects and may represent revised applications at the same physical site.
uk-repd:5081	Cardiff Organic Waste Treatment Project	United Kingdom	51.477165	-3.136535	REPD-published British National Grid project point transformed with OS approximate Helmert method (about 3 m); source position not independently verified	anaerobic digestion / renewable energy planning	REPD technology: Anaerobic Digestion | CHP Enabled:  | jurisdiction: Wales	Anaerobic digestion (source technology type; vessel design and count not published)	REPD-published development status: Operational; not independently verified	Kelda Organic Energy	2 MW electrical installed capacity	biogas/renewable-energy project context; feedstock and gas output not inferred	https://www.gov.uk/government/publications/renewable-energy-planning-database-quarterly-extract	official UK renewable-energy planning project technology and status register	2026-09-28	Open Government Licence v3.0	All July 2026 REPD Anaerobic Digestion records in England, Scotland and Wales are included. Northern Ireland is excluded because its coordinates use a different grid. REPD records are planning projects and may represent revised applications at the same physical site.
uk-repd:5091	Fosseway Environment Park	United Kingdom	51.349103	-2.397762	REPD-published British National Grid project point transformed with OS approximate Helmert method (about 3 m); source position not independently verified	anaerobic digestion / renewable energy planning	REPD technology: Anaerobic Digestion | CHP Enabled: Yes | jurisdiction: England	Anaerobic digestion (source technology type; vessel design and count not published)	REPD-published development status: Under Construction; not independently verified	Gazelle Properties	1 MW electrical installed capacity	biogas/renewable-energy project context; feedstock and gas output not inferred	https://www.gov.uk/government/publications/renewable-energy-planning-database-quarterly-extract	official UK renewable-energy planning project technology and status register	2026-09-28	Open Government Licence v3.0	All July 2026 REPD Anaerobic Digestion records in England, Scotland and Wales are included. Northern Ireland is excluded because its coordinates use a different grid. REPD records are planning projects and may represent revised applications at the same physical site.
uk-repd:5135	Weylands Treatment Works	United Kingdom	51.378875	-0.378607	REPD-published British National Grid project point transformed with OS approximate Helmert method (about 3 m); source position not independently verified	anaerobic digestion / renewable energy planning	REPD technology: Anaerobic Digestion | CHP Enabled:  | jurisdiction: England	Anaerobic digestion (source technology type; vessel design and count not published)	REPD-published development status: Planning Application Withdrawn; not independently verified	Iceni Projects	6 MW electrical installed capacity	biogas/renewable-energy project context; feedstock and gas output not inferred	https://www.gov.uk/government/publications/renewable-energy-planning-database-quarterly-extract	official UK renewable-energy planning project technology and status register	2026-09-28	Open Government Licence v3.0	All July 2026 REPD Anaerobic Digestion records in England, Scotland and Wales are included. Northern Ireland is excluded because its coordinates use a different grid. REPD records are planning projects and may represent revised applications at the same physical site.
uk-repd:5323	Swancote Farm	United Kingdom	52.542717	-2.381353	REPD-published British National Grid project point transformed with OS approximate Helmert method (about 3 m); source position not independently verified	anaerobic digestion / renewable energy planning	REPD technology: Anaerobic Digestion | CHP Enabled: Yes | jurisdiction: England	Anaerobic digestion (source technology type; vessel design and count not published)	REPD-published development status: Operational; not independently verified	Swancote Energy	1.2 MW electrical installed capacity	biogas/renewable-energy project context; feedstock and gas output not inferred	https://www.gov.uk/government/publications/renewable-energy-planning-database-quarterly-extract	official UK renewable-energy planning project technology and status register	2026-09-28	Open Government Licence v3.0	All July 2026 REPD Anaerobic Digestion records in England, Scotland and Wales are included. Northern Ireland is excluded because its coordinates use a different grid. REPD records are planning projects and may represent revised applications at the same physical site.
uk-repd:5516	Aspatria Creamery	United Kingdom	54.758130	-3.330867	REPD-published British National Grid project point transformed with OS approximate Helmert method (about 3 m); source position not independently verified	anaerobic digestion / renewable energy planning	REPD technology: Anaerobic Digestion | CHP Enabled: No | jurisdiction: England	Anaerobic digestion (source technology type; vessel design and count not published)	REPD-published development status: Operational; not independently verified	First Milk Cheese Company	5 MW electrical installed capacity	biogas/renewable-energy project context; feedstock and gas output not inferred	https://www.gov.uk/government/publications/renewable-energy-planning-database-quarterly-extract	official UK renewable-energy planning project technology and status register	2026-09-28	Open Government Licence v3.0	All July 2026 REPD Anaerobic Digestion records in England, Scotland and Wales are included. Northern Ireland is excluded because its coordinates use a different grid. REPD records are planning projects and may represent revised applications at the same physical site.
uk-repd:5561	Knoxbridge Farm	United Kingdom	51.141661	0.563950	REPD-published British National Grid project point transformed with OS approximate Helmert method (about 3 m); source position not independently verified	anaerobic digestion / renewable energy planning	REPD technology: Anaerobic Digestion | CHP Enabled: No | jurisdiction: England	Anaerobic digestion (source technology type; vessel design and count not published)	REPD-published development status: Under Construction; not independently verified	Fridays & Rika Biofuels	2 MW electrical installed capacity	biogas/renewable-energy project context; feedstock and gas output not inferred	https://www.gov.uk/government/publications/renewable-energy-planning-database-quarterly-extract	official UK renewable-energy planning project technology and status register	2026-09-28	Open Government Licence v3.0	All July 2026 REPD Anaerobic Digestion records in England, Scotland and Wales are included. Northern Ireland is excluded because its coordinates use a different grid. REPD records are planning projects and may represent revised applications at the same physical site.
uk-repd:5623	Farnsfield AD	United Kingdom	53.102345	-1.071722	REPD-published British National Grid project point transformed with OS approximate Helmert method (about 3 m); source position not independently verified	anaerobic digestion / renewable energy planning	REPD technology: Anaerobic Digestion | CHP Enabled: Yes | jurisdiction: England	Anaerobic digestion (source technology type; vessel design and count not published)	REPD-published development status: Planning Application Withdrawn; not independently verified	Fresh Growers	2 MW electrical installed capacity	biogas/renewable-energy project context; feedstock and gas output not inferred	https://www.gov.uk/government/publications/renewable-energy-planning-database-quarterly-extract	official UK renewable-energy planning project technology and status register	2026-09-28	Open Government Licence v3.0	All July 2026 REPD Anaerobic Digestion records in England, Scotland and Wales are included. Northern Ireland is excluded because its coordinates use a different grid. REPD records are planning projects and may represent revised applications at the same physical site.
uk-repd:5626	Cross Bank Road (AD)	United Kingdom	52.762628	0.389103	REPD-published British National Grid project point transformed with OS approximate Helmert method (about 3 m); source position not independently verified	anaerobic digestion / renewable energy planning	REPD technology: Anaerobic Digestion | CHP Enabled:  | jurisdiction: England	Anaerobic digestion (source technology type; vessel design and count not published)	REPD-published development status: Planning Application Withdrawn; not independently verified	Mickram	3 MW electrical installed capacity	biogas/renewable-energy project context; feedstock and gas output not inferred	https://www.gov.uk/government/publications/renewable-energy-planning-database-quarterly-extract	official UK renewable-energy planning project technology and status register	2026-09-28	Open Government Licence v3.0	All July 2026 REPD Anaerobic Digestion records in England, Scotland and Wales are included. Northern Ireland is excluded because its coordinates use a different grid. REPD records are planning projects and may represent revised applications at the same physical site.
uk-repd:5627	Washwood Heath	United Kingdom	52.503841	-1.841321	REPD-published British National Grid project point transformed with OS approximate Helmert method (about 3 m); source position not independently verified	anaerobic digestion / renewable energy planning	REPD technology: Anaerobic Digestion | CHP Enabled: Yes | jurisdiction: England	Anaerobic digestion (source technology type; vessel design and count not published)	REPD-published development status: Planning Permission Expired; not independently verified	Clean Power Properties & Network Rail Infrastructure	2 MW electrical installed capacity	biogas/renewable-energy project context; feedstock and gas output not inferred	https://www.gov.uk/government/publications/renewable-energy-planning-database-quarterly-extract	official UK renewable-energy planning project technology and status register	2026-09-28	Open Government Licence v3.0	All July 2026 REPD Anaerobic Digestion records in England, Scotland and Wales are included. Northern Ireland is excluded because its coordinates use a different grid. REPD records are planning projects and may represent revised applications at the same physical site.
uk-repd:5645	Arkleby Mill	United Kingdom	54.751020	-3.332545	REPD-published British National Grid project point transformed with OS approximate Helmert method (about 3 m); source position not independently verified	anaerobic digestion / renewable energy planning	REPD technology: Anaerobic Digestion | CHP Enabled: No | jurisdiction: England	Anaerobic digestion (source technology type; vessel design and count not published)	REPD-published development status: Operational; not independently verified	Mssrs R Miller Ltd	1 MW electrical installed capacity	biogas/renewable-energy project context; feedstock and gas output not inferred	https://www.gov.uk/government/publications/renewable-energy-planning-database-quarterly-extract	official UK renewable-energy planning project technology and status register	2026-09-28	Open Government Licence v3.0	All July 2026 REPD Anaerobic Digestion records in England, Scotland and Wales are included. Northern Ireland is excluded because its coordinates use a different grid. REPD records are planning projects and may represent revised applications at the same physical site.
uk-repd:5652	Bromham House Farm	United Kingdom	51.391747	-2.037333	REPD-published British National Grid project point transformed with OS approximate Helmert method (about 3 m); source position not independently verified	anaerobic digestion / renewable energy planning	REPD technology: Anaerobic Digestion | CHP Enabled: No | jurisdiction: England	Anaerobic digestion (source technology type; vessel design and count not published)	REPD-published development status: Operational; not independently verified	A J Butler & Sons Ltd	1.5 MW electrical installed capacity	biogas/renewable-energy project context; feedstock and gas output not inferred	https://www.gov.uk/government/publications/renewable-energy-planning-database-quarterly-extract	official UK renewable-energy planning project technology and status register	2026-09-28	Open Government Licence v3.0	All July 2026 REPD Anaerobic Digestion records in England, Scotland and Wales are included. Northern Ireland is excluded because its coordinates use a different grid. REPD records are planning projects and may represent revised applications at the same physical site.
uk-repd:5668	Austrey House Farm	United Kingdom	52.643761	-1.557974	REPD-published British National Grid project point transformed with OS approximate Helmert method (about 3 m); source position not independently verified	anaerobic digestion / renewable energy planning	REPD technology: Anaerobic Digestion | CHP Enabled: No | jurisdiction: England	Anaerobic digestion (source technology type; vessel design and count not published)	REPD-published development status: Operational; not independently verified	William Corbett Farms	1.5 MW electrical installed capacity	biogas/renewable-energy project context; feedstock and gas output not inferred	https://www.gov.uk/government/publications/renewable-energy-planning-database-quarterly-extract	official UK renewable-energy planning project technology and status register	2026-09-28	Open Government Licence v3.0	All July 2026 REPD Anaerobic Digestion records in England, Scotland and Wales are included. Northern Ireland is excluded because its coordinates use a different grid. REPD records are planning projects and may represent revised applications at the same physical site.
uk-repd:5703	Morayhill AD	United Kingdom	57.518181	-4.088863	REPD-published British National Grid project point transformed with OS approximate Helmert method (about 3 m); source position not independently verified	anaerobic digestion / renewable energy planning	REPD technology: Anaerobic Digestion | CHP Enabled: No | jurisdiction: Scotland	Anaerobic digestion (source technology type; vessel design and count not published)	REPD-published development status: Operational; not independently verified	Morayhill	2 MW electrical installed capacity	biogas/renewable-energy project context; feedstock and gas output not inferred	https://www.gov.uk/government/publications/renewable-energy-planning-database-quarterly-extract	official UK renewable-energy planning project technology and status register	2026-09-28	Open Government Licence v3.0	All July 2026 REPD Anaerobic Digestion records in England, Scotland and Wales are included. Northern Ireland is excluded because its coordinates use a different grid. REPD records are planning projects and may represent revised applications at the same physical site.
uk-repd:5718	Kingfisher Court	United Kingdom	53.814261	-0.386408	REPD-published British National Grid project point transformed with OS approximate Helmert method (about 3 m); source position not independently verified	anaerobic digestion / renewable energy planning	REPD technology: Anaerobic Digestion | CHP Enabled: Yes | jurisdiction: England	Anaerobic digestion (source technology type; vessel design and count not published)	REPD-published development status: Planning Permission Refused; not independently verified	Singleton Birch	2.5 MW electrical installed capacity	biogas/renewable-energy project context; feedstock and gas output not inferred	https://www.gov.uk/government/publications/renewable-energy-planning-database-quarterly-extract	official UK renewable-energy planning project technology and status register	2026-09-28	Open Government Licence v3.0	All July 2026 REPD Anaerobic Digestion records in England, Scotland and Wales are included. Northern Ireland is excluded because its coordinates use a different grid. REPD records are planning projects and may represent revised applications at the same physical site.
uk-repd:5722	Brocklesby - Crosslands Lane	United Kingdom	53.778176	-0.663861	REPD-published British National Grid project point transformed with OS approximate Helmert method (about 3 m); source position not independently verified	anaerobic digestion / renewable energy planning	REPD technology: Anaerobic Digestion | CHP Enabled: No | jurisdiction: England	Anaerobic digestion (source technology type; vessel design and count not published)	REPD-published development status: Operational; not independently verified	BioConstruct	3.5 MW electrical installed capacity	biogas/renewable-energy project context; feedstock and gas output not inferred	https://www.gov.uk/government/publications/renewable-energy-planning-database-quarterly-extract	official UK renewable-energy planning project technology and status register	2026-09-28	Open Government Licence v3.0	All July 2026 REPD Anaerobic Digestion records in England, Scotland and Wales are included. Northern Ireland is excluded because its coordinates use a different grid. REPD records are planning projects and may represent revised applications at the same physical site.
uk-repd:5745	Arbour Hill	United Kingdom	54.328219	-1.658902	REPD-published British National Grid project point transformed with OS approximate Helmert method (about 3 m); source position not independently verified	anaerobic digestion / renewable energy planning	REPD technology: Anaerobic Digestion | CHP Enabled: Yes | jurisdiction: England	Anaerobic digestion (source technology type; vessel design and count not published)	REPD-published development status: Planning Permission Refused; not independently verified	Arbour Hill Biogas	1 MW electrical installed capacity	biogas/renewable-energy project context; feedstock and gas output not inferred	https://www.gov.uk/government/publications/renewable-energy-planning-database-quarterly-extract	official UK renewable-energy planning project technology and status register	2026-09-28	Open Government Licence v3.0	All July 2026 REPD Anaerobic Digestion records in England, Scotland and Wales are included. Northern Ireland is excluded because its coordinates use a different grid. REPD records are planning projects and may represent revised applications at the same physical site.
uk-repd:5746	RAF Shawbury	United Kingdom	52.800301	-2.651489	REPD-published British National Grid project point transformed with OS approximate Helmert method (about 3 m); source position not independently verified	anaerobic digestion / renewable energy planning	REPD technology: Anaerobic Digestion | CHP Enabled: Yes | jurisdiction: England	Anaerobic digestion (source technology type; vessel design and count not published)	REPD-published development status: Revised; not independently verified	Oaklands Farm Eggs	1 MW electrical installed capacity	biogas/renewable-energy project context; feedstock and gas output not inferred	https://www.gov.uk/government/publications/renewable-energy-planning-database-quarterly-extract	official UK renewable-energy planning project technology and status register	2026-09-28	Open Government Licence v3.0	All July 2026 REPD Anaerobic Digestion records in England, Scotland and Wales are included. Northern Ireland is excluded because its coordinates use a different grid. REPD records are planning projects and may represent revised applications at the same physical site.
uk-repd:5747	Langdon Mill	United Kingdom	51.734446	-4.773523	REPD-published British National Grid project point transformed with OS approximate Helmert method (about 3 m); source position not independently verified	anaerobic digestion / renewable energy planning	REPD technology: Anaerobic Digestion | CHP Enabled: Yes | jurisdiction: Wales	Anaerobic digestion (source technology type; vessel design and count not published)	REPD-published development status: Under Construction; not independently verified	Langdon Enterprises	1 MW electrical installed capacity	biogas/renewable-energy project context; feedstock and gas output not inferred	https://www.gov.uk/government/publications/renewable-energy-planning-database-quarterly-extract	official UK renewable-energy planning project technology and status register	2026-09-28	Open Government Licence v3.0	All July 2026 REPD Anaerobic Digestion records in England, Scotland and Wales are included. Northern Ireland is excluded because its coordinates use a different grid. REPD records are planning projects and may represent revised applications at the same physical site.
uk-repd:5748	Willand AD	United Kingdom	50.892268	-3.380104	REPD-published British National Grid project point transformed with OS approximate Helmert method (about 3 m); source position not independently verified	anaerobic digestion / renewable energy planning	REPD technology: Anaerobic Digestion | CHP Enabled: Yes | jurisdiction: England	Anaerobic digestion (source technology type; vessel design and count not published)	REPD-published development status: Operational; not independently verified	Greener for Life Energy	2 MW electrical installed capacity	biogas/renewable-energy project context; feedstock and gas output not inferred	https://www.gov.uk/government/publications/renewable-energy-planning-database-quarterly-extract	official UK renewable-energy planning project technology and status register	2026-09-28	Open Government Licence v3.0	All July 2026 REPD Anaerobic Digestion records in England, Scotland and Wales are included. Northern Ireland is excluded because its coordinates use a different grid. REPD records are planning projects and may represent revised applications at the same physical site.
uk-repd:5749	Park Farm AD	United Kingdom	55.723028	-4.171875	REPD-published British National Grid project point transformed with OS approximate Helmert method (about 3 m); source position not independently verified	anaerobic digestion / renewable energy planning	REPD technology: Anaerobic Digestion | CHP Enabled: Yes | jurisdiction: Scotland	Anaerobic digestion (source technology type; vessel design and count not published)	REPD-published development status: Revised; not independently verified	Neilson Biogas	1 MW electrical installed capacity	biogas/renewable-energy project context; feedstock and gas output not inferred	https://www.gov.uk/government/publications/renewable-energy-planning-database-quarterly-extract	official UK renewable-energy planning project technology and status register	2026-09-28	Open Government Licence v3.0	All July 2026 REPD Anaerobic Digestion records in England, Scotland and Wales are included. Northern Ireland is excluded because its coordinates use a different grid. REPD records are planning projects and may represent revised applications at the same physical site.
uk-repd:5750	Wigley Farm	United Kingdom	52.386656	-2.698702	REPD-published British National Grid project point transformed with OS approximate Helmert method (about 3 m); source position not independently verified	anaerobic digestion / renewable energy planning	REPD technology: Anaerobic Digestion | CHP Enabled: Yes | jurisdiction: England	Anaerobic digestion (source technology type; vessel design and count not published)	REPD-published development status: Operational; not independently verified	R Gough & Son Ltd	1.1 MW electrical installed capacity	biogas/renewable-energy project context; feedstock and gas output not inferred	https://www.gov.uk/government/publications/renewable-energy-planning-database-quarterly-extract	official UK renewable-energy planning project technology and status register	2026-09-28	Open Government Licence v3.0	All July 2026 REPD Anaerobic Digestion records in England, Scotland and Wales are included. Northern Ireland is excluded because its coordinates use a different grid. REPD records are planning projects and may represent revised applications at the same physical site.
uk-repd:5751	Stuchbury Manor Farm	United Kingdom	52.088473	-1.187888	REPD-published British National Grid project point transformed with OS approximate Helmert method (about 3 m); source position not independently verified	anaerobic digestion / renewable energy planning	REPD technology: Anaerobic Digestion | CHP Enabled: Yes | jurisdiction: England	Anaerobic digestion (source technology type; vessel design and count not published)	REPD-published development status: Abandoned; not independently verified	Marston St Lawrence Estate	1.3 MW electrical installed capacity	biogas/renewable-energy project context; feedstock and gas output not inferred	https://www.gov.uk/government/publications/renewable-energy-planning-database-quarterly-extract	official UK renewable-energy planning project technology and status register	2026-09-28	Open Government Licence v3.0	All July 2026 REPD Anaerobic Digestion records in England, Scotland and Wales are included. Northern Ireland is excluded because its coordinates use a different grid. REPD records are planning projects and may represent revised applications at the same physical site.
uk-repd:5755	Bentwaters Park	United Kingdom	52.129953	1.430333	REPD-published British National Grid project point transformed with OS approximate Helmert method (about 3 m); source position not independently verified	anaerobic digestion / renewable energy planning	REPD technology: Anaerobic Digestion | CHP Enabled: Yes | jurisdiction: England	Anaerobic digestion (source technology type; vessel design and count not published)	REPD-published development status: Operational; not independently verified	Agri-Gen	2 MW electrical installed capacity	biogas/renewable-energy project context; feedstock and gas output not inferred	https://www.gov.uk/government/publications/renewable-energy-planning-database-quarterly-extract	official UK renewable-energy planning project technology and status register	2026-09-28	Open Government Licence v3.0	All July 2026 REPD Anaerobic Digestion records in England, Scotland and Wales are included. Northern Ireland is excluded because its coordinates use a different grid. REPD records are planning projects and may represent revised applications at the same physical site.
uk-repd:5816	Land at Lostock Works (Northwich Facility)	United Kingdom	53.263828	-2.482402	REPD-published British National Grid project point transformed with OS approximate Helmert method (about 3 m); source position not independently verified	anaerobic digestion / renewable energy planning	REPD technology: Anaerobic Digestion | CHP Enabled: Yes | jurisdiction: England	Anaerobic digestion (source technology type; vessel design and count not published)	REPD-published development status: Operational; not independently verified	Orsted (formerly Dong Energy)	5 MW electrical installed capacity	biogas/renewable-energy project context; feedstock and gas output not inferred	https://www.gov.uk/government/publications/renewable-energy-planning-database-quarterly-extract	official UK renewable-energy planning project technology and status register	2026-09-28	Open Government Licence v3.0	All July 2026 REPD Anaerobic Digestion records in England, Scotland and Wales are included. Northern Ireland is excluded because its coordinates use a different grid. REPD records are planning projects and may represent revised applications at the same physical site.
uk-repd:5821	Pitwherry Bridge	United Kingdom	53.974911	-0.302259	REPD-published British National Grid project point transformed with OS approximate Helmert method (about 3 m); source position not independently verified	anaerobic digestion / renewable energy planning	REPD technology: Anaerobic Digestion | CHP Enabled: Yes | jurisdiction: England	Anaerobic digestion (source technology type; vessel design and count not published)	REPD-published development status: Planning Permission Refused; not independently verified	Gascorp	3.3 MW electrical installed capacity	biogas/renewable-energy project context; feedstock and gas output not inferred	https://www.gov.uk/government/publications/renewable-energy-planning-database-quarterly-extract	official UK renewable-energy planning project technology and status register	2026-09-28	Open Government Licence v3.0	All July 2026 REPD Anaerobic Digestion records in England, Scotland and Wales are included. Northern Ireland is excluded because its coordinates use a different grid. REPD records are planning projects and may represent revised applications at the same physical site.
uk-repd:5830	Park Farm	United Kingdom	53.845082	-0.761353	REPD-published British National Grid project point transformed with OS approximate Helmert method (about 3 m); source position not independently verified	anaerobic digestion / renewable energy planning	REPD technology: Anaerobic Digestion | CHP Enabled: No | jurisdiction: England	Anaerobic digestion (source technology type; vessel design and count not published)	REPD-published development status: Appeal Withdrawn; not independently verified	Gascorp	3 MW electrical installed capacity	biogas/renewable-energy project context; feedstock and gas output not inferred	https://www.gov.uk/government/publications/renewable-energy-planning-database-quarterly-extract	official UK renewable-energy planning project technology and status register	2026-09-28	Open Government Licence v3.0	All July 2026 REPD Anaerobic Digestion records in England, Scotland and Wales are included. Northern Ireland is excluded because its coordinates use a different grid. REPD records are planning projects and may represent revised applications at the same physical site.
uk-repd:5886	Manor Farm	United Kingdom	52.436548	0.895594	REPD-published British National Grid project point transformed with OS approximate Helmert method (about 3 m); source position not independently verified	anaerobic digestion / renewable energy planning	REPD technology: Anaerobic Digestion | CHP Enabled: Yes | jurisdiction: England	Anaerobic digestion (source technology type; vessel design and count not published)	REPD-published development status: Abandoned; not independently verified	Material Change (formerly Strutt & Parker Farms Ltd)	5 MW electrical installed capacity	biogas/renewable-energy project context; feedstock and gas output not inferred	https://www.gov.uk/government/publications/renewable-energy-planning-database-quarterly-extract	official UK renewable-energy planning project technology and status register	2026-09-28	Open Government Licence v3.0	All July 2026 REPD Anaerobic Digestion records in England, Scotland and Wales are included. Northern Ireland is excluded because its coordinates use a different grid. REPD records are planning projects and may represent revised applications at the same physical site.
uk-repd:5890	Blackmore Park Industrial Estate	United Kingdom	52.089858	-2.294211	REPD-published British National Grid project point transformed with OS approximate Helmert method (about 3 m); source position not independently verified	anaerobic digestion / renewable energy planning	REPD technology: Anaerobic Digestion | CHP Enabled: Yes | jurisdiction: England	Anaerobic digestion (source technology type; vessel design and count not published)	REPD-published development status: Planning Permission Expired; not independently verified	Essential Supply Products	1 MW electrical installed capacity	biogas/renewable-energy project context; feedstock and gas output not inferred	https://www.gov.uk/government/publications/renewable-energy-planning-database-quarterly-extract	official UK renewable-energy planning project technology and status register	2026-09-28	Open Government Licence v3.0	All July 2026 REPD Anaerobic Digestion records in England, Scotland and Wales are included. Northern Ireland is excluded because its coordinates use a different grid. REPD records are planning projects and may represent revised applications at the same physical site.
uk-repd:5899	Inchdairnie	United Kingdom	56.178244	-3.211548	REPD-published British National Grid project point transformed with OS approximate Helmert method (about 3 m); source position not independently verified	anaerobic digestion / renewable energy planning	REPD technology: Anaerobic Digestion | CHP Enabled: Yes | jurisdiction: Scotland	Anaerobic digestion (source technology type; vessel design and count not published)	REPD-published development status: Operational; not independently verified	RM Brown & Son Ltd	2 MW electrical installed capacity	biogas/renewable-energy project context; feedstock and gas output not inferred	https://www.gov.uk/government/publications/renewable-energy-planning-database-quarterly-extract	official UK renewable-energy planning project technology and status register	2026-09-28	Open Government Licence v3.0	All July 2026 REPD Anaerobic Digestion records in England, Scotland and Wales are included. Northern Ireland is excluded because its coordinates use a different grid. REPD records are planning projects and may represent revised applications at the same physical site.
uk-repd:5951	Binn Farm AD (extension)	United Kingdom	56.308721	-3.336033	REPD-published British National Grid project point transformed with OS approximate Helmert method (about 3 m); source position not independently verified	anaerobic digestion / renewable energy planning	REPD technology: Anaerobic Digestion | CHP Enabled: Yes | jurisdiction: Scotland	Anaerobic digestion (source technology type; vessel design and count not published)	REPD-published development status: Operational; not independently verified	Earnside Energy	1.5 MW electrical installed capacity	biogas/renewable-energy project context; feedstock and gas output not inferred	https://www.gov.uk/government/publications/renewable-energy-planning-database-quarterly-extract	official UK renewable-energy planning project technology and status register	2026-09-28	Open Government Licence v3.0	All July 2026 REPD Anaerobic Digestion records in England, Scotland and Wales are included. Northern Ireland is excluded because its coordinates use a different grid. REPD records are planning projects and may represent revised applications at the same physical site.
uk-repd:5968	Snetterton Heath AD	United Kingdom	52.468795	0.947306	REPD-published British National Grid project point transformed with OS approximate Helmert method (about 3 m); source position not independently verified	anaerobic digestion / renewable energy planning	REPD technology: Anaerobic Digestion | CHP Enabled: Yes | jurisdiction: England	Anaerobic digestion (source technology type; vessel design and count not published)	REPD-published development status: Planning Application Withdrawn; not independently verified	GAG404	3 MW electrical installed capacity	biogas/renewable-energy project context; feedstock and gas output not inferred	https://www.gov.uk/government/publications/renewable-energy-planning-database-quarterly-extract	official UK renewable-energy planning project technology and status register	2026-09-28	Open Government Licence v3.0	All July 2026 REPD Anaerobic Digestion records in England, Scotland and Wales are included. Northern Ireland is excluded because its coordinates use a different grid. REPD records are planning projects and may represent revised applications at the same physical site.
uk-repd:5974	Barley Brigg Farm	United Kingdom	52.314987	1.304806	REPD-published British National Grid project point transformed with OS approximate Helmert method (about 3 m); source position not independently verified	anaerobic digestion / renewable energy planning	REPD technology: Anaerobic Digestion | CHP Enabled: Yes | jurisdiction: England	Anaerobic digestion (source technology type; vessel design and count not published)	REPD-published development status: Planning Permission Refused; not independently verified	Barley Brigg Biogas	1.1 MW electrical installed capacity	biogas/renewable-energy project context; feedstock and gas output not inferred	https://www.gov.uk/government/publications/renewable-energy-planning-database-quarterly-extract	official UK renewable-energy planning project technology and status register	2026-09-28	Open Government Licence v3.0	All July 2026 REPD Anaerobic Digestion records in England, Scotland and Wales are included. Northern Ireland is excluded because its coordinates use a different grid. REPD records are planning projects and may represent revised applications at the same physical site.
uk-repd:5999	North Clyde Recycling Centre	United Kingdom	55.892606	-4.393981	REPD-published British National Grid project point transformed with OS approximate Helmert method (about 3 m); source position not independently verified	anaerobic digestion / renewable energy planning	REPD technology: Anaerobic Digestion | CHP Enabled: No | jurisdiction: Scotland	Anaerobic digestion (source technology type; vessel design and count not published)	REPD-published development status: Revised; not independently verified	Peel Environmental	1.6 MW electrical installed capacity	biogas/renewable-energy project context; feedstock and gas output not inferred	https://www.gov.uk/government/publications/renewable-energy-planning-database-quarterly-extract	official UK renewable-energy planning project technology and status register	2026-09-28	Open Government Licence v3.0	All July 2026 REPD Anaerobic Digestion records in England, Scotland and Wales are included. Northern Ireland is excluded because its coordinates use a different grid. REPD records are planning projects and may represent revised applications at the same physical site.
uk-repd:6000	Dean Group Business Park - Hartlepool	United Kingdom	54.647750	-1.205828	REPD-published British National Grid project point transformed with OS approximate Helmert method (about 3 m); source position not independently verified	anaerobic digestion / renewable energy planning	REPD technology: Anaerobic Digestion | CHP Enabled: Yes | jurisdiction: England	Anaerobic digestion (source technology type; vessel design and count not published)	REPD-published development status: Operational; not independently verified	BioConstruct	5.1 MW electrical installed capacity	biogas/renewable-energy project context; feedstock and gas output not inferred	https://www.gov.uk/government/publications/renewable-energy-planning-database-quarterly-extract	official UK renewable-energy planning project technology and status register	2026-09-28	Open Government Licence v3.0	All July 2026 REPD Anaerobic Digestion records in England, Scotland and Wales are included. Northern Ireland is excluded because its coordinates use a different grid. REPD records are planning projects and may represent revised applications at the same physical site.
uk-repd:6040	Standalane near Ballencrieff	United Kingdom	55.985751	-2.833723	REPD-published British National Grid project point transformed with OS approximate Helmert method (about 3 m); source position not independently verified	anaerobic digestion / renewable energy planning	REPD technology: Anaerobic Digestion | CHP Enabled: Yes | jurisdiction: Scotland	Anaerobic digestion (source technology type; vessel design and count not published)	REPD-published development status: Appeal Refused; not independently verified	J Haig Hamilton & Sons Ltd	1 MW electrical installed capacity	biogas/renewable-energy project context; feedstock and gas output not inferred	https://www.gov.uk/government/publications/renewable-energy-planning-database-quarterly-extract	official UK renewable-energy planning project technology and status register	2026-09-28	Open Government Licence v3.0	All July 2026 REPD Anaerobic Digestion records in England, Scotland and Wales are included. Northern Ireland is excluded because its coordinates use a different grid. REPD records are planning projects and may represent revised applications at the same physical site.
uk-repd:6046	Sparsholt College	United Kingdom	51.089517	-1.386068	REPD-published British National Grid project point transformed with OS approximate Helmert method (about 3 m); source position not independently verified	anaerobic digestion / renewable energy planning	REPD technology: Anaerobic Digestion | CHP Enabled:  | jurisdiction: England	Anaerobic digestion (source technology type; vessel design and count not published)	REPD-published development status: Revised; not independently verified	Ecotricity	6 MW electrical installed capacity	biogas/renewable-energy project context; feedstock and gas output not inferred	https://www.gov.uk/government/publications/renewable-energy-planning-database-quarterly-extract	official UK renewable-energy planning project technology and status register	2026-09-28	Open Government Licence v3.0	All July 2026 REPD Anaerobic Digestion records in England, Scotland and Wales are included. Northern Ireland is excluded because its coordinates use a different grid. REPD records are planning projects and may represent revised applications at the same physical site.
uk-repd:6052	Land to the west of Blind Lane	United Kingdom	52.651109	1.126844	REPD-published British National Grid project point transformed with OS approximate Helmert method (about 3 m); source position not independently verified	anaerobic digestion / renewable energy planning	REPD technology: Anaerobic Digestion | CHP Enabled: Yes | jurisdiction: England	Anaerobic digestion (source technology type; vessel design and count not published)	REPD-published development status: Planning Permission Refused; not independently verified	Honingham Thorpe Farm	1.5 MW electrical installed capacity	biogas/renewable-energy project context; feedstock and gas output not inferred	https://www.gov.uk/government/publications/renewable-energy-planning-database-quarterly-extract	official UK renewable-energy planning project technology and status register	2026-09-28	Open Government Licence v3.0	All July 2026 REPD Anaerobic Digestion records in England, Scotland and Wales are included. Northern Ireland is excluded because its coordinates use a different grid. REPD records are planning projects and may represent revised applications at the same physical site.
uk-repd:6054	Basingstoke Sewage Treatment Works	United Kingdom	51.291661	-1.034313	REPD-published British National Grid project point transformed with OS approximate Helmert method (about 3 m); source position not independently verified	anaerobic digestion / renewable energy planning	REPD technology: Anaerobic Digestion | CHP Enabled: Yes | jurisdiction: England	Anaerobic digestion (source technology type; vessel design and count not published)	REPD-published development status: Operational; not independently verified	Thames Water Utilities	1.2 MW electrical installed capacity	biogas/renewable-energy project context; feedstock and gas output not inferred	https://www.gov.uk/government/publications/renewable-energy-planning-database-quarterly-extract	official UK renewable-energy planning project technology and status register	2026-09-28	Open Government Licence v3.0	All July 2026 REPD Anaerobic Digestion records in England, Scotland and Wales are included. Northern Ireland is excluded because its coordinates use a different grid. REPD records are planning projects and may represent revised applications at the same physical site.
uk-repd:6081	Kingsnorth Industrial Estate	United Kingdom	51.425506	0.600182	REPD-published British National Grid project point transformed with OS approximate Helmert method (about 3 m); source position not independently verified	anaerobic digestion / renewable energy planning	REPD technology: Anaerobic Digestion | CHP Enabled: Yes | jurisdiction: England	Anaerobic digestion (source technology type; vessel design and count not published)	REPD-published development status: Abandoned; not independently verified	AMP Holdings pic	1.8 MW electrical installed capacity	biogas/renewable-energy project context; feedstock and gas output not inferred	https://www.gov.uk/government/publications/renewable-energy-planning-database-quarterly-extract	official UK renewable-energy planning project technology and status register	2026-09-28	Open Government Licence v3.0	All July 2026 REPD Anaerobic Digestion records in England, Scotland and Wales are included. Northern Ireland is excluded because its coordinates use a different grid. REPD records are planning projects and may represent revised applications at the same physical site.
uk-repd:6109	GAP House, Nest Road	United Kingdom	54.958817	-1.565415	REPD-published British National Grid project point transformed with OS approximate Helmert method (about 3 m); source position not independently verified	anaerobic digestion / renewable energy planning	REPD technology: Anaerobic Digestion | CHP Enabled: Yes | jurisdiction: England	Anaerobic digestion (source technology type; vessel design and count not published)	REPD-published development status: Abandoned; not independently verified	Gap Waste Management		biogas/renewable-energy project context; feedstock and gas output not inferred	https://www.gov.uk/government/publications/renewable-energy-planning-database-quarterly-extract	official UK renewable-energy planning project technology and status register	2026-09-28	Open Government Licence v3.0	All July 2026 REPD Anaerobic Digestion records in England, Scotland and Wales are included. Northern Ireland is excluded because its coordinates use a different grid. REPD records are planning projects and may represent revised applications at the same physical site.
uk-repd:6123	Knostrop Sewage Treatment Works	United Kingdom	53.781457	-1.491222	REPD-published British National Grid project point transformed with OS approximate Helmert method (about 3 m); source position not independently verified	anaerobic digestion / renewable energy planning	REPD technology: Anaerobic Digestion | CHP Enabled: Yes | jurisdiction: England	Anaerobic digestion (source technology type; vessel design and count not published)	REPD-published development status: Operational; not independently verified	Yorkshire Water	4 MW electrical installed capacity	biogas/renewable-energy project context; feedstock and gas output not inferred	https://www.gov.uk/government/publications/renewable-energy-planning-database-quarterly-extract	official UK renewable-energy planning project technology and status register	2026-09-28	Open Government Licence v3.0	All July 2026 REPD Anaerobic Digestion records in England, Scotland and Wales are included. Northern Ireland is excluded because its coordinates use a different grid. REPD records are planning projects and may represent revised applications at the same physical site.
uk-repd:6148	Land at Wicks Farm	United Kingdom	50.827282	-0.595768	REPD-published British National Grid project point transformed with OS approximate Helmert method (about 3 m); source position not independently verified	anaerobic digestion / renewable energy planning	REPD technology: Anaerobic Digestion | CHP Enabled: Yes | jurisdiction: England	Anaerobic digestion (source technology type; vessel design and count not published)	REPD-published development status: Planning Permission Expired; not independently verified	Wicks Farm (Biogas)	1.5 MW electrical installed capacity	biogas/renewable-energy project context; feedstock and gas output not inferred	https://www.gov.uk/government/publications/renewable-energy-planning-database-quarterly-extract	official UK renewable-energy planning project technology and status register	2026-09-28	Open Government Licence v3.0	All July 2026 REPD Anaerobic Digestion records in England, Scotland and Wales are included. Northern Ireland is excluded because its coordinates use a different grid. REPD records are planning projects and may represent revised applications at the same physical site.
uk-repd:6152	Crowland Street	United Kingdom	53.643186	-2.959305	REPD-published British National Grid project point transformed with OS approximate Helmert method (about 3 m); source position not independently verified	anaerobic digestion / renewable energy planning	REPD technology: Anaerobic Digestion | CHP Enabled: No | jurisdiction: England	Anaerobic digestion (source technology type; vessel design and count not published)	REPD-published development status: Abandoned; not independently verified	Iona Capital	1.6 MW electrical installed capacity	biogas/renewable-energy project context; feedstock and gas output not inferred	https://www.gov.uk/government/publications/renewable-energy-planning-database-quarterly-extract	official UK renewable-energy planning project technology and status register	2026-09-28	Open Government Licence v3.0	All July 2026 REPD Anaerobic Digestion records in England, Scotland and Wales are included. Northern Ireland is excluded because its coordinates use a different grid. REPD records are planning projects and may represent revised applications at the same physical site.
uk-repd:6167	The Nurseries, Green Tye	United Kingdom	51.845855	0.091838	REPD-published British National Grid project point transformed with OS approximate Helmert method (about 3 m); source position not independently verified	anaerobic digestion / renewable energy planning	REPD technology: Anaerobic Digestion | CHP Enabled: No | jurisdiction: England	Anaerobic digestion (source technology type; vessel design and count not published)	REPD-published development status: Operational; not independently verified	Guy & Wright Ltd	1.2 MW electrical installed capacity	biogas/renewable-energy project context; feedstock and gas output not inferred	https://www.gov.uk/government/publications/renewable-energy-planning-database-quarterly-extract	official UK renewable-energy planning project technology and status register	2026-09-28	Open Government Licence v3.0	All July 2026 REPD Anaerobic Digestion records in England, Scotland and Wales are included. Northern Ireland is excluded because its coordinates use a different grid. REPD records are planning projects and may represent revised applications at the same physical site.
uk-repd:6193	CF Fertilizer site	United Kingdom	53.283735	-2.788310	REPD-published British National Grid project point transformed with OS approximate Helmert method (about 3 m); source position not independently verified	anaerobic digestion / renewable energy planning	REPD technology: Anaerobic Digestion | CHP Enabled: Yes | jurisdiction: England	Anaerobic digestion (source technology type; vessel design and count not published)	REPD-published development status: Planning Permission Granted; not independently verified	Engie	2 MW electrical installed capacity	biogas/renewable-energy project context; feedstock and gas output not inferred	https://www.gov.uk/government/publications/renewable-energy-planning-database-quarterly-extract	official UK renewable-energy planning project technology and status register	2026-09-28	Open Government Licence v3.0	All July 2026 REPD Anaerobic Digestion records in England, Scotland and Wales are included. Northern Ireland is excluded because its coordinates use a different grid. REPD records are planning projects and may represent revised applications at the same physical site.
uk-repd:6199	Wapseys Wood	United Kingdom	51.587801	-0.594779	REPD-published British National Grid project point transformed with OS approximate Helmert method (about 3 m); source position not independently verified	anaerobic digestion / renewable energy planning	REPD technology: Anaerobic Digestion | CHP Enabled:  | jurisdiction: England	Anaerobic digestion (source technology type; vessel design and count not published)	REPD-published development status: Appeal Refused; not independently verified	Veolia	1 MW electrical installed capacity	biogas/renewable-energy project context; feedstock and gas output not inferred	https://www.gov.uk/government/publications/renewable-energy-planning-database-quarterly-extract	official UK renewable-energy planning project technology and status register	2026-09-28	Open Government Licence v3.0	All July 2026 REPD Anaerobic Digestion records in England, Scotland and Wales are included. Northern Ireland is excluded because its coordinates use a different grid. REPD records are planning projects and may represent revised applications at the same physical site.
uk-repd:6212	Pengelly Barton Farm	United Kingdom	50.142226	-5.339833	REPD-published British National Grid project point transformed with OS approximate Helmert method (about 3 m); source position not independently verified	anaerobic digestion / renewable energy planning	REPD technology: Anaerobic Digestion | CHP Enabled: Yes | jurisdiction: England	Anaerobic digestion (source technology type; vessel design and count not published)	REPD-published development status: Operational; not independently verified	Pengelly Farms	1 MW electrical installed capacity	biogas/renewable-energy project context; feedstock and gas output not inferred	https://www.gov.uk/government/publications/renewable-energy-planning-database-quarterly-extract	official UK renewable-energy planning project technology and status register	2026-09-28	Open Government Licence v3.0	All July 2026 REPD Anaerobic Digestion records in England, Scotland and Wales are included. Northern Ireland is excluded because its coordinates use a different grid. REPD records are planning projects and may represent revised applications at the same physical site.
uk-repd:6218	Bloomfield Recycling Site	United Kingdom	52.712885	-2.051707	REPD-published British National Grid project point transformed with OS approximate Helmert method (about 3 m); source position not independently verified	anaerobic digestion / renewable energy planning	REPD technology: Anaerobic Digestion | CHP Enabled: No | jurisdiction: England	Anaerobic digestion (source technology type; vessel design and count not published)	REPD-published development status: Planning Permission Expired; not independently verified	Bloomfield Recycling	1.5 MW electrical installed capacity	biogas/renewable-energy project context; feedstock and gas output not inferred	https://www.gov.uk/government/publications/renewable-energy-planning-database-quarterly-extract	official UK renewable-energy planning project technology and status register	2026-09-28	Open Government Licence v3.0	All July 2026 REPD Anaerobic Digestion records in England, Scotland and Wales are included. Northern Ireland is excluded because its coordinates use a different grid. REPD records are planning projects and may represent revised applications at the same physical site.
uk-repd:6270	Slip Inn Quarry	United Kingdom	52.486116	-1.201601	REPD-published British National Grid project point transformed with OS approximate Helmert method (about 3 m); source position not independently verified	anaerobic digestion / renewable energy planning	REPD technology: Anaerobic Digestion | CHP Enabled: Yes | jurisdiction: England	Anaerobic digestion (source technology type; vessel design and count not published)	REPD-published development status: Abandoned; not independently verified	AT Plant & Contracting	2 MW electrical installed capacity	biogas/renewable-energy project context; feedstock and gas output not inferred	https://www.gov.uk/government/publications/renewable-energy-planning-database-quarterly-extract	official UK renewable-energy planning project technology and status register	2026-09-28	Open Government Licence v3.0	All July 2026 REPD Anaerobic Digestion records in England, Scotland and Wales are included. Northern Ireland is excluded because its coordinates use a different grid. REPD records are planning projects and may represent revised applications at the same physical site.
uk-repd:6355	Neilson Biogas Park Farm AD	United Kingdom	55.723028	-4.171875	REPD-published British National Grid project point transformed with OS approximate Helmert method (about 3 m); source position not independently verified	anaerobic digestion / renewable energy planning	REPD technology: Anaerobic Digestion | CHP Enabled: Yes | jurisdiction: Scotland	Anaerobic digestion (source technology type; vessel design and count not published)	REPD-published development status: Planning Application Withdrawn; not independently verified	Avocet Infinite	1 MW electrical installed capacity	biogas/renewable-energy project context; feedstock and gas output not inferred	https://www.gov.uk/government/publications/renewable-energy-planning-database-quarterly-extract	official UK renewable-energy planning project technology and status register	2026-09-28	Open Government Licence v3.0	All July 2026 REPD Anaerobic Digestion records in England, Scotland and Wales are included. Northern Ireland is excluded because its coordinates use a different grid. REPD records are planning projects and may represent revised applications at the same physical site.
uk-repd:6368	Former Croda site	United Kingdom	54.593162	-1.111245	REPD-published British National Grid project point transformed with OS approximate Helmert method (about 3 m); source position not independently verified	anaerobic digestion / renewable energy planning	REPD technology: Anaerobic Digestion | CHP Enabled: No | jurisdiction: England	Anaerobic digestion (source technology type; vessel design and count not published)	REPD-published development status: Planning Permission Expired; not independently verified	CBRE		biogas/renewable-energy project context; feedstock and gas output not inferred	https://www.gov.uk/government/publications/renewable-energy-planning-database-quarterly-extract	official UK renewable-energy planning project technology and status register	2026-09-28	Open Government Licence v3.0	All July 2026 REPD Anaerobic Digestion records in England, Scotland and Wales are included. Northern Ireland is excluded because its coordinates use a different grid. REPD records are planning projects and may represent revised applications at the same physical site.
uk-repd:6390	Enfield Farm	United Kingdom	50.707726	-3.440619	REPD-published British National Grid project point transformed with OS approximate Helmert method (about 3 m); source position not independently verified	anaerobic digestion / renewable energy planning	REPD technology: Anaerobic Digestion | CHP Enabled: yes | jurisdiction: England	Anaerobic digestion (source technology type; vessel design and count not published)	REPD-published development status: Operational; not independently verified	Greener For Life Energy	2 MW electrical installed capacity	biogas/renewable-energy project context; feedstock and gas output not inferred	https://www.gov.uk/government/publications/renewable-energy-planning-database-quarterly-extract	official UK renewable-energy planning project technology and status register	2026-09-28	Open Government Licence v3.0	All July 2026 REPD Anaerobic Digestion records in England, Scotland and Wales are included. Northern Ireland is excluded because its coordinates use a different grid. REPD records are planning projects and may represent revised applications at the same physical site.
uk-repd:6430	Cross Banks Road	United Kingdom	52.765851	0.388020	REPD-published British National Grid project point transformed with OS approximate Helmert method (about 3 m); source position not independently verified	anaerobic digestion / renewable energy planning	REPD technology: Anaerobic Digestion | CHP Enabled: Yes | jurisdiction: England	Anaerobic digestion (source technology type; vessel design and count not published)	REPD-published development status: Revised; not independently verified	Mickram	8.8 MW electrical installed capacity	biogas/renewable-energy project context; feedstock and gas output not inferred	https://www.gov.uk/government/publications/renewable-energy-planning-database-quarterly-extract	official UK renewable-energy planning project technology and status register	2026-09-28	Open Government Licence v3.0	All July 2026 REPD Anaerobic Digestion records in England, Scotland and Wales are included. Northern Ireland is excluded because its coordinates use a different grid. REPD records are planning projects and may represent revised applications at the same physical site.
uk-repd:6450	Gelliargwellt Uchaf Farm AD	United Kingdom	51.664524	-3.269326	REPD-published British National Grid project point transformed with OS approximate Helmert method (about 3 m); source position not independently verified	anaerobic digestion / renewable energy planning	REPD technology: Anaerobic Digestion | CHP Enabled:  | jurisdiction: Wales	Anaerobic digestion (source technology type; vessel design and count not published)	REPD-published development status: Operational; not independently verified	Bryn Group	1.4 MW electrical installed capacity	biogas/renewable-energy project context; feedstock and gas output not inferred	https://www.gov.uk/government/publications/renewable-energy-planning-database-quarterly-extract	official UK renewable-energy planning project technology and status register	2026-09-28	Open Government Licence v3.0	All July 2026 REPD Anaerobic Digestion records in England, Scotland and Wales are included. Northern Ireland is excluded because its coordinates use a different grid. REPD records are planning projects and may represent revised applications at the same physical site.
uk-repd:6489	Swindon Sewerage Treatment Works	United Kingdom	51.567893	-1.808469	REPD-published British National Grid project point transformed with OS approximate Helmert method (about 3 m); source position not independently verified	anaerobic digestion / renewable energy planning	REPD technology: Anaerobic Digestion | CHP Enabled:  | jurisdiction: England	Anaerobic digestion (source technology type; vessel design and count not published)	REPD-published development status: Operational; not independently verified	Thames Water Utilities	1.2 MW electrical installed capacity	biogas/renewable-energy project context; feedstock and gas output not inferred	https://www.gov.uk/government/publications/renewable-energy-planning-database-quarterly-extract	official UK renewable-energy planning project technology and status register	2026-09-28	Open Government Licence v3.0	All July 2026 REPD Anaerobic Digestion records in England, Scotland and Wales are included. Northern Ireland is excluded because its coordinates use a different grid. REPD records are planning projects and may represent revised applications at the same physical site.
uk-repd:6490	Rye Meads Sewerage Treatment Works	United Kingdom	51.774872	0.017075	REPD-published British National Grid project point transformed with OS approximate Helmert method (about 3 m); source position not independently verified	anaerobic digestion / renewable energy planning	REPD technology: Anaerobic Digestion | CHP Enabled:  | jurisdiction: England	Anaerobic digestion (source technology type; vessel design and count not published)	REPD-published development status: Operational; not independently verified	Thames Water Utilities	2.3 MW electrical installed capacity	biogas/renewable-energy project context; feedstock and gas output not inferred	https://www.gov.uk/government/publications/renewable-energy-planning-database-quarterly-extract	official UK renewable-energy planning project technology and status register	2026-09-28	Open Government Licence v3.0	All July 2026 REPD Anaerobic Digestion records in England, Scotland and Wales are included. Northern Ireland is excluded because its coordinates use a different grid. REPD records are planning projects and may represent revised applications at the same physical site.
uk-repd:6491	Deephams Sewerage Treatment Works	United Kingdom	51.626525	-0.041453	REPD-published British National Grid project point transformed with OS approximate Helmert method (about 3 m); source position not independently verified	anaerobic digestion / renewable energy planning	REPD technology: Anaerobic Digestion | CHP Enabled: Yes | jurisdiction: England	Anaerobic digestion (source technology type; vessel design and count not published)	REPD-published development status: Operational; not independently verified	Thames Water Utilities	3 MW electrical installed capacity	biogas/renewable-energy project context; feedstock and gas output not inferred	https://www.gov.uk/government/publications/renewable-energy-planning-database-quarterly-extract	official UK renewable-energy planning project technology and status register	2026-09-28	Open Government Licence v3.0	All July 2026 REPD Anaerobic Digestion records in England, Scotland and Wales are included. Northern Ireland is excluded because its coordinates use a different grid. REPD records are planning projects and may represent revised applications at the same physical site.
uk-repd:6505	Riverside Energy Park (REP)	United Kingdom	51.504508	0.153302	REPD-published British National Grid project point transformed with OS approximate Helmert method (about 3 m); source position not independently verified	anaerobic digestion / renewable energy planning	REPD technology: Anaerobic Digestion | CHP Enabled: Yes | jurisdiction: England	Anaerobic digestion (source technology type; vessel design and count not published)	REPD-published development status: Planning Permission Granted; not independently verified	Cory Riverside Energy	19 MW electrical installed capacity	biogas/renewable-energy project context; feedstock and gas output not inferred	https://www.gov.uk/government/publications/renewable-energy-planning-database-quarterly-extract	official UK renewable-energy planning project technology and status register	2026-09-28	Open Government Licence v3.0	All July 2026 REPD Anaerobic Digestion records in England, Scotland and Wales are included. Northern Ireland is excluded because its coordinates use a different grid. REPD records are planning projects and may represent revised applications at the same physical site.
uk-repd:6538	Station Works AD	United Kingdom	51.948493	0.327464	REPD-published British National Grid project point transformed with OS approximate Helmert method (about 3 m); source position not independently verified	anaerobic digestion / renewable energy planning	REPD technology: Anaerobic Digestion | CHP Enabled: No | jurisdiction: England	Anaerobic digestion (source technology type; vessel design and count not published)	REPD-published development status: Operational; not independently verified	Privilege Finance/ BioWatt	1 MW electrical installed capacity	biogas/renewable-energy project context; feedstock and gas output not inferred	https://www.gov.uk/government/publications/renewable-energy-planning-database-quarterly-extract	official UK renewable-energy planning project technology and status register	2026-09-28	Open Government Licence v3.0	All July 2026 REPD Anaerobic Digestion records in England, Scotland and Wales are included. Northern Ireland is excluded because its coordinates use a different grid. REPD records are planning projects and may represent revised applications at the same physical site.
uk-repd:6539	Cross Banks Road	United Kingdom	52.765851	0.388020	REPD-published British National Grid project point transformed with OS approximate Helmert method (about 3 m); source position not independently verified	anaerobic digestion / renewable energy planning	REPD technology: Anaerobic Digestion | CHP Enabled: Yes | jurisdiction: England	Anaerobic digestion (source technology type; vessel design and count not published)	REPD-published development status: Revised; not independently verified	Mickram	1 MW electrical installed capacity	biogas/renewable-energy project context; feedstock and gas output not inferred	https://www.gov.uk/government/publications/renewable-energy-planning-database-quarterly-extract	official UK renewable-energy planning project technology and status register	2026-09-28	Open Government Licence v3.0	All July 2026 REPD Anaerobic Digestion records in England, Scotland and Wales are included. Northern Ireland is excluded because its coordinates use a different grid. REPD records are planning projects and may represent revised applications at the same physical site.
uk-repd:6578	Mepal CHP	United Kingdom	52.428363	0.087761	REPD-published British National Grid project point transformed with OS approximate Helmert method (about 3 m); source position not independently verified	anaerobic digestion / renewable energy planning	REPD technology: Anaerobic Digestion | CHP Enabled: Yes | jurisdiction: England	Anaerobic digestion (source technology type; vessel design and count not published)	REPD-published development status: Operational; not independently verified	Pretoria Energy Company	14.4 MW electrical installed capacity	biogas/renewable-energy project context; feedstock and gas output not inferred	https://www.gov.uk/government/publications/renewable-energy-planning-database-quarterly-extract	official UK renewable-energy planning project technology and status register	2026-09-28	Open Government Licence v3.0	All July 2026 REPD Anaerobic Digestion records in England, Scotland and Wales are included. Northern Ireland is excluded because its coordinates use a different grid. REPD records are planning projects and may represent revised applications at the same physical site.
uk-repd:6626	Broadley Copse	United Kingdom	50.873561	-0.848874	REPD-published British National Grid project point transformed with OS approximate Helmert method (about 3 m); source position not independently verified	anaerobic digestion / renewable energy planning	REPD technology: Anaerobic Digestion | CHP Enabled: Yes | jurisdiction: England	Anaerobic digestion (source technology type; vessel design and count not published)	REPD-published development status: Operational; not independently verified	Broadley Energy	2.2 MW electrical installed capacity	biogas/renewable-energy project context; feedstock and gas output not inferred	https://www.gov.uk/government/publications/renewable-energy-planning-database-quarterly-extract	official UK renewable-energy planning project technology and status register	2026-09-28	Open Government Licence v3.0	All July 2026 REPD Anaerobic Digestion records in England, Scotland and Wales are included. Northern Ireland is excluded because its coordinates use a different grid. REPD records are planning projects and may represent revised applications at the same physical site.
uk-repd:6638	Greenhill Anaerobic Digestion Plant	United Kingdom	50.721869	-1.289606	REPD-published British National Grid project point transformed with OS approximate Helmert method (about 3 m); source position not independently verified	anaerobic digestion / renewable energy planning	REPD technology: Anaerobic Digestion | CHP Enabled: Yes | jurisdiction: England	Anaerobic digestion (source technology type; vessel design and count not published)	REPD-published development status: Operational; not independently verified	Black Dog Biogas	1 MW electrical installed capacity	biogas/renewable-energy project context; feedstock and gas output not inferred	https://www.gov.uk/government/publications/renewable-energy-planning-database-quarterly-extract	official UK renewable-energy planning project technology and status register	2026-09-28	Open Government Licence v3.0	All July 2026 REPD Anaerobic Digestion records in England, Scotland and Wales are included. Northern Ireland is excluded because its coordinates use a different grid. REPD records are planning projects and may represent revised applications at the same physical site.
uk-repd:68	Oak Grove Biomass Facility	United Kingdom	52.768630	1.356419	REPD-published British National Grid project point transformed with OS approximate Helmert method (about 3 m); source position not independently verified	anaerobic digestion / renewable energy planning	REPD technology: Anaerobic Digestion | CHP Enabled: Yes | jurisdiction: England	Anaerobic digestion (source technology type; vessel design and count not published)	REPD-published development status: Operational; not independently verified	Oak Grove Renewables	2 MW electrical installed capacity	biogas/renewable-energy project context; feedstock and gas output not inferred	https://www.gov.uk/government/publications/renewable-energy-planning-database-quarterly-extract	official UK renewable-energy planning project technology and status register	2026-09-28	Open Government Licence v3.0	All July 2026 REPD Anaerobic Digestion records in England, Scotland and Wales are included. Northern Ireland is excluded because its coordinates use a different grid. REPD records are planning projects and may represent revised applications at the same physical site.
uk-repd:6808	Tregeen Farm	United Kingdom	50.675899	-4.613041	REPD-published British National Grid project point transformed with OS approximate Helmert method (about 3 m); source position not independently verified	anaerobic digestion / renewable energy planning	REPD technology: Anaerobic Digestion | CHP Enabled: Yes | jurisdiction: England	Anaerobic digestion (source technology type; vessel design and count not published)	REPD-published development status: Planning Permission Granted; not independently verified	Private Developer	0.5 MW electrical installed capacity	biogas/renewable-energy project context; feedstock and gas output not inferred	https://www.gov.uk/government/publications/renewable-energy-planning-database-quarterly-extract	official UK renewable-energy planning project technology and status register	2026-09-28	Open Government Licence v3.0	All July 2026 REPD Anaerobic Digestion records in England, Scotland and Wales are included. Northern Ireland is excluded because its coordinates use a different grid. REPD records are planning projects and may represent revised applications at the same physical site.
uk-repd:6822	Crewe Hill Farm	United Kingdom	53.071300	-2.862737	REPD-published British National Grid project point transformed with OS approximate Helmert method (about 3 m); source position not independently verified	anaerobic digestion / renewable energy planning	REPD technology: Anaerobic Digestion | CHP Enabled: Yes | jurisdiction: England	Anaerobic digestion (source technology type; vessel design and count not published)	REPD-published development status: Planning Permission Granted; not independently verified	Barnstone Estate	0.4 MW electrical installed capacity	biogas/renewable-energy project context; feedstock and gas output not inferred	https://www.gov.uk/government/publications/renewable-energy-planning-database-quarterly-extract	official UK renewable-energy planning project technology and status register	2026-09-28	Open Government Licence v3.0	All July 2026 REPD Anaerobic Digestion records in England, Scotland and Wales are included. Northern Ireland is excluded because its coordinates use a different grid. REPD records are planning projects and may represent revised applications at the same physical site.
uk-repd:6824	Colony Farm	United Kingdom	52.514354	0.209741	REPD-published British National Grid project point transformed with OS approximate Helmert method (about 3 m); source position not independently verified	anaerobic digestion / renewable energy planning	REPD technology: Anaerobic Digestion | CHP Enabled:  | jurisdiction: England	Anaerobic digestion (source technology type; vessel design and count not published)	REPD-published development status: Under Construction; not independently verified	Private Developer	4 MW electrical installed capacity	biogas/renewable-energy project context; feedstock and gas output not inferred	https://www.gov.uk/government/publications/renewable-energy-planning-database-quarterly-extract	official UK renewable-energy planning project technology and status register	2026-09-28	Open Government Licence v3.0	All July 2026 REPD Anaerobic Digestion records in England, Scotland and Wales are included. Northern Ireland is excluded because its coordinates use a different grid. REPD records are planning projects and may represent revised applications at the same physical site.
uk-repd:7180	Sparsholt College	United Kingdom	51.088007	-1.393069	REPD-published British National Grid project point transformed with OS approximate Helmert method (about 3 m); source position not independently verified	anaerobic digestion / renewable energy planning	REPD technology: Anaerobic Digestion | CHP Enabled:  | jurisdiction: England	Anaerobic digestion (source technology type; vessel design and count not published)	REPD-published development status: Planning Permission Expired; not independently verified	Sparsholt College (formerly Ecotricity)	6 MW electrical installed capacity	biogas/renewable-energy project context; feedstock and gas output not inferred	https://www.gov.uk/government/publications/renewable-energy-planning-database-quarterly-extract	official UK renewable-energy planning project technology and status register	2026-09-28	Open Government Licence v3.0	All July 2026 REPD Anaerobic Digestion records in England, Scotland and Wales are included. Northern Ireland is excluded because its coordinates use a different grid. REPD records are planning projects and may represent revised applications at the same physical site.
uk-repd:72	Land at Grange Farm	United Kingdom	53.336109	-0.536287	REPD-published British National Grid project point transformed with OS approximate Helmert method (about 3 m); source position not independently verified	anaerobic digestion / renewable energy planning	REPD technology: Anaerobic Digestion | CHP Enabled: Yes | jurisdiction: England	Anaerobic digestion (source technology type; vessel design and count not published)	REPD-published development status: Operational; not independently verified	Lockwood Estates	1.1 MW electrical installed capacity	biogas/renewable-energy project context; feedstock and gas output not inferred	https://www.gov.uk/government/publications/renewable-energy-planning-database-quarterly-extract	official UK renewable-energy planning project technology and status register	2026-09-28	Open Government Licence v3.0	All July 2026 REPD Anaerobic Digestion records in England, Scotland and Wales are included. Northern Ireland is excluded because its coordinates use a different grid. REPD records are planning projects and may represent revised applications at the same physical site.
uk-repd:7245	North East Grains Site	United Kingdom	55.191730	-1.634385	REPD-published British National Grid project point transformed with OS approximate Helmert method (about 3 m); source position not independently verified	anaerobic digestion / renewable energy planning	REPD technology: Anaerobic Digestion | CHP Enabled: Yes | jurisdiction: England	Anaerobic digestion (source technology type; vessel design and count not published)	REPD-published development status: Operational; not independently verified	North East Grains	0.5 MW electrical installed capacity	biogas/renewable-energy project context; feedstock and gas output not inferred	https://www.gov.uk/government/publications/renewable-energy-planning-database-quarterly-extract	official UK renewable-energy planning project technology and status register	2026-09-28	Open Government Licence v3.0	All July 2026 REPD Anaerobic Digestion records in England, Scotland and Wales are included. Northern Ireland is excluded because its coordinates use a different grid. REPD records are planning projects and may represent revised applications at the same physical site.
uk-repd:7477	Glenfiddich Distillery	United Kingdom	57.454870	-3.122992	REPD-published British National Grid project point transformed with OS approximate Helmert method (about 3 m); source position not independently verified	anaerobic digestion / renewable energy planning	REPD technology: Anaerobic Digestion | CHP Enabled: Yes | jurisdiction: Scotland	Anaerobic digestion (source technology type; vessel design and count not published)	REPD-published development status: Operational; not independently verified	William Grant and Sons Distillers	1.5 MW electrical installed capacity	biogas/renewable-energy project context; feedstock and gas output not inferred	https://www.gov.uk/government/publications/renewable-energy-planning-database-quarterly-extract	official UK renewable-energy planning project technology and status register	2026-09-28	Open Government Licence v3.0	All July 2026 REPD Anaerobic Digestion records in England, Scotland and Wales are included. Northern Ireland is excluded because its coordinates use a different grid. REPD records are planning projects and may represent revised applications at the same physical site.
uk-repd:7512	Glenfiddich Distillery AD (Extension)	United Kingdom	57.454870	-3.122992	REPD-published British National Grid project point transformed with OS approximate Helmert method (about 3 m); source position not independently verified	anaerobic digestion / renewable energy planning	REPD technology: Anaerobic Digestion | CHP Enabled: Yes | jurisdiction: Scotland	Anaerobic digestion (source technology type; vessel design and count not published)	REPD-published development status: Planning Permission Granted; not independently verified	William Grant and Sons Distillers	2 MW electrical installed capacity	biogas/renewable-energy project context; feedstock and gas output not inferred	https://www.gov.uk/government/publications/renewable-energy-planning-database-quarterly-extract	official UK renewable-energy planning project technology and status register	2026-09-28	Open Government Licence v3.0	All July 2026 REPD Anaerobic Digestion records in England, Scotland and Wales are included. Northern Ireland is excluded because its coordinates use a different grid. REPD records are planning projects and may represent revised applications at the same physical site.
uk-repd:7590	Attleborough Ad Plant Limited - Anaerobic Digestion Facility Expansion	United Kingdom	52.520968	0.995101	REPD-published British National Grid project point transformed with OS approximate Helmert method (about 3 m); source position not independently verified	anaerobic digestion / renewable energy planning	REPD technology: Anaerobic Digestion | CHP Enabled: Yes | jurisdiction: England	Anaerobic digestion (source technology type; vessel design and count not published)	REPD-published development status: Operational; not independently verified	Privelage Finance Ltd / Attleborough AD Plant Limited	1 MW electrical installed capacity	biogas/renewable-energy project context; feedstock and gas output not inferred	https://www.gov.uk/government/publications/renewable-energy-planning-database-quarterly-extract	official UK renewable-energy planning project technology and status register	2026-09-28	Open Government Licence v3.0	All July 2026 REPD Anaerobic Digestion records in England, Scotland and Wales are included. Northern Ireland is excluded because its coordinates use a different grid. REPD records are planning projects and may represent revised applications at the same physical site.
uk-repd:8206	Iretons Way Anaerobic Digester Plant Extension	United Kingdom	52.431005	0.083752	REPD-published British National Grid project point transformed with OS approximate Helmert method (about 3 m); source position not independently verified	anaerobic digestion / renewable energy planning	REPD technology: Anaerobic Digestion | CHP Enabled: No | jurisdiction: England	Anaerobic digestion (source technology type; vessel design and count not published)	REPD-published development status: Planning Permission Granted; not independently verified	Pretoria Energy Company Mepal Limited		biogas/renewable-energy project context; feedstock and gas output not inferred	https://www.gov.uk/government/publications/renewable-energy-planning-database-quarterly-extract	official UK renewable-energy planning project technology and status register	2026-09-28	Open Government Licence v3.0	All July 2026 REPD Anaerobic Digestion records in England, Scotland and Wales are included. Northern Ireland is excluded because its coordinates use a different grid. REPD records are planning projects and may represent revised applications at the same physical site.
uk-repd:8240	Gibson Lane Anaerobic Digestion Plan	United Kingdom	53.714167	-0.538288	REPD-published British National Grid project point transformed with OS approximate Helmert method (about 3 m); source position not independently verified	anaerobic digestion / renewable energy planning	REPD technology: Anaerobic Digestion | CHP Enabled: No | jurisdiction: England	Anaerobic digestion (source technology type; vessel design and count not published)	REPD-published development status: Planning Application Withdrawn; not independently verified	Melton Energy Tech		biogas/renewable-energy project context; feedstock and gas output not inferred	https://www.gov.uk/government/publications/renewable-energy-planning-database-quarterly-extract	official UK renewable-energy planning project technology and status register	2026-09-28	Open Government Licence v3.0	All July 2026 REPD Anaerobic Digestion records in England, Scotland and Wales are included. Northern Ireland is excluded because its coordinates use a different grid. REPD records are planning projects and may represent revised applications at the same physical site.
uk-repd:8244	Plusterwine House - Anaerobic Digestion Plant (Retrospective)	United Kingdom	51.690828	-2.587677	REPD-published British National Grid project point transformed with OS approximate Helmert method (about 3 m); source position not independently verified	anaerobic digestion / renewable energy planning	REPD technology: Anaerobic Digestion | CHP Enabled: No | jurisdiction: England	Anaerobic digestion (source technology type; vessel design and count not published)	REPD-published development status: Operational; not independently verified	Plusterwine Biogas Limited	1.5 MW electrical installed capacity	biogas/renewable-energy project context; feedstock and gas output not inferred	https://www.gov.uk/government/publications/renewable-energy-planning-database-quarterly-extract	official UK renewable-energy planning project technology and status register	2026-09-28	Open Government Licence v3.0	All July 2026 REPD Anaerobic Digestion records in England, Scotland and Wales are included. Northern Ireland is excluded because its coordinates use a different grid. REPD records are planning projects and may represent revised applications at the same physical site.
uk-repd:8250	Fernbrook Bio Limited - Anaerobic Digestion Plant	United Kingdom	52.413261	-0.789911	REPD-published British National Grid project point transformed with OS approximate Helmert method (about 3 m); source position not independently verified	anaerobic digestion / renewable energy planning	REPD technology: Anaerobic Digestion | CHP Enabled: No | jurisdiction: England	Anaerobic digestion (source technology type; vessel design and count not published)	REPD-published development status: Planning Application Submitted; not independently verified	Fernbrook Bio Limited		biogas/renewable-energy project context; feedstock and gas output not inferred	https://www.gov.uk/government/publications/renewable-energy-planning-database-quarterly-extract	official UK renewable-energy planning project technology and status register	2026-09-28	Open Government Licence v3.0	All July 2026 REPD Anaerobic Digestion records in England, Scotland and Wales are included. Northern Ireland is excluded because its coordinates use a different grid. REPD records are planning projects and may represent revised applications at the same physical site.
uk-repd:8282	Beckworth Emporiun Anaerobic Digester Plant	United Kingdom	52.302918	-0.776247	REPD-published British National Grid project point transformed with OS approximate Helmert method (about 3 m); source position not independently verified	anaerobic digestion / renewable energy planning	REPD technology: Anaerobic Digestion | CHP Enabled: No | jurisdiction: England	Anaerobic digestion (source technology type; vessel design and count not published)	REPD-published development status: Planning Application Submitted; not independently verified	Gegan Solutions Limited		biogas/renewable-energy project context; feedstock and gas output not inferred	https://www.gov.uk/government/publications/renewable-energy-planning-database-quarterly-extract	official UK renewable-energy planning project technology and status register	2026-09-28	Open Government Licence v3.0	All July 2026 REPD Anaerobic Digestion records in England, Scotland and Wales are included. Northern Ireland is excluded because its coordinates use a different grid. REPD records are planning projects and may represent revised applications at the same physical site.
uk-repd:8423	Castle Eaton Anaerobic Digestion Plant	United Kingdom	51.654532	-1.791683	REPD-published British National Grid project point transformed with OS approximate Helmert method (about 3 m); source position not independently verified	anaerobic digestion / renewable energy planning	REPD technology: Anaerobic Digestion | CHP Enabled: No | jurisdiction: England	Anaerobic digestion (source technology type; vessel design and count not published)	REPD-published development status: Planning Application Withdrawn; not independently verified	Biomethane (Castle Eaton) Limited		biogas/renewable-energy project context; feedstock and gas output not inferred	https://www.gov.uk/government/publications/renewable-energy-planning-database-quarterly-extract	official UK renewable-energy planning project technology and status register	2026-09-28	Open Government Licence v3.0	All July 2026 REPD Anaerobic Digestion records in England, Scotland and Wales are included. Northern Ireland is excluded because its coordinates use a different grid. REPD records are planning projects and may represent revised applications at the same physical site.
uk-repd:8845	Coleshill Sewage Treatment Works Anaerobic Digestion Facility	United Kingdom	52.518427	-1.717744	REPD-published British National Grid project point transformed with OS approximate Helmert method (about 3 m); source position not independently verified	anaerobic digestion / renewable energy planning	REPD technology: Anaerobic Digestion | CHP Enabled: No | jurisdiction: England	Anaerobic digestion (source technology type; vessel design and count not published)	REPD-published development status: Planning Application Submitted; not independently verified	Severn Trent Green Power Group Limited	2.4 MW electrical installed capacity	biogas/renewable-energy project context; feedstock and gas output not inferred	https://www.gov.uk/government/publications/renewable-energy-planning-database-quarterly-extract	official UK renewable-energy planning project technology and status register	2026-09-28	Open Government Licence v3.0	All July 2026 REPD Anaerobic Digestion records in England, Scotland and Wales are included. Northern Ireland is excluded because its coordinates use a different grid. REPD records are planning projects and may represent revised applications at the same physical site.
uk-repd:8913	Crowland Street - Energy Recovery Park	United Kingdom	53.644723	-2.968219	REPD-published British National Grid project point transformed with OS approximate Helmert method (about 3 m); source position not independently verified	anaerobic digestion / renewable energy planning	REPD technology: Anaerobic Digestion | CHP Enabled: No | jurisdiction: England	Anaerobic digestion (source technology type; vessel design and count not published)	REPD-published development status: Planning Application Submitted; not independently verified	Shankley Biogas Limited		biogas/renewable-energy project context; feedstock and gas output not inferred	https://www.gov.uk/government/publications/renewable-energy-planning-database-quarterly-extract	official UK renewable-energy planning project technology and status register	2026-09-28	Open Government Licence v3.0	All July 2026 REPD Anaerobic Digestion records in England, Scotland and Wales are included. Northern Ireland is excluded because its coordinates use a different grid. REPD records are planning projects and may represent revised applications at the same physical site.
uk-repd:9008	Roundhill - Food Waste Anaerobic Digestion Plant	United Kingdom	52.453005	-2.187618	REPD-published British National Grid project point transformed with OS approximate Helmert method (about 3 m); source position not independently verified	anaerobic digestion / renewable energy planning	REPD technology: Anaerobic Digestion | CHP Enabled: No | jurisdiction: England	Anaerobic digestion (source technology type; vessel design and count not published)	REPD-published development status: Planning Application Submitted; not independently verified	Severn Trent Green Power Group Limited		biogas/renewable-energy project context; feedstock and gas output not inferred	https://www.gov.uk/government/publications/renewable-energy-planning-database-quarterly-extract	official UK renewable-energy planning project technology and status register	2026-09-28	Open Government Licence v3.0	All July 2026 REPD Anaerobic Digestion records in England, Scotland and Wales are included. Northern Ireland is excluded because its coordinates use a different grid. REPD records are planning projects and may represent revised applications at the same physical site.
uk-repd:912	Salford Refuse Treatment Plant (AD)	United Kingdom	53.495349	-2.287322	REPD-published British National Grid project point transformed with OS approximate Helmert method (about 3 m); source position not independently verified	anaerobic digestion / renewable energy planning	REPD technology: Anaerobic Digestion | CHP Enabled: No | jurisdiction: England	Anaerobic digestion (source technology type; vessel design and count not published)	REPD-published development status: Operational; not independently verified	Viridor	2 MW electrical installed capacity	biogas/renewable-energy project context; feedstock and gas output not inferred	https://www.gov.uk/government/publications/renewable-energy-planning-database-quarterly-extract	official UK renewable-energy planning project technology and status register	2026-09-28	Open Government Licence v3.0	All July 2026 REPD Anaerobic Digestion records in England, Scotland and Wales are included. Northern Ireland is excluded because its coordinates use a different grid. REPD records are planning projects and may represent revised applications at the same physical site.
uk-repd:9170	Lockerbie Creamery - Anaerobic Digester	United Kingdom	55.117235	-3.409955	REPD-published British National Grid project point transformed with OS approximate Helmert method (about 3 m); source position not independently verified	anaerobic digestion / renewable energy planning	REPD technology: Anaerobic Digestion | CHP Enabled: No | jurisdiction: Scotland	Anaerobic digestion (source technology type; vessel design and count not published)	REPD-published development status: Revised; not independently verified	Lockerbie Biogas Limited		biogas/renewable-energy project context; feedstock and gas output not inferred	https://www.gov.uk/government/publications/renewable-energy-planning-database-quarterly-extract	official UK renewable-energy planning project technology and status register	2026-09-28	Open Government Licence v3.0	All July 2026 REPD Anaerobic Digestion records in England, Scotland and Wales are included. Northern Ireland is excluded because its coordinates use a different grid. REPD records are planning projects and may represent revised applications at the same physical site.
uk-repd:9487	Envar Composting Limited - Anaerobic Digestion Facility	United Kingdom	52.359494	-0.042392	REPD-published British National Grid project point transformed with OS approximate Helmert method (about 3 m); source position not independently verified	anaerobic digestion / renewable energy planning	REPD technology: Anaerobic Digestion | CHP Enabled: No | jurisdiction: England	Anaerobic digestion (source technology type; vessel design and count not published)	REPD-published development status: Planning Permission Refused; not independently verified	Envar Limited		biogas/renewable-energy project context; feedstock and gas output not inferred	https://www.gov.uk/government/publications/renewable-energy-planning-database-quarterly-extract	official UK renewable-energy planning project technology and status register	2026-09-28	Open Government Licence v3.0	All July 2026 REPD Anaerobic Digestion records in England, Scotland and Wales are included. Northern Ireland is excluded because its coordinates use a different grid. REPD records are planning projects and may represent revised applications at the same physical site.
uk-repd:9510	Crompton Road, Ilkeston - Anaerobic Digestion Plant	United Kingdom	52.948515	-1.287623	REPD-published British National Grid project point transformed with OS approximate Helmert method (about 3 m); source position not independently verified	anaerobic digestion / renewable energy planning	REPD technology: Anaerobic Digestion | CHP Enabled: Yes | jurisdiction: England	Anaerobic digestion (source technology type; vessel design and count not published)	REPD-published development status: Operational; not independently verified	Stanton Energy Limited		biogas/renewable-energy project context; feedstock and gas output not inferred	https://www.gov.uk/government/publications/renewable-energy-planning-database-quarterly-extract	official UK renewable-energy planning project technology and status register	2026-09-28	Open Government Licence v3.0	All July 2026 REPD Anaerobic Digestion records in England, Scotland and Wales are included. Northern Ireland is excluded because its coordinates use a different grid. REPD records are planning projects and may represent revised applications at the same physical site.
uk-repd:9622	Resourceful Earth Limited - Anaerobic Digester Facility	United Kingdom	51.390871	-2.527227	REPD-published British National Grid project point transformed with OS approximate Helmert method (about 3 m); source position not independently verified	anaerobic digestion / renewable energy planning	REPD technology: Anaerobic Digestion | CHP Enabled: No | jurisdiction: England	Anaerobic digestion (source technology type; vessel design and count not published)	REPD-published development status: Planning Permission Refused; not independently verified	Resourceful Earth Limited	2.2 MW electrical installed capacity	biogas/renewable-energy project context; feedstock and gas output not inferred	https://www.gov.uk/government/publications/renewable-energy-planning-database-quarterly-extract	official UK renewable-energy planning project technology and status register	2026-09-28	Open Government Licence v3.0	All July 2026 REPD Anaerobic Digestion records in England, Scotland and Wales are included. Northern Ireland is excluded because its coordinates use a different grid. REPD records are planning projects and may represent revised applications at the same physical site.
uk-repd:9646	Mains Of Boquhan - Anaerobic Digester Facility	United Kingdom	56.137841	-4.139961	REPD-published British National Grid project point transformed with OS approximate Helmert method (about 3 m); source position not independently verified	anaerobic digestion / renewable energy planning	REPD technology: Anaerobic Digestion | CHP Enabled: No | jurisdiction: Scotland	Anaerobic digestion (source technology type; vessel design and count not published)	REPD-published development status: Abandoned; not independently verified	Grahams Family Dairy		biogas/renewable-energy project context; feedstock and gas output not inferred	https://www.gov.uk/government/publications/renewable-energy-planning-database-quarterly-extract	official UK renewable-energy planning project technology and status register	2026-09-28	Open Government Licence v3.0	All July 2026 REPD Anaerobic Digestion records in England, Scotland and Wales are included. Northern Ireland is excluded because its coordinates use a different grid. REPD records are planning projects and may represent revised applications at the same physical site.
uk-repd:9753	Beddington AD Facility (Waste AD)	United Kingdom	51.378795	-0.133379	REPD-published British National Grid project point transformed with OS approximate Helmert method (about 3 m); source position not independently verified	anaerobic digestion / renewable energy planning	REPD technology: Anaerobic Digestion | CHP Enabled: No | jurisdiction: England	Anaerobic digestion (source technology type; vessel design and count not published)	REPD-published development status: Planning Permission Expired; not independently verified	Suez Recycling and Recovery UK Limited		biogas/renewable-energy project context; feedstock and gas output not inferred	https://www.gov.uk/government/publications/renewable-energy-planning-database-quarterly-extract	official UK renewable-energy planning project technology and status register	2026-09-28	Open Government Licence v3.0	All July 2026 REPD Anaerobic Digestion records in England, Scotland and Wales are included. Northern Ireland is excluded because its coordinates use a different grid. REPD records are planning projects and may represent revised applications at the same physical site.
uk-repd:9870	Chivers Way, Histon - Anaerobic Digestion Reactor	United Kingdom	52.246236	0.104454	REPD-published British National Grid project point transformed with OS approximate Helmert method (about 3 m); source position not independently verified	anaerobic digestion / renewable energy planning	REPD technology: Anaerobic Digestion | CHP Enabled: No | jurisdiction: England	Anaerobic digestion (source technology type; vessel design and count not published)	REPD-published development status: Planning Permission Expired; not independently verified	Place & Economy Planning, Growth & Environment		biogas/renewable-energy project context; feedstock and gas output not inferred	https://www.gov.uk/government/publications/renewable-energy-planning-database-quarterly-extract	official UK renewable-energy planning project technology and status register	2026-09-28	Open Government Licence v3.0	All July 2026 REPD Anaerobic Digestion records in England, Scotland and Wales are included. Northern Ireland is excluded because its coordinates use a different grid. REPD records are planning projects and may represent revised applications at the same physical site.
uk-repd:9872	Academy Road - Energy Centre & Anaerobic Digestion Facility	United Kingdom	57.700079	-4.158469	REPD-published British National Grid project point transformed with OS approximate Helmert method (about 3 m); source position not independently verified	anaerobic digestion / renewable energy planning	REPD technology: Anaerobic Digestion | CHP Enabled: No | jurisdiction: Scotland	Anaerobic digestion (source technology type; vessel design and count not published)	REPD-published development status: Revised; not independently verified	Grissan Engineering Services Limited	4 MW electrical installed capacity	biogas/renewable-energy project context; feedstock and gas output not inferred	https://www.gov.uk/government/publications/renewable-energy-planning-database-quarterly-extract	official UK renewable-energy planning project technology and status register	2026-09-28	Open Government Licence v3.0	All July 2026 REPD Anaerobic Digestion records in England, Scotland and Wales are included. Northern Ireland is excluded because its coordinates use a different grid. REPD records are planning projects and may represent revised applications at the same physical site.
