source	source_record_id	source_row_id	facility_name	operator	country	region_or_commune	lat	lon	coordinate_basis	source_x	source_y	technology_type	process_detail	status	capacity	project_name	source_record_updated
fr-ademe-h2	0ead90c2449513cb	oCbR5nf3X-ynKvjOR9IVz	Aleria	not provided	France	Aléria	42.1059103989478	9.4956446614984	ADEME-published project point; parcel when known, otherwise commune coordinate			Hydrogen production	ADEME site type: Production	Opérationnel	planned power 0.07 MW; production capacity 4 kg H2/day	H2V CORSTYRENE	dataset updated 2026-09-27
fr-ademe-h2	1688faf62615e49c	iWrAkL4hWzdK-3DaNXln3	Sorgues Saint Anne	not provided	France	Sorgues	44.0145757792343	4.8674896836679	ADEME-published project point; parcel when known, otherwise commune coordinate			Hydrogen production	ADEME site type: Production	Engagé	planned power 2 MW; production capacity 800 kg H2/day	H2vaucluse	dataset updated 2026-09-27
fr-ademe-h2	1829a690a14d3b6a	hPCeQP5CIUZKwqa-Ahbw2	Magny	Schiever	France	Magny	47.4703689810682	3.9708834794753	ADEME-published project point; parcel when known, otherwise commune coordinate			Hydrogen production	ADEME site type: Production	Engagé	planned power 2.5 MW; production capacity 1000 kg H2/day	TES	dataset updated 2026-09-27
fr-ademe-h2	2f96f91632026cca	R3oS5m_DUo-XMyQkf2mNk	Biosenthys2	not provided	France	Ambès	45.0115342351947	-0.5483104468666	ADEME-published project point; parcel when known, otherwise commune coordinate			Hydrogen production	ADEME site type: Production	Engagé	planned power 2.5 MW; production capacity 730 kg H2/day	H2 – BIOSYNTHIS D3	dataset updated 2026-09-27
fr-ademe-h2	390805ff473433b2	hzxmBtv3cUPJzUO74Yspw	Bouin	LHYFE	France	Bouin	46.93577359	-2.06939145	ADEME-published project point; parcel when known, otherwise commune coordinate			Hydrogen production	ADEME site type: Production	Opérationnel	planned power 0.75 MW; production capacity 324 kg H2/day	H2 OUEST - Methyv	dataset updated 2026-09-27
fr-ademe-h2	3cc40271ddb2b271	TlBmNxeDfFcf02XSW5FQD	Clermont-ferrand -Gravanches	hympulsion	France	Clermont-Ferrand	45.80180624	3.13259625	ADEME-published project point; parcel when known, otherwise commune coordinate			Hydrogen production	ADEME site type: Production	Opérationnel	planned power 2 MW; production capacity 800 kg H2/day	ZEV - Pays des Volcans	dataset updated 2026-09-27
fr-ademe-h2	4437910236a0232e	XV7yZmYWWYwgC9feoHw5E	Tremblay-en-France	not provided	France	Tremblay-en-France	48.98035656	2.53002157	ADEME-published project point; parcel when known, otherwise commune coordinate			Hydrogen production	ADEME site type: Production	Engagé	planned power 1 MW; production capacity 400 kg H2/day	MAHYAGE	dataset updated 2026-09-27
fr-ademe-h2	458e135984447e99	I23W0VTZFWkxad4vSmfHK	Auxhygen	Auxhygen	France	Auxerre	47.80654325	3.58803157	ADEME-published project point; parcel when known, otherwise commune coordinate			Hydrogen production	ADEME site type: Production	Opérationnel	planned power 3 MW; production capacity 1000 kg H2/day	AuxR_H2	dataset updated 2026-09-27
fr-ademe-h2	4683cd9e9442f8dd	L1GXuEUjOGUZWuVpXBUF1	Sorigny	Lhyfe Production 1	France	Sorigny	47.2310348450754	0.686650804134	ADEME-published project point; parcel when known, otherwise commune coordinate			Hydrogen production	ADEME site type: Production	Engagé	planned power 5 MW; production capacity 2000 kg H2/day	Hy'Touraine	dataset updated 2026-09-27
fr-ademe-h2	5a1d2df453fd372a	ljzFSmGMwbzU2uNOUfFAK	Port La Nouvelle	Hydocc	France	Port-la-Nouvelle	43.02573585	3.05105118	ADEME-published project point; parcel when known, otherwise commune coordinate			Hydrogen production	ADEME site type: Production	Engagé	planned power 20 MW; production capacity 8000 kg H2/day	HYVOO	dataset updated 2026-09-27
fr-ademe-h2	6a2d39d8bfe0082c	PZetSCn7g3UjCzTcQkMZZ	Florange	not provided	France	Thionville	49.33341924	6.14087717	ADEME-published project point; parcel when known, otherwise commune coordinate			Hydrogen production	ADEME site type: Production	Engagé	planned power 2.5 MW; production capacity 485 kg H2/day	Westfalen Hydrogène HUB Grand Est	dataset updated 2026-09-27
fr-ademe-h2	7f0600f2af3a3a1e	0OcTtF4qYmdsOdptiHnqP	Biosenthys1	not provided	France	Ambès	45.0115342351947	-0.5483104468666	ADEME-published project point; parcel when known, otherwise commune coordinate			Hydrogen production	ADEME site type: Production	Engagé	planned power 2.5 MW; production capacity 730 kg H2/day	H2 – BIOSYNTHIS D3	dataset updated 2026-09-27
fr-ademe-h2	889a40ecfc34aa4c	x5jD8r59WtFFKBp2IEwjH	SARROLA	not provided	France	Sarrola-Carcopino	42.0010159091619	8.8343789190234	ADEME-published project point; parcel when known, otherwise commune coordinate			Hydrogen production	ADEME site type: Production	Engagé	planned power 5 MW; production capacity 440 kg H2/day	DépHy2A-2B	dataset updated 2026-09-27
fr-ademe-h2	8b99c0544123c8da	tTY0nz4f_Rfz2Hf4IUthR	Porte de Saint-Cloud	HysetCo	France	Paris 16e Arrondissement	48.8603976770857	2.2621010347364	ADEME-published project point; parcel when known, otherwise commune coordinate			Hydrogen production	ADEME site type: Production	Opérationnel	planned power 2.5 MW; production capacity 1000 kg H2/day	HYSETCO 600	dataset updated 2026-09-27
fr-ademe-h2	9bcd07712ddafc41	NnajzS2V4IXKtmh-SIEja	Blagnac	Hyport	France	Blagnac	43.6421875378683	1.3788693717658	ADEME-published project point; parcel when known, otherwise commune coordinate			Hydrogen production	ADEME site type: Production	Opérationnel	planned power 1 MW; production capacity 400 kg H2/day	Hyport	dataset updated 2026-09-27
fr-ademe-h2	9e1da22a9f4a24c6	9hhza_X-P6FHHYXrQbaIG	La Couronne	Hynoé	France	Couronne (La)	45.609637974068	0.1091212342201	ADEME-published project point; parcel when known, otherwise commune coordinate			Hydrogen production	ADEME site type: Production	Engagé	planned power 5 MW; production capacity 1644 kg H2/day	H2Charente	dataset updated 2026-09-27
fr-ademe-h2	a0973d4ce0865e19	SGrVIJ7ZKbptvYqBzU_iL	Dijon Smart Energhy-Nord	DMSE	France	Dijon	47.3229259621729	5.0379015384287	ADEME-published project point; parcel when known, otherwise commune coordinate			Hydrogen production	ADEME site type: Production	Engagé	planned power 1.4 MW; production capacity 570 kg H2/day	Dijon Smart Energhy	dataset updated 2026-09-27
fr-ademe-h2	a3e5637d22d84899	3VLg94I-t51kRlAQAwNOl	Site de CEOG	not provided	France	Saint-Laurent-du-Maroni	4.9647440487505	-53.9832114090687	ADEME-published project point; parcel when known, otherwise commune coordinate			Hydrogen production	ADEME site type: Production	Opérationnel	planned power 16 MW	CEOG	dataset updated 2026-09-27
fr-ademe-h2	b04a2f5c2ea92116	bcec7lJmJFMriTSIYFGMR	Bassens	not provided	France	Bassens	44.9084146658892	-0.5258687752689	ADEME-published project point; parcel when known, otherwise commune coordinate			Hydrogen production	ADEME site type: Production	Engagé	planned power 4 MW; production capacity 1296 kg H2/day	H2B by Hype	dataset updated 2026-09-27
fr-ademe-h2	bb7b4c231e92e429	TGOallPuEcGIADwsehLAg	Bastia	not provided	France	Bastia	42.6864767535005	9.4250219839828	ADEME-published project point; parcel when known, otherwise commune coordinate			Hydrogen production	ADEME site type: Production	Engagé	planned power 5 MW; production capacity 440 kg H2/day	DépHy2A-2B	dataset updated 2026-09-27
fr-ademe-h2	be78d14f91befb9d	KQkW0Kkl4_Cf3Mt-u5bua	Hyliko - Villabé	Hyliko Network	France	Villabé	48.58976169	2.4458779	ADEME-published project point; parcel when known, otherwise commune coordinate			Hydrogen production	ADEME site type: Production	Engagé	planned power 2 MW; production capacity 800 kg H2/day	Grand-ParHY	dataset updated 2026-09-27
fr-ademe-h2	c39670dd1311f35e	DrEN3-AJA-udCoQN5ZYaC	Pau	Febus	France	Pau	43.32103508	-0.3179864	ADEME-published project point; parcel when known, otherwise commune coordinate			Hydrogen production	ADEME site type: Production	Opérationnel	planned power 0.69 MW; production capacity 200 kg H2/day	Febus	dataset updated 2026-09-27
fr-ademe-h2	c4d926fee17488e3	AriIbFQRUPWyCp-jytDEd	Lagord	Luzo	France	Lagord	46.18467621	-1.14670454	ADEME-published project point; parcel when known, otherwise commune coordinate			Hydrogen production	ADEME site type: Production	Opérationnel	planned power 0.14 MW; production capacity 10 kg H2/day	LUZO	dataset updated 2026-09-27
fr-ademe-h2	d152751b743c92cf	jZMKigeuY8NbkVsba2lUf	Cannes	UHMY	France	Cannes	43.54615321	6.96665537	ADEME-published project point; parcel when known, otherwise commune coordinate			Hydrogen production	ADEME site type: Production	Engagé	planned power 2 MW; production capacity 800 kg H2/day	Cannes Lérins	dataset updated 2026-09-27
fr-ademe-h2	d277af77fabcfba6	kj2hd4fuKZVBe9GJiMvfR	Créteil	H2 Créteil	France	Créteil	48.77803724	2.43786051	ADEME-published project point; parcel when known, otherwise commune coordinate			Hydrogen production	ADEME site type: Production	Opérationnel	planned power 2.5 MW; production capacity 1000 kg H2/day	H2 IDF	dataset updated 2026-09-27
fr-ademe-h2	d9c283e8620d21f6	WjXtY007r_jRtoKRdlS4O	Rouen	ROUEN VALLEE HYDROGENE	France	Rouen	49.441346984825	1.0925686367988	ADEME-published project point; parcel when known, otherwise commune coordinate			Hydrogen production	ADEME site type: Production	Engagé	planned power 1 MW; production capacity 400 kg H2/day	RVH2	dataset updated 2026-09-27
fr-ademe-h2	df7d810a0cee3ccb	8seDZr8tXHNT9VhJUERMO	Buléon	LHYFE	France	Buléon	47.92405418	-2.68653169	ADEME-published project point; parcel when known, otherwise commune coordinate			Hydrogen production	ADEME site type: Production	Opérationnel	planned power 5 MW; production capacity 2000 kg H2/day	Vhygo Lorient- H2 buléon	dataset updated 2026-09-27
fr-ademe-h2	e2b2da79581fbb09	Cj6Q0FV3AmwAcLA_K8Q0h	Dunkerque	Shymed	France	Dunkerque	51.00180826	2.31984336	ADEME-published project point; parcel when known, otherwise commune coordinate			Hydrogen production	ADEME site type: Production	Opérationnel	planned power 1.25 MW; production capacity 534 kg H2/day	SHYMED	dataset updated 2026-09-27
fr-ademe-h2	e33a124626e2c34d	jKmylIyX_8iFGXFWuwJB3	Signes	hynomed	France	Signes	43.2776411792593	5.8571392422719	ADEME-published project point; parcel when known, otherwise commune coordinate			Hydrogen production	ADEME site type: Production	Engagé	planned power 5 MW; production capacity 2000 kg H2/day	HYNOVAR	dataset updated 2026-09-27
fr-ademe-h2	e72347b43f31a249	SM7HK87evHbN_avQl2l8t	Chatenay	Vallee Sud Hydrogene	France	Châtenay-Malabry	48.7681682516195	2.2628273990627	ADEME-published project point; parcel when known, otherwise commune coordinate			Hydrogen production	ADEME site type: Production	Engagé	planned power 5 MW; production capacity 2136 kg H2/day	Vallee Sud H2	dataset updated 2026-09-27
fr-ademe-h2	f89e9fcecfc4553e	ZaFQcFTLh4eX6Vf6zgl8J	Belhynov	HY4	France	Danjoutin	47.62251705	6.8591052	ADEME-published project point; parcel when known, otherwise commune coordinate			Hydrogen production	ADEME site type: Production	Engagé	planned power 3 MW; production capacity 800 kg H2/day	H2 NFC	dataset updated 2026-09-27
uk-repd-ad	11020	11020	Acorn Bioenergy Limited - Anaerobic Digestion Facility	SLR Consulting Limited	United Kingdom	England	51.792401	-1.029124	REPD British National Grid project point; approximate WGS84 transform	467057	210862	Anaerobic Digestion	CHP Enabled: No	Planning Application Submitted		Acorn Bioenergy Limited - Anaerobic Digestion Facility	19/04/2022
uk-repd-ad	11062	11062	Lower Eggleton - Anaerobic Digestion Facility	Oaktree Environmental Limited	United Kingdom	England	52.109123	-2.576896	REPD British National Grid project point; approximate WGS84 transform	360588	245801	Anaerobic Digestion	CHP Enabled: No	Planning Permission Refused		Lower Eggleton - Anaerobic Digestion Facility	19/06/2026
uk-repd-ad	11108	11108	GMT Biogas - Anaerobic Digestion Facility, Cross Banks Road	Mickram	United Kingdom	England	52.765851	0.388020	REPD British National Grid project point; approximate WGS84 transform	561216	321368	Anaerobic Digestion	CHP Enabled: Yes	Planning Permission Granted	1 MW electrical installed capacity	GMT Biogas - Anaerobic Digestion Facility, Cross Banks Road	28/04/2022
uk-repd-ad	11189	11189	Barley Mow Farm, Evenley - Anaerobic Digestion Facility	Acorn Bioenergy Limited	United Kingdom	England	51.998369	-1.156192	REPD British National Grid project point; approximate WGS84 transform	458028	233661	Anaerobic Digestion	CHP Enabled: No	Planning Permission Refused	0.9 MW electrical installed capacity	Barley Mow Farm, Evenley - Anaerobic Digestion Facility	19/12/2023
uk-repd-ad	11238	11238	Barff Lane - Farm Anaerobic Digestion Plant	Glentham Farming Company	United Kingdom	England	53.407135	-0.497971	REPD British National Grid project point; approximate WGS84 transform	499948	391086	Anaerobic Digestion	CHP Enabled: 	Under Construction		Barff Lane - Farm Anaerobic Digestion Plant	11/05/2022
uk-repd-ad	11239	11239	Deal Farm, Bressingham - Anaerobic Digestion facility & Agricultural Building	Deal Farm Biogas Limited	United Kingdom	England	52.407964	1.065094	REPD British National Grid project point; approximate WGS84 transform	608580	283304	Anaerobic Digestion	CHP Enabled: 	Revised	6.6 MW electrical installed capacity	Deal Farm, Bressingham - Anaerobic Digestion facility & Agricultural Building	11/05/2022
uk-repd-ad	11240	11240	Toggam Farm - Anaerobic Digestion Plant	Greenheath Farming Co Limited	United Kingdom	England	52.435080	0.507360	REPD British National Grid project point; approximate WGS84 transform	570546	284857	Anaerobic Digestion	CHP Enabled: Yes	Operational	1 MW electrical installed capacity	Toggam Farm - Anaerobic Digestion Plant	11/05/2022
uk-repd-ad	11242	11242	Hulam Farm, Hutton Henry - Anaerobic Digestion Plant	Ener-G Bio Limited	United Kingdom	England	54.722961	-1.319530	REPD British National Grid project point; approximate WGS84 transform	443927	536653	Anaerobic Digestion	CHP Enabled: 	Planning Permission Granted		Hulam Farm, Hutton Henry - Anaerobic Digestion Plant	11/05/2022
uk-repd-ad	11243	11243	Higher Farm - Anaerobic Digestion Facility	Higher Farm	United Kingdom	England	53.206770	-2.417426	REPD British National Grid project point; approximate WGS84 transform	372217	367826	Anaerobic Digestion	CHP Enabled: 	Planning Application Withdrawn		Higher Farm - Anaerobic Digestion Facility	11/05/2022
uk-repd-ad	11244	11244	Gibson Lane, South Melton - Anaerobic Digestion Plant	Melton Energy Tech	United Kingdom	England	53.723672	-0.531274	REPD British National Grid project point; approximate WGS84 transform	497008	426253	Anaerobic Digestion	CHP Enabled: 	Abandoned		Gibson Lane, South Melton - Anaerobic Digestion Plant	11/05/2022
uk-repd-ad	11245	11245	Lords Meadow Industrial Estate - Anaerobic Digestion Plant	Lords Meadow Biogas Limited	United Kingdom	England	50.789114	-3.643350	REPD British National Grid project point; approximate WGS84 transform	284261	100126	Anaerobic Digestion	CHP Enabled: 	Under Construction		Lords Meadow Industrial Estate - Anaerobic Digestion Plant	11/05/2022
uk-repd-ad	11246	11246	Bushywarren Lane, Ellisfield - Anaerobic Digestor Plant	RKE Bio Group Limited	United Kingdom	England	51.216133	-1.060434	REPD British National Grid project point; approximate WGS84 transform	465720	146745	Anaerobic Digestion	CHP Enabled: 	Under Construction		Bushywarren Lane, Ellisfield - Anaerobic Digestor Plant	11/05/2022
uk-repd-ad	11247	11247	Hedgehope Cottage, Winfield - Anaerobic Digestion Unit	Avocet Infinite Renewables	United Kingdom	England	55.670039	-1.801643	REPD British National Grid project point; approximate WGS84 transform	412575	641855	Anaerobic Digestion	CHP Enabled: 	Planning Application Withdrawn	0.6 MW electrical installed capacity	Hedgehope Cottage, Winfield - Anaerobic Digestion Unit	11/05/2022
uk-repd-ad	11248	11248	Balmcassie Commercial Park - Anaerobic digestion plant	Brewdog Limited	United Kingdom	Scotland	57.370809	-2.050114	REPD British National Grid project point; approximate WGS84 transform	397085	831151	Anaerobic Digestion	CHP Enabled: 	Under Construction	3.5 MW electrical installed capacity	Balmcassie Commercial Park - Anaerobic digestion plant	11/05/2022
uk-repd-ad	11249	11249	Portgordon - Anaerobic Digestion Tanks	Grissan Renewable Energy	United Kingdom	Scotland	57.662675	-3.015951	REPD British National Grid project point; approximate WGS84 transform	339483	864097	Anaerobic Digestion	CHP Enabled: No	Under Construction		Portgordon - Anaerobic Digestion Tanks	11/05/2022
uk-repd-ad	11250	11250	Deeside Industrial Park - Waste Management Facility	Logik WTE Limited	United Kingdom	Wales	53.239213	-3.031968	REPD British National Grid project point; approximate WGS84 transform	331224	371851	Anaerobic Digestion	CHP Enabled: No	Abandoned		Deeside Industrial Park - Waste Management Facility	11/05/2022
uk-repd-ad	11251	11251	Ystym Colwyn Farms - Anaerobic Digestion Plant	Gittins & Sons	United Kingdom	Wales	52.738949	-3.211746	REPD British National Grid project point; approximate WGS84 transform	318286	316391	Anaerobic Digestion	CHP Enabled: No	Planning Permission Granted	0.25 MW electrical installed capacity	Ystym Colwyn Farms - Anaerobic Digestion Plant	11/05/2022
uk-repd-ad	11762	11762	Grange Farm, Lea Lane, Aldford - Anaerobic Digestion Facility	Grosvenor Farms Limited	United Kingdom	England	53.123801	-2.851056	REPD British National Grid project point; approximate WGS84 transform	343145	358853	Anaerobic Digestion	CHP Enabled: 	Planning Permission Granted		Grange Farm, Lea Lane, Aldford - Anaerobic Digestion Facility	01/08/2022
uk-repd-ad	11802	11802	The Drove, Pondersbridge - Anaerobic Digestion Plant	Collmart Growers Limited	United Kingdom	England	52.512092	-0.146026	REPD British National Grid project point; approximate WGS84 transform	525914	292082	Anaerobic Digestion	CHP Enabled: No	Planning Permission Granted	6.8 MW electrical installed capacity	The Drove, Pondersbridge - Anaerobic Digestion Plant	04/08/2022
uk-repd-ad	12047	12047	Bycott Farm, Lower Town - Anaerobic Digester	Bycott Farms Limited	United Kingdom	England	50.904441	-3.417926	REPD British National Grid project point; approximate WGS84 transform	300396	112621	Anaerobic Digestion	CHP Enabled: No	Planning Application Withdrawn		Bycott Farm, Lower Town - Anaerobic Digester	08/05/2026
uk-repd-ad	12152	12152	Suezlower, Eccleshill Road - Anaerobic Digestion Facility	SUEZ Recycling & Recovery UK Limited Head Office	United Kingdom	England	53.711557	-2.466104	REPD British National Grid project point; approximate WGS84 transform	369333	424005	Anaerobic Digestion	CHP Enabled: No	Planning Permission Granted		Suezlower, Eccleshill Road - Anaerobic Digestion Facility	11/02/2025
uk-repd-ad	12211	12211	Spring Grove Farm, Withersfield North - Anaerobic Digestion Facility	Acorn Bioenergy Limited	United Kingdom	England	52.094725	0.395382	REPD British National Grid project point; approximate WGS84 transform	564187	246749	Anaerobic Digestion	CHP Enabled: No	Planning Permission Refused	2.9 MW electrical installed capacity	Spring Grove Farm, Withersfield North - Anaerobic Digestion Facility	25/07/2025
uk-repd-ad	12228	12228	Wigan Lane - Anaerobic Digester Unit	J & B Woodcock & Sons	United Kingdom	England	53.616597	-2.601032	REPD British National Grid project point; approximate WGS84 transform	360338	413507	Anaerobic Digestion	CHP Enabled: No	Appeal Granted		Wigan Lane - Anaerobic Digester Unit	27/04/2026
uk-repd-ad	12268	12268	East Lodge Farm, Quinton Road - Anaerobic Digestion Facility	Acorn Bioenergy Limited	United Kingdom	England	52.169428	-0.873010	REPD British National Grid project point; approximate WGS84 transform	477174	252950	Anaerobic Digestion	CHP Enabled: No	Under Construction		East Lodge Farm, Quinton Road - Anaerobic Digestion Facility	17/02/2025
uk-repd-ad	12313	12313	Girvan Distillery, Main Street - Anaerobic Digestion Facility	Grissan Carrick Limited	United Kingdom	Scotland	55.260702	-4.833403	REPD British National Grid project point; approximate WGS84 transform	220047	599942	Anaerobic Digestion	CHP Enabled: No	Revised	2 MW electrical installed capacity	Girvan Distillery, Main Street - Anaerobic Digestion Facility	27/04/2023
uk-repd-ad	12372	12372	Ellington Road - Anaerobic Digestion Facility	SUEZ recycling and recovery UK	United Kingdom	England	55.199811	-1.584603	REPD British National Grid project point; approximate WGS84 transform	426539	589584	Anaerobic Digestion	CHP Enabled: No	Planning Permission Granted		Ellington Road - Anaerobic Digestion Facility	13/07/2023
uk-repd-ad	12405	12405	East Witney Green Power  - Anaerobic Digestion Facility	Acorn Bioenergy Limited	United Kingdom	England	51.779873	-1.371152	REPD British National Grid project point; approximate WGS84 transform	443480	209210	Anaerobic Digestion	CHP Enabled: No	Planning Permission Refused		East Witney Green Power  - Anaerobic Digestion Facility	29/11/2023
uk-repd-ad	12484	12484	RAF Shawbury	Oaklands Farm Eggs	United Kingdom	England	52.800301	-2.651489	REPD British National Grid project point; approximate WGS84 transform	356173	322726	Anaerobic Digestion	CHP Enabled: Yes	Planning Permission Granted		RAF Shawbury	02/11/2022
uk-repd-ad	12509	12509	Tubbs End, Tysoe Road - Anaerobic Digestion Facility	Acorn Bioenergy Limited	United Kingdom	England	52.126059	-1.507326	REPD British National Grid project point; approximate WGS84 transform	433825	247642	Anaerobic Digestion	CHP Enabled: No	Planning Application Submitted		Tubbs End, Tysoe Road - Anaerobic Digestion Facility	03/11/2022
uk-repd-ad	12604	12604	Carlindean Farm, Carnwath - Anaerobic Digestion Plant	Hewitt Farming	United Kingdom	Scotland	55.704360	-3.606019	REPD British National Grid project point; approximate WGS84 transform	299173	646826	Anaerobic Digestion	CHP Enabled: No	Planning Permission Granted		Carlindean Farm, Carnwath - Anaerobic Digestion Plant	04/10/2023
uk-repd-ad	12611	12611	Bicester Road, Long Crendon - Anaerobic Digestion Facility	Acorn Bioenergy Limited	United Kingdom	England	51.789096	-1.028557	REPD British National Grid project point; approximate WGS84 transform	467101	210495	Anaerobic Digestion	CHP Enabled: No	Planning Application Submitted		Bicester Road, Long Crendon - Anaerobic Digestion Facility	14/11/2022
uk-repd-ad	12617	12617	Manby Airfield, Manby Park - Anaerobic Digestor	Manby BGE Limited	United Kingdom	England	53.360599	0.089761	REPD British National Grid project point; approximate WGS84 transform	539166	386893	Anaerobic Digestion	CHP Enabled: No	Planning Permission Granted		Manby Airfield, Manby Park - Anaerobic Digestor	12/05/2025
uk-repd-ad	12660	12660	Longmorn - Anaerobic Digestion Plant	Acorn Bioenergy	United Kingdom	Scotland	57.597687	-3.280487	REPD British National Grid project point; approximate WGS84 transform	323564	857130	Anaerobic Digestion	CHP Enabled: No	Planning Permission Refused		Longmorn - Anaerobic Digestion Plant	18/11/2025
uk-repd-ad	12686	12686	Rathven - Anaerobic Digestion Plant	Acorn Bioenergy Limited	United Kingdom	Scotland	57.670537	-2.932834	REPD British National Grid project point; approximate WGS84 transform	344454	864901	Anaerobic Digestion	CHP Enabled: No	Planning Application Withdrawn		Rathven - Anaerobic Digestion Plant	19/05/2026
uk-repd-ad	12699	12699	Copeland Way, Ellough - Anaerobic Digestion Plant	Privilege Finance Limited	United Kingdom	England	52.438855	1.606639	REPD British National Grid project point; approximate WGS84 transform	645232	288439	Anaerobic Digestion	CHP Enabled: No	Planning Permission Refused	10 MW electrical installed capacity	Copeland Way, Ellough - Anaerobic Digestion Plant	03/05/2024
uk-repd-ad	12957	12957	Deal Farm, Bressingham - Anaerobic Digestion facility & Agricultural Building	Deal Farm Biogas Limited	United Kingdom	England	52.407964	1.065094	REPD British National Grid project point; approximate WGS84 transform	608580	283304	Anaerobic Digestion	CHP Enabled: 	Revised	6.6 MW electrical installed capacity	Deal Farm, Bressingham - Anaerobic Digestion facility & Agricultural Building	30/06/2023
uk-repd-ad	12961	12961	Cowdown Farm, Cowdown Lane - Anaerobic Digestion Facility	Acorn Bioenergy Limited	United Kingdom	England	51.195316	-1.450694	REPD British National Grid project point; approximate WGS84 transform	438480	144154	Anaerobic Digestion	CHP Enabled: Yes	Revised		Cowdown Farm, Cowdown Lane - Anaerobic Digestion Facility	05/01/2023
uk-repd-ad	13017	13017	Grove Farm, Cow Lane - Anaerobic Digestion Facility	Acorn Bioenergy Limited	United Kingdom	England	51.622984	-1.421772	REPD British National Grid project point; approximate WGS84 transform	440126	191732	Anaerobic Digestion	CHP Enabled: No	Planning Application Withdrawn		Grove Farm, Cow Lane - Anaerobic Digestion Facility	15/06/2023
uk-repd-ad	13018	13018	Stanley Villa Farm, Back Lane - Anaerobic Digestion Plant	Farm Generation Limited	United Kingdom	England	53.812826	-2.913041	REPD British National Grid project point; approximate WGS84 transform	339979	435558	Anaerobic Digestion	CHP Enabled: No	Planning Permission Granted		Stanley Villa Farm, Back Lane - Anaerobic Digestion Plant	11/12/2023
uk-repd-ad	13029	13029	Hemswell Biogas, Hemswell Cliff Industrial Estate - Anaerobic Digestion	A M Duguid & Son (BioteCH4)	United Kingdom	England	53.402166	-0.576620	REPD British National Grid project point; approximate WGS84 transform	494731	390426	Anaerobic Digestion	CHP Enabled: Yes	Planning Permission Granted	6 MW electrical installed capacity	Hemswell Biogas, Hemswell Cliff Industrial Estate - Anaerobic Digestion	11/02/2025
uk-repd-ad	13083	13083	Omega Proteins Penrith, Processing Plant - Anaerobic Digestion Facility	Omega Proteins Limited	United Kingdom	England	54.657229	-2.778745	REPD British National Grid project point; approximate WGS84 transform	349858	529405	Anaerobic Digestion	CHP Enabled: No	Planning Application Withdrawn		Omega Proteins Penrith, Processing Plant - Anaerobic Digestion Facility	13/06/2023
uk-repd-ad	13129	13129	Woofields Farm, Coddington - Anaerobic Digestion	Private Developer	United Kingdom	England	52.081208	-2.411552	REPD British National Grid project point; approximate WGS84 transform	371894	242619	Anaerobic Digestion	CHP Enabled: No	Planning Permission Refused		Woofields Farm, Coddington - Anaerobic Digestion	01/02/2023
uk-repd-ad	13137	13137	Eden Business Park, Edenhouse Drive - Anaerobic Digestion Facility	Circular Malton & Norton Cic	United Kingdom	England	54.152693	-0.777576	REPD British National Grid project point; approximate WGS84 transform	479934	473676	Anaerobic Digestion	CHP Enabled: No	Planning Application Submitted		Eden Business Park, Edenhouse Drive - Anaerobic Digestion Facility	02/02/2023
uk-repd-ad	13139	13139	Iggesund Paperboard, Siddick - Anaerobic Digestion Plant	Iggesund Paperboard	United Kingdom	England	54.666104	-3.545443	REPD British National Grid project point; approximate WGS84 transform	300420	531211	Anaerobic Digestion	CHP Enabled: No	Planning Permission Granted		Iggesund Paperboard, Siddick - Anaerobic Digestion Plant	05/09/2023
uk-repd-ad	13286	13286	Alton Materials Recovery Facility - Anaerobic Digestion Facility	Veolia (Es) Uk Limited	United Kingdom	England	51.168228	-0.935169	REPD British National Grid project point; approximate WGS84 transform	474546	141537	Anaerobic Digestion	CHP Enabled: No	Planning Application Submitted	1.5 MW electrical installed capacity	Alton Materials Recovery Facility - Anaerobic Digestion Facility	24/02/2023
uk-repd-ad	13327	13327	Staples Vegetables Limited, Station Farm - Anaerobic Digestion Plant	Staples Brothers Limited	United Kingdom	England	53.034610	0.031156	REPD British National Grid project point; approximate WGS84 transform	536296	350521	Anaerobic Digestion	CHP Enabled: No	Planning Permission Granted		Staples Vegetables Limited, Station Farm - Anaerobic Digestion Plant	11/02/2025
uk-repd-ad	13342	13342	Modern Moulds Business Centre, Harwood Road - Anaerobic Digestion	Basf Agricultural Specialities Limited	United Kingdom	England	50.813159	-0.552728	REPD British National Grid project point; approximate WGS84 transform	502059	102510	Anaerobic Digestion	CHP Enabled: Yes	Planning Application Withdrawn		Modern Moulds Business Centre, Harwood Road - Anaerobic Digestion	13/01/2025
uk-repd-ad	13462	13462	Lockerbie Creamery - Anaerobic Digester	Lockerbie Biogas Limited	United Kingdom	Scotland	55.117235	-3.409955	REPD British National Grid project point; approximate WGS84 transform	310169	581224	Anaerobic Digestion	CHP Enabled: No	Planning Permission Granted		Lockerbie Creamery - Anaerobic Digester	28/04/2023
uk-repd-ad	13506	13506	Former Christian Salvesen, Burton Lane - Anaerobic Digestion Plant	Easton Properties Limited	United Kingdom	England	52.828175	-0.607370	REPD British National Grid project point; approximate WGS84 transform	493928	326536	Anaerobic Digestion	CHP Enabled: No	Planning Permission Granted	5 MW electrical installed capacity	Former Christian Salvesen, Burton Lane - Anaerobic Digestion Plant	28/01/2025
uk-repd-ad	13758	13758	Girvan Distillery, Main Street - Anaerobic Digestion Facility	Grissan Carrick Limited	United Kingdom	Scotland	55.266017	-4.829043	REPD British National Grid project point; approximate WGS84 transform	220348	600522	Anaerobic Digestion	CHP Enabled: No	Planning Permission Granted	2 MW electrical installed capacity	Girvan Distillery, Main Street - Anaerobic Digestion Facility	13/06/2023
uk-repd-ad	13870	13870	Ashton Road, Ashton Keynes - Anaerobic Digestion Facility	Acorn Bioenergy Limited	United Kingdom	England	51.664035	-1.943782	REPD British National Grid project point; approximate WGS84 transform	403985	196141	Anaerobic Digestion	CHP Enabled: No	Planning Permission Granted		Ashton Road, Ashton Keynes - Anaerobic Digestion Facility	23/04/2025
uk-repd-ad	14038	14038	Beddington Lane, Beddington - Anaerobic Digestion Facility	SUEZ Recycling & Recovery UK Limited	United Kingdom	England	51.372834	-0.130619	REPD British National Grid project point; approximate WGS84 transform	530215	165411	Anaerobic Digestion	CHP Enabled: No	Planning Permission Refused		Beddington Lane, Beddington - Anaerobic Digestion Facility	18/06/2025
uk-repd-ad	14108	14108	The Portgordon Maltings. Phase 1 - Aerobic Digestion Facility	Grissan Engineering Services Limited	United Kingdom	Scotland	57.655915	-3.027677	REPD British National Grid project point; approximate WGS84 transform	338772	863355	Anaerobic Digestion	CHP Enabled: No	Planning Permission Granted	4 MW electrical installed capacity	The Portgordon Maltings. Phase 1 - Aerobic Digestion Facility	14/03/2024
uk-repd-ad	14109	14109	The Portgordon Maltings, Phase 2 - Aerobic Digestion Facility	Grisasan Engineering Services Limited	United Kingdom	Scotland	57.656050	-3.026575	REPD British National Grid project point; approximate WGS84 transform	338838	863369	Anaerobic Digestion	CHP Enabled: No	Planning Permission Granted	4 MW electrical installed capacity	The Portgordon Maltings, Phase 2 - Aerobic Digestion Facility	20/06/2023
uk-repd-ad	14137	14137	The Portgordon Maltings, Phase 3 - Aerobic Digestion Facility	Grissan Engineering Services Limited	United Kingdom	Scotland	57.656236	-3.029027	REPD British National Grid project point; approximate WGS84 transform	338692	863392	Anaerobic Digestion	CHP Enabled: No	Planning Permission Granted	4 MW electrical installed capacity	The Portgordon Maltings, Phase 3 - Aerobic Digestion Facility	14/03/2024
uk-repd-ad	14174	14174	Deal Farm, Bressingham - Anaerobic Digestion facility & Agricultural Building	Deal Farm Biogas Limited	United Kingdom	England	52.407964	1.065094	REPD British National Grid project point; approximate WGS84 transform	608580	283304	Anaerobic Digestion	CHP Enabled: 	Planning Application Withdrawn	6.6 MW electrical installed capacity	Deal Farm, Bressingham - Anaerobic Digestion facility & Agricultural Building	04/03/2025
uk-repd-ad	14511	14511	Heck Hall Farm - Anaerobic Digestion Plant	Great Heck Green Energy Limited	United Kingdom	England	53.678709	-1.099235	REPD British National Grid project point; approximate WGS84 transform	459597	420626	Anaerobic Digestion	CHP Enabled: No	Planning Permission Granted		Heck Hall Farm - Anaerobic Digestion Plant	19/02/2024
uk-repd-ad	14561	14561	Singleton Birch, Melton Ross - Anaerobic Digestion Facility	Singleton Birch Limited	United Kingdom	England	53.586475	-0.364459	REPD British National Grid project point; approximate WGS84 transform	508365	411231	Anaerobic Digestion	CHP Enabled: No	Planning Permission Granted		Singleton Birch, Melton Ross - Anaerobic Digestion Facility	08/10/2024
uk-repd-ad	14688	14688	Court Farm, Hindlip - Anaerobic Digestion Facility	Stenergy Worcester Limited	United Kingdom	England	52.222973	-2.181639	REPD British National Grid project point; approximate WGS84 transform	387689	258323	Anaerobic Digestion	CHP Enabled: No	Planning Permission Refused	2.8 MW electrical installed capacity	Court Farm, Hindlip - Anaerobic Digestion Facility	26/08/2025
uk-repd-ad	15021	15021	Trinity Organics Limited - Anaerobic Digestion Plant	Trinity Chemicals	United Kingdom	England	53.279189	-2.869424	REPD British National Grid project point; approximate WGS84 transform	342126	376154	Anaerobic Digestion	CHP Enabled: No	Planning Permission Granted		Trinity Organics Limited - Anaerobic Digestion Plant	14/12/2023
uk-repd-ad	15259	15259	Rectory Farm - Anaerobic Digestion Plant	Great Heck Green Energy Limited	United Kingdom	England	52.450871	-0.363483	REPD British National Grid project point; approximate WGS84 transform	511312	284916	Anaerobic Digestion	CHP Enabled: No	Planning Permission Granted	7 MW electrical installed capacity	Rectory Farm - Anaerobic Digestion Plant	18/03/2025
uk-repd-ad	15260	15260	Streetly Hall Farm, West Wickham - Anaerobic Digestion Renewable Energy Facility	Streetly Hall Farm	United Kingdom	England	52.107934	0.356644	REPD British National Grid project point; approximate WGS84 transform	561486	248131	Anaerobic Digestion	CHP Enabled: No	Planning Permission Granted	7 MW electrical installed capacity	Streetly Hall Farm, West Wickham - Anaerobic Digestion Renewable Energy Facility	12/08/2024
uk-repd-ad	15309	15309	Academy Road - Energy Centre & Anaerobic Digestion Facility	Grissan Engineering Services Limited	United Kingdom	Scotland	57.700079	-4.158469	REPD British National Grid project point; approximate WGS84 transform	271458	869856	Anaerobic Digestion	CHP Enabled: No	Planning Permission Granted	4 MW electrical installed capacity	Academy Road - Energy Centre & Anaerobic Digestion Facility	24/11/2023
uk-repd-ad	15369	15369	Brae of Pert Farm - Anaerobic Digestion Plant	Stracathro Renewable Energy Limited	United Kingdom	Scotland	56.775059	-2.589195	REPD British National Grid project point; approximate WGS84 transform	364090	764986	Anaerobic Digestion	CHP Enabled: No	Planning Permission Granted		Brae of Pert Farm - Anaerobic Digestion Plant	03/04/2024
uk-repd-ad	15376	15376	Tambowie Farm - Anaerobic Digestion Project	Stream BioEnergy Limited	United Kingdom	Scotland	55.950356	-4.356507	REPD British National Grid project point; approximate WGS84 transform	252951	675544	Anaerobic Digestion	CHP Enabled: No	Planning Application Withdrawn		Tambowie Farm - Anaerobic Digestion Project	08/07/2025
uk-repd-ad	15442	15442	Primrose Hill Farm, Smeaton Road - Anaerobic Digestion Facility	Storengy UK	United Kingdom	England	53.955257	-1.219727	REPD British National Grid project point; approximate WGS84 transform	451300	451300	Anaerobic Digestion	CHP Enabled: No	Planning Permission Granted		Primrose Hill Farm, Smeaton Road - Anaerobic Digestion Facility	09/12/2025
uk-repd-ad	15666	15666	Surfleet Bank & Woad Farm - Anaerobic Digestor Plant	Naylor Farms	United Kingdom	England	52.858616	-0.105934	REPD British National Grid project point; approximate WGS84 transform	527621	330694	Anaerobic Digestion	CHP Enabled: No	Planning Permission Granted		Surfleet Bank & Woad Farm - Anaerobic Digestor Plant	24/02/2026
uk-repd-ad	16263	16263	Sprucely Biogas, Sedgefield - Anaerobic Digestion Plant	BioConstruct NewEnergy Limited	United Kingdom	England	54.673817	-1.463930	REPD British National Grid project point; approximate WGS84 transform	434668	531104	Anaerobic Digestion	CHP Enabled: No	Planning Permission Refused		Sprucely Biogas, Sedgefield - Anaerobic Digestion Plant	15/06/2026
uk-repd-ad	16406	16406	Sewstern Road - Anaerobic Digestion Facility	Ironstone Energy Limited	United Kingdom	England	52.785367	-0.667975	REPD British National Grid project point; approximate WGS84 transform	489933	321697	Anaerobic Digestion	CHP Enabled: No	Planning Application Submitted		Sewstern Road - Anaerobic Digestion Facility	30/05/2024
uk-repd-ad	16413	16413	Allanfearn, Inverness - Anaerobic Digesters	Scottish Water Head Office	United Kingdom	Scotland	57.499408	-4.144152	REPD British National Grid project point; approximate WGS84 transform	271605	847495	Anaerobic Digestion	CHP Enabled: No	Planning Permission Granted		Allanfearn, Inverness - Anaerobic Digesters	09/09/2024
uk-repd-ad	16696	16696	Cashmere Works, Birksland Street - Anaerobic Digestion Facility	Howarth Scouring Company	United Kingdom	England	53.790681	-1.730275	REPD British National Grid project point; approximate WGS84 transform	417867	432741	Anaerobic Digestion	CHP Enabled: No	Planning Application Submitted		Cashmere Works, Birksland Street - Anaerobic Digestion Facility	22/07/2024
uk-repd-ad	16799	16799	The Seaboard Villages, Fearn Airfield - Anaerobic Digestion Plant	Breydons Solicitors	United Kingdom	Scotland	57.756697	-3.915237	REPD British National Grid project point; approximate WGS84 transform	286130	875722	Anaerobic Digestion	CHP Enabled: No	Appeal Granted	11 MW electrical installed capacity	The Seaboard Villages, Fearn Airfield - Anaerobic Digestion Plant	02/06/2025
uk-repd-ad	16865	16865	Old Green Farm, Earthcott Road - Anaerobic Digester	Private Developer	United Kingdom	England	51.565218	-2.515162	REPD British National Grid project point; approximate WGS84 transform	364388	185275	Anaerobic Digestion	CHP Enabled: No	Planning Application Submitted		Old Green Farm, Earthcott Road - Anaerobic Digester	20/08/2024
uk-repd-ad	16910	16910	Great Hele Barton, Condate Biogas - Anaerobic Digestion Plant Expansion	Condate Biogas Limited	United Kingdom	England	51.006039	-3.833001	REPD British National Grid project point; approximate WGS84 transform	271493	124561	Anaerobic Digestion	CHP Enabled: No	Planning permission granted		Great Hele Barton, Condate Biogas - Anaerobic Digestion Plant Expansion	10/06/2025
uk-repd-ad	16934	16934	Naylor Farms, Spalding - Anaerobic Digestor Plant & Building	Naylor Farms	United Kingdom	England	52.780690	-0.124429	REPD British National Grid project point; approximate WGS84 transform	526602	321994	Anaerobic Digestion	CHP Enabled: No	Planning Application Submitted		Naylor Farms, Spalding - Anaerobic Digestor Plant & Building	02/09/2024
uk-repd-ad	16943	16943	Market Weighton Road, Barlby - Anaerobic Digestion Facility	Future Biogas Limited	United Kingdom	England	53.818903	-1.020419	REPD British National Grid project point; approximate WGS84 transform	464588	436292	Anaerobic Digestion	CHP Enabled: No	Planning Permission Granted		Market Weighton Road, Barlby - Anaerobic Digestion Facility	25/03/2026
uk-repd-ad	17097	17097	Cashmere Works, Birksland Street - Anaerobic Digestion Facility	Howarth Scouring Company	United Kingdom	England	53.790681	-1.730275	REPD British National Grid project point; approximate WGS84 transform	417867	432741	Anaerobic Digestion	CHP Enabled: No	Planning Permission Granted		Cashmere Works, Birksland Street - Anaerobic Digestion Facility	13/01/2025
uk-repd-ad	17375	17375	Greaves, Popplemire Lane - Anaerobic Digestion Plant	T K Robinson & Sons	United Kingdom	England	54.283975	-2.686574	REPD British National Grid project point; approximate WGS84 transform	355399	487811	Anaerobic Digestion	CHP Enabled: No	Planning Permission Granted		Greaves, Popplemire Lane - Anaerobic Digestion Plant	03/02/2025
uk-repd-ad	17758	17758	Girvan Distillery, Bridge Mill Girvan - Anaerobic Digestion Extension	Grissan Carrick Limited	United Kingdom	Scotland	55.260710	-4.833419	REPD British National Grid project point; approximate WGS84 transform	220046	599943	Anaerobic Digestion	CHP Enabled: No	Planning Permission Granted	10 MW electrical installed capacity	Girvan Distillery, Bridge Mill Girvan - Anaerobic Digestion Extension	04/03/2025
uk-repd-ad	17860	17860	Kilchoman Distillery, Bruichladdich - Anaerobic Digester Facility	Kilchoman Distillery	United Kingdom	Scotland	55.795644	-6.396478	REPD British National Grid project point; approximate WGS84 transform	124546	664568	Anaerobic Digestion	CHP Enabled: No	Planning Application Submitted		Kilchoman Distillery, Bruichladdich - Anaerobic Digester Facility	20/01/2025
uk-repd-ad	17891	17891	Reydon Ad Plant - Anaerobic Digestion Facility	Adnams & Company Plc	United Kingdom	England	52.336538	1.644495	REPD British National Grid project point; approximate WGS84 transform	648378	277193	Anaerobic Digestion	CHP Enabled: Yes	Planning Permission Granted		Reydon Ad Plant - Anaerobic Digestion Facility	16/12/2025
uk-repd-ad	18436	18436	Plusterwine Biogas, Station Road - Anaerobic Digestion Plant Extension	Plusterwine Biogas Limited	United Kingdom	England	51.693552	-2.585918	REPD British National Grid project point; approximate WGS84 transform	359598	199585	Anaerobic Digestion	CHP Enabled: No	Planning Permission Granted		Plusterwine Biogas, Station Road - Anaerobic Digestion Plant Extension	31/03/2025
uk-repd-ad	18527	18527	Manor Farm, Lower Lane - Anaerobic Digestion Facility	Grosvenor Farms Limited	United Kingdom	England	53.123837	-2.851042	REPD British National Grid project point; approximate WGS84 transform	343146	358857	Anaerobic Digestion	CHP Enabled: No	Planning Permission Granted		Manor Farm, Lower Lane - Anaerobic Digestion Facility	27/01/2026
uk-repd-ad	18571	18571	Cowdown Farm, Cowdown Lane - Anaerobic Digestion Facility	Acorn Bioenergy Limited	United Kingdom	England	51.195316	-1.450694	REPD British National Grid project point; approximate WGS84 transform	438480	144154	Anaerobic Digestion	CHP Enabled: Yes	Planning Permission Granted		Cowdown Farm, Cowdown Lane - Anaerobic Digestion Facility	06/01/2026
uk-repd-ad	18716	18716	Sandhutton Biofuel Plant, Thirsk - Anaerobic Digestion Facility	Sandhutton Biofuel Plant Limited	United Kingdom	England	54.224700	-1.423840	REPD British National Grid project point; approximate WGS84 transform	437662	481151	Anaerobic Digestion	CHP Enabled: No	Planning Application Submitted		Sandhutton Biofuel Plant, Thirsk - Anaerobic Digestion Facility	19/05/2025
uk-repd-ad	19150	19150	Thriplow Village, Thriplow - Anaerobic Digestion Plant	Meridian Biogas Limited	United Kingdom	England	52.080549	0.099015	REPD British National Grid project point; approximate WGS84 transform	543933	244544	Anaerobic Digestion	CHP Enabled: No	Planning Application Withdrawn		Thriplow Village, Thriplow - Anaerobic Digestion Plant	16/12/2025
uk-repd-ad	19286	19286	Dobcross Hall, Gaitsgill - Anaerobic Digester	P & A M Holliday	United Kingdom	England	54.801897	-2.936652	REPD British National Grid project point; approximate WGS84 transform	339886	545627	Anaerobic Digestion	CHP Enabled: No	Planning Application Submitted		Dobcross Hall, Gaitsgill - Anaerobic Digester	18/08/2025
uk-repd-ad	19373	19373	Park Grounds Farm, Callow Hill - Anaerobic Digestion Facility	Development At Park Grounds Farm	United Kingdom	England	51.554737	-1.927575	REPD British National Grid project point; approximate WGS84 transform	405118	183986	Anaerobic Digestion	CHP Enabled: No	Planning Application Submitted		Park Grounds Farm, Callow Hill - Anaerobic Digestion Facility	17/10/2025
uk-repd-ad	19414	19414	Old Quarry Road, Westfield - Renewable Biogas Facility	Deerdyke Bioenergy Limited	United Kingdom	Scotland	55.926516	-4.056920	REPD British National Grid project point; approximate WGS84 transform	271576	672294	Anaerobic Digestion	CHP Enabled: No	Planning Permission Granted		Old Quarry Road, Westfield - Renewable Biogas Facility	22/01/2026
uk-repd-ad	19430	19430	Winwick Link Road, Winwick - Anaerobic Digestion Facility	Warrington Borough Council	United Kingdom	England	53.432896	-2.583295	REPD British National Grid project point; approximate WGS84 transform	361344	393060	Anaerobic Digestion	CHP Enabled: No	Planning Application Submitted	1 MW electrical installed capacity	Winwick Link Road, Winwick - Anaerobic Digestion Facility	10/09/2025
uk-repd-ad	19497	19497	Ottringham Road, Keyingham - Anaerobic Digestion Facility	Saltaugh Grange Renewable Energy Limited	United Kingdom	England	53.707696	-0.104112	REPD British National Grid project point; approximate WGS84 transform	525238	425143	Anaerobic Digestion	CHP Enabled: No	Planning Permission Granted	7 MW electrical installed capacity	Ottringham Road, Keyingham - Anaerobic Digestion Facility	01/05/2026
uk-repd-ad	195	195	Plot Q Kiln Lane	PdP Solutions Limited	United Kingdom	England	53.609016	-0.171087	REPD British National Grid project point; approximate WGS84 transform	521100	414050	Anaerobic Digestion	CHP Enabled: No	Revised	5 MW electrical installed capacity	Plot Q Kiln Lane	21/11/2019
uk-repd-ad	19529	19529	Pennans Farm, Grampound - Anaerobic Digestion Facility	Penans Renewable Energy Limited	United Kingdom	England	50.305075	-4.873762	REPD British National Grid project point; approximate WGS84 transform	195458	48965	Anaerobic Digestion	CHP Enabled: No	Planning Application Submitted		Pennans Farm, Grampound - Anaerobic Digestion Facility	19/09/2025
uk-repd-ad	19721	19721	Del Monte UK, Weasenham Lane - Anaerobic Digestion Plant	Del Monte Fresh Package Produce (UK) Limited	United Kingdom	England	52.654842	0.154868	REPD British National Grid project point; approximate WGS84 transform	545857	308525	Anaerobic Digestion	CHP Enabled: No	Planning Application Submitted		Del Monte UK, Weasenham Lane - Anaerobic Digestion Plant	28/10/2025
uk-repd-ad	19725	19725	Wessex Farm, Sherborne Causeway - Anaerobic Digestion Facility	1st ESTATE BIOMETHANE LTD	United Kingdom	England	51.009013	-2.237313	REPD British National Grid project point; approximate WGS84 transform	383447	123319	Anaerobic Digestion	CHP Enabled: No	Planning Application Submitted		Wessex Farm, Sherborne Causeway - Anaerobic Digestion Facility	28/10/2025
uk-repd-ad	19954	19954	Barrow Clump Farm, Elveden - Anaerobic Digestion Plant	Farm Biomethane Limited	United Kingdom	England	52.384890	0.666085	REPD British National Grid project point; approximate WGS84 transform	581540	279662	Anaerobic Digestion	CHP Enabled: No	Planning Application Submitted		Barrow Clump Farm, Elveden - Anaerobic Digestion Plant	05/02/2026
uk-repd-ad	20364	20364	Naylor Farms, Rangell Gate - Anaerobic Digestor Plant	Naylor Farms	United Kingdom	England	52.786065	-0.127757	REPD British National Grid project point; approximate WGS84 transform	526362	322586	Anaerobic Digestion	CHP Enabled: No	Planning Permission Granted		Naylor Farms, Rangell Gate - Anaerobic Digestor Plant	08/04/2026
uk-repd-ad	20579	20579	Beckside, Sile croft - Anaerobic Digester Plants	Beckside Farms Limited	United Kingdom	England	54.249494	-3.305886	REPD British National Grid project point; approximate WGS84 transform	315010	484544	Anaerobic Digestion	CHP Enabled: No	Planning Application Submitted		Beckside, Sile croft - Anaerobic Digester Plants	30/03/2026
uk-repd-ad	20585	20585	Cross Lane, Glentham 2 - Anaerobic Digestion Facility	VIDA bioenergy Limited	United Kingdom	England	53.401382	-0.485147	REPD British National Grid project point; approximate WGS84 transform	500814	390464	Anaerobic Digestion	CHP Enabled: No	Planning Application Submitted		Cross Lane, Glentham 2 - Anaerobic Digestion Facility	30/03/2026
uk-repd-ad	20750	20750	Biogen Merevale, Merevale Lane - Anaerobic Digestion Facility	Biogen UK Limited	United Kingdom	England	52.575302	-1.579808	REPD British National Grid project point; approximate WGS84 transform	428573	297581	Anaerobic Digestion	CHP Enabled: Yes	Planning Application Submitted		Biogen Merevale, Merevale Lane - Anaerobic Digestion Facility	14/05/2026
uk-repd-ad	209	209	North Tamar Environ Project - Holsworthy  (Farm AD)	Holsworthy Biogas Company ( North Tamar Business Network)	United Kingdom	England	50.828003	-4.352036	REPD British National Grid project point; approximate WGS84 transform	234450	105800	Anaerobic Digestion	CHP Enabled: No	Operational	1.4 MW electrical installed capacity	North Tamar Environ Project - Holsworthy  (Farm AD)	04/01/2012
uk-repd-ad	210	210	Deerdykes Composting and Organics Recycling Facility (Waste AD)	Scottish Water Solutions	United Kingdom	Scotland	55.970410	-3.957523	REPD British National Grid project point; approximate WGS84 transform	277924	676998	Anaerobic Digestion	CHP Enabled: Yes	Operational	1 MW electrical installed capacity	Deerdykes Composting and Organics Recycling Facility (Waste AD)	04/01/2012
uk-repd-ad	211	211	Cumbernauld BioPlant  (Waste AD)	Shanks Group	United Kingdom	Scotland	55.970410	-3.957523	REPD British National Grid project point; approximate WGS84 transform	277924	676998	Anaerobic Digestion	CHP Enabled: No	Operational	2.4 MW electrical installed capacity	Cumbernauld BioPlant  (Waste AD)	04/01/2012
uk-repd-ad	212	212	Carr Farm (Farm AD)	Farmgen	United Kingdom	England	53.748547	-2.928767	REPD British National Grid project point; approximate WGS84 transform	338850	428420	Anaerobic Digestion	CHP Enabled: No	Operational	1 MW electrical installed capacity	Carr Farm (Farm AD)	02/12/2014
uk-repd-ad	213	213	Stoke Bardolph energy crop (Farm AD)	Severn Trent Water	United Kingdom	England	52.975932	-1.039584	REPD British National Grid project point; approximate WGS84 transform	464588	342496	Anaerobic Digestion	CHP Enabled: No	Operational	2 MW electrical installed capacity	Stoke Bardolph energy crop (Farm AD)	04/01/2012
uk-repd-ad	214	214	BV Dairy  (Farm AD)	BV Dairy	United Kingdom	England	51.011188	-2.182759	REPD British National Grid project point; approximate WGS84 transform	387275	123550	Anaerobic Digestion	CHP Enabled: Yes	Operational	1.5 MW electrical installed capacity	BV Dairy  (Farm AD)	08/10/2013
uk-repd-ad	216	216	Stonepit Hill (Waste AD)	Future Biogas	United Kingdom	England	52.896374	1.194852	REPD British National Grid project point; approximate WGS84 transform	614994	337994	Anaerobic Digestion	CHP Enabled: No	Planning Application Withdrawn	2 MW electrical installed capacity	Stonepit Hill (Waste AD)	27/02/2012
uk-repd-ad	217	217	South Manchester Resource Recovery Centre (AD)	Viridor	United Kingdom	England	53.394356	-2.246099	REPD British National Grid project point; approximate WGS84 transform	383732	388642	Anaerobic Digestion	CHP Enabled: No	Operational	2 MW electrical installed capacity	South Manchester Resource Recovery Centre (AD)	13/02/2013
uk-repd-ad	218	218	Reliance Street Mechanical Biological Treatment Facility (MBT)	Viridor	United Kingdom	England	53.504133	-2.180654	REPD British National Grid project point; approximate WGS84 transform	388115	400842	Anaerobic Digestion	CHP Enabled: No	Operational	2 MW electrical installed capacity	Reliance Street Mechanical Biological Treatment Facility (MBT)	23/01/2013
uk-repd-ad	219	219	Westwell Leacon Renewable Energy Facility (Waste AD)	Future Biogas	United Kingdom	England	51.193058	0.789250	REPD British National Grid project point; approximate WGS84 transform	594993	147457	Anaerobic Digestion	CHP Enabled: No	Appeal Refused	2 MW electrical installed capacity	Westwell Leacon Renewable Energy Facility (Waste AD)	02/01/2013
uk-repd-ad	220	220	Fenmarc Fenland AD Plant (Waste AD)	Local Generation	United Kingdom	England	52.568046	0.062073	REPD British National Grid project point; approximate WGS84 transform	539857	298688	Anaerobic Digestion	CHP Enabled: No	Operational	1.5 MW electrical installed capacity	Fenmarc Fenland AD Plant (Waste AD)	21/01/2013
uk-repd-ad	221	221	Bowmans Business Park (Waste AD)	Bowmans Waste	United Kingdom	England	53.180735	0.315853	REPD British National Grid project point; approximate WGS84 transform	554858	367352	Anaerobic Digestion	CHP Enabled: No	Planning Permission Refused	4.5 MW electrical installed capacity	Bowmans Business Park (Waste AD)	21/03/2012
uk-repd-ad	222	222	Marsh Farm  (Farm AD)	Staples Brothers	United Kingdom	England	53.033601	0.156854	REPD British National Grid project point; approximate WGS84 transform	544727	350655	Anaerobic Digestion	CHP Enabled: No	Operational	1.4 MW electrical installed capacity	Marsh Farm  (Farm AD)	23/01/2013
uk-repd-ad	223	223	Thornton Waste Recovery Park (Waste AD)	Global Renewables Lancashire	United Kingdom	England	53.894779	-3.015064	REPD British National Grid project point; approximate WGS84 transform	333392	444767	Anaerobic Digestion	CHP Enabled: No	Operational	1.9 MW electrical installed capacity	Thornton Waste Recovery Park (Waste AD)	19/04/2012
uk-repd-ad	224	224	Farington Waste Recovery Park (Waste AD)	Global Renewables Lancashire	United Kingdom	England	53.703004	-2.737307	REPD British National Grid project point; approximate WGS84 transform	351423	423205	Anaerobic Digestion	CHP Enabled: No	Operational	1.9 MW electrical installed capacity	Farington Waste Recovery Park (Waste AD)	19/04/2012
uk-repd-ad	225	225	North West Biogas Anaerobic Digestion Plant (Waste AD)	Northwest Biogas	United Kingdom	England	53.883143	-3.000741	REPD British National Grid project point; approximate WGS84 transform	334315	443459	Anaerobic Digestion	CHP Enabled: No	Abandoned	2 MW electrical installed capacity	North West Biogas Anaerobic Digestion Plant (Waste AD)	14/12/2011
uk-repd-ad	226	226	Fernbrook AD Plant (Waste AD)	Fernbrook Bio Limited	United Kingdom	England	52.411929	-0.766247	REPD British National Grid project point; approximate WGS84 transform	484016	280041	Anaerobic Digestion	CHP Enabled: Yes	Operational	1.5 MW electrical installed capacity	Fernbrook AD Plant (Waste AD)	12/03/2012
uk-repd-ad	227	227	Sefter Farm AD Plant (Farm AD)	Barfoots of Botley	United Kingdom	England	50.788971	-0.737300	REPD British National Grid project point; approximate WGS84 transform	489102	99582	Anaerobic Digestion	CHP Enabled: Yes	Operational	1 MW electrical installed capacity	Sefter Farm AD Plant (Farm AD)	23/05/2012
uk-repd-ad	228	228	Brookfield Farm AD Plant (Farm AD)	Private Developer	United Kingdom	England	52.775220	-2.231175	REPD British National Grid project point; approximate WGS84 transform	384502	319762	Anaerobic Digestion	CHP Enabled: No	Operational	1.3 MW electrical installed capacity	Brookfield Farm AD Plant (Farm AD)	24/05/2012
uk-repd-ad	229	229	Cassington AD (Waste AD)	Severn Trent (formerly Agrivert)	United Kingdom	England	51.799563	-1.330288	REPD British National Grid project point; approximate WGS84 transform	446279	211425	Anaerobic Digestion	CHP Enabled: Yes	Operational	2.1 MW electrical installed capacity	Cassington AD (Waste AD)	03/10/2018
uk-repd-ad	231	231	Energen biogas Cumbernauld	Bio Capital Limited	United Kingdom	Scotland	55.969682	-3.958047	REPD British National Grid project point; approximate WGS84 transform	277889	676918	Anaerobic Digestion	CHP Enabled: No	Operational	2.4 MW electrical installed capacity	Energen biogas Cumbernauld	03/10/2018
uk-repd-ad	232	232	Bristol STW (Waste AD)	GENeco	United Kingdom	England	51.512779	-2.670029	REPD British National Grid project point; approximate WGS84 transform	353600	179530	Anaerobic Digestion	CHP Enabled: No	Operational	10 MW electrical installed capacity	Bristol STW (Waste AD)	05/12/2012
uk-repd-ad	233	233	A C Shropshire (Farm AD)	PROjEN	United Kingdom	England	52.586017	-1.237499	REPD British National Grid project point; approximate WGS84 transform	451758	298963	Anaerobic Digestion	CHP Enabled: Yes	Operational	2.5 MW electrical installed capacity	A C Shropshire (Farm AD)	21/12/2015
uk-repd-ad	234	234	Mapledurham farm AD (Farm waste)	M S Power Projects Limited	United Kingdom	England	51.486748	-1.023256	REPD British National Grid project point; approximate WGS84 transform	467916	176874	Anaerobic Digestion	CHP Enabled: No	Planning Application Withdrawn	1.5 MW electrical installed capacity	Mapledurham farm AD (Farm waste)	20/09/2013
uk-repd-ad	235	235	Lowbrook Farm Anaerobic Digester (Farm AD)	Biogas Nord	United Kingdom	England	50.883248	-2.302219	REPD British National Grid project point; approximate WGS84 transform	378836	109350	Anaerobic Digestion	CHP Enabled: No	Operational	1.3 MW electrical installed capacity	Lowbrook Farm Anaerobic Digester (Farm AD)	04/01/2012
uk-repd-ad	236	236	Harp Road (Farm AD)	Private Developer	United Kingdom	England	51.239854	-2.935695	REPD British National Grid project point; approximate WGS84 transform	334777	149380	Anaerobic Digestion	CHP Enabled: Yes	Planning Permission Refused	1.6 MW electrical installed capacity	Harp Road (Farm AD)	16/08/2013
uk-repd-ad	237	237	Symonds Farm Power Ltd (Farm AD)	Geo E Gittus and Son	United Kingdom	England	52.257188	0.637138	REPD British National Grid project point; approximate WGS84 transform	580088	265389	Anaerobic Digestion	CHP Enabled: Yes	Operational	1.4 MW electrical installed capacity	Symonds Farm Power Ltd (Farm AD)	04/12/2012
uk-repd-ad	238	238	Buttermilk Farm	Hallwick Energy	United Kingdom	England	51.946851	-0.048728	REPD British National Grid project point; approximate WGS84 transform	534209	229393	Anaerobic Digestion	CHP Enabled: Yes	Operational	1.1 MW electrical installed capacity	Buttermilk Farm	13/02/2013
uk-repd-ad	239	239	Spring Farm (biomass)	Private Developer	United Kingdom	England	52.701342	1.195013	REPD British National Grid project point; approximate WGS84 transform	615969	316308	Anaerobic Digestion	CHP Enabled: Yes	Operational	1 MW electrical installed capacity	Spring Farm (biomass)	13/02/2013
uk-repd-ad	240	240	Trinity Hall Farm	Hallwick Energy	United Kingdom	England	51.918829	-0.565565	REPD British National Grid project point; approximate WGS84 transform	498750	225450	Anaerobic Digestion	CHP Enabled: Yes	Operational	1.1 MW electrical installed capacity	Trinity Hall Farm	08/10/2013
uk-repd-ad	241	241	St Nicholas Court Farm (AD)	St Nicholas Court Farms Ltd	United Kingdom	England	51.358414	1.241160	REPD British National Grid project point; approximate WGS84 transform	625751	167136	Anaerobic Digestion	CHP Enabled: Yes	Revised	1.2 MW electrical installed capacity	St Nicholas Court Farm (AD)	17/10/2013
uk-repd-ad	242	242	Prosper Demulder Limited Anaerobic Digestion Plant (Waste AD)	Prosper Demulder / ReFood	United Kingdom	England	53.536917	-1.137434	REPD British National Grid project point; approximate WGS84 transform	457265	404820	Anaerobic Digestion	CHP Enabled: Yes	Operational	2 MW electrical installed capacity	Prosper Demulder Limited Anaerobic Digestion Plant (Waste AD)	03/01/2014
uk-repd-ad	244	244	Marsh Farm (Farm AD)	Private Developer	United Kingdom	England	51.552395	0.476383	REPD British National Grid project point; approximate WGS84 transform	571785	186629	Anaerobic Digestion	CHP Enabled: No	Planning Application Withdrawn	1.4 MW electrical installed capacity	Marsh Farm (Farm AD)	10/12/2013
uk-repd-ad	245	245	Sandhill Anaerobic Digestion Plant (Waste AD)	GWE Biogas	United Kingdom	England	53.991977	-0.498510	REPD British National Grid project point; approximate WGS84 transform	498538	456147	Anaerobic Digestion	CHP Enabled: No	Operational	2 MW electrical installed capacity	Sandhill Anaerobic Digestion Plant (Waste AD)	03/03/2014
uk-repd-ad	246	246	Pebble Hall Farm - Food Waste AD	Welland Waste Management	United Kingdom	England	52.455027	-1.028336	REPD British National Grid project point; approximate WGS84 transform	466125	284563	Anaerobic Digestion	CHP Enabled: No	Revised	4 MW electrical installed capacity	Pebble Hall Farm - Food Waste AD	06/03/2014
uk-repd-ad	247	247	Abbots moor Farm Anaerobic Digester (Farm AD)	Private Developer	United Kingdom	England	52.838961	-2.930007	REPD British National Grid project point; approximate WGS84 transform	337451	327233	Anaerobic Digestion	CHP Enabled: No	Operational	1 MW electrical installed capacity	Abbots moor Farm Anaerobic Digester (Farm AD)	04/10/2013
uk-repd-ad	248	248	Land at Oulton Street  (Farm AD)	Black Bridge Energy	United Kingdom	England	52.797457	1.183853	REPD British National Grid project point; approximate WGS84 transform	614742	326962	Anaerobic Digestion	CHP Enabled: No	Planning Permission Refused	1.5 MW electrical installed capacity	Land at Oulton Street  (Farm AD)	16/12/2013
uk-repd-ad	249	249	Poplars Anaerobic Digestion Facility (Waste AD)	Biffa	United Kingdom	England	52.684084	-2.009987	REPD British National Grid project point; approximate WGS84 transform	399422	309599	Anaerobic Digestion	CHP Enabled: No	Operational	6 MW electrical installed capacity	Poplars Anaerobic Digestion Facility (Waste AD)	04/01/2012
uk-repd-ad	250	250	Wheldon Road	Clean Power Properties & Network Rail Infrastructure	United Kingdom	England	53.730706	-1.334467	REPD British National Grid project point; approximate WGS84 transform	444005	426240	Anaerobic Digestion	CHP Enabled: Yes	Revised	2 MW electrical installed capacity	Wheldon Road	21/05/2013
uk-repd-ad	251	251	Reepham Road (Waste AD)	Material Change	United Kingdom	England	52.700817	1.202806	REPD British National Grid project point; approximate WGS84 transform	616498	316273	Anaerobic Digestion	CHP Enabled: No	Operational	1.5 MW electrical installed capacity	Reepham Road (Waste AD)	15/08/2012
uk-repd-ad	252	252	PwllfaWatkin AD Plant (Waste AD)	Waste Recycling Group	United Kingdom	Wales	51.756104	-3.888898	REPD British National Grid project point; approximate WGS84 transform	269721	208068	Anaerobic Digestion	CHP Enabled: No	Planning Application Withdrawn	2.3 MW electrical installed capacity	PwllfaWatkin AD Plant (Waste AD)	28/01/2013
uk-repd-ad	253	253	Bonby Lane	Biogen (formerly Tamar Energy)	United Kingdom	England	53.634713	-0.465745	REPD British National Grid project point; approximate WGS84 transform	501545	416448	Anaerobic Digestion	CHP Enabled: Yes	Revised	3 MW electrical installed capacity	Bonby Lane	02/03/2018
uk-repd-ad	255	255	Cardiff Waste Water Treatment Works (Waste AD)	Kelda Organic Energy	United Kingdom	Wales	51.477165	-3.136535	REPD British National Grid project point; approximate WGS84 transform	321166	175969	Anaerobic Digestion	CHP Enabled: No	Revised	1.5 MW electrical installed capacity	Cardiff Waste Water Treatment Works (Waste AD)	22/09/2016
uk-repd-ad	256	256	Coleshill STW (Waste AD)	Severn Trent Water	United Kingdom	England	52.518988	-1.711639	REPD British National Grid project point; approximate WGS84 transform	419664	291273	Anaerobic Digestion	CHP Enabled: Yes	Operational	2.4 MW electrical installed capacity	Coleshill STW (Waste AD)	27/11/2015
uk-repd-ad	257	257	Colwick Industrial Estate (Farm and Food waste)	Bio Dynamic	United Kingdom	England	52.952328	-1.057805	REPD British National Grid project point; approximate WGS84 transform	463399	339854	Anaerobic Digestion	CHP Enabled: No	Operational	2 MW electrical installed capacity	Colwick Industrial Estate (Farm and Food waste)	03/05/2017
uk-repd-ad	258	258	Frog Island AD Plant (Waste AD)	Shanks Group	United Kingdom	England	51.507540	0.174658	REPD British National Grid project point; approximate WGS84 transform	551017	180976	Anaerobic Digestion	CHP Enabled: No	Abandoned	5 MW electrical installed capacity	Frog Island AD Plant (Waste AD)	22/05/2014
uk-repd-ad	259	259	Green Waste Composting Facility (Waste AD)	Barfoot Energy Projects	United Kingdom	England	51.216819	-1.065331	REPD British National Grid project point; approximate WGS84 transform	465377	146817	Anaerobic Digestion	CHP Enabled: No	Operational	1.2 MW electrical installed capacity	Green Waste Composting Facility (Waste AD)	02/06/2014
uk-repd-ad	260	260	Singleton Birch (Farm AD)	Singleton Birch	United Kingdom	England	53.590896	-0.357127	REPD British National Grid project point; approximate WGS84 transform	508839	411734	Anaerobic Digestion	CHP Enabled: No	Operational	1.5 MW electrical installed capacity	Singleton Birch (Farm AD)	04/11/2014
uk-repd-ad	261	261	Bryn Pica AD / Tomorrow's Valley (Waste AD) - resubmission	Ancala Bioenergy (formerly Biogen)	United Kingdom	Wales	51.738314	-3.436033	REPD British National Grid project point; approximate WGS84 transform	300938	205377	Anaerobic Digestion	CHP Enabled: No	Operational	1 MW electrical installed capacity	Bryn Pica AD / Tomorrow's Valley (Waste AD) - resubmission	03/05/2017
uk-repd-ad	262	262	Suffolk Anaerobic Digestion Scheme (Waste AD)	Infinis (previously NOVERA)	United Kingdom	England	52.331642	1.127634	REPD British National Grid project point; approximate WGS84 transform	613200	275000	Anaerobic Digestion	CHP Enabled: No	Abandoned	1.1 MW electrical installed capacity	Suffolk Anaerobic Digestion Scheme (Waste AD)	20/05/2014
uk-repd-ad	263	263	Bredbury Park Way - AD Stockport (Waste AD)	Greater Manchester Waste	United Kingdom	England	53.427436	-2.114337	REPD British National Grid project point; approximate WGS84 transform	392500	392300	Anaerobic Digestion	CHP Enabled: No	Operational	2 MW electrical installed capacity	Bredbury Park Way - AD Stockport (Waste AD)	26/02/2013
uk-repd-ad	264	264	Chelveston Renewable Energy Park (Waste AD)	Chelveston Renewable Energy	United Kingdom	England	52.301442	-0.541355	REPD British National Grid project point; approximate WGS84 transform	499560	268037	Anaerobic Digestion	CHP Enabled: No	Abandoned	2 MW electrical installed capacity	Chelveston Renewable Energy Park (Waste AD)	20/05/2014
uk-repd-ad	265	265	Stud Farm, Rufford (Farm AD)	Future Biogas	United Kingdom	England	53.158265	-1.028506	REPD British National Grid project point; approximate WGS84 transform	465057	362789	Anaerobic Digestion	CHP Enabled: Yes	Operational	2.2 MW electrical installed capacity	Stud Farm, Rufford (Farm AD)	20/04/2017
uk-repd-ad	266	266	Barkip Anaerobic Digestor (Waste AD)	Scottish and Southern Energy (SSE) / William Tracey Ltd	United Kingdom	Scotland	55.718053	-4.718572	REPD British National Grid project point; approximate WGS84 transform	229333	650530	Anaerobic Digestion	CHP Enabled: Yes	Operational	2.2 MW electrical installed capacity	Barkip Anaerobic Digestor (Waste AD)	01/11/2016
uk-repd-ad	267	267	Dryholme Farm (Farm AD)	Kirk Environmental	United Kingdom	England	54.856296	-3.358572	REPD British National Grid project point; approximate WGS84 transform	312882	552124	Anaerobic Digestion	CHP Enabled: No	Operational	1 MW electrical installed capacity	Dryholme Farm (Farm AD)	20/12/2011
uk-repd-ad	268	268	John Pointon And Sons anaerobic digestion facility (Waste AD)	J Pointon & Sons Ltd	United Kingdom	England	53.053081	-2.044059	REPD British National Grid project point; approximate WGS84 transform	397144	350648	Anaerobic Digestion	CHP Enabled: No	Abandoned	2 MW electrical installed capacity	John Pointon And Sons anaerobic digestion facility (Waste AD)	27/01/2014
uk-repd-ad	269	269	Lochhead Landfill CHP	Fife Council	United Kingdom	Scotland	56.096895	-3.469444	REPD British National Grid project point; approximate WGS84 transform	308683	690319	Anaerobic Digestion	CHP Enabled: Yes	Operational	1.7 MW electrical installed capacity	Lochhead Landfill CHP	15/05/2014
uk-repd-ad	270	270	Merevale & Blyth Estate (Waste AD)	Ancala Bioenergy (formerly Biogen)	United Kingdom	England	52.571082	-1.586665	REPD British National Grid project point; approximate WGS84 transform	428111	297109	Anaerobic Digestion	CHP Enabled: No	Operational	2 MW electrical installed capacity	Merevale & Blyth Estate (Waste AD)	03/05/2017
uk-repd-ad	271	271	Bygrave Lodge Farm Anaerobic Digestion Facility (Farm AD)	Ancala Bioenergy (formerly Biogen)	United Kingdom	England	52.002531	-0.142826	REPD British National Grid project point; approximate WGS84 transform	527584	235416	Anaerobic Digestion	CHP Enabled: No	Operational	2.3 MW electrical installed capacity	Bygrave Lodge Farm Anaerobic Digestion Facility (Farm AD)	03/05/2017
uk-repd-ad	272	272	Westwood AD Plant (Farm AD)	Ancala Bioenergy (formerly Biogen)	United Kingdom	England	52.262169	-0.563392	REPD British National Grid project point; approximate WGS84 transform	498144	263639	Anaerobic Digestion	CHP Enabled: No	Operational	2 MW electrical installed capacity	Westwood AD Plant (Farm AD)	03/05/2017
uk-repd-ad	273	273	May Farm Anaerobic Digester (Farm AD)	Barway Farms /Shropshire Energy	United Kingdom	England	52.454646	0.352082	REPD British National Grid project point; approximate WGS84 transform	559921	286678	Anaerobic Digestion	CHP Enabled: Yes	Operational	2.4 MW electrical installed capacity	May Farm Anaerobic Digester (Farm AD)	03/01/2014
uk-repd-ad	274	274	Kenninghall Renewable Energy Facility (Waste AD)	Greenshoots Energy	United Kingdom	England	52.424252	0.978519	REPD British National Grid project point; approximate WGS84 transform	602618	284869	Anaerobic Digestion	CHP Enabled: No	Revised	1.2 MW electrical installed capacity	Kenninghall Renewable Energy Facility (Waste AD)	15/08/2012
uk-repd-ad	275	275	Carousel Dairy AD Plant (Farm AD)	Biogen (formerly Tamar Energy)	United Kingdom	England	51.218387	-1.129876	REPD British National Grid project point; approximate WGS84 transform	460867	146936	Anaerobic Digestion	CHP Enabled: Yes	Operational	1.5 MW electrical installed capacity	Carousel Dairy AD Plant (Farm AD)	02/03/2018
uk-repd-ad	277	277	Cannington Cold Stores	Cannington Bioenergy	United Kingdom	England	51.144394	-3.096891	REPD British National Grid project point; approximate WGS84 transform	323366	138920	Anaerobic Digestion	CHP Enabled: Yes	Operational	3.3 MW electrical installed capacity	Cannington Cold Stores	21/01/2015
uk-repd-ad	278	278	McCain Foods AD Plant (AD)	McCain Foods	United Kingdom	England	52.559371	-0.175205	REPD British National Grid project point; approximate WGS84 transform	523801	297290	Anaerobic Digestion	CHP Enabled: No	Operational	1 MW electrical installed capacity	McCain Foods AD Plant (AD)	29/11/2012
uk-repd-ad	279	279	Kenninghall Renewable Energy Facility (AD)	Greenshoots Energy	United Kingdom	England	52.424953	0.986407	REPD British National Grid project point; approximate WGS84 transform	603151	284969	Anaerobic Digestion	CHP Enabled: Yes	Planning Application Withdrawn	1.2 MW electrical installed capacity	Kenninghall Renewable Energy Facility (AD)	15/11/2013
uk-repd-ad	280	280	Preston Road AD Plant (Waste AD)	Emerald Biogas	United Kingdom	England	54.605815	-1.580266	REPD British National Grid project point; approximate WGS84 transform	427211	523486	Anaerobic Digestion	CHP Enabled: Yes	Operational	2.8 MW electrical installed capacity	Preston Road AD Plant (Waste AD)	23/05/2016
uk-repd-ad	281	281	East Dagenham Docks AD (AD)	Lynton Development / Teg Environmental	United Kingdom	England	51.521164	0.137496	REPD British National Grid project point; approximate WGS84 transform	548394	182415	Anaerobic Digestion	CHP Enabled: Yes	Operational	1.4 MW electrical installed capacity	East Dagenham Docks AD (AD)	17/03/2014
uk-repd-ad	282	282	Manor Farm (Farm AD)	Biogen (formerly Tamar Energy)	United Kingdom	England	52.835344	0.081647	REPD British National Grid project point; approximate WGS84 transform	540324	328455	Anaerobic Digestion	CHP Enabled: Yes	Operational	1.5 MW electrical installed capacity	Manor Farm (Farm AD)	02/03/2018
uk-repd-ad	283	283	Westcott Venture Park	Olleco	United Kingdom	England	51.849858	-0.978527	REPD British National Grid project point; approximate WGS84 transform	470457	217300	Anaerobic Digestion	CHP Enabled: No	Operational	2 MW electrical installed capacity	Westcott Venture Park	05/04/2018
uk-repd-ad	284	284	New Inn AD (Waste AD)	Shanks Group	United Kingdom	Wales	51.682783	-3.012306	REPD British National Grid project point; approximate WGS84 transform	330110	198710	Anaerobic Digestion	CHP Enabled: No	Planning Permission Refused	2.4 MW electrical installed capacity	New Inn AD (Waste AD)	04/12/2013
uk-repd-ad	285	285	Swancote Farm AD (Farm AD)	Private Developer	United Kingdom	England	52.542796	-2.381841	REPD British National Grid project point; approximate WGS84 transform	374201	293951	Anaerobic Digestion	CHP Enabled: No	Operational	2.2 MW electrical installed capacity	Swancote Farm AD (Farm AD)	31/07/2013
uk-repd-ad	286	286	Glasgow Renewable Energy and Recycling Centre (Waste AD)	Viridor	United Kingdom	Scotland	55.834008	-4.244732	REPD British National Grid project point; approximate WGS84 transform	259509	662366	Anaerobic Digestion	CHP Enabled: No	Operational	5 MW electrical installed capacity	Glasgow Renewable Energy and Recycling Centre (Waste AD)	30/01/2018
uk-repd-ad	287	287	Parley Renewable Energy Park (AD)	Eco Sustainable Solutions	United Kingdom	England	50.786210	-1.857226	REPD British National Grid project point; approximate WGS84 transform	410161	98525	Anaerobic Digestion	CHP Enabled: No	Planning Permission Expired	1 MW electrical installed capacity	Parley Renewable Energy Park (AD)	28/02/2020
uk-repd-ad	288	288	Wyke Farms Biogas (Farm AD)	Wyke Farms	United Kingdom	England	51.111679	-2.481901	REPD British National Grid project point; approximate WGS84 transform	366362	134820	Anaerobic Digestion	CHP Enabled: Yes	Operational	1 MW electrical installed capacity	Wyke Farms Biogas (Farm AD)	23/06/2017
uk-repd-ad	289	289	South Kirkby Business Park (Waste AD)	Shanks Group	United Kingdom	England	53.602657	-1.340697	REPD British National Grid project point; approximate WGS84 transform	443726	411990	Anaerobic Digestion	CHP Enabled: No	Operational	6 MW electrical installed capacity	South Kirkby Business Park (Waste AD)	13/06/2019
uk-repd-ad	290	290	Energy Works Hull - AD (Waste AD)	Energy Works / The Spencer Group	United Kingdom	England	53.758535	-0.330400	REPD British National Grid project point; approximate WGS84 transform	510170	430424	Anaerobic Digestion	CHP Enabled: No	Operational	3 MW electrical installed capacity	Energy Works Hull - AD (Waste AD)	15/03/2018
uk-repd-ad	291	291	Staples Anaerobic Digestion CHP Plant (Waste AD)	Staples Brothers	United Kingdom	England	53.034591	0.031185	REPD British National Grid project point; approximate WGS84 transform	536298	350519	Anaerobic Digestion	CHP Enabled: Yes	Operational	1.4 MW electrical installed capacity	Staples Anaerobic Digestion CHP Plant (Waste AD)	22/05/2013
uk-repd-ad	292	292	Brierley Hill Energy Recovery Centre (Waste AD)	Clean Power Properties	United Kingdom	England	52.479772	-2.131501	REPD British National Grid project point; approximate WGS84 transform	391166	286880	Anaerobic Digestion	CHP Enabled: Yes	Planning Permission Refused	2 MW electrical installed capacity	Brierley Hill Energy Recovery Centre (Waste AD)	20/09/2013
uk-repd-ad	293	293	West Lodge Farm	Northamptonshire County Council	United Kingdom	England	52.171261	-0.903481	REPD British National Grid project point; approximate WGS84 transform	475087	253122	Anaerobic Digestion	CHP Enabled: Yes	Abandoned	2 MW electrical installed capacity	West Lodge Farm	22/04/2014
uk-repd-ad	294	294	Dimmer Anaerobic Digestor (Waste AD)	Viridor / Wyvern Waste Services	United Kingdom	England	51.080110	-2.556105	REPD British National Grid project point; approximate WGS84 transform	361141	131346	Anaerobic Digestion	CHP Enabled: No	Operational	3 MW electrical installed capacity	Dimmer Anaerobic Digestor (Waste AD)	12/02/2014
uk-repd-ad	295	295	M74 Central Coalburn (Waste AD)	Pro-Active Energy	United Kingdom	Scotland	55.600111	-3.852384	REPD British National Grid project point; approximate WGS84 transform	283383	635612	Anaerobic Digestion	CHP Enabled: No	Planning Permission Expired	5 MW electrical installed capacity	M74 Central Coalburn (Waste AD)	23/02/2017
uk-repd-ad	296	296	Pineham AD Plant (Waste AD)	Renewable Power Systems	United Kingdom	England	52.055417	-0.707731	REPD British National Grid project point; approximate WGS84 transform	488703	240458	Anaerobic Digestion	CHP Enabled: No	Abandoned	1 MW electrical installed capacity	Pineham AD Plant (Waste AD)	15/10/2015
uk-repd-ad	297	297	Wallingford (Waste AD)	Severn Trent (formerly Agrivert)	United Kingdom	England	51.614003	-1.112239	REPD British National Grid project point; approximate WGS84 transform	461566	190948	Anaerobic Digestion	CHP Enabled: Yes	Operational	2.4 MW electrical installed capacity	Wallingford (Waste AD)	03/10/2018
uk-repd-ad	298	298	North Clyde Recycling Centre (Waste AD)	Peel Environmental	United Kingdom	Scotland	55.891464	-4.393095	REPD British National Grid project point; approximate WGS84 transform	250440	669070	Anaerobic Digestion	CHP Enabled: No	Revised	1.6 MW electrical installed capacity	North Clyde Recycling Centre (Waste AD)	16/01/2017
uk-repd-ad	302	302	Queen Charlton Quarry Renewable Energy Facility - food waste	RSM (formerly Resourceful Earth)	United Kingdom	England	51.390663	-2.527469	REPD British National Grid project point; approximate WGS84 transform	363395	165868	Anaerobic Digestion	CHP Enabled: No	Under Construction	2.2 MW electrical installed capacity	Queen Charlton Quarry Renewable Energy Facility - food waste	21/07/2020
uk-repd-ad	304	304	Mitcham Eco Park (Waste AD)	SITA UK	United Kingdom	England	51.399645	-0.174825	REPD British National Grid project point; approximate WGS84 transform	527064	168315	Anaerobic Digestion	CHP Enabled: No	Abandoned	6.2 MW electrical installed capacity	Mitcham Eco Park (Waste AD)	02/07/2019
uk-repd-ad	305	305	Lee Moor AD (Waste AD)	AeroThermal Group (AAD (South West))	United Kingdom	England	50.433836	-4.024732	REPD British National Grid project point; approximate WGS84 transform	256301	61291	Anaerobic Digestion	CHP Enabled: No	Planning Permission Expired	3.3 MW electrical installed capacity	Lee Moor AD (Waste AD)	24/09/2015
uk-repd-ad	306	306	Granox Biogas Plant	ReFood UK	United Kingdom	England	53.352471	-2.746731	REPD British National Grid project point; approximate WGS84 transform	350392	384214	Anaerobic Digestion	CHP Enabled: Yes	Operational	5 MW electrical installed capacity	Granox Biogas Plant	11/08/2016
uk-repd-ad	307	307	Prosper Demulder Limited Anaerobic Digestion Plant (Waste AD) - extension	Prosper Demulder / ReFood	United Kingdom	England	53.536917	-1.137434	REPD British National Grid project point; approximate WGS84 transform	457265	404820	Anaerobic Digestion	CHP Enabled: Yes	Operational	3 MW electrical installed capacity	Prosper Demulder Limited Anaerobic Digestion Plant (Waste AD) - extension	22/06/2015
uk-repd-ad	308	308	Trumps Farm (AD)	Severn Trent (formerly Agrivert)	United Kingdom	England	51.381996	-0.572221	REPD British National Grid project point; approximate WGS84 transform	499459	165739	Anaerobic Digestion	CHP Enabled: No	Operational	2.4 MW electrical installed capacity	Trumps Farm (AD)	03/10/2018
uk-repd-ad	309	309	Selby Renewable Energy Park	Whites Renewable Energy	United Kingdom	England	53.780016	-1.055911	REPD British National Grid project point; approximate WGS84 transform	462309	431934	Anaerobic Digestion	CHP Enabled: No	Abandoned	8 MW electrical installed capacity	Selby Renewable Energy Park	20/11/2014
uk-repd-ad	310	310	Beddington AD Facility (Waste AD)	Viridor	United Kingdom	England	51.378795	-0.133379	REPD British National Grid project point; approximate WGS84 transform	530006	166069	Anaerobic Digestion	CHP Enabled: No	Planning Application Withdrawn	2 MW electrical installed capacity	Beddington AD Facility (Waste AD)	28/07/2017
uk-repd-ad	311	311	Ratty's Lane Sustainable Energy Facility (Waste AD)	Biogen (formerly Tamar Energy)	United Kingdom	England	51.767101	0.000279	REPD British National Grid project point; approximate WGS84 transform	538126	209495	Anaerobic Digestion	CHP Enabled: Yes	Operational	3 MW electrical installed capacity	Ratty's Lane Sustainable Energy Facility (Waste AD)	02/03/2018
uk-repd-ad	312	312	Brookhurst Wood (Waste AD)	Biffa/West Sussex County Council	United Kingdom	England	51.102819	-0.326279	REPD British National Grid project point; approximate WGS84 transform	517281	135056	Anaerobic Digestion	CHP Enabled: No	Operational	4.5 MW electrical installed capacity	Brookhurst Wood (Waste AD)	20/01/2017
uk-repd-ad	313	313	Halstead Renewable Power Project (Waste AD)	Biogen (formerly Tamar Energy)	United Kingdom	England	51.942071	0.657809	REPD British National Grid project point; approximate WGS84 transform	582782	230400	Anaerobic Digestion	CHP Enabled: Yes	Operational	2 MW electrical installed capacity	Halstead Renewable Power Project (Waste AD)	02/03/2018
uk-repd-ad	314	314	Washwood	Clean Power Properties & Network Rail Infrastructure	United Kingdom	England	52.503850	-1.841174	REPD British National Grid project point; approximate WGS84 transform	410878	289562	Anaerobic Digestion	CHP Enabled: Yes	Revised	2 MW electrical installed capacity	Washwood	23/07/2014
uk-repd-ad	315	315	Packington AD Plant	SITA UK	United Kingdom	England	52.469191	-1.693460	REPD British National Grid project point; approximate WGS84 transform	420921	285739	Anaerobic Digestion	CHP Enabled: Yes	Planning Permission Expired	1.6 MW electrical installed capacity	Packington AD Plant	26/06/2019
uk-repd-ad	316	316	Willesden	Clean Power Properties & Network Rail Infrastructure	United Kingdom	England	51.532056	-0.252495	REPD British National Grid project point; approximate WGS84 transform	521310	182908	Anaerobic Digestion	CHP Enabled: Yes	Planning Permission Refused	2 MW electrical installed capacity	Willesden	20/12/2019
uk-repd-ad	317	317	Walpole Landfill AD (Waste AD)	Viridor	United Kingdom	England	51.183895	-2.982879	REPD British National Grid project point; approximate WGS84 transform	331400	143200	Anaerobic Digestion	CHP Enabled: No	Operational	1.6 MW electrical installed capacity	Walpole Landfill AD (Waste AD)	23/07/2014
uk-repd-ad	318	318	Waen Biogas (Waste AD)	Ancala Bioenergy (formerly Biogen)	United Kingdom	Wales	53.263183	-3.426328	REPD British National Grid project point; approximate WGS84 transform	304959	374970	Anaerobic Digestion	CHP Enabled: Yes	Operational	1 MW electrical installed capacity	Waen Biogas (Waste AD)	03/05/2017
uk-repd-ad	319	319	Swanley (Waste AD)	Biogen (formerly Tamar Energy)	United Kingdom	England	51.406707	0.142162	REPD British National Grid project point; approximate WGS84 transform	549090	169697	Anaerobic Digestion	CHP Enabled: Yes	Abandoned	2 MW electrical installed capacity	Swanley (Waste AD)	02/03/2018
uk-repd-ad	320	320	Fletcher Bank Quarry (Waste AD)	Peel Environmental	United Kingdom	England	53.647553	-2.300247	REPD British National Grid project point; approximate WGS84 transform	380250	416825	Anaerobic Digestion	CHP Enabled: No	Planning Permission Refused	2 MW electrical installed capacity	Fletcher Bank Quarry (Waste AD)	17/07/2014
uk-repd-ad	321	321	Wardley (Waste AD)	Biogen (formerly Tamar Energy)	United Kingdom	England	54.939637	-1.512333	REPD British National Grid project point; approximate WGS84 transform	431341	560661	Anaerobic Digestion	CHP Enabled: Yes	Abandoned	3 MW electrical installed capacity	Wardley (Waste AD)	04/09/2019
uk-repd-ad	322	322	Micheldever Rail Sidings EFW	Clean Power Properties & Network Rail Infrastructure	United Kingdom	England	51.186294	-1.259242	REPD British National Grid project point; approximate WGS84 transform	451868	143268	Anaerobic Digestion	CHP Enabled: No	Appeal Withdrawn	2 MW electrical installed capacity	Micheldever Rail Sidings EFW	29/10/2015
uk-repd-ad	323	323	North Selby Anaerobic Digestion & Horticultural Glasshouse Project (AD)	Peel Environmental	United Kingdom	England	53.885696	-1.014051	REPD British National Grid project point; approximate WGS84 transform	464904	443729	Anaerobic Digestion	CHP Enabled: Yes	Abandoned	2.8 MW electrical installed capacity	North Selby Anaerobic Digestion & Horticultural Glasshouse Project (AD)	16/06/2020
uk-repd-ad	324	324	Pebble Hall Farm - Food Waste AD	Welland Waste Management	United Kingdom	England	52.455027	-1.028336	REPD British National Grid project point; approximate WGS84 transform	466125	284563	Anaerobic Digestion	CHP Enabled: No	Operational	4 MW electrical installed capacity	Pebble Hall Farm - Food Waste AD	19/01/2017
uk-repd-ad	325	325	St Nicholas Court Farm (AD)	St Nicholas Court Farms Ltd	United Kingdom	England	51.356124	1.243972	REPD British National Grid project point; approximate WGS84 transform	625958	166890	Anaerobic Digestion	CHP Enabled: No	Operational	1.2 MW electrical installed capacity	St Nicholas Court Farm (AD)	25/11/2015
uk-repd-ad	326	326	Wilton Centre (Waste AD)	Earthly Energy Group	United Kingdom	England	54.567351	-1.096726	REPD British National Grid project point; approximate WGS84 transform	458500	519500	Anaerobic Digestion	CHP Enabled: Yes	Planning Permission Expired	5.1 MW electrical installed capacity	Wilton Centre (Waste AD)	15/12/2016
uk-repd-ad	327	327	Gore Cross - AD	Wight Farm Energy	United Kingdom	England	50.675629	-1.252361	REPD British National Grid project point; approximate WGS84 transform	452924	86485	Anaerobic Digestion	CHP Enabled: Yes	Operational	2.2 MW electrical installed capacity	Gore Cross - AD	10/05/2016
uk-repd-ad	328	328	Dagenham Docks Biogas (Waste AD)	ReFood UK	United Kingdom	England	51.524106	0.136423	REPD British National Grid project point; approximate WGS84 transform	548310	182740	Anaerobic Digestion	CHP Enabled: Yes	Operational	1.4 MW electrical installed capacity	Dagenham Docks Biogas (Waste AD)	31/07/2017
uk-repd-ad	330	330	Leeming Bar (Waste AD)	JFS Biogas	United Kingdom	England	54.291229	-1.542466	REPD British National Grid project point; approximate WGS84 transform	429880	488497	Anaerobic Digestion	CHP Enabled: Yes	Operational	1.5 MW electrical installed capacity	Leeming Bar (Waste AD)	22/09/2016
uk-repd-ad	331	331	Metheringham Heath (Farm AD)	Future Biogas (Blankney Estate)	United Kingdom	England	53.133413	-0.472078	REPD British National Grid project point; approximate WGS84 transform	502320	360674	Anaerobic Digestion	CHP Enabled: Yes	Operational	6.5 MW electrical installed capacity	Metheringham Heath (Farm AD)	20/04/2017
uk-repd-ad	332	332	Eastleigh	Clean Power Properties	United Kingdom	England	50.961859	-1.342498	REPD British National Grid project point; approximate WGS84 transform	446272	118254	Anaerobic Digestion	CHP Enabled: No	Planning Permission Expired	2 MW electrical installed capacity	Eastleigh	17/06/2020
uk-repd-ad	333	333	Pure Malt Products AD	Pure Malt Products Limited	United Kingdom	Scotland	55.956609	-2.770698	REPD British National Grid project point; approximate WGS84 transform	351977	674000	Anaerobic Digestion	CHP Enabled: No	Operational	1.5 MW electrical installed capacity	Pure Malt Products AD	16/05/2016
uk-repd-ad	335	335	Bearley Lane	Greener for Life Energy	United Kingdom	England	50.996323	-2.718662	REPD British National Grid project point; approximate WGS84 transform	349663	122127	Anaerobic Digestion	CHP Enabled: No	Operational	1.3 MW electrical installed capacity	Bearley Lane	11/01/2022
uk-repd-ad	336	336	Codford Biogas (Waste AD)	J M Stratton & Co	United Kingdom	England	51.172523	-2.015169	REPD British National Grid project point; approximate WGS84 transform	399036	141476	Anaerobic Digestion	CHP Enabled: Yes	Operational	3.7 MW electrical installed capacity	Codford Biogas (Waste AD)	21/07/2014
uk-repd-ad	337	337	Banningham Road	Pigeon Investment Management	United Kingdom	England	52.803565	1.269389	REPD British National Grid project point; approximate WGS84 transform	620476	327900	Anaerobic Digestion	CHP Enabled: No	Abandoned	1.6 MW electrical installed capacity	Banningham Road	12/12/2017
uk-repd-ad	338	338	Blaise Farm (Farm AD)	PandaGreen	United Kingdom	England	51.281263	0.381793	REPD British National Grid project point; approximate WGS84 transform	566208	156263	Anaerobic Digestion	CHP Enabled: Yes	Abandoned	5 MW electrical installed capacity	Blaise Farm (Farm AD)	31/10/2016
uk-repd-ad	339	339	Bolton Road Waste Treatment and Renewable Energy Facility (Waste AD)	Shanks Group	United Kingdom	England	53.508038	-1.315658	REPD British National Grid project point; approximate WGS84 transform	445484	401479	Anaerobic Digestion	CHP Enabled: No	Operational	4 MW electrical installed capacity	Bolton Road Waste Treatment and Renewable Energy Facility (Waste AD)	15/07/2015
uk-repd-ad	340	340	Broughall Fields Farm	Grocontinental/ Whitchurch Biogas	United Kingdom	England	52.962501	-2.662426	REPD British National Grid project point; approximate WGS84 transform	355602	340776	Anaerobic Digestion	CHP Enabled: No	Operational	2.4 MW electrical installed capacity	Broughall Fields Farm	28/03/2018
uk-repd-ad	341	341	New Lodge Farm - AD	Clean Power Properties	United Kingdom	Wales	51.768816	-4.071019	REPD British National Grid project point; approximate WGS84 transform	257192	209823	Anaerobic Digestion	CHP Enabled: No	Planning Permission Refused	3 MW electrical installed capacity	New Lodge Farm - AD	04/03/2016
uk-repd-ad	342	342	Cattlegate Farm Biogas (Farm AD)	Willen Biogas & Xergi	United Kingdom	England	51.696007	-0.111572	REPD British National Grid project point; approximate WGS84 transform	530613	201383	Anaerobic Digestion	CHP Enabled: No	Operational	1.5 MW electrical installed capacity	Cattlegate Farm Biogas (Farm AD)	15/12/2016
uk-repd-ad	343	343	GlaxoSmithKline (Waste AD)	GlaxoSmithKline	United Kingdom	Scotland	55.594462	-4.630184	REPD British National Grid project point; approximate WGS84 transform	234362	636566	Anaerobic Digestion	CHP Enabled: Yes	Operational	1 MW electrical installed capacity	GlaxoSmithKline (Waste AD)	25/05/2016
uk-repd-ad	344	344	Gravel Pit Farm	JFS Biogas	United Kingdom	England	54.020009	-0.957869	REPD British National Grid project point; approximate WGS84 transform	468377	458725	Anaerobic Digestion	CHP Enabled: Yes	Revised	1 MW electrical installed capacity	Gravel Pit Farm	31/05/2016
uk-repd-ad	345	345	Great Hele Farm AD farm waste	Greener for Life Energy	United Kingdom	England	51.005068	-3.823811	REPD British National Grid project point; approximate WGS84 transform	272135	124437	Anaerobic Digestion	CHP Enabled: Yes	Operational	1.3 MW electrical installed capacity	Great Hele Farm AD farm waste	20/07/2017
uk-repd-ad	346	346	Harlington Quarry	Andigestion	United Kingdom	England	51.491443	-0.424889	REPD British National Grid project point; approximate WGS84 transform	509450	178120	Anaerobic Digestion	CHP Enabled: Yes	Planning Permission Refused	3 MW electrical installed capacity	Harlington Quarry	26/11/2014
uk-repd-ad	347	347	Holme Farm	J H Willis & Son Ltd	United Kingdom	England	53.288447	-2.816193	REPD British National Grid project point; approximate WGS84 transform	345687	377142	Anaerobic Digestion	CHP Enabled: Yes	Planning Permission Granted	1.4 MW electrical installed capacity	Holme Farm	04/06/2020
uk-repd-ad	348	348	Imperial Park	BioConstruct	United Kingdom	England	54.582204	-1.184977	REPD British National Grid project point; approximate WGS84 transform	452775	521083	Anaerobic Digestion	CHP Enabled: Yes	Operational	5.1 MW electrical installed capacity	Imperial Park	20/04/2017
uk-repd-ad	349	349	Land Adjacent to Thomas Swan and Co Ltd.	Hallwick Energy	United Kingdom	England	54.854770	-1.814349	REPD British National Grid project point; approximate WGS84 transform	412017	551124	Anaerobic Digestion	CHP Enabled: Yes	Operational	1 MW electrical installed capacity	Land Adjacent to Thomas Swan and Co Ltd.	31/05/2016
uk-repd-ad	350	350	North Moor Farm AD Plant (Farm AD)	Rockscape Energy	United Kingdom	England	53.574461	-0.794089	REPD British National Grid project point; approximate WGS84 transform	479949	409327	Anaerobic Digestion	CHP Enabled: Yes	Operational	4 MW electrical installed capacity	North Moor Farm AD Plant (Farm AD)	15/10/2015
uk-repd-ad	351	351	Park Shield	JFS Biogas	United Kingdom	England	55.013929	-2.164228	REPD British National Grid project point; approximate WGS84 transform	389596	568832	Anaerobic Digestion	CHP Enabled: No	Appeal Refused	1 MW electrical installed capacity	Park Shield	05/10/2015
uk-repd-ad	352	352	Wren Power and Pulp (Rivenhall Airfield)	Gent Fairhead Environmental Services	United Kingdom	England	51.853283	0.647025	REPD British National Grid project point; approximate WGS84 transform	582400	220500	Anaerobic Digestion	CHP Enabled: No	Under Construction	1.8 MW electrical installed capacity	Wren Power and Pulp (Rivenhall Airfield)	20/01/2020
uk-repd-ad	353	353	Sutton Grange AD Plant	Fred Walter & Sons Ltd	United Kingdom	England	53.363099	-0.960108	REPD British National Grid project point; approximate WGS84 transform	469299	385640	Anaerobic Digestion	CHP Enabled: No	Operational	3 MW electrical installed capacity	Sutton Grange AD Plant	02/09/2014
uk-repd-ad	354	354	The Old Dairy	Greener for Life Energy	United Kingdom	England	51.662365	-2.211510	REPD British National Grid project point; approximate WGS84 transform	385467	195975	Anaerobic Digestion	CHP Enabled: No	Appeal Refused	1.5 MW electrical installed capacity	The Old Dairy	05/02/2016
uk-repd-ad	355	355	Wheldon Road	Clean Power Properties & Network Rail Infrastructure	United Kingdom	England	53.730511	-1.334910	REPD British National Grid project point; approximate WGS84 transform	443976	426218	Anaerobic Digestion	CHP Enabled: Yes	Planning Permission Refused	2 MW electrical installed capacity	Wheldon Road	03/09/2014
uk-repd-ad	356	356	Wingmoor Farm (Waste AD)	Grundon	United Kingdom	England	51.946094	-2.083259	REPD British National Grid project point; approximate WGS84 transform	394374	227514	Anaerobic Digestion	CHP Enabled: Yes	Operational	1.6 MW electrical installed capacity	Wingmoor Farm (Waste AD)	23/09/2016
uk-repd-ad	357	357	Carrington Farm AD	Beeswax Farming (Rainbow)	United Kingdom	England	53.070893	-0.053059	REPD British National Grid project point; approximate WGS84 transform	530540	354400	Anaerobic Digestion	CHP Enabled: No	Operational	3 MW electrical installed capacity	Carrington Farm AD	17/05/2016
uk-repd-ad	358	358	Houghton Main Renewable Energy - AD	Peel Environmental	United Kingdom	England	53.554208	-1.370538	REPD British National Grid project point; approximate WGS84 transform	441799	406582	Anaerobic Digestion	CHP Enabled: No	Planning Permission Refused	3 MW electrical installed capacity	Houghton Main Renewable Energy - AD	05/12/2014
uk-repd-ad	359	359	West Roucan Farm	Private Developer	United Kingdom	Scotland	55.095088	-3.533635	REPD British National Grid project point; approximate WGS84 transform	302227	578926	Anaerobic Digestion	CHP Enabled: No	Operational	1.2 MW electrical installed capacity	West Roucan Farm	17/05/2016
uk-repd-ad	360	360	Gedling Colliery AD	Biogen (formerly Tamar Energy)	United Kingdom	England	52.989192	-1.088719	REPD British National Grid project point; approximate WGS84 transform	461270	343928	Anaerobic Digestion	CHP Enabled: Yes	Abandoned	3 MW electrical installed capacity	Gedling Colliery AD	02/03/2018
uk-repd-ad	361	361	Twemlow Lane AD Plant (Waste AD)	C.R.E.S Biogas	United Kingdom	England	53.217588	-2.330042	REPD British National Grid project point; approximate WGS84 transform	378059	368999	Anaerobic Digestion	CHP Enabled: No	Planning Permission Refused	1.2 MW electrical installed capacity	Twemlow Lane AD Plant (Waste AD)	16/09/2014
uk-repd-ad	362	362	Trenoweth Guidestone Biogas Plant (Farm AD)	Greener for Life Energy	United Kingdom	England	50.446277	-4.951566	REPD British National Grid project point; approximate WGS84 transform	190542	64879	Anaerobic Digestion	CHP Enabled: No	Planning Permission Refused	2 MW electrical installed capacity	Trenoweth Guidestone Biogas Plant (Farm AD)	05/12/2014
uk-repd-ad	363	363	Maesgwyn Anaerobic Digestion Facility (Waste AD)	Green Energy (South Wales)	United Kingdom	Wales	51.764414	-3.644827	REPD British National Grid project point; approximate WGS84 transform	286587	208584	Anaerobic Digestion	CHP Enabled: No	Planning Permission Expired	1 MW electrical installed capacity	Maesgwyn Anaerobic Digestion Facility (Waste AD)	13/08/2019
uk-repd-ad	365	365	Charlton Lane Eco Park (Waste AD)	Surrey County Council	United Kingdom	England	51.404483	-0.440732	REPD British National Grid project point; approximate WGS84 transform	508556	168426	Anaerobic Digestion	CHP Enabled: No	Operational	1.7 MW electrical installed capacity	Charlton Lane Eco Park (Waste AD)	09/06/2020
uk-repd-ad	366	366	Bourne Park AD (AD)	Eco Sustainable Solutions	United Kingdom	England	50.777105	-2.394149	REPD British National Grid project point; approximate WGS84 transform	372306	97577	Anaerobic Digestion	CHP Enabled: No	Operational	1.1 MW electrical installed capacity	Bourne Park AD (AD)	03/12/2014
uk-repd-ad	367	367	Decoy Farm (Farm AD)	Organic Recycling	United Kingdom	England	52.696879	-0.137066	REPD British National Grid project point; approximate WGS84 transform	525991	312650	Anaerobic Digestion	CHP Enabled: Yes	Operational	1.8 MW electrical installed capacity	Decoy Farm (Farm AD)	27/09/2016
uk-repd-ad	368	368	Allerton Waste Recovery Park (Waste AD)	AmeyCespa	United Kingdom	England	54.032581	-1.380498	REPD British National Grid project point; approximate WGS84 transform	440675	459799	Anaerobic Digestion	CHP Enabled: No	Operational	1.1 MW electrical installed capacity	Allerton Waste Recovery Park (Waste AD)	05/04/2018
uk-repd-ad	369	369	Wissington Sugar Factory	British Sugar	United Kingdom	England	52.551172	0.447947	REPD British National Grid project point; approximate WGS84 transform	566070	297629	Anaerobic Digestion	CHP Enabled: Yes	Planning Permission Expired	18 MW electrical installed capacity	Wissington Sugar Factory	30/09/2015
uk-repd-ad	370	370	Coursers Farm AD Plant (Waste AD)	Severn Trent (formerly Agrivert)	United Kingdom	England	51.726713	-0.257494	REPD British National Grid project point; approximate WGS84 transform	520447	204547	Anaerobic Digestion	CHP Enabled: No	Operational	3 MW electrical installed capacity	Coursers Farm AD Plant (Waste AD)	03/10/2018
uk-repd-ad	371	371	Millerhill AD (Waste AD)	Ancala Bioenergy (formerly Biogen/Aluana Renewable Energy)	United Kingdom	Scotland	55.925503	-3.083380	REPD British National Grid project point; approximate WGS84 transform	332400	670800	Anaerobic Digestion	CHP Enabled: Yes	Operational	1.5 MW electrical installed capacity	Millerhill AD (Waste AD)	03/05/2017
uk-repd-ad	373	373	Willow Farm - New Earth Solutions (Waste AD)	PandaGreen	United Kingdom	England	51.528079	-2.656357	REPD British National Grid project point; approximate WGS84 transform	354564	181223	Anaerobic Digestion	CHP Enabled: No	Abandoned	3 MW electrical installed capacity	Willow Farm - New Earth Solutions (Waste AD)	31/10/2016
uk-repd-ad	376	376	Hogsbrook Farm - Farm AD	Greener for Life Energy	United Kingdom	England	50.692826	-3.384124	REPD British National Grid project point; approximate WGS84 transform	302332	89045	Anaerobic Digestion	CHP Enabled: No	Operational	1 MW electrical installed capacity	Hogsbrook Farm - Farm AD	25/05/2016
uk-repd-ad	378	378	Willowbrook	Clean Power Properties	United Kingdom	England	52.508005	-0.661494	REPD British National Grid project point; approximate WGS84 transform	490943	290854	Anaerobic Digestion	CHP Enabled: No	Abandoned	3 MW electrical installed capacity	Willowbrook	28/09/2015
uk-repd-ad	379	379	Airfield Farm - AD	Ylem Energy Limited	United Kingdom	England	51.669865	-1.839447	REPD British National Grid project point; approximate WGS84 transform	411200	196800	Anaerobic Digestion	CHP Enabled: No	Abandoned	2 MW electrical installed capacity	Airfield Farm - AD	20/09/2018
uk-repd-ad	380	380	Evercreech Junction - AD (food and farm waste)	Evercreech Renewable Energy	United Kingdom	England	51.127373	-2.517032	REPD British National Grid project point; approximate WGS84 transform	363915	136582	Anaerobic Digestion	CHP Enabled: Yes	Abandoned	4.8 MW electrical installed capacity	Evercreech Junction - AD (food and farm waste)	30/10/2018
uk-repd-ad	381	381	Wothersome Grange Farm House AD - crops	Private Developer	United Kingdom	England	53.877006	-1.393933	REPD British National Grid project point; approximate WGS84 transform	439943	442482	Anaerobic Digestion	CHP Enabled: No	Operational	1 MW electrical installed capacity	Wothersome Grange Farm House AD - crops	17/05/2016
uk-repd-ad	382	382	Knostrop WWTW AD	Kelda Water Services	United Kingdom	England	53.779790	-1.507344	REPD British National Grid project point; approximate WGS84 transform	432562	431608	Anaerobic Digestion	CHP Enabled: No	Operational	2.4 MW electrical installed capacity	Knostrop WWTW AD	27/05/2020
uk-repd-ad	383	383	Houghton Lodge Farm - AD - farm waste	Ylem Energy Limited	United Kingdom	England	52.614768	-1.021037	REPD British National Grid project point; approximate WGS84 transform	466380	302338	Anaerobic Digestion	CHP Enabled: No	Abandoned	2 MW electrical installed capacity	Houghton Lodge Farm - AD - farm waste	20/09/2018
uk-repd-ad	384	384	Land South East Of Water Treatment Works Bridge End	DJ AND SJ RECYCLING	United Kingdom	England	54.973341	-2.081828	REPD British National Grid project point; approximate WGS84 transform	394860	564306	Anaerobic Digestion	CHP Enabled: Yes	Operational	1.5 MW electrical installed capacity	Land South East Of Water Treatment Works Bridge End	16/01/2017
uk-repd-ad	385	385	Teesside Green Energy Plant (Waste AD)	B F BIO GAS	United Kingdom	England	54.581509	-1.246942	REPD British National Grid project point; approximate WGS84 transform	448771	520961	Anaerobic Digestion	CHP Enabled: No	Operational	4.8 MW electrical installed capacity	Teesside Green Energy Plant (Waste AD)	03/08/2015
uk-repd-ad	386	386	Crowmarsh Battle Farm (Farm AD)	Severn Trent (formerly Agrivert)	United Kingdom	England	51.610977	-1.103272	REPD British National Grid project point; approximate WGS84 transform	462191	190619	Anaerobic Digestion	CHP Enabled: No	Operational	2.3 MW electrical installed capacity	Crowmarsh Battle Farm (Farm AD)	03/10/2018
uk-repd-ad	46	46	Green's Lodge Farm	A C Shropshire Ltd	United Kingdom	England	52.723994	-1.312489	REPD British National Grid project point; approximate WGS84 transform	446531	314260	Anaerobic Digestion	CHP Enabled: Yes	Operational	2 MW electrical installed capacity	Green's Lodge Farm	02/09/2016
uk-repd-ad	4786	4786	Stormy Down (Waste AD)	Severn Trent (formerly Agrivert)	United Kingdom	Wales	51.507234	-3.671340	REPD British National Grid project point; approximate WGS84 transform	284103	180025	Anaerobic Digestion	CHP Enabled: No	Operational	3 MW electrical installed capacity	Stormy Down (Waste AD)	03/10/2018
uk-repd-ad	4787	4787	Knowsley AD Facility	Biogen (formerly Tamar Energy)	United Kingdom	England	53.492050	-2.855203	REPD British National Grid project point; approximate WGS84 transform	343358	399823	Anaerobic Digestion	CHP Enabled: Yes	Abandoned	3 MW electrical installed capacity	Knowsley AD Facility	02/03/2018
uk-repd-ad	4876	4876	Bonby Lane	Zebec Energy	United Kingdom	England	53.634634	-0.465899	REPD British National Grid project point; approximate WGS84 transform	501535	416439	Anaerobic Digestion	CHP Enabled: Yes	Operational	1.5 MW electrical installed capacity	Bonby Lane	16/03/2020
uk-repd-ad	4877	4877	British Sugar - Bury	British Sugar	United Kingdom	England	52.254292	0.726952	REPD British National Grid project point; approximate WGS84 transform	586229	265294	Anaerobic Digestion	CHP Enabled: Yes	Operational	5 MW electrical installed capacity	British Sugar - Bury	16/02/2017
uk-repd-ad	4904	4904	Church Farm AD	JFS Biogas	United Kingdom	England	54.209406	-1.224085	REPD British National Grid project point; approximate WGS84 transform	450704	479574	Anaerobic Digestion	CHP Enabled: No	Planning Permission Refused	1 MW electrical installed capacity	Church Farm AD	01/07/2015
uk-repd-ad	4906	4906	Arla Dairy Site	Olleco and Arla Foods	United Kingdom	England	51.820624	-0.738225	REPD British National Grid project point; approximate WGS84 transform	487065	214308	Anaerobic Digestion	CHP Enabled: Yes	Operational	5 MW electrical installed capacity	Arla Dairy Site	02/11/2017
uk-repd-ad	4919	4919	Gravel Pit Farm	JFS Biogas	United Kingdom	England	54.020009	-0.957869	REPD British National Grid project point; approximate WGS84 transform	468377	458725	Anaerobic Digestion	CHP Enabled: Yes	Operational	1 MW electrical installed capacity	Gravel Pit Farm	22/09/2016
uk-repd-ad	4970	4970	Bentwaters Park (extension)	Agri-Gen/Downing	United Kingdom	England	52.125307	1.442806	REPD British National Grid project point; approximate WGS84 transform	635759	253035	Anaerobic Digestion	CHP Enabled: Yes	Operational	1.8 MW electrical installed capacity	Bentwaters Park (extension)	22/03/2017
uk-repd-ad	5081	5081	Cardiff Organic Waste Treatment Project	Kelda Organic Energy	United Kingdom	Wales	51.477165	-3.136535	REPD British National Grid project point; approximate WGS84 transform	321166	175969	Anaerobic Digestion	CHP Enabled: 	Operational	2 MW electrical installed capacity	Cardiff Organic Waste Treatment Project	31/08/2017
uk-repd-ad	5091	5091	Fosseway Environment Park	Gazelle Properties	United Kingdom	England	51.349103	-2.397762	REPD British National Grid project point; approximate WGS84 transform	372395	161189	Anaerobic Digestion	CHP Enabled: Yes	Under Construction	1 MW electrical installed capacity	Fosseway Environment Park	18/03/2020
uk-repd-ad	5135	5135	Weylands Treatment Works	Iceni Projects	United Kingdom	England	51.378875	-0.378607	REPD British National Grid project point; approximate WGS84 transform	512940	165672	Anaerobic Digestion	CHP Enabled: 	Planning Application Withdrawn	6 MW electrical installed capacity	Weylands Treatment Works	04/10/2016
uk-repd-ad	5323	5323	Swancote Farm	Swancote Energy	United Kingdom	England	52.542717	-2.381353	REPD British National Grid project point; approximate WGS84 transform	374234	293942	Anaerobic Digestion	CHP Enabled: Yes	Operational	1.2 MW electrical installed capacity	Swancote Farm	15/12/2016
uk-repd-ad	5516	5516	Aspatria Creamery	First Milk Cheese Company	United Kingdom	England	54.758130	-3.330867	REPD British National Grid project point; approximate WGS84 transform	314453	541167	Anaerobic Digestion	CHP Enabled: No	Operational	5 MW electrical installed capacity	Aspatria Creamery	10/05/2016
uk-repd-ad	5561	5561	Knoxbridge Farm	Fridays & Rika Biofuels	United Kingdom	England	51.141661	0.563950	REPD British National Grid project point; approximate WGS84 transform	579452	141169	Anaerobic Digestion	CHP Enabled: No	Under Construction	2 MW electrical installed capacity	Knoxbridge Farm	16/06/2020
uk-repd-ad	5623	5623	Farnsfield AD	Fresh Growers	United Kingdom	England	53.102345	-1.071722	REPD British National Grid project point; approximate WGS84 transform	462248	356530	Anaerobic Digestion	CHP Enabled: Yes	Planning Application Withdrawn	2 MW electrical installed capacity	Farnsfield AD	06/10/2015
uk-repd-ad	5626	5626	Cross Bank Road (AD)	Mickram	United Kingdom	England	52.762628	0.389103	REPD British National Grid project point; approximate WGS84 transform	561301	321012	Anaerobic Digestion	CHP Enabled: 	Planning Application Withdrawn	3 MW electrical installed capacity	Cross Bank Road (AD)	05/07/2017
uk-repd-ad	5627	5627	Washwood Heath	Clean Power Properties & Network Rail Infrastructure	United Kingdom	England	52.503841	-1.841321	REPD British National Grid project point; approximate WGS84 transform	410868	289561	Anaerobic Digestion	CHP Enabled: Yes	Planning Permission Expired	2 MW electrical installed capacity	Washwood Heath	14/01/2020
uk-repd-ad	5645	5645	Arkleby Mill	Mssrs R Miller Ltd	United Kingdom	England	54.751020	-3.332545	REPD British National Grid project point; approximate WGS84 transform	314330	540378	Anaerobic Digestion	CHP Enabled: No	Operational	1 MW electrical installed capacity	Arkleby Mill	19/02/2019
uk-repd-ad	5652	5652	Bromham House Farm	A J Butler & Sons Ltd	United Kingdom	England	51.391747	-2.037333	REPD British National Grid project point; approximate WGS84 transform	397499	165857	Anaerobic Digestion	CHP Enabled: No	Operational	1.5 MW electrical installed capacity	Bromham House Farm	06/12/2019
uk-repd-ad	5668	5668	Austrey House Farm	William Corbett Farms	United Kingdom	England	52.643761	-1.557974	REPD British National Grid project point; approximate WGS84 transform	430006	305205	Anaerobic Digestion	CHP Enabled: No	Operational	1.5 MW electrical installed capacity	Austrey House Farm	19/05/2017
uk-repd-ad	5703	5703	Morayhill AD	Morayhill	United Kingdom	Scotland	57.518181	-4.088863	REPD British National Grid project point; approximate WGS84 transform	274982	849481	Anaerobic Digestion	CHP Enabled: No	Operational	2 MW electrical installed capacity	Morayhill AD	27/05/2020
uk-repd-ad	5718	5718	Kingfisher Court	Singleton Birch	United Kingdom	England	53.814261	-0.386408	REPD British National Grid project point; approximate WGS84 transform	506337	436538	Anaerobic Digestion	CHP Enabled: Yes	Planning Permission Refused	2.5 MW electrical installed capacity	Kingfisher Court	05/11/2015
uk-repd-ad	5722	5722	Brocklesby - Crosslands Lane	BioConstruct	United Kingdom	England	53.778176	-0.663861	REPD British National Grid project point; approximate WGS84 transform	488146	432144	Anaerobic Digestion	CHP Enabled: No	Operational	3.5 MW electrical installed capacity	Brocklesby - Crosslands Lane	20/04/2017
uk-repd-ad	5745	5745	Arbour Hill	Arbour Hill Biogas	United Kingdom	England	54.328219	-1.658902	REPD British National Grid project point; approximate WGS84 transform	422281	492570	Anaerobic Digestion	CHP Enabled: Yes	Planning Permission Refused	1 MW electrical installed capacity	Arbour Hill	05/11/2015
uk-repd-ad	5746	5746	RAF Shawbury	Oaklands Farm Eggs	United Kingdom	England	52.800301	-2.651489	REPD British National Grid project point; approximate WGS84 transform	356173	322726	Anaerobic Digestion	CHP Enabled: Yes	Revised	1 MW electrical installed capacity	RAF Shawbury	23/01/2020
uk-repd-ad	5747	5747	Langdon Mill	Langdon Enterprises	United Kingdom	Wales	51.734446	-4.773523	REPD British National Grid project point; approximate WGS84 transform	208580	207612	Anaerobic Digestion	CHP Enabled: Yes	Under Construction	1 MW electrical installed capacity	Langdon Mill	06/08/2020
uk-repd-ad	5748	5748	Willand AD	Greener for Life Energy	United Kingdom	England	50.892268	-3.380104	REPD British National Grid project point; approximate WGS84 transform	303030	111217	Anaerobic Digestion	CHP Enabled: Yes	Operational	2 MW electrical installed capacity	Willand AD	05/12/2019
uk-repd-ad	5749	5749	Park Farm AD	Neilson Biogas	United Kingdom	Scotland	55.723028	-4.171875	REPD British National Grid project point; approximate WGS84 transform	263684	649872	Anaerobic Digestion	CHP Enabled: Yes	Revised	1 MW electrical installed capacity	Park Farm AD	01/03/2017
uk-repd-ad	5750	5750	Wigley Farm	R Gough & Son Ltd	United Kingdom	England	52.386656	-2.698702	REPD British National Grid project point; approximate WGS84 transform	352544	276744	Anaerobic Digestion	CHP Enabled: Yes	Operational	1.1 MW electrical installed capacity	Wigley Farm	27/09/2016
uk-repd-ad	5751	5751	Stuchbury Manor Farm	Marston St Lawrence Estate	United Kingdom	England	52.088473	-1.187888	REPD British National Grid project point; approximate WGS84 transform	455740	243658	Anaerobic Digestion	CHP Enabled: Yes	Abandoned	1.3 MW electrical installed capacity	Stuchbury Manor Farm	20/04/2018
uk-repd-ad	5755	5755	Bentwaters Park	Agri-Gen	United Kingdom	England	52.129953	1.430333	REPD British National Grid project point; approximate WGS84 transform	634881	253511	Anaerobic Digestion	CHP Enabled: Yes	Operational	2 MW electrical installed capacity	Bentwaters Park	05/11/2015
uk-repd-ad	5816	5816	Land at Lostock Works (Northwich Facility)	Orsted (formerly Dong Energy)	United Kingdom	England	53.263828	-2.482402	REPD British National Grid project point; approximate WGS84 transform	367920	374201	Anaerobic Digestion	CHP Enabled: Yes	Operational	5 MW electrical installed capacity	Land at Lostock Works (Northwich Facility)	20/11/2017
uk-repd-ad	5821	5821	Pitwherry Bridge	Gascorp	United Kingdom	England	53.974911	-0.302259	REPD British National Grid project point; approximate WGS84 transform	511449	454539	Anaerobic Digestion	CHP Enabled: Yes	Planning Permission Refused	3.3 MW electrical installed capacity	Pitwherry Bridge	04/05/2016
uk-repd-ad	5830	5830	Park Farm	Gascorp	United Kingdom	England	53.845082	-0.761353	REPD British National Grid project point; approximate WGS84 transform	481592	439471	Anaerobic Digestion	CHP Enabled: No	Appeal Withdrawn	3 MW electrical installed capacity	Park Farm	30/08/2018
uk-repd-ad	5886	5886	Manor Farm	Material Change (formerly Strutt & Parker Farms Ltd)	United Kingdom	England	52.436548	0.895594	REPD British National Grid project point; approximate WGS84 transform	596926	286007	Anaerobic Digestion	CHP Enabled: Yes	Abandoned	5 MW electrical installed capacity	Manor Farm	11/08/2020
uk-repd-ad	5890	5890	Blackmore Park Industrial Estate	Essential Supply Products	United Kingdom	England	52.089858	-2.294211	REPD British National Grid project point; approximate WGS84 transform	379939	243542	Anaerobic Digestion	CHP Enabled: Yes	Planning Permission Expired	1 MW electrical installed capacity	Blackmore Park Industrial Estate	20/11/2019
uk-repd-ad	5899	5899	Inchdairnie	RM Brown & Son Ltd	United Kingdom	Scotland	56.178244	-3.211548	REPD British National Grid project point; approximate WGS84 transform	324885	699061	Anaerobic Digestion	CHP Enabled: Yes	Operational	2 MW electrical installed capacity	Inchdairnie	17/10/2019
uk-repd-ad	5951	5951	Binn Farm AD (extension)	Earnside Energy	United Kingdom	Scotland	56.308721	-3.336033	REPD British National Grid project point; approximate WGS84 transform	317439	713725	Anaerobic Digestion	CHP Enabled: Yes	Operational	1.5 MW electrical installed capacity	Binn Farm AD (extension)	20/08/2018
uk-repd-ad	5968	5968	Snetterton Heath AD	GAG404	United Kingdom	England	52.468795	0.947306	REPD British National Grid project point; approximate WGS84 transform	600294	289735	Anaerobic Digestion	CHP Enabled: Yes	Planning Application Withdrawn	3 MW electrical installed capacity	Snetterton Heath AD	04/05/2016
uk-repd-ad	5974	5974	Barley Brigg Farm	Barley Brigg Biogas	United Kingdom	England	52.314987	1.304806	REPD British National Grid project point; approximate WGS84 transform	625353	273685	Anaerobic Digestion	CHP Enabled: Yes	Planning Permission Refused	1.1 MW electrical installed capacity	Barley Brigg Farm	06/01/2016
uk-repd-ad	5999	5999	North Clyde Recycling Centre	Peel Environmental	United Kingdom	Scotland	55.892606	-4.393981	REPD British National Grid project point; approximate WGS84 transform	250389	669199	Anaerobic Digestion	CHP Enabled: No	Revised	1.6 MW electrical installed capacity	North Clyde Recycling Centre	09/06/2020
uk-repd-ad	6000	6000	Dean Group Business Park - Hartlepool	BioConstruct	United Kingdom	England	54.647750	-1.205828	REPD British National Grid project point; approximate WGS84 transform	451345	528361	Anaerobic Digestion	CHP Enabled: Yes	Operational	5.1 MW electrical installed capacity	Dean Group Business Park - Hartlepool	20/04/2017
uk-repd-ad	6040	6040	Standalane near Ballencrieff	J Haig Hamilton & Sons Ltd	United Kingdom	Scotland	55.985751	-2.833723	REPD British National Grid project point; approximate WGS84 transform	348081	677289	Anaerobic Digestion	CHP Enabled: Yes	Appeal Refused	1 MW electrical installed capacity	Standalane near Ballencrieff	28/02/2017
uk-repd-ad	6046	6046	Sparsholt College	Ecotricity	United Kingdom	England	51.089517	-1.386068	REPD British National Grid project point; approximate WGS84 transform	443094	132424	Anaerobic Digestion	CHP Enabled: 	Revised	6 MW electrical installed capacity	Sparsholt College	27/05/2016
uk-repd-ad	6052	6052	Land to the west of Blind Lane	Honingham Thorpe Farm	United Kingdom	England	52.651109	1.126844	REPD British National Grid project point; approximate WGS84 transform	611607	310520	Anaerobic Digestion	CHP Enabled: Yes	Planning Permission Refused	1.5 MW electrical installed capacity	Land to the west of Blind Lane	04/03/2016
uk-repd-ad	6054	6054	Basingstoke Sewage Treatment Works	Thames Water Utilities	United Kingdom	England	51.291661	-1.034313	REPD British National Grid project point; approximate WGS84 transform	467434	155168	Anaerobic Digestion	CHP Enabled: Yes	Operational	1.2 MW electrical installed capacity	Basingstoke Sewage Treatment Works	31/10/2017
uk-repd-ad	6081	6081	Kingsnorth Industrial Estate	AMP Holdings pic	United Kingdom	England	51.425506	0.600182	REPD British National Grid project point; approximate WGS84 transform	580868	172818	Anaerobic Digestion	CHP Enabled: Yes	Abandoned	1.8 MW electrical installed capacity	Kingsnorth Industrial Estate	19/12/2017
uk-repd-ad	6109	6109	GAP House, Nest Road	Gap Waste Management	United Kingdom	England	54.958817	-1.565415	REPD British National Grid project point; approximate WGS84 transform	427927	562773	Anaerobic Digestion	CHP Enabled: Yes	Abandoned		GAP House, Nest Road	04/09/2019
uk-repd-ad	6123	6123	Knostrop Sewage Treatment Works	Yorkshire Water	United Kingdom	England	53.781457	-1.491222	REPD British National Grid project point; approximate WGS84 transform	433623	431801	Anaerobic Digestion	CHP Enabled: Yes	Operational	4 MW electrical installed capacity	Knostrop Sewage Treatment Works	01/05/2019
uk-repd-ad	6148	6148	Land at Wicks Farm	Wicks Farm (Biogas)	United Kingdom	England	50.827282	-0.595768	REPD British National Grid project point; approximate WGS84 transform	498997	104022	Anaerobic Digestion	CHP Enabled: Yes	Planning Permission Expired	1.5 MW electrical installed capacity	Land at Wicks Farm	05/12/2019
uk-repd-ad	6152	6152	Crowland Street	Iona Capital	United Kingdom	England	53.643186	-2.959305	REPD British National Grid project point; approximate WGS84 transform	336678	416725	Anaerobic Digestion	CHP Enabled: No	Abandoned	1.6 MW electrical installed capacity	Crowland Street	29/10/2018
uk-repd-ad	6167	6167	The Nurseries, Green Tye	Guy & Wright Ltd	United Kingdom	England	51.845855	0.091838	REPD British National Grid project point; approximate WGS84 transform	544192	218430	Anaerobic Digestion	CHP Enabled: No	Operational	1.2 MW electrical installed capacity	The Nurseries, Green Tye	30/06/2016
uk-repd-ad	6193	6193	CF Fertilizer site	Engie	United Kingdom	England	53.283735	-2.788310	REPD British National Grid project point; approximate WGS84 transform	347540	376597	Anaerobic Digestion	CHP Enabled: Yes	Planning Permission Granted	2 MW electrical installed capacity	CF Fertilizer site	20/03/2020
uk-repd-ad	6199	6199	Wapseys Wood	Veolia	United Kingdom	England	51.587801	-0.594779	REPD British National Grid project point; approximate WGS84 transform	497450	188596	Anaerobic Digestion	CHP Enabled: 	Appeal Refused	1 MW electrical installed capacity	Wapseys Wood	25/09/2019
uk-repd-ad	6212	6212	Pengelly Barton Farm	Pengelly Farms	United Kingdom	England	50.142226	-5.339833	REPD British National Grid project point; approximate WGS84 transform	161464	32249	Anaerobic Digestion	CHP Enabled: Yes	Operational	1 MW electrical installed capacity	Pengelly Barton Farm	24/04/2018
uk-repd-ad	6218	6218	Bloomfield Recycling Site	Bloomfield Recycling	United Kingdom	England	52.712885	-2.051707	REPD British National Grid project point; approximate WGS84 transform	396604	312804	Anaerobic Digestion	CHP Enabled: No	Planning Permission Expired	1.5 MW electrical installed capacity	Bloomfield Recycling Site	23/03/2020
uk-repd-ad	6270	6270	Slip Inn Quarry	AT Plant & Contracting	United Kingdom	England	52.486116	-1.201601	REPD British National Grid project point; approximate WGS84 transform	454313	287877	Anaerobic Digestion	CHP Enabled: Yes	Abandoned	2 MW electrical installed capacity	Slip Inn Quarry	13/12/2021
uk-repd-ad	6355	6355	Neilson Biogas Park Farm AD	Avocet Infinite	United Kingdom	Scotland	55.723028	-4.171875	REPD British National Grid project point; approximate WGS84 transform	263684	649872	Anaerobic Digestion	CHP Enabled: Yes	Planning Application Withdrawn	1 MW electrical installed capacity	Neilson Biogas Park Farm AD	18/12/2018
uk-repd-ad	6368	6368	Former Croda site	CBRE	United Kingdom	England	54.593162	-1.111245	REPD British National Grid project point; approximate WGS84 transform	457525	522360	Anaerobic Digestion	CHP Enabled: No	Planning Permission Expired		Former Croda site	03/12/2019
uk-repd-ad	6390	6390	Enfield Farm	Greener For Life Energy	United Kingdom	England	50.707726	-3.440619	REPD British National Grid project point; approximate WGS84 transform	298374	90778	Anaerobic Digestion	CHP Enabled: yes	Operational	2 MW electrical installed capacity	Enfield Farm	20/07/2017
uk-repd-ad	6430	6430	Cross Banks Road	Mickram	United Kingdom	England	52.765851	0.388020	REPD British National Grid project point; approximate WGS84 transform	561216	321368	Anaerobic Digestion	CHP Enabled: Yes	Revised	8.8 MW electrical installed capacity	Cross Banks Road	31/01/2018
uk-repd-ad	6450	6450	Gelliargwellt Uchaf Farm AD	Bryn Group	United Kingdom	Wales	51.664524	-3.269326	REPD British National Grid project point; approximate WGS84 transform	312306	196957	Anaerobic Digestion	CHP Enabled: 	Operational	1.4 MW electrical installed capacity	Gelliargwellt Uchaf Farm AD	16/08/2017
uk-repd-ad	6489	6489	Swindon Sewerage Treatment Works	Thames Water Utilities	United Kingdom	England	51.567893	-1.808469	REPD British National Grid project point; approximate WGS84 transform	413372	185464	Anaerobic Digestion	CHP Enabled: 	Operational	1.2 MW electrical installed capacity	Swindon Sewerage Treatment Works	31/10/2017
uk-repd-ad	6490	6490	Rye Meads Sewerage Treatment Works	Thames Water Utilities	United Kingdom	England	51.774872	0.017075	REPD British National Grid project point; approximate WGS84 transform	539261	210391	Anaerobic Digestion	CHP Enabled: 	Operational	2.3 MW electrical installed capacity	Rye Meads Sewerage Treatment Works	31/10/2017
uk-repd-ad	6491	6491	Deephams Sewerage Treatment Works	Thames Water Utilities	United Kingdom	England	51.626525	-0.041453	REPD British National Grid project point; approximate WGS84 transform	535666	193784	Anaerobic Digestion	CHP Enabled: Yes	Operational	3 MW electrical installed capacity	Deephams Sewerage Treatment Works	31/10/2017
uk-repd-ad	6505	6505	Riverside Energy Park (REP)	Cory Riverside Energy	United Kingdom	England	51.504508	0.153302	REPD British National Grid project point; approximate WGS84 transform	549545	180595	Anaerobic Digestion	CHP Enabled: Yes	Planning Permission Granted	19 MW electrical installed capacity	Riverside Energy Park (REP)	06/04/2022
uk-repd-ad	6538	6538	Station Works AD	Privilege Finance/ BioWatt	United Kingdom	England	51.948493	0.327464	REPD British National Grid project point; approximate WGS84 transform	560056	230336	Anaerobic Digestion	CHP Enabled: No	Operational	1 MW electrical installed capacity	Station Works AD	03/01/2018
uk-repd-ad	6539	6539	Cross Banks Road	Mickram	United Kingdom	England	52.765851	0.388020	REPD British National Grid project point; approximate WGS84 transform	561216	321368	Anaerobic Digestion	CHP Enabled: Yes	Revised	1 MW electrical installed capacity	Cross Banks Road	23/01/2023
uk-repd-ad	6578	6578	Mepal CHP	Pretoria Energy Company	United Kingdom	England	52.428363	0.087761	REPD British National Grid project point; approximate WGS84 transform	542047	283203	Anaerobic Digestion	CHP Enabled: Yes	Operational	14.4 MW electrical installed capacity	Mepal CHP	28/03/2018
uk-repd-ad	6626	6626	Broadley Copse	Broadley Energy	United Kingdom	England	50.873561	-0.848874	REPD British National Grid project point; approximate WGS84 transform	481091	108860	Anaerobic Digestion	CHP Enabled: Yes	Operational	2.2 MW electrical installed capacity	Broadley Copse	30/05/2018
uk-repd-ad	6638	6638	Greenhill Anaerobic Digestion Plant	Black Dog Biogas	United Kingdom	England	50.721869	-1.289606	REPD British National Grid project point; approximate WGS84 transform	450243	91601	Anaerobic Digestion	CHP Enabled: Yes	Operational	1 MW electrical installed capacity	Greenhill Anaerobic Digestion Plant	02/07/2018
uk-repd-ad	68	68	Oak Grove Biomass Facility	Oak Grove Renewables	United Kingdom	England	52.768630	1.356419	REPD British National Grid project point; approximate WGS84 transform	626522	324286	Anaerobic Digestion	CHP Enabled: Yes	Operational	2 MW electrical installed capacity	Oak Grove Biomass Facility	02/09/2016
uk-repd-ad	6808	6808	Tregeen Farm	Private Developer	United Kingdom	England	50.675899	-4.613041	REPD British National Grid project point; approximate WGS84 transform	215473	89507	Anaerobic Digestion	CHP Enabled: Yes	Planning Permission Granted	0.5 MW electrical installed capacity	Tregeen Farm	14/08/2019
uk-repd-ad	6822	6822	Crewe Hill Farm	Barnstone Estate	United Kingdom	England	53.071300	-2.862737	REPD British National Grid project point; approximate WGS84 transform	342293	353022	Anaerobic Digestion	CHP Enabled: Yes	Planning Permission Granted	0.4 MW electrical installed capacity	Crewe Hill Farm	21/07/2020
uk-repd-ad	6824	6824	Colony Farm	Private Developer	United Kingdom	England	52.514354	0.209741	REPD British National Grid project point; approximate WGS84 transform	550047	293013	Anaerobic Digestion	CHP Enabled: 	Under Construction	4 MW electrical installed capacity	Colony Farm	28/07/2020
uk-repd-ad	7180	7180	Sparsholt College	Sparsholt College (formerly Ecotricity)	United Kingdom	England	51.088007	-1.393069	REPD British National Grid project point; approximate WGS84 transform	442605	132252	Anaerobic Digestion	CHP Enabled: 	Planning Permission Expired	6 MW electrical installed capacity	Sparsholt College	03/08/2020
uk-repd-ad	72	72	Land at Grange Farm	Lockwood Estates	United Kingdom	England	53.336109	-0.536287	REPD British National Grid project point; approximate WGS84 transform	497563	383132	Anaerobic Digestion	CHP Enabled: Yes	Operational	1.1 MW electrical installed capacity	Land at Grange Farm	02/09/2016
uk-repd-ad	7245	7245	North East Grains Site	North East Grains	United Kingdom	England	55.191730	-1.634385	REPD British National Grid project point; approximate WGS84 transform	423375	588667	Anaerobic Digestion	CHP Enabled: Yes	Operational	0.5 MW electrical installed capacity	North East Grains Site	09/10/2021
uk-repd-ad	7477	7477	Glenfiddich Distillery	William Grant and Sons Distillers	United Kingdom	Scotland	57.454870	-3.122992	REPD British National Grid project point; approximate WGS84 transform	332714	841065	Anaerobic Digestion	CHP Enabled: Yes	Operational	1.5 MW electrical installed capacity	Glenfiddich Distillery	26/09/2019
uk-repd-ad	7512	7512	Glenfiddich Distillery AD (Extension)	William Grant and Sons Distillers	United Kingdom	Scotland	57.454870	-3.122992	REPD British National Grid project point; approximate WGS84 transform	332714	841065	Anaerobic Digestion	CHP Enabled: Yes	Planning Permission Granted	2 MW electrical installed capacity	Glenfiddich Distillery AD (Extension)	20/12/2019
uk-repd-ad	7590	7590	Attleborough Ad Plant Limited - Anaerobic Digestion Facility Expansion	Privelage Finance Ltd / Attleborough AD Plant Limited	United Kingdom	England	52.520968	0.995101	REPD British National Grid project point; approximate WGS84 transform	603299	295670	Anaerobic Digestion	CHP Enabled: Yes	Operational	1 MW electrical installed capacity	Attleborough Ad Plant Limited - Anaerobic Digestion Facility Expansion	19/01/2023
uk-repd-ad	8206	8206	Iretons Way Anaerobic Digester Plant Extension	Pretoria Energy Company Mepal Limited	United Kingdom	England	52.431005	0.083752	REPD British National Grid project point; approximate WGS84 transform	541766	283489	Anaerobic Digestion	CHP Enabled: No	Planning Permission Granted		Iretons Way Anaerobic Digester Plant Extension	12/01/2021
uk-repd-ad	8240	8240	Gibson Lane Anaerobic Digestion Plan	Melton Energy Tech	United Kingdom	England	53.714167	-0.538288	REPD British National Grid project point; approximate WGS84 transform	496567	425186	Anaerobic Digestion	CHP Enabled: No	Planning Application Withdrawn		Gibson Lane Anaerobic Digestion Plan	03/02/2021
uk-repd-ad	8244	8244	Plusterwine House - Anaerobic Digestion Plant (Retrospective)	Plusterwine Biogas Limited	United Kingdom	England	51.690828	-2.587677	REPD British National Grid project point; approximate WGS84 transform	359474	199283	Anaerobic Digestion	CHP Enabled: No	Operational	1.5 MW electrical installed capacity	Plusterwine House - Anaerobic Digestion Plant (Retrospective)	28/01/2021
uk-repd-ad	8250	8250	Fernbrook Bio Limited - Anaerobic Digestion Plant	Fernbrook Bio Limited	United Kingdom	England	52.413261	-0.789911	REPD British National Grid project point; approximate WGS84 transform	482404	280162	Anaerobic Digestion	CHP Enabled: No	Planning Application Submitted		Fernbrook Bio Limited - Anaerobic Digestion Plant	12/01/2021
uk-repd-ad	8282	8282	Beckworth Emporiun Anaerobic Digester Plant	Gegan Solutions Limited	United Kingdom	England	52.302918	-0.776247	REPD British National Grid project point; approximate WGS84 transform	483540.885	267904.613	Anaerobic Digestion	CHP Enabled: No	Planning Application Submitted		Beckworth Emporiun Anaerobic Digester Plant	03/06/2021
uk-repd-ad	8423	8423	Castle Eaton Anaerobic Digestion Plant	Biomethane (Castle Eaton) Limited	United Kingdom	England	51.654532	-1.791683	REPD British National Grid project point; approximate WGS84 transform	414508	195103	Anaerobic Digestion	CHP Enabled: No	Planning Application Withdrawn		Castle Eaton Anaerobic Digestion Plant	10/07/2026
uk-repd-ad	8845	8845	Coleshill Sewage Treatment Works Anaerobic Digestion Facility	Severn Trent Green Power Group Limited	United Kingdom	England	52.518427	-1.717744	REPD British National Grid project point; approximate WGS84 transform	419250	291209	Anaerobic Digestion	CHP Enabled: No	Planning Application Submitted	2.4 MW electrical installed capacity	Coleshill Sewage Treatment Works Anaerobic Digestion Facility	03/02/2021
uk-repd-ad	8913	8913	Crowland Street - Energy Recovery Park	Shankley Biogas Limited	United Kingdom	England	53.644723	-2.968219	REPD British National Grid project point; approximate WGS84 transform	336091	416904	Anaerobic Digestion	CHP Enabled: No	Planning Application Submitted		Crowland Street - Energy Recovery Park	20/04/2022
uk-repd-ad	9008	9008	Roundhill - Food Waste Anaerobic Digestion Plant	Severn Trent Green Power Group Limited	United Kingdom	England	52.453005	-2.187618	REPD British National Grid project point; approximate WGS84 transform	387347	283911	Anaerobic Digestion	CHP Enabled: No	Planning Application Submitted		Roundhill - Food Waste Anaerobic Digestion Plant	12/05/2021
uk-repd-ad	912	912	Salford Refuse Treatment Plant (AD)	Viridor	United Kingdom	England	53.495349	-2.287322	REPD British National Grid project point; approximate WGS84 transform	381036	399888	Anaerobic Digestion	CHP Enabled: No	Operational	2 MW electrical installed capacity	Salford Refuse Treatment Plant (AD)	12/03/2014
uk-repd-ad	9170	9170	Lockerbie Creamery - Anaerobic Digester	Lockerbie Biogas Limited	United Kingdom	Scotland	55.117235	-3.409955	REPD British National Grid project point; approximate WGS84 transform	310169	581224	Anaerobic Digestion	CHP Enabled: No	Revised		Lockerbie Creamery - Anaerobic Digester	16/06/2021
uk-repd-ad	9487	9487	Envar Composting Limited - Anaerobic Digestion Facility	Envar Limited	United Kingdom	England	52.359494	-0.042392	REPD British National Grid project point; approximate WGS84 transform	533406	275296	Anaerobic Digestion	CHP Enabled: No	Planning Permission Refused		Envar Composting Limited - Anaerobic Digestion Facility	04/05/2023
uk-repd-ad	9510	9510	Crompton Road, Ilkeston - Anaerobic Digestion Plant	Stanton Energy Limited	United Kingdom	England	52.948515	-1.287623	REPD British National Grid project point; approximate WGS84 transform	447963	339252	Anaerobic Digestion	CHP Enabled: Yes	Operational		Crompton Road, Ilkeston - Anaerobic Digestion Plant	31/05/2022
uk-repd-ad	9622	9622	Resourceful Earth Limited - Anaerobic Digester Facility	Resourceful Earth Limited	United Kingdom	England	51.390871	-2.527227	REPD British National Grid project point; approximate WGS84 transform	363412	165891	Anaerobic Digestion	CHP Enabled: No	Planning Permission Refused	2.2 MW electrical installed capacity	Resourceful Earth Limited - Anaerobic Digester Facility	25/03/2022
uk-repd-ad	9646	9646	Mains Of Boquhan - Anaerobic Digester Facility	Grahams Family Dairy	United Kingdom	Scotland	56.137841	-4.139961	REPD British National Grid project point; approximate WGS84 transform	267117	695966	Anaerobic Digestion	CHP Enabled: No	Abandoned		Mains Of Boquhan - Anaerobic Digester Facility	29/04/2024
uk-repd-ad	9753	9753	Beddington AD Facility (Waste AD)	Suez Recycling and Recovery UK Limited	United Kingdom	England	51.378795	-0.133379	REPD British National Grid project point; approximate WGS84 transform	530006	166069	Anaerobic Digestion	CHP Enabled: No	Planning Permission Expired		Beddington AD Facility (Waste AD)	24/02/2022
uk-repd-ad	9870	9870	Chivers Way, Histon - Anaerobic Digestion Reactor	Place & Economy Planning, Growth & Environment	United Kingdom	England	52.246236	0.104454	REPD British National Grid project point; approximate WGS84 transform	543771	262981	Anaerobic Digestion	CHP Enabled: No	Planning Permission Expired		Chivers Way, Histon - Anaerobic Digestion Reactor	16/02/2022
uk-repd-ad	9872	9872	Academy Road - Energy Centre & Anaerobic Digestion Facility	Grissan Engineering Services Limited	United Kingdom	Scotland	57.700079	-4.158469	REPD British National Grid project point; approximate WGS84 transform	271458	869856	Anaerobic Digestion	CHP Enabled: No	Revised	4 MW electrical installed capacity	Academy Road - Energy Centre & Anaerobic Digestion Facility	24/11/2023
