id	name	aliases	record_kind	domain	reactor_type	subtypes	purpose	status	evidence_maturity	site	city	region	country	country_code	latitude	longitude	coordinate_precision	coordinate_source	owner	operator	designer	regulator	fuel_or_feed	coolant_or_medium	moderator	confinement_or_flow	thermal_power_mw	electric_power_mw	capacity_note	start_date	end_date	source_url	source_publisher	source_title	source_role	source_license	source_quality_flags	last_verified	verification_notes
wri-gppd-wri1019028	Armenian-2		facility	nuclear_fission	nuclear power plant (type not supplied)		electricity generation	unknown	established				Armenia	AM	40.1805	44.1498	unknown	https://raw.githubusercontent.com/wri/global-power-plant-database/7a91cfbb2a4e272597acbc00506d61fc1ec73b3d/output_database/global_power_plant_database.csv	Armenian Nuclear Power Company									375.0	Plant-level aggregate capacity in WRI GPPD; not reactor-unit capacity.	1980-01-01		https://www.iaea.org/PRIS/CountryStatistics/ReactorDetails.aspx?current=2	World Resources Institute	Global Power Plant Database (repository snapshot)	registry	CC BY 4.0	plant_level_not_unit;status_not_supplied;historic_shutdown_not_covered;coordinate_precision_unverified;source_may_be_stale	2026-09-26	Open plant-level discovery record. Verify units, current status, dates and location against PRIS and the national regulator.
wri-gppd-arg0000029	ATUCHA I		facility	nuclear_fission	nuclear power plant (type not supplied)		electricity generation	unknown	established				Argentina	AR	-33.9670	-59.2059	unknown	https://raw.githubusercontent.com/wri/global-power-plant-database/7a91cfbb2a4e272597acbc00506d61fc1ec73b3d/output_database/global_power_plant_database.csv	NASA									370.0	Plant-level aggregate capacity in WRI GPPD; not reactor-unit capacity.	1974-01-01		http://energia3.mecon.gov.ar/contenidos/archivos/Reorganizacion/informacion_del_mercado/publicaciones/mercado_electrico/estadisticosectorelectrico/2015/A1.POT_GEN_COMB_POR_CENTRAL_2015.xlsx	World Resources Institute	Global Power Plant Database (repository snapshot)	registry	CC BY 4.0	plant_level_not_unit;status_not_supplied;historic_shutdown_not_covered;coordinate_precision_unverified;source_may_be_stale	2026-09-26	Open plant-level discovery record. Verify units, current status, dates and location against PRIS and the national regulator.
wri-gppd-arg0000030	ATUCHA II		facility	nuclear_fission	nuclear power plant (type not supplied)		electricity generation	unknown	established				Argentina	AR	-33.9674	-59.2045	unknown	https://raw.githubusercontent.com/wri/global-power-plant-database/7a91cfbb2a4e272597acbc00506d61fc1ec73b3d/output_database/global_power_plant_database.csv	NASA									745.0	Plant-level aggregate capacity in WRI GPPD; not reactor-unit capacity.	2014-01-01		http://energia3.mecon.gov.ar/contenidos/archivos/Reorganizacion/informacion_del_mercado/publicaciones/mercado_electrico/estadisticosectorelectrico/2015/A1.POT_GEN_COMB_POR_CENTRAL_2015.xlsx	World Resources Institute	Global Power Plant Database (repository snapshot)	registry	CC BY 4.0	plant_level_not_unit;status_not_supplied;historic_shutdown_not_covered;coordinate_precision_unverified;source_may_be_stale	2026-09-26	Open plant-level discovery record. Verify units, current status, dates and location against PRIS and the national regulator.
wri-gppd-arg0000112	EMBALSE		facility	nuclear_fission	nuclear power plant (type not supplied)		electricity generation	unknown	established				Argentina	AR	-32.2316	-64.4422	unknown	https://raw.githubusercontent.com/wri/global-power-plant-database/7a91cfbb2a4e272597acbc00506d61fc1ec73b3d/output_database/global_power_plant_database.csv	NASA									648.0	Plant-level aggregate capacity in WRI GPPD; not reactor-unit capacity.	1984-01-01		http://energia3.mecon.gov.ar/contenidos/archivos/Reorganizacion/informacion_del_mercado/publicaciones/mercado_electrico/estadisticosectorelectrico/2015/A1.POT_GEN_COMB_POR_CENTRAL_2015.xlsx	World Resources Institute	Global Power Plant Database (repository snapshot)	registry	CC BY 4.0	plant_level_not_unit;status_not_supplied;historic_shutdown_not_covered;coordinate_precision_unverified;source_may_be_stale	2026-09-26	Open plant-level discovery record. Verify units, current status, dates and location against PRIS and the national regulator.
wri-gppd-wri1002223	DOEL 4		facility	nuclear_fission	nuclear power plant (type not supplied)		electricity generation	unknown	established				Belgium	BE	51.3254	4.2597	unknown	https://raw.githubusercontent.com/wri/global-power-plant-database/7a91cfbb2a4e272597acbc00506d61fc1ec73b3d/output_database/global_power_plant_database.csv										2910.0	Plant-level aggregate capacity in WRI GPPD; not reactor-unit capacity.	1985-01-01		http://publications.elia.be/upload/ProductionParkOverview.html?TS=20120416193815	World Resources Institute	Global Power Plant Database (repository snapshot)	registry	CC BY 4.0	plant_level_not_unit;status_not_supplied;historic_shutdown_not_covered;coordinate_precision_unverified;source_may_be_stale	2026-09-26	Open plant-level discovery record. Verify units, current status, dates and location against PRIS and the national regulator.
wri-gppd-wri1002275	TIHANGE 1N		facility	nuclear_fission	nuclear power plant (type not supplied)		electricity generation	unknown	established				Belgium	BE	50.5342	5.2751	unknown	https://raw.githubusercontent.com/wri/global-power-plant-database/7a91cfbb2a4e272597acbc00506d61fc1ec73b3d/output_database/global_power_plant_database.csv										962.0	Plant-level aggregate capacity in WRI GPPD; not reactor-unit capacity.	1975-01-01		http://publications.elia.be/upload/ProductionParkOverview.html?TS=20120416193815	World Resources Institute	Global Power Plant Database (repository snapshot)	registry	CC BY 4.0	plant_level_not_unit;status_not_supplied;historic_shutdown_not_covered;coordinate_precision_unverified;source_may_be_stale	2026-09-26	Open plant-level discovery record. Verify units, current status, dates and location against PRIS and the national regulator.
wri-gppd-wri1002277	TIHANGE 3		facility	nuclear_fission	nuclear power plant (type not supplied)		electricity generation	unknown	established				Belgium	BE	50.5342	5.2751	unknown	https://raw.githubusercontent.com/wri/global-power-plant-database/7a91cfbb2a4e272597acbc00506d61fc1ec73b3d/output_database/global_power_plant_database.csv										2053.8	Plant-level aggregate capacity in WRI GPPD; not reactor-unit capacity.	1985-01-01		http://publications.elia.be/upload/ProductionParkOverview.html?TS=20120416193815	World Resources Institute	Global Power Plant Database (repository snapshot)	registry	CC BY 4.0	plant_level_not_unit;status_not_supplied;historic_shutdown_not_covered;coordinate_precision_unverified;source_may_be_stale	2026-09-26	Open plant-level discovery record. Verify units, current status, dates and location against PRIS and the national regulator.
wri-gppd-wri1008053	KOZLODUY		facility	nuclear_fission	nuclear power plant (type not supplied)		electricity generation	unknown	established				Bulgaria	BG	43.7438	23.7723	unknown	https://raw.githubusercontent.com/wri/global-power-plant-database/7a91cfbb2a4e272597acbc00506d61fc1ec73b3d/output_database/global_power_plant_database.csv										2000.0	Plant-level aggregate capacity in WRI GPPD; not reactor-unit capacity.			https://transparency.entsoe.eu/generation/r2/installedCapacityPerProductionUnit/show	World Resources Institute	Global Power Plant Database (repository snapshot)	registry	CC BY 4.0	plant_level_not_unit;status_not_supplied;historic_shutdown_not_covered;coordinate_precision_unverified;source_may_be_stale	2026-09-26	Open plant-level discovery record. Verify units, current status, dates and location against PRIS and the national regulator.
wri-gppd-bra0000100	Almirante Álvaro Alberto - Unidade I (Antiga Angra I)		facility	nuclear_fission	nuclear power plant (type not supplied)		electricity generation	unknown	established				Brazil	BR	-23.0087	-44.4574	unknown	https://raw.githubusercontent.com/wri/global-power-plant-database/7a91cfbb2a4e272597acbc00506d61fc1ec73b3d/output_database/global_power_plant_database.csv										640.0	Plant-level aggregate capacity in WRI GPPD; not reactor-unit capacity.	1985-01-01		http://www2.aneel.gov.br/aplicacoes/capacidadebrasil/capacidadebrasil.cfm	World Resources Institute	Global Power Plant Database (repository snapshot)	registry	CC BY 4.0	plant_level_not_unit;status_not_supplied;historic_shutdown_not_covered;coordinate_precision_unverified;source_may_be_stale	2026-09-26	Open plant-level discovery record. Verify units, current status, dates and location against PRIS and the national regulator.
wri-gppd-bra0000101	Almirante Álvaro Alberto - Unidade II (Antiga Angra II)		facility	nuclear_fission	nuclear power plant (type not supplied)		electricity generation	unknown	established				Brazil	BR	-23.0072	-44.4588	unknown	https://raw.githubusercontent.com/wri/global-power-plant-database/7a91cfbb2a4e272597acbc00506d61fc1ec73b3d/output_database/global_power_plant_database.csv										1350.0	Plant-level aggregate capacity in WRI GPPD; not reactor-unit capacity.	2000-01-01		http://www2.aneel.gov.br/aplicacoes/capacidadebrasil/capacidadebrasil.cfm	World Resources Institute	Global Power Plant Database (repository snapshot)	registry	CC BY 4.0	plant_level_not_unit;status_not_supplied;historic_shutdown_not_covered;coordinate_precision_unverified;source_may_be_stale	2026-09-26	Open plant-level discovery record. Verify units, current status, dates and location against PRIS and the national regulator.
wri-gppd-can0002030	Bruce A		facility	nuclear_fission	nuclear power plant (type not supplied)		electricity generation	unknown	established				Canada	CA	44.3391	-81.5747	unknown	https://raw.githubusercontent.com/wri/global-power-plant-database/7a91cfbb2a4e272597acbc00506d61fc1ec73b3d/output_database/global_power_plant_database.csv	Bruce Power LP									3220.0	Plant-level aggregate capacity in WRI GPPD; not reactor-unit capacity.			http://ftp.maps.canada.ca/pub/nacei_cnaie/energy_infrastructure/PowerPlantsAllGE100MW_NorthAmerica_201708.xlsx	World Resources Institute	Global Power Plant Database (repository snapshot)	registry	CC BY 4.0	plant_level_not_unit;status_not_supplied;historic_shutdown_not_covered;coordinate_precision_unverified;source_may_be_stale	2026-09-26	Open plant-level discovery record. Verify units, current status, dates and location against PRIS and the national regulator.
wri-gppd-can0002031	Bruce B		facility	nuclear_fission	nuclear power plant (type not supplied)		electricity generation	unknown	established				Canada	CA	44.3190	-81.6027	unknown	https://raw.githubusercontent.com/wri/global-power-plant-database/7a91cfbb2a4e272597acbc00506d61fc1ec73b3d/output_database/global_power_plant_database.csv	Bruce Power LP									3390.0	Plant-level aggregate capacity in WRI GPPD; not reactor-unit capacity.			http://ftp.maps.canada.ca/pub/nacei_cnaie/energy_infrastructure/PowerPlantsAllGE100MW_NorthAmerica_201708.xlsx	World Resources Institute	Global Power Plant Database (repository snapshot)	registry	CC BY 4.0	plant_level_not_unit;status_not_supplied;historic_shutdown_not_covered;coordinate_precision_unverified;source_may_be_stale	2026-09-26	Open plant-level discovery record. Verify units, current status, dates and location against PRIS and the national regulator.
wri-gppd-can0002043	Darlington		facility	nuclear_fission	nuclear power plant (type not supplied)		electricity generation	unknown	established				Canada	CA	43.8697	-78.7239	unknown	https://raw.githubusercontent.com/wri/global-power-plant-database/7a91cfbb2a4e272597acbc00506d61fc1ec73b3d/output_database/global_power_plant_database.csv										3740.0	Plant-level aggregate capacity in WRI GPPD; not reactor-unit capacity.			http://ftp.maps.canada.ca/pub/nacei_cnaie/energy_infrastructure/PowerPlantsAllGE100MW_NorthAmerica_201708.xlsx	World Resources Institute	Global Power Plant Database (repository snapshot)	registry	CC BY 4.0	plant_level_not_unit;status_not_supplied;historic_shutdown_not_covered;coordinate_precision_unverified;source_may_be_stale	2026-09-26	Open plant-level discovery record. Verify units, current status, dates and location against PRIS and the national regulator.
wri-gppd-can0002073	Pickering A		facility	nuclear_fission	nuclear power plant (type not supplied)		electricity generation	unknown	established				Canada	CA	43.8107	-79.0689	unknown	https://raw.githubusercontent.com/wri/global-power-plant-database/7a91cfbb2a4e272597acbc00506d61fc1ec73b3d/output_database/global_power_plant_database.csv										1084.0	Plant-level aggregate capacity in WRI GPPD; not reactor-unit capacity.			http://ftp.maps.canada.ca/pub/nacei_cnaie/energy_infrastructure/PowerPlantsAllGE100MW_NorthAmerica_201708.xlsx	World Resources Institute	Global Power Plant Database (repository snapshot)	registry	CC BY 4.0	plant_level_not_unit;status_not_supplied;historic_shutdown_not_covered;coordinate_precision_unverified;source_may_be_stale	2026-09-26	Open plant-level discovery record. Verify units, current status, dates and location against PRIS and the national regulator.
wri-gppd-can0002074	Pickering B		facility	nuclear_fission	nuclear power plant (type not supplied)		electricity generation	unknown	established				Canada	CA	43.8096	-79.0639	unknown	https://raw.githubusercontent.com/wri/global-power-plant-database/7a91cfbb2a4e272597acbc00506d61fc1ec73b3d/output_database/global_power_plant_database.csv										2160.0	Plant-level aggregate capacity in WRI GPPD; not reactor-unit capacity.			http://ftp.maps.canada.ca/pub/nacei_cnaie/energy_infrastructure/PowerPlantsAllGE100MW_NorthAmerica_201708.xlsx	World Resources Institute	Global Power Plant Database (repository snapshot)	registry	CC BY 4.0	plant_level_not_unit;status_not_supplied;historic_shutdown_not_covered;coordinate_precision_unverified;source_may_be_stale	2026-09-26	Open plant-level discovery record. Verify units, current status, dates and location against PRIS and the national regulator.
wri-gppd-can0002076	Point Lepreau		facility	nuclear_fission	nuclear power plant (type not supplied)		electricity generation	unknown	established				Canada	CA	45.0686	-66.4543	unknown	https://raw.githubusercontent.com/wri/global-power-plant-database/7a91cfbb2a4e272597acbc00506d61fc1ec73b3d/output_database/global_power_plant_database.csv										660.0	Plant-level aggregate capacity in WRI GPPD; not reactor-unit capacity.			http://ftp.maps.canada.ca/pub/nacei_cnaie/energy_infrastructure/PowerPlantsAllGE100MW_NorthAmerica_201708.xlsx	World Resources Institute	Global Power Plant Database (repository snapshot)	registry	CC BY 4.0	plant_level_not_unit;status_not_supplied;historic_shutdown_not_covered;coordinate_precision_unverified;source_may_be_stale	2026-09-26	Open plant-level discovery record. Verify units, current status, dates and location against PRIS and the national regulator.
wri-gppd-wri1004271	Kernkraftwerk Beznau		facility	nuclear_fission	nuclear power plant (type not supplied)		electricity generation	unknown	established				Switzerland	CH	47.5520	8.2281	unknown	https://raw.githubusercontent.com/wri/global-power-plant-database/7a91cfbb2a4e272597acbc00506d61fc1ec73b3d/output_database/global_power_plant_database.csv	Axpo AG									760.0	Plant-level aggregate capacity in WRI GPPD; not reactor-unit capacity.			http://api3.geo.admin.ch/rest/services/api/MapServer/ch.bfe.kernkraftwerke/3/extendedHtmlPopup?lang=en	World Resources Institute	Global Power Plant Database (repository snapshot)	registry	CC BY 4.0	plant_level_not_unit;status_not_supplied;historic_shutdown_not_covered;coordinate_precision_unverified;source_may_be_stale	2026-09-26	Open plant-level discovery record. Verify units, current status, dates and location against PRIS and the national regulator.
wri-gppd-wri1004272	Kernkraftwerk Gösgen		facility	nuclear_fission	nuclear power plant (type not supplied)		electricity generation	unknown	established				Switzerland	CH	47.3656	7.9680	unknown	https://raw.githubusercontent.com/wri/global-power-plant-database/7a91cfbb2a4e272597acbc00506d61fc1ec73b3d/output_database/global_power_plant_database.csv	Kernkraftwerk Gösgen-Däniken AG									1035.0	Plant-level aggregate capacity in WRI GPPD; not reactor-unit capacity.	1979-01-01		http://api3.geo.admin.ch/rest/services/api/MapServer/ch.bfe.kernkraftwerke/2/extendedHtmlPopup?lang=en	World Resources Institute	Global Power Plant Database (repository snapshot)	registry	CC BY 4.0	plant_level_not_unit;status_not_supplied;historic_shutdown_not_covered;coordinate_precision_unverified;source_may_be_stale	2026-09-26	Open plant-level discovery record. Verify units, current status, dates and location against PRIS and the national regulator.
wri-gppd-wri1004273	Kernkraftwerk Leibstadt		facility	nuclear_fission	nuclear power plant (type not supplied)		electricity generation	unknown	established				Switzerland	CH	47.6012	8.1845	unknown	https://raw.githubusercontent.com/wri/global-power-plant-database/7a91cfbb2a4e272597acbc00506d61fc1ec73b3d/output_database/global_power_plant_database.csv	Kernkraftwerk leibstadt AG									1245.0	Plant-level aggregate capacity in WRI GPPD; not reactor-unit capacity.	1984-01-01		http://api3.geo.admin.ch/rest/services/api/MapServer/ch.bfe.kernkraftwerke/4/extendedHtmlPopup?lang=en	World Resources Institute	Global Power Plant Database (repository snapshot)	registry	CC BY 4.0	plant_level_not_unit;status_not_supplied;historic_shutdown_not_covered;coordinate_precision_unverified;source_may_be_stale	2026-09-26	Open plant-level discovery record. Verify units, current status, dates and location against PRIS and the national regulator.
wri-gppd-wri1004274	Kernkraftwerk Mühleberg		facility	nuclear_fission	nuclear power plant (type not supplied)		electricity generation	unknown	established				Switzerland	CH	46.9689	7.2684	unknown	https://raw.githubusercontent.com/wri/global-power-plant-database/7a91cfbb2a4e272597acbc00506d61fc1ec73b3d/output_database/global_power_plant_database.csv	BWK FMB Energie AG									390.0	Plant-level aggregate capacity in WRI GPPD; not reactor-unit capacity.	1972-01-01		http://api3.geo.admin.ch/rest/services/api/MapServer/ch.bfe.kernkraftwerke/1/extendedHtmlPopup?lang=en	World Resources Institute	Global Power Plant Database (repository snapshot)	registry	CC BY 4.0	plant_level_not_unit;status_not_supplied;historic_shutdown_not_covered;coordinate_precision_unverified;source_may_be_stale	2026-09-26	Open plant-level discovery record. Verify units, current status, dates and location against PRIS and the national regulator.
wri-gppd-wri1061016	CEFR		facility	nuclear_fission	nuclear power plant (type not supplied)		electricity generation	unknown	established				China	CN	39.7400	116.0300	unknown	https://raw.githubusercontent.com/wri/global-power-plant-database/7a91cfbb2a4e272597acbc00506d61fc1ec73b3d/output_database/global_power_plant_database.csv										20.0	Plant-level aggregate capacity in WRI GPPD; not reactor-unit capacity.			https://www.iaea.org/PRIS/CountryStatistics/CountryDetails.aspx?current=CN	World Resources Institute	Global Power Plant Database (repository snapshot)	registry	CC BY 4.0	plant_level_not_unit;status_not_supplied;historic_shutdown_not_covered;coordinate_precision_unverified;source_may_be_stale	2026-09-26	Open plant-level discovery record. Verify units, current status, dates and location against PRIS and the national regulator.
wri-gppd-wri1061017	Changjiang		facility	nuclear_fission	nuclear power plant (type not supplied)		electricity generation	unknown	established				China	CN	19.4600	108.9000	unknown	https://raw.githubusercontent.com/wri/global-power-plant-database/7a91cfbb2a4e272597acbc00506d61fc1ec73b3d/output_database/global_power_plant_database.csv										1220.0	Plant-level aggregate capacity in WRI GPPD; not reactor-unit capacity.			https://www.iaea.org/PRIS/CountryStatistics/CountryDetails.aspx?current=CN	World Resources Institute	Global Power Plant Database (repository snapshot)	registry	CC BY 4.0	plant_level_not_unit;status_not_supplied;historic_shutdown_not_covered;coordinate_precision_unverified;source_may_be_stale	2026-09-26	Open plant-level discovery record. Verify units, current status, dates and location against PRIS and the national regulator.
wri-gppd-wri1061018	Daya Bay		facility	nuclear_fission	nuclear power plant (type not supplied)		electricity generation	unknown	established				China	CN	22.6000	114.5400	unknown	https://raw.githubusercontent.com/wri/global-power-plant-database/7a91cfbb2a4e272597acbc00506d61fc1ec73b3d/output_database/global_power_plant_database.csv										1888.0	Plant-level aggregate capacity in WRI GPPD; not reactor-unit capacity.			https://www.iaea.org/PRIS/CountryStatistics/CountryDetails.aspx?current=CN	World Resources Institute	Global Power Plant Database (repository snapshot)	registry	CC BY 4.0	plant_level_not_unit;status_not_supplied;historic_shutdown_not_covered;coordinate_precision_unverified;source_may_be_stale	2026-09-26	Open plant-level discovery record. Verify units, current status, dates and location against PRIS and the national regulator.
wri-gppd-wri1061019	Fangchenggang		facility	nuclear_fission	nuclear power plant (type not supplied)		electricity generation	unknown	established				China	CN	21.6700	108.5600	unknown	https://raw.githubusercontent.com/wri/global-power-plant-database/7a91cfbb2a4e272597acbc00506d61fc1ec73b3d/output_database/global_power_plant_database.csv										2000.0	Plant-level aggregate capacity in WRI GPPD; not reactor-unit capacity.			https://www.iaea.org/PRIS/CountryStatistics/CountryDetails.aspx?current=CN	World Resources Institute	Global Power Plant Database (repository snapshot)	registry	CC BY 4.0	plant_level_not_unit;status_not_supplied;historic_shutdown_not_covered;coordinate_precision_unverified;source_may_be_stale	2026-09-26	Open plant-level discovery record. Verify units, current status, dates and location against PRIS and the national regulator.
wri-gppd-wri1061020	Fangjiashan		facility	nuclear_fission	nuclear power plant (type not supplied)		electricity generation	unknown	established				China	CN	30.4400	120.9400	unknown	https://raw.githubusercontent.com/wri/global-power-plant-database/7a91cfbb2a4e272597acbc00506d61fc1ec73b3d/output_database/global_power_plant_database.csv										2024.0	Plant-level aggregate capacity in WRI GPPD; not reactor-unit capacity.			https://www.iaea.org/PRIS/CountryStatistics/CountryDetails.aspx?current=CN	World Resources Institute	Global Power Plant Database (repository snapshot)	registry	CC BY 4.0	plant_level_not_unit;status_not_supplied;historic_shutdown_not_covered;coordinate_precision_unverified;source_may_be_stale	2026-09-26	Open plant-level discovery record. Verify units, current status, dates and location against PRIS and the national regulator.
wri-gppd-wri1061021	Fuqing		facility	nuclear_fission	nuclear power plant (type not supplied)		electricity generation	unknown	established				China	CN	25.4426	119.4440	unknown	https://raw.githubusercontent.com/wri/global-power-plant-database/7a91cfbb2a4e272597acbc00506d61fc1ec73b3d/output_database/global_power_plant_database.csv										4000.0	Plant-level aggregate capacity in WRI GPPD; not reactor-unit capacity.			https://www.iaea.org/PRIS/CountryStatistics/CountryDetails.aspx?current=CN	World Resources Institute	Global Power Plant Database (repository snapshot)	registry	CC BY 4.0	plant_level_not_unit;status_not_supplied;historic_shutdown_not_covered;coordinate_precision_unverified;source_may_be_stale	2026-09-26	Open plant-level discovery record. Verify units, current status, dates and location against PRIS and the national regulator.
wri-gppd-wri1061022	Hongyanhe		facility	nuclear_fission	nuclear power plant (type not supplied)		electricity generation	unknown	established				China	CN	39.8000	121.4800	unknown	https://raw.githubusercontent.com/wri/global-power-plant-database/7a91cfbb2a4e272597acbc00506d61fc1ec73b3d/output_database/global_power_plant_database.csv										4183.0	Plant-level aggregate capacity in WRI GPPD; not reactor-unit capacity.			https://www.iaea.org/PRIS/CountryStatistics/CountryDetails.aspx?current=CN	World Resources Institute	Global Power Plant Database (repository snapshot)	registry	CC BY 4.0	plant_level_not_unit;status_not_supplied;historic_shutdown_not_covered;coordinate_precision_unverified;source_may_be_stale	2026-09-26	Open plant-level discovery record. Verify units, current status, dates and location against PRIS and the national regulator.
wri-gppd-wri1061023	Ling Ao		facility	nuclear_fission	nuclear power plant (type not supplied)		electricity generation	unknown	established				China	CN	22.6000	114.5500	unknown	https://raw.githubusercontent.com/wri/global-power-plant-database/7a91cfbb2a4e272597acbc00506d61fc1ec73b3d/output_database/global_power_plant_database.csv										3914.0	Plant-level aggregate capacity in WRI GPPD; not reactor-unit capacity.			https://www.iaea.org/PRIS/CountryStatistics/CountryDetails.aspx?current=CN	World Resources Institute	Global Power Plant Database (repository snapshot)	registry	CC BY 4.0	plant_level_not_unit;status_not_supplied;historic_shutdown_not_covered;coordinate_precision_unverified;source_may_be_stale	2026-09-26	Open plant-level discovery record. Verify units, current status, dates and location against PRIS and the national regulator.
wri-gppd-wri1061024	Ningde		facility	nuclear_fission	nuclear power plant (type not supplied)		electricity generation	unknown	established				China	CN	27.0446	120.2855	unknown	https://raw.githubusercontent.com/wri/global-power-plant-database/7a91cfbb2a4e272597acbc00506d61fc1ec73b3d/output_database/global_power_plant_database.csv										4072.0	Plant-level aggregate capacity in WRI GPPD; not reactor-unit capacity.			https://www.iaea.org/PRIS/CountryStatistics/CountryDetails.aspx?current=CN	World Resources Institute	Global Power Plant Database (repository snapshot)	registry	CC BY 4.0	plant_level_not_unit;status_not_supplied;historic_shutdown_not_covered;coordinate_precision_unverified;source_may_be_stale	2026-09-26	Open plant-level discovery record. Verify units, current status, dates and location against PRIS and the national regulator.
wri-gppd-wri1061025	Qinshan 2		facility	nuclear_fission	nuclear power plant (type not supplied)		electricity generation	unknown	established				China	CN	30.4330	120.9501	unknown	https://raw.githubusercontent.com/wri/global-power-plant-database/7a91cfbb2a4e272597acbc00506d61fc1ec73b3d/output_database/global_power_plant_database.csv										4101.0	Plant-level aggregate capacity in WRI GPPD; not reactor-unit capacity.			https://www.iaea.org/PRIS/CountryStatistics/CountryDetails.aspx?current=CN	World Resources Institute	Global Power Plant Database (repository snapshot)	registry	CC BY 4.0	plant_level_not_unit;status_not_supplied;historic_shutdown_not_covered;coordinate_precision_unverified;source_may_be_stale	2026-09-26	Open plant-level discovery record. Verify units, current status, dates and location against PRIS and the national regulator.
wri-gppd-wri1061026	Tianwan		facility	nuclear_fission	nuclear power plant (type not supplied)		electricity generation	unknown	established				China	CN	34.6900	119.4600	unknown	https://raw.githubusercontent.com/wri/global-power-plant-database/7a91cfbb2a4e272597acbc00506d61fc1ec73b3d/output_database/global_power_plant_database.csv										1980.0	Plant-level aggregate capacity in WRI GPPD; not reactor-unit capacity.			https://www.iaea.org/PRIS/CountryStatistics/CountryDetails.aspx?current=CN	World Resources Institute	Global Power Plant Database (repository snapshot)	registry	CC BY 4.0	plant_level_not_unit;status_not_supplied;historic_shutdown_not_covered;coordinate_precision_unverified;source_may_be_stale	2026-09-26	Open plant-level discovery record. Verify units, current status, dates and location against PRIS and the national regulator.
wri-gppd-wri1061027	Yangjiang		facility	nuclear_fission	nuclear power plant (type not supplied)		electricity generation	unknown	established				China	CN	21.7100	112.2600	unknown	https://raw.githubusercontent.com/wri/global-power-plant-database/7a91cfbb2a4e272597acbc00506d61fc1ec73b3d/output_database/global_power_plant_database.csv										4000.0	Plant-level aggregate capacity in WRI GPPD; not reactor-unit capacity.			https://www.iaea.org/PRIS/CountryStatistics/CountryDetails.aspx?current=CN	World Resources Institute	Global Power Plant Database (repository snapshot)	registry	CC BY 4.0	plant_level_not_unit;status_not_supplied;historic_shutdown_not_covered;coordinate_precision_unverified;source_may_be_stale	2026-09-26	Open plant-level discovery record. Verify units, current status, dates and location against PRIS and the national regulator.
wri-gppd-wri1019175	Dukonavy		facility	nuclear_fission	nuclear power plant (type not supplied)		electricity generation	unknown	established				Czech Republic	CZ	49.0852	16.1479	unknown	https://raw.githubusercontent.com/wri/global-power-plant-database/7a91cfbb2a4e272597acbc00506d61fc1ec73b3d/output_database/global_power_plant_database.csv	CEZ Group									2040.0	Plant-level aggregate capacity in WRI GPPD; not reactor-unit capacity.			https://www.cez.cz/en/power-plants-and-environment/nuclear-power-plants/dukovany.html	World Resources Institute	Global Power Plant Database (repository snapshot)	registry	CC BY 4.0	plant_level_not_unit;status_not_supplied;historic_shutdown_not_covered;coordinate_precision_unverified;source_may_be_stale	2026-09-26	Open plant-level discovery record. Verify units, current status, dates and location against PRIS and the national regulator.
wri-gppd-wri1019174	Temelín		facility	nuclear_fission	nuclear power plant (type not supplied)		electricity generation	unknown	established				Czech Republic	CZ	49.1796	14.3795	unknown	https://raw.githubusercontent.com/wri/global-power-plant-database/7a91cfbb2a4e272597acbc00506d61fc1ec73b3d/output_database/global_power_plant_database.csv	CEZ Group									2133.0	Plant-level aggregate capacity in WRI GPPD; not reactor-unit capacity.	2002-01-01		https://www.cez.cz/en/power-plants-and-environment/nuclear-power-plants/temelin.html	World Resources Institute	Global Power Plant Database (repository snapshot)	registry	CC BY 4.0	plant_level_not_unit;status_not_supplied;historic_shutdown_not_covered;coordinate_precision_unverified;source_may_be_stale	2026-09-26	Open plant-level discovery record. Verify units, current status, dates and location against PRIS and the national regulator.
wri-gppd-wri1005621	BROKDORF		facility	nuclear_fission	nuclear power plant (type not supplied)		electricity generation	unknown	established				Germany	DE	53.8506	9.3450	unknown	https://raw.githubusercontent.com/wri/global-power-plant-database/7a91cfbb2a4e272597acbc00506d61fc1ec73b3d/output_database/global_power_plant_database.csv										1480.0	Plant-level aggregate capacity in WRI GPPD; not reactor-unit capacity.	1986-01-01		https://www.iaea.org/PRIS/CountryStatistics/CountryStatisticsLandingPage.aspx	World Resources Institute	Global Power Plant Database (repository snapshot)	registry	CC BY 4.0	plant_level_not_unit;status_not_supplied;historic_shutdown_not_covered;coordinate_precision_unverified;source_may_be_stale	2026-09-26	Open plant-level discovery record. Verify units, current status, dates and location against PRIS and the national regulator.
wri-gppd-wri1005659	EMSLAND		facility	nuclear_fission	nuclear power plant (type not supplied)		electricity generation	unknown	established				Germany	DE	52.4716	7.3204	unknown	https://raw.githubusercontent.com/wri/global-power-plant-database/7a91cfbb2a4e272597acbc00506d61fc1ec73b3d/output_database/global_power_plant_database.csv										1406.0	Plant-level aggregate capacity in WRI GPPD; not reactor-unit capacity.	1988-01-01		https://www.iaea.org/PRIS/CountryStatistics/CountryStatisticsLandingPage.aspx	World Resources Institute	Global Power Plant Database (repository snapshot)	registry	CC BY 4.0	plant_level_not_unit;status_not_supplied;historic_shutdown_not_covered;coordinate_precision_unverified;source_may_be_stale	2026-09-26	Open plant-level discovery record. Verify units, current status, dates and location against PRIS and the national regulator.
wri-gppd-wri1005703	Grohnde		facility	nuclear_fission	nuclear power plant (type not supplied)		electricity generation	unknown	established				Germany	DE	52.0356	9.4135	unknown	https://raw.githubusercontent.com/wri/global-power-plant-database/7a91cfbb2a4e272597acbc00506d61fc1ec73b3d/output_database/global_power_plant_database.csv	E.ON Kernkraft GmbH									1360.0	Plant-level aggregate capacity in WRI GPPD; not reactor-unit capacity.	1985-01-01		http://data.open-power-system-data.org/	World Resources Institute	Global Power Plant Database (repository snapshot)	registry	CC BY 4.0	plant_level_not_unit;status_not_supplied;historic_shutdown_not_covered;coordinate_precision_unverified;source_may_be_stale	2026-09-26	Open plant-level discovery record. Verify units, current status, dates and location against PRIS and the national regulator.
wri-gppd-wri1005849	ISAR-2		facility	nuclear_fission	nuclear power plant (type not supplied)		electricity generation	unknown	established				Germany	DE	48.6049	12.2936	unknown	https://raw.githubusercontent.com/wri/global-power-plant-database/7a91cfbb2a4e272597acbc00506d61fc1ec73b3d/output_database/global_power_plant_database.csv										1485.0	Plant-level aggregate capacity in WRI GPPD; not reactor-unit capacity.	1988-01-01		https://www.iaea.org/PRIS/CountryStatistics/CountryStatisticsLandingPage.aspx	World Resources Institute	Global Power Plant Database (repository snapshot)	registry	CC BY 4.0	plant_level_not_unit;status_not_supplied;historic_shutdown_not_covered;coordinate_precision_unverified;source_may_be_stale	2026-09-26	Open plant-level discovery record. Verify units, current status, dates and location against PRIS and the national regulator.
wri-gppd-wri1005856	Kernkraft Gundremmingen		facility	nuclear_fission	nuclear power plant (type not supplied)		electricity generation	unknown	established				Germany	DE	48.5150	10.4016	unknown	https://raw.githubusercontent.com/wri/global-power-plant-database/7a91cfbb2a4e272597acbc00506d61fc1ec73b3d/output_database/global_power_plant_database.csv	Kernkraftwerk Gundremmingen GmbH (KGG)									2572.0	Plant-level aggregate capacity in WRI GPPD; not reactor-unit capacity.	1984-01-01		http://data.open-power-system-data.org/	World Resources Institute	Global Power Plant Database (repository snapshot)	registry	CC BY 4.0	plant_level_not_unit;status_not_supplied;historic_shutdown_not_covered;coordinate_precision_unverified;source_may_be_stale	2026-09-26	Open plant-level discovery record. Verify units, current status, dates and location against PRIS and the national regulator.
wri-gppd-wri1005974	NECKARWESTHEIM-2		facility	nuclear_fission	nuclear power plant (type not supplied)		electricity generation	unknown	established				Germany	DE	49.0408	9.1759	unknown	https://raw.githubusercontent.com/wri/global-power-plant-database/7a91cfbb2a4e272597acbc00506d61fc1ec73b3d/output_database/global_power_plant_database.csv										1400.0	Plant-level aggregate capacity in WRI GPPD; not reactor-unit capacity.	1989-01-01		https://www.iaea.org/PRIS/CountryStatistics/CountryStatisticsLandingPage.aspx	World Resources Institute	Global Power Plant Database (repository snapshot)	registry	CC BY 4.0	plant_level_not_unit;status_not_supplied;historic_shutdown_not_covered;coordinate_precision_unverified;source_may_be_stale	2026-09-26	Open plant-level discovery record. Verify units, current status, dates and location against PRIS and the national regulator.
wri-gppd-wri1006001	PHILIPPSBURG-2		facility	nuclear_fission	nuclear power plant (type not supplied)		electricity generation	unknown	established				Germany	DE	49.2529	8.4364	unknown	https://raw.githubusercontent.com/wri/global-power-plant-database/7a91cfbb2a4e272597acbc00506d61fc1ec73b3d/output_database/global_power_plant_database.csv										1468.0	Plant-level aggregate capacity in WRI GPPD; not reactor-unit capacity.	1984-01-01		https://www.iaea.org/PRIS/CountryStatistics/CountryStatisticsLandingPage.aspx	World Resources Institute	Global Power Plant Database (repository snapshot)	registry	CC BY 4.0	plant_level_not_unit;status_not_supplied;historic_shutdown_not_covered;coordinate_precision_unverified;source_may_be_stale	2026-09-26	Open plant-level discovery record. Verify units, current status, dates and location against PRIS and the national regulator.
wri-gppd-wri1006213	ASCO GR		facility	nuclear_fission	nuclear power plant (type not supplied)		electricity generation	unknown	established				Spain	ES	41.2008	0.5679	unknown	https://raw.githubusercontent.com/wri/global-power-plant-database/7a91cfbb2a4e272597acbc00506d61fc1ec73b3d/output_database/global_power_plant_database.csv	ENDESA GENERACION S.A.									1990.5	Plant-level aggregate capacity in WRI GPPD; not reactor-unit capacity.	1983-01-01		http://www.ree.es/en/statistical-data-of-spanish-electrical-system/annual-report/preliminary-report-spanish-electricity-system-2015	World Resources Institute	Global Power Plant Database (repository snapshot)	registry	CC BY 4.0	plant_level_not_unit;status_not_supplied;historic_shutdown_not_covered;coordinate_precision_unverified;source_may_be_stale	2026-09-26	Open plant-level discovery record. Verify units, current status, dates and location against PRIS and the national regulator.
wri-gppd-wri1006358	CN ALMARAZ 1		facility	nuclear_fission	nuclear power plant (type not supplied)		electricity generation	unknown	established				Spain	ES	39.8070	-5.6986	unknown	https://raw.githubusercontent.com/wri/global-power-plant-database/7a91cfbb2a4e272597acbc00506d61fc1ec73b3d/output_database/global_power_plant_database.csv	IBERDROLA GENERACION  S.A.									2016.9	Plant-level aggregate capacity in WRI GPPD; not reactor-unit capacity.	1984-01-01		http://www.ree.es/en/statistical-data-of-spanish-electrical-system/annual-report/preliminary-report-spanish-electricity-system-2015	World Resources Institute	Global Power Plant Database (repository snapshot)	registry	CC BY 4.0	plant_level_not_unit;status_not_supplied;historic_shutdown_not_covered;coordinate_precision_unverified;source_may_be_stale	2026-09-26	Open plant-level discovery record. Verify units, current status, dates and location against PRIS and the national regulator.
wri-gppd-wri1006359	CN COFRENTES		facility	nuclear_fission	nuclear power plant (type not supplied)		electricity generation	unknown	established				Spain	ES	39.2134	-1.0509	unknown	https://raw.githubusercontent.com/wri/global-power-plant-database/7a91cfbb2a4e272597acbc00506d61fc1ec73b3d/output_database/global_power_plant_database.csv	IBERDROLA GENERACION NUCLEAR  S.A.U.									1063.94	Plant-level aggregate capacity in WRI GPPD; not reactor-unit capacity.	1985-01-01		http://www.ree.es/en/statistical-data-of-spanish-electrical-system/annual-report/preliminary-report-spanish-electricity-system-2015	World Resources Institute	Global Power Plant Database (repository snapshot)	registry	CC BY 4.0	plant_level_not_unit;status_not_supplied;historic_shutdown_not_covered;coordinate_precision_unverified;source_may_be_stale	2026-09-26	Open plant-level discovery record. Verify units, current status, dates and location against PRIS and the national regulator.
wri-gppd-wri1007993	TRILLO		facility	nuclear_fission	nuclear power plant (type not supplied)		electricity generation	unknown	established				Spain	ES	40.7016	-2.6227	unknown	https://raw.githubusercontent.com/wri/global-power-plant-database/7a91cfbb2a4e272597acbc00506d61fc1ec73b3d/output_database/global_power_plant_database.csv	IBERDROLA GENERACION  S.A.									1003.41	Plant-level aggregate capacity in WRI GPPD; not reactor-unit capacity.	1988-01-01		http://www.ree.es/en/statistical-data-of-spanish-electrical-system/annual-report/preliminary-report-spanish-electricity-system-2015	World Resources Institute	Global Power Plant Database (repository snapshot)	registry	CC BY 4.0	plant_level_not_unit;status_not_supplied;historic_shutdown_not_covered;coordinate_precision_unverified;source_may_be_stale	2026-09-26	Open plant-level discovery record. Verify units, current status, dates and location against PRIS and the national regulator.
wri-gppd-wri1023569	VANDELLOS GR 2		facility	nuclear_fission	nuclear power plant (type not supplied)		electricity generation	unknown	established				Spain	ES	40.9511	0.8662	unknown	https://raw.githubusercontent.com/wri/global-power-plant-database/7a91cfbb2a4e272597acbc00506d61fc1ec73b3d/output_database/global_power_plant_database.csv	ENDESA GENERACION S.A.									1045.31	Plant-level aggregate capacity in WRI GPPD; not reactor-unit capacity.	1987-01-01		http://www.ree.es/en/statistical-data-of-spanish-electrical-system/annual-report/preliminary-report-spanish-electricity-system-2015	World Resources Institute	Global Power Plant Database (repository snapshot)	registry	CC BY 4.0	plant_level_not_unit;status_not_supplied;historic_shutdown_not_covered;coordinate_precision_unverified;source_may_be_stale	2026-09-26	Open plant-level discovery record. Verify units, current status, dates and location against PRIS and the national regulator.
wri-gppd-wri1002445	Loviisa Y1		facility	nuclear_fission	nuclear power plant (type not supplied)		electricity generation	unknown	established				Finland	FI	60.3708	26.3468	unknown	https://raw.githubusercontent.com/wri/global-power-plant-database/7a91cfbb2a4e272597acbc00506d61fc1ec73b3d/output_database/global_power_plant_database.csv	Fortum Power & Heat   Power									992.0	Plant-level aggregate capacity in WRI GPPD; not reactor-unit capacity.			http://www.energiavirasto.fi/en/voimalaitosrekisteri	World Resources Institute	Global Power Plant Database (repository snapshot)	registry	CC BY 4.0	plant_level_not_unit;status_not_supplied;historic_shutdown_not_covered;coordinate_precision_unverified;source_may_be_stale	2026-09-26	Open plant-level discovery record. Verify units, current status, dates and location against PRIS and the national regulator.
wri-gppd-wri1002473	Olkiluoto 1		facility	nuclear_fission	nuclear power plant (type not supplied)		electricity generation	unknown	established				Finland	FI	61.2371	21.4433	unknown	https://raw.githubusercontent.com/wri/global-power-plant-database/7a91cfbb2a4e272597acbc00506d61fc1ec73b3d/output_database/global_power_plant_database.csv	Teollisuuden Voima Oyj									1760.0	Plant-level aggregate capacity in WRI GPPD; not reactor-unit capacity.			http://www.energiavirasto.fi/en/voimalaitosrekisteri	World Resources Institute	Global Power Plant Database (repository snapshot)	registry	CC BY 4.0	plant_level_not_unit;status_not_supplied;historic_shutdown_not_covered;coordinate_precision_unverified;source_may_be_stale	2026-09-26	Open plant-level discovery record. Verify units, current status, dates and location against PRIS and the national regulator.
wri-gppd-wri1002693	BELLEVILLE		facility	nuclear_fission	nuclear power plant (type not supplied)		electricity generation	unknown	established				France	FR	47.5103	2.8750	unknown	https://raw.githubusercontent.com/wri/global-power-plant-database/7a91cfbb2a4e272597acbc00506d61fc1ec73b3d/output_database/global_power_plant_database.csv										2620.0	Plant-level aggregate capacity in WRI GPPD; not reactor-unit capacity.			http://clients.rte-france.com/lang/an/visiteurs/vie/prod/parc_reference.jsp	World Resources Institute	Global Power Plant Database (repository snapshot)	registry	CC BY 4.0	plant_level_not_unit;status_not_supplied;historic_shutdown_not_covered;coordinate_precision_unverified;source_may_be_stale	2026-09-26	Open plant-level discovery record. Verify units, current status, dates and location against PRIS and the national regulator.
wri-gppd-wri1002694	BLAYAIS		facility	nuclear_fission	nuclear power plant (type not supplied)		electricity generation	unknown	established				France	FR	45.2560	-0.6932	unknown	https://raw.githubusercontent.com/wri/global-power-plant-database/7a91cfbb2a4e272597acbc00506d61fc1ec73b3d/output_database/global_power_plant_database.csv										3640.0	Plant-level aggregate capacity in WRI GPPD; not reactor-unit capacity.			http://clients.rte-france.com/lang/an/visiteurs/vie/prod/parc_reference.jsp	World Resources Institute	Global Power Plant Database (repository snapshot)	registry	CC BY 4.0	plant_level_not_unit;status_not_supplied;historic_shutdown_not_covered;coordinate_precision_unverified;source_may_be_stale	2026-09-26	Open plant-level discovery record. Verify units, current status, dates and location against PRIS and the national regulator.
wri-gppd-wri1002701	BUGEY		facility	nuclear_fission	nuclear power plant (type not supplied)		electricity generation	unknown	established				France	FR	45.7973	5.2706	unknown	https://raw.githubusercontent.com/wri/global-power-plant-database/7a91cfbb2a4e272597acbc00506d61fc1ec73b3d/output_database/global_power_plant_database.csv										3580.0	Plant-level aggregate capacity in WRI GPPD; not reactor-unit capacity.			http://clients.rte-france.com/lang/an/visiteurs/vie/prod/parc_reference.jsp	World Resources Institute	Global Power Plant Database (repository snapshot)	registry	CC BY 4.0	plant_level_not_unit;status_not_supplied;historic_shutdown_not_covered;coordinate_precision_unverified;source_may_be_stale	2026-09-26	Open plant-level discovery record. Verify units, current status, dates and location against PRIS and the national regulator.
wri-gppd-wri1002703	CATTENOM		facility	nuclear_fission	nuclear power plant (type not supplied)		electricity generation	unknown	established				France	FR	49.4160	6.2169	unknown	https://raw.githubusercontent.com/wri/global-power-plant-database/7a91cfbb2a4e272597acbc00506d61fc1ec73b3d/output_database/global_power_plant_database.csv										5200.0	Plant-level aggregate capacity in WRI GPPD; not reactor-unit capacity.			http://clients.rte-france.com/lang/an/visiteurs/vie/prod/parc_reference.jsp	World Resources Institute	Global Power Plant Database (repository snapshot)	registry	CC BY 4.0	plant_level_not_unit;status_not_supplied;historic_shutdown_not_covered;coordinate_precision_unverified;source_may_be_stale	2026-09-26	Open plant-level discovery record. Verify units, current status, dates and location against PRIS and the national regulator.
wri-gppd-wri1002706	CHINON		facility	nuclear_fission	nuclear power plant (type not supplied)		electricity generation	unknown	established				France	FR	47.2254	0.1656	unknown	https://raw.githubusercontent.com/wri/global-power-plant-database/7a91cfbb2a4e272597acbc00506d61fc1ec73b3d/output_database/global_power_plant_database.csv										3620.0	Plant-level aggregate capacity in WRI GPPD; not reactor-unit capacity.			http://clients.rte-france.com/lang/an/visiteurs/vie/prod/parc_reference.jsp	World Resources Institute	Global Power Plant Database (repository snapshot)	registry	CC BY 4.0	plant_level_not_unit;status_not_supplied;historic_shutdown_not_covered;coordinate_precision_unverified;source_may_be_stale	2026-09-26	Open plant-level discovery record. Verify units, current status, dates and location against PRIS and the national regulator.
wri-gppd-wri1002707	CHOOZ		facility	nuclear_fission	nuclear power plant (type not supplied)		electricity generation	unknown	established				France	FR	50.0900	4.7894	unknown	https://raw.githubusercontent.com/wri/global-power-plant-database/7a91cfbb2a4e272597acbc00506d61fc1ec73b3d/output_database/global_power_plant_database.csv										3000.0	Plant-level aggregate capacity in WRI GPPD; not reactor-unit capacity.			http://clients.rte-france.com/lang/an/visiteurs/vie/prod/parc_reference.jsp	World Resources Institute	Global Power Plant Database (repository snapshot)	registry	CC BY 4.0	plant_level_not_unit;status_not_supplied;historic_shutdown_not_covered;coordinate_precision_unverified;source_may_be_stale	2026-09-26	Open plant-level discovery record. Verify units, current status, dates and location against PRIS and the national regulator.
wri-gppd-wri1002708	CIVAUX		facility	nuclear_fission	nuclear power plant (type not supplied)		electricity generation	unknown	established				France	FR	46.4563	0.6548	unknown	https://raw.githubusercontent.com/wri/global-power-plant-database/7a91cfbb2a4e272597acbc00506d61fc1ec73b3d/output_database/global_power_plant_database.csv										2990.0	Plant-level aggregate capacity in WRI GPPD; not reactor-unit capacity.			http://clients.rte-france.com/lang/an/visiteurs/vie/prod/parc_reference.jsp	World Resources Institute	Global Power Plant Database (repository snapshot)	registry	CC BY 4.0	plant_level_not_unit;status_not_supplied;historic_shutdown_not_covered;coordinate_precision_unverified;source_may_be_stale	2026-09-26	Open plant-level discovery record. Verify units, current status, dates and location against PRIS and the national regulator.
wri-gppd-wri1002716	CRUAS		facility	nuclear_fission	nuclear power plant (type not supplied)		electricity generation	unknown	established				France	FR	44.6325	4.7546	unknown	https://raw.githubusercontent.com/wri/global-power-plant-database/7a91cfbb2a4e272597acbc00506d61fc1ec73b3d/output_database/global_power_plant_database.csv										3660.0	Plant-level aggregate capacity in WRI GPPD; not reactor-unit capacity.			http://clients.rte-france.com/lang/an/visiteurs/vie/prod/parc_reference.jsp	World Resources Institute	Global Power Plant Database (repository snapshot)	registry	CC BY 4.0	plant_level_not_unit;status_not_supplied;historic_shutdown_not_covered;coordinate_precision_unverified;source_may_be_stale	2026-09-26	Open plant-level discovery record. Verify units, current status, dates and location against PRIS and the national regulator.
wri-gppd-wri1002720	DAMPIERRE		facility	nuclear_fission	nuclear power plant (type not supplied)		electricity generation	unknown	established				France	FR	47.7321	2.5185	unknown	https://raw.githubusercontent.com/wri/global-power-plant-database/7a91cfbb2a4e272597acbc00506d61fc1ec73b3d/output_database/global_power_plant_database.csv										3560.0	Plant-level aggregate capacity in WRI GPPD; not reactor-unit capacity.			http://clients.rte-france.com/lang/an/visiteurs/vie/prod/parc_reference.jsp	World Resources Institute	Global Power Plant Database (repository snapshot)	registry	CC BY 4.0	plant_level_not_unit;status_not_supplied;historic_shutdown_not_covered;coordinate_precision_unverified;source_may_be_stale	2026-09-26	Open plant-level discovery record. Verify units, current status, dates and location against PRIS and the national regulator.
wri-gppd-wri1002727	FESSENHEIM		facility	nuclear_fission	nuclear power plant (type not supplied)		electricity generation	unknown	established				France	FR	47.9032	7.5631	unknown	https://raw.githubusercontent.com/wri/global-power-plant-database/7a91cfbb2a4e272597acbc00506d61fc1ec73b3d/output_database/global_power_plant_database.csv										1760.0	Plant-level aggregate capacity in WRI GPPD; not reactor-unit capacity.			http://clients.rte-france.com/lang/an/visiteurs/vie/prod/parc_reference.jsp	World Resources Institute	Global Power Plant Database (repository snapshot)	registry	CC BY 4.0	plant_level_not_unit;status_not_supplied;historic_shutdown_not_covered;coordinate_precision_unverified;source_may_be_stale	2026-09-26	Open plant-level discovery record. Verify units, current status, dates and location against PRIS and the national regulator.
wri-gppd-wri1002728	FLAMANVILLE		facility	nuclear_fission	nuclear power plant (type not supplied)		electricity generation	unknown	established				France	FR	49.5366	-1.8823	unknown	https://raw.githubusercontent.com/wri/global-power-plant-database/7a91cfbb2a4e272597acbc00506d61fc1ec73b3d/output_database/global_power_plant_database.csv										2660.0	Plant-level aggregate capacity in WRI GPPD; not reactor-unit capacity.			http://clients.rte-france.com/lang/an/visiteurs/vie/prod/parc_reference.jsp	World Resources Institute	Global Power Plant Database (repository snapshot)	registry	CC BY 4.0	plant_level_not_unit;status_not_supplied;historic_shutdown_not_covered;coordinate_precision_unverified;source_may_be_stale	2026-09-26	Open plant-level discovery record. Verify units, current status, dates and location against PRIS and the national regulator.
wri-gppd-wri1002733	GOLFECH		facility	nuclear_fission	nuclear power plant (type not supplied)		electricity generation	unknown	established				France	FR	44.1060	0.8443	unknown	https://raw.githubusercontent.com/wri/global-power-plant-database/7a91cfbb2a4e272597acbc00506d61fc1ec73b3d/output_database/global_power_plant_database.csv										2620.0	Plant-level aggregate capacity in WRI GPPD; not reactor-unit capacity.			http://clients.rte-france.com/lang/an/visiteurs/vie/prod/parc_reference.jsp	World Resources Institute	Global Power Plant Database (repository snapshot)	registry	CC BY 4.0	plant_level_not_unit;status_not_supplied;historic_shutdown_not_covered;coordinate_precision_unverified;source_may_be_stale	2026-09-26	Open plant-level discovery record. Verify units, current status, dates and location against PRIS and the national regulator.
wri-gppd-wri1002735	GRAVELINES		facility	nuclear_fission	nuclear power plant (type not supplied)		electricity generation	unknown	established				France	FR	51.0141	2.1332	unknown	https://raw.githubusercontent.com/wri/global-power-plant-database/7a91cfbb2a4e272597acbc00506d61fc1ec73b3d/output_database/global_power_plant_database.csv										5460.0	Plant-level aggregate capacity in WRI GPPD; not reactor-unit capacity.			http://clients.rte-france.com/lang/an/visiteurs/vie/prod/parc_reference.jsp	World Resources Institute	Global Power Plant Database (repository snapshot)	registry	CC BY 4.0	plant_level_not_unit;status_not_supplied;historic_shutdown_not_covered;coordinate_precision_unverified;source_may_be_stale	2026-09-26	Open plant-level discovery record. Verify units, current status, dates and location against PRIS and the national regulator.
wri-gppd-wri1002749	NOGENT		facility	nuclear_fission	nuclear power plant (type not supplied)		electricity generation	unknown	established				France	FR	48.5171	3.5181	unknown	https://raw.githubusercontent.com/wri/global-power-plant-database/7a91cfbb2a4e272597acbc00506d61fc1ec73b3d/output_database/global_power_plant_database.csv										2620.0	Plant-level aggregate capacity in WRI GPPD; not reactor-unit capacity.			http://clients.rte-france.com/lang/an/visiteurs/vie/prod/parc_reference.jsp	World Resources Institute	Global Power Plant Database (repository snapshot)	registry	CC BY 4.0	plant_level_not_unit;status_not_supplied;historic_shutdown_not_covered;coordinate_precision_unverified;source_may_be_stale	2026-09-26	Open plant-level discovery record. Verify units, current status, dates and location against PRIS and the national regulator.
wri-gppd-wri1002752	PALUEL		facility	nuclear_fission	nuclear power plant (type not supplied)		electricity generation	unknown	established				France	FR	49.8582	0.6354	unknown	https://raw.githubusercontent.com/wri/global-power-plant-database/7a91cfbb2a4e272597acbc00506d61fc1ec73b3d/output_database/global_power_plant_database.csv										5320.0	Plant-level aggregate capacity in WRI GPPD; not reactor-unit capacity.			http://clients.rte-france.com/lang/an/visiteurs/vie/prod/parc_reference.jsp	World Resources Institute	Global Power Plant Database (repository snapshot)	registry	CC BY 4.0	plant_level_not_unit;status_not_supplied;historic_shutdown_not_covered;coordinate_precision_unverified;source_may_be_stale	2026-09-26	Open plant-level discovery record. Verify units, current status, dates and location against PRIS and the national regulator.
wri-gppd-wri1002754	PENLY		facility	nuclear_fission	nuclear power plant (type not supplied)		electricity generation	unknown	established				France	FR	49.9764	1.2107	unknown	https://raw.githubusercontent.com/wri/global-power-plant-database/7a91cfbb2a4e272597acbc00506d61fc1ec73b3d/output_database/global_power_plant_database.csv										2660.0	Plant-level aggregate capacity in WRI GPPD; not reactor-unit capacity.			http://clients.rte-france.com/lang/an/visiteurs/vie/prod/parc_reference.jsp	World Resources Institute	Global Power Plant Database (repository snapshot)	registry	CC BY 4.0	plant_level_not_unit;status_not_supplied;historic_shutdown_not_covered;coordinate_precision_unverified;source_may_be_stale	2026-09-26	Open plant-level discovery record. Verify units, current status, dates and location against PRIS and the national regulator.
wri-gppd-wri1002777	ST ALBAN		facility	nuclear_fission	nuclear power plant (type not supplied)		electricity generation	unknown	established				France	FR	45.4043	4.7554	unknown	https://raw.githubusercontent.com/wri/global-power-plant-database/7a91cfbb2a4e272597acbc00506d61fc1ec73b3d/output_database/global_power_plant_database.csv										2670.0	Plant-level aggregate capacity in WRI GPPD; not reactor-unit capacity.			http://clients.rte-france.com/lang/an/visiteurs/vie/prod/parc_reference.jsp	World Resources Institute	Global Power Plant Database (repository snapshot)	registry	CC BY 4.0	plant_level_not_unit;status_not_supplied;historic_shutdown_not_covered;coordinate_precision_unverified;source_may_be_stale	2026-09-26	Open plant-level discovery record. Verify units, current status, dates and location against PRIS and the national regulator.
wri-gppd-wri1002779	ST LAURENT		facility	nuclear_fission	nuclear power plant (type not supplied)		electricity generation	unknown	established				France	FR	47.7197	1.5783	unknown	https://raw.githubusercontent.com/wri/global-power-plant-database/7a91cfbb2a4e272597acbc00506d61fc1ec73b3d/output_database/global_power_plant_database.csv										1830.0	Plant-level aggregate capacity in WRI GPPD; not reactor-unit capacity.			http://clients.rte-france.com/lang/an/visiteurs/vie/prod/parc_reference.jsp	World Resources Institute	Global Power Plant Database (repository snapshot)	registry	CC BY 4.0	plant_level_not_unit;status_not_supplied;historic_shutdown_not_covered;coordinate_precision_unverified;source_may_be_stale	2026-09-26	Open plant-level discovery record. Verify units, current status, dates and location against PRIS and the national regulator.
wri-gppd-wri1002782	TRICASTIN 1		facility	nuclear_fission	nuclear power plant (type not supplied)		electricity generation	unknown	established				France	FR	44.3311	4.7311	unknown	https://raw.githubusercontent.com/wri/global-power-plant-database/7a91cfbb2a4e272597acbc00506d61fc1ec73b3d/output_database/global_power_plant_database.csv										3660.0	Plant-level aggregate capacity in WRI GPPD; not reactor-unit capacity.			http://clients.rte-france.com/lang/an/visiteurs/vie/prod/parc_reference.jsp	World Resources Institute	Global Power Plant Database (repository snapshot)	registry	CC BY 4.0	plant_level_not_unit;status_not_supplied;historic_shutdown_not_covered;coordinate_precision_unverified;source_may_be_stale	2026-09-26	Open plant-level discovery record. Verify units, current status, dates and location against PRIS and the national regulator.
wri-gppd-gbr1000052	Dungeness B		facility	nuclear_fission	nuclear power plant (type not supplied)		electricity generation	unknown	established				United Kingdom	GB	50.9133	0.9640	unknown	https://raw.githubusercontent.com/wri/global-power-plant-database/7a91cfbb2a4e272597acbc00506d61fc1ec73b3d/output_database/global_power_plant_database.csv	British Energy (now part of EDF)									1050.0	Plant-level aggregate capacity in WRI GPPD; not reactor-unit capacity.			https://www.gov.uk/government/collections/digest-of-uk-energy-statistics-dukes	World Resources Institute	Global Power Plant Database (repository snapshot)	registry	CC BY 4.0	plant_level_not_unit;status_not_supplied;historic_shutdown_not_covered;coordinate_precision_unverified;source_may_be_stale	2026-09-26	Open plant-level discovery record. Verify units, current status, dates and location against PRIS and the national regulator.
wri-gppd-gbr1000053	Hartlepool		facility	nuclear_fission	nuclear power plant (type not supplied)		electricity generation	unknown	established				United Kingdom	GB	54.6341	-1.1801	unknown	https://raw.githubusercontent.com/wri/global-power-plant-database/7a91cfbb2a4e272597acbc00506d61fc1ec73b3d/output_database/global_power_plant_database.csv	British Energy (now part of EDF)									1180.0	Plant-level aggregate capacity in WRI GPPD; not reactor-unit capacity.			https://www.gov.uk/government/collections/digest-of-uk-energy-statistics-dukes	World Resources Institute	Global Power Plant Database (repository snapshot)	registry	CC BY 4.0	plant_level_not_unit;status_not_supplied;historic_shutdown_not_covered;coordinate_precision_unverified;source_may_be_stale	2026-09-26	Open plant-level discovery record. Verify units, current status, dates and location against PRIS and the national regulator.
wri-gppd-gbr1000054	Heysham 1		facility	nuclear_fission	nuclear power plant (type not supplied)		electricity generation	unknown	established				United Kingdom	GB	54.0285	-2.9160	unknown	https://raw.githubusercontent.com/wri/global-power-plant-database/7a91cfbb2a4e272597acbc00506d61fc1ec73b3d/output_database/global_power_plant_database.csv	British Energy (now part of EDF)									1155.0	Plant-level aggregate capacity in WRI GPPD; not reactor-unit capacity.			https://www.gov.uk/government/collections/digest-of-uk-energy-statistics-dukes	World Resources Institute	Global Power Plant Database (repository snapshot)	registry	CC BY 4.0	plant_level_not_unit;status_not_supplied;historic_shutdown_not_covered;coordinate_precision_unverified;source_may_be_stale	2026-09-26	Open plant-level discovery record. Verify units, current status, dates and location against PRIS and the national regulator.
wri-gppd-gbr1000055	Heysham 2		facility	nuclear_fission	nuclear power plant (type not supplied)		electricity generation	unknown	established				United Kingdom	GB	54.0285	-2.9160	unknown	https://raw.githubusercontent.com/wri/global-power-plant-database/7a91cfbb2a4e272597acbc00506d61fc1ec73b3d/output_database/global_power_plant_database.csv	British Energy (now part of EDF)									1230.0	Plant-level aggregate capacity in WRI GPPD; not reactor-unit capacity.			https://www.gov.uk/government/collections/digest-of-uk-energy-statistics-dukes	World Resources Institute	Global Power Plant Database (repository snapshot)	registry	CC BY 4.0	plant_level_not_unit;status_not_supplied;historic_shutdown_not_covered;coordinate_precision_unverified;source_may_be_stale	2026-09-26	Open plant-level discovery record. Verify units, current status, dates and location against PRIS and the national regulator.
wri-gppd-gbr1000056	Hinkley Point B		facility	nuclear_fission	nuclear power plant (type not supplied)		electricity generation	unknown	established				United Kingdom	GB	51.2085	-3.1334	unknown	https://raw.githubusercontent.com/wri/global-power-plant-database/7a91cfbb2a4e272597acbc00506d61fc1ec73b3d/output_database/global_power_plant_database.csv	British Energy (now part of EDF)									955.0	Plant-level aggregate capacity in WRI GPPD; not reactor-unit capacity.			https://www.gov.uk/government/collections/digest-of-uk-energy-statistics-dukes	World Resources Institute	Global Power Plant Database (repository snapshot)	registry	CC BY 4.0	plant_level_not_unit;status_not_supplied;historic_shutdown_not_covered;coordinate_precision_unverified;source_may_be_stale	2026-09-26	Open plant-level discovery record. Verify units, current status, dates and location against PRIS and the national regulator.
wri-gppd-gbr1000057	Hunterston B		facility	nuclear_fission	nuclear power plant (type not supplied)		electricity generation	unknown	established				United Kingdom	GB	55.7204	-4.8964	unknown	https://raw.githubusercontent.com/wri/global-power-plant-database/7a91cfbb2a4e272597acbc00506d61fc1ec73b3d/output_database/global_power_plant_database.csv	British Energy (now part of EDF)									965.0	Plant-level aggregate capacity in WRI GPPD; not reactor-unit capacity.			https://www.gov.uk/government/collections/digest-of-uk-energy-statistics-dukes	World Resources Institute	Global Power Plant Database (repository snapshot)	registry	CC BY 4.0	plant_level_not_unit;status_not_supplied;historic_shutdown_not_covered;coordinate_precision_unverified;source_may_be_stale	2026-09-26	Open plant-level discovery record. Verify units, current status, dates and location against PRIS and the national regulator.
wri-gppd-gbr1000058	Sizewell B		facility	nuclear_fission	nuclear power plant (type not supplied)		electricity generation	unknown	established				United Kingdom	GB	52.2145	1.6206	unknown	https://raw.githubusercontent.com/wri/global-power-plant-database/7a91cfbb2a4e272597acbc00506d61fc1ec73b3d/output_database/global_power_plant_database.csv	British Energy (now part of EDF)									1198.0	Plant-level aggregate capacity in WRI GPPD; not reactor-unit capacity.			https://www.gov.uk/government/collections/digest-of-uk-energy-statistics-dukes	World Resources Institute	Global Power Plant Database (repository snapshot)	registry	CC BY 4.0	plant_level_not_unit;status_not_supplied;historic_shutdown_not_covered;coordinate_precision_unverified;source_may_be_stale	2026-09-26	Open plant-level discovery record. Verify units, current status, dates and location against PRIS and the national regulator.
wri-gppd-gbr1000059	Torness		facility	nuclear_fission	nuclear power plant (type not supplied)		electricity generation	unknown	established				United Kingdom	GB	55.9679	-2.4086	unknown	https://raw.githubusercontent.com/wri/global-power-plant-database/7a91cfbb2a4e272597acbc00506d61fc1ec73b3d/output_database/global_power_plant_database.csv	British Energy (now part of EDF)									1185.0	Plant-level aggregate capacity in WRI GPPD; not reactor-unit capacity.			https://www.gov.uk/government/collections/digest-of-uk-energy-statistics-dukes	World Resources Institute	Global Power Plant Database (repository snapshot)	registry	CC BY 4.0	plant_level_not_unit;status_not_supplied;historic_shutdown_not_covered;coordinate_precision_unverified;source_may_be_stale	2026-09-26	Open plant-level discovery record. Verify units, current status, dates and location against PRIS and the national regulator.
wri-gppd-wri1020246	Paksi Atomerőmű		facility	nuclear_fission	nuclear power plant (type not supplied)		electricity generation	unknown	established				Hungary	HU	46.5739	18.8536	unknown	https://raw.githubusercontent.com/wri/global-power-plant-database/7a91cfbb2a4e272597acbc00506d61fc1ec73b3d/output_database/global_power_plant_database.csv										1886.8	Plant-level aggregate capacity in WRI GPPD; not reactor-unit capacity.			https://transparency.entsoe.eu/generation/r2/installedCapacityPerProductionUnit/show	World Resources Institute	Global Power Plant Database (repository snapshot)	registry	CC BY 4.0	plant_level_not_unit;status_not_supplied;historic_shutdown_not_covered;coordinate_precision_unverified;source_may_be_stale	2026-09-26	Open plant-level discovery record. Verify units, current status, dates and location against PRIS and the national regulator.
wri-gppd-ind0000086	DAE RAJASTHAN		facility	nuclear_fission	nuclear power plant (type not supplied)		electricity generation	unknown	established				India	IN	24.8747	75.6189	unknown	https://raw.githubusercontent.com/wri/global-power-plant-database/7a91cfbb2a4e272597acbc00506d61fc1ec73b3d/output_database/global_power_plant_database.csv										100.0	Plant-level aggregate capacity in WRI GPPD; not reactor-unit capacity.	1972-01-01		http://www.cea.nic.in/	World Resources Institute	Global Power Plant Database (repository snapshot)	registry	CC BY 4.0	plant_level_not_unit;status_not_supplied;historic_shutdown_not_covered;coordinate_precision_unverified;source_may_be_stale	2026-09-26	Open plant-level discovery record. Verify units, current status, dates and location against PRIS and the national regulator.
wri-gppd-ind0000170	KAIGA		facility	nuclear_fission	nuclear power plant (type not supplied)		electricity generation	unknown	established				India	IN	14.8650	74.4385	unknown	https://raw.githubusercontent.com/wri/global-power-plant-database/7a91cfbb2a4e272597acbc00506d61fc1ec73b3d/output_database/global_power_plant_database.csv										880.0	Plant-level aggregate capacity in WRI GPPD; not reactor-unit capacity.	2004-01-01		http://www.cea.nic.in/	World Resources Institute	Global Power Plant Database (repository snapshot)	registry	CC BY 4.0	plant_level_not_unit;status_not_supplied;historic_shutdown_not_covered;coordinate_precision_unverified;source_may_be_stale	2026-09-26	Open plant-level discovery record. Verify units, current status, dates and location against PRIS and the national regulator.
wri-gppd-ind0000173	KAKRAPARA		facility	nuclear_fission	nuclear power plant (type not supplied)		electricity generation	unknown	established				India	IN	21.2384	73.3489	unknown	https://raw.githubusercontent.com/wri/global-power-plant-database/7a91cfbb2a4e272597acbc00506d61fc1ec73b3d/output_database/global_power_plant_database.csv										440.0	Plant-level aggregate capacity in WRI GPPD; not reactor-unit capacity.	1993-01-01		http://www.cea.nic.in/	World Resources Institute	Global Power Plant Database (repository snapshot)	registry	CC BY 4.0	plant_level_not_unit;status_not_supplied;historic_shutdown_not_covered;coordinate_precision_unverified;source_may_be_stale	2026-09-26	Open plant-level discovery record. Verify units, current status, dates and location against PRIS and the national regulator.
wri-gppd-ind0000220	KUNDANKULAM		facility	nuclear_fission	nuclear power plant (type not supplied)		electricity generation	unknown	established				India	IN	8.1691	77.1327	unknown	https://raw.githubusercontent.com/wri/global-power-plant-database/7a91cfbb2a4e272597acbc00506d61fc1ec73b3d/output_database/global_power_plant_database.csv										2000.0	Plant-level aggregate capacity in WRI GPPD; not reactor-unit capacity.	2015-01-01		http://www.cea.nic.in/	World Resources Institute	Global Power Plant Database (repository snapshot)	registry	CC BY 4.0	plant_level_not_unit;status_not_supplied;historic_shutdown_not_covered;coordinate_precision_unverified;source_may_be_stale	2026-09-26	Open plant-level discovery record. Verify units, current status, dates and location against PRIS and the national regulator.
wri-gppd-wri1026848	Kudankulam		facility	nuclear_fission	nuclear power plant (type not supplied)		electricity generation	unknown	established				India	IN	8.1689	77.7126	unknown	https://raw.githubusercontent.com/wri/global-power-plant-database/7a91cfbb2a4e272597acbc00506d61fc1ec73b3d/output_database/global_power_plant_database.csv										2000.0	Plant-level aggregate capacity in WRI GPPD; not reactor-unit capacity.			https://www.iaea.org/PRIS/CountryStatistics/ReactorDetails.aspx?current=853	World Resources Institute	Global Power Plant Database (repository snapshot)	registry	CC BY 4.0	plant_level_not_unit;status_not_supplied;historic_shutdown_not_covered;coordinate_precision_unverified;source_may_be_stale	2026-09-26	Open plant-level discovery record. Verify units, current status, dates and location against PRIS and the national regulator.
wri-gppd-ind0000242	M.A.P.P.		facility	nuclear_fission	nuclear power plant (type not supplied)		electricity generation	unknown	established				India	IN	12.5571	80.1754	unknown	https://raw.githubusercontent.com/wri/global-power-plant-database/7a91cfbb2a4e272597acbc00506d61fc1ec73b3d/output_database/global_power_plant_database.csv										440.0	Plant-level aggregate capacity in WRI GPPD; not reactor-unit capacity.	1984-01-01		http://www.cea.nic.in/	World Resources Institute	Global Power Plant Database (repository snapshot)	registry	CC BY 4.0	plant_level_not_unit;status_not_supplied;historic_shutdown_not_covered;coordinate_precision_unverified;source_may_be_stale	2026-09-26	Open plant-level discovery record. Verify units, current status, dates and location against PRIS and the national regulator.
wri-gppd-ind0000283	N.A.P.S		facility	nuclear_fission	nuclear power plant (type not supplied)		electricity generation	unknown	established				India	IN	28.1560	78.4089	unknown	https://raw.githubusercontent.com/wri/global-power-plant-database/7a91cfbb2a4e272597acbc00506d61fc1ec73b3d/output_database/global_power_plant_database.csv										440.0	Plant-level aggregate capacity in WRI GPPD; not reactor-unit capacity.	1990-01-01		http://www.cea.nic.in/	World Resources Institute	Global Power Plant Database (repository snapshot)	registry	CC BY 4.0	plant_level_not_unit;status_not_supplied;historic_shutdown_not_covered;coordinate_precision_unverified;source_may_be_stale	2026-09-26	Open plant-level discovery record. Verify units, current status, dates and location against PRIS and the national regulator.
wri-gppd-ind0000350	R.A.P.S.		facility	nuclear_fission	nuclear power plant (type not supplied)		electricity generation	unknown	established				India	IN	24.8747	75.6189	unknown	https://raw.githubusercontent.com/wri/global-power-plant-database/7a91cfbb2a4e272597acbc00506d61fc1ec73b3d/output_database/global_power_plant_database.csv										1080.0	Plant-level aggregate capacity in WRI GPPD; not reactor-unit capacity.	2000-01-01		http://www.cea.nic.in/	World Resources Institute	Global Power Plant Database (repository snapshot)	registry	CC BY 4.0	plant_level_not_unit;status_not_supplied;historic_shutdown_not_covered;coordinate_precision_unverified;source_may_be_stale	2026-09-26	Open plant-level discovery record. Verify units, current status, dates and location against PRIS and the national regulator.
wri-gppd-ind0000445	TARAPUR		facility	nuclear_fission	nuclear power plant (type not supplied)		electricity generation	unknown	established				India	IN	19.8294	72.6617	unknown	https://raw.githubusercontent.com/wri/global-power-plant-database/7a91cfbb2a4e272597acbc00506d61fc1ec73b3d/output_database/global_power_plant_database.csv										1400.0	Plant-level aggregate capacity in WRI GPPD; not reactor-unit capacity.	1996-01-01		http://www.cea.nic.in/	World Resources Institute	Global Power Plant Database (repository snapshot)	registry	CC BY 4.0	plant_level_not_unit;status_not_supplied;historic_shutdown_not_covered;coordinate_precision_unverified;source_may_be_stale	2026-09-26	Open plant-level discovery record. Verify units, current status, dates and location against PRIS and the national regulator.
wri-gppd-wri1023916	Bushehr		facility	nuclear_fission	nuclear power plant (type not supplied)		electricity generation	unknown	established				Iran	IR	28.8298	50.8857	unknown	https://raw.githubusercontent.com/wri/global-power-plant-database/7a91cfbb2a4e272597acbc00506d61fc1ec73b3d/output_database/global_power_plant_database.csv	Nuclear Power Production and Development Company of Iran									1000.0	Plant-level aggregate capacity in WRI GPPD; not reactor-unit capacity.	2011-01-01		https://www.iaea.org/PRIS/CountryStatistics/ReactorDetails.aspx?current=310	World Resources Institute	Global Power Plant Database (repository snapshot)	registry	CC BY 4.0	plant_level_not_unit;status_not_supplied;historic_shutdown_not_covered;coordinate_precision_unverified;source_may_be_stale	2026-09-26	Open plant-level discovery record. Verify units, current status, dates and location against PRIS and the national regulator.
wri-gppd-wri1000678	Fukushima Daina		facility	nuclear_fission	nuclear power plant (type not supplied)		electricity generation	unknown	established				Japan	JP	37.3164	141.0265	unknown	https://raw.githubusercontent.com/wri/global-power-plant-database/7a91cfbb2a4e272597acbc00506d61fc1ec73b3d/output_database/global_power_plant_database.csv	Tokyo									4400.0	Plant-level aggregate capacity in WRI GPPD; not reactor-unit capacity.			https://www.jepic.or.jp/en/	World Resources Institute	Global Power Plant Database (repository snapshot)	registry	CC BY 4.0	plant_level_not_unit;status_not_supplied;historic_shutdown_not_covered;coordinate_precision_unverified;source_may_be_stale	2026-09-26	Open plant-level discovery record. Verify units, current status, dates and location against PRIS and the national regulator.
wri-gppd-wri1000687	Genkai		facility	nuclear_fission	nuclear power plant (type not supplied)		electricity generation	unknown	established				Japan	JP	33.5152	129.8360	unknown	https://raw.githubusercontent.com/wri/global-power-plant-database/7a91cfbb2a4e272597acbc00506d61fc1ec73b3d/output_database/global_power_plant_database.csv	Kyushu									3478.0	Plant-level aggregate capacity in WRI GPPD; not reactor-unit capacity.			https://www.jepic.or.jp/en/	World Resources Institute	Global Power Plant Database (repository snapshot)	registry	CC BY 4.0	plant_level_not_unit;status_not_supplied;historic_shutdown_not_covered;coordinate_precision_unverified;source_may_be_stale	2026-09-26	Open plant-level discovery record. Verify units, current status, dates and location against PRIS and the national regulator.
wri-gppd-wri1000680	Hamaoka		facility	nuclear_fission	nuclear power plant (type not supplied)		electricity generation	unknown	established				Japan	JP	34.6235	138.1421	unknown	https://raw.githubusercontent.com/wri/global-power-plant-database/7a91cfbb2a4e272597acbc00506d61fc1ec73b3d/output_database/global_power_plant_database.csv	Chubu									3617.0	Plant-level aggregate capacity in WRI GPPD; not reactor-unit capacity.			https://www.jepic.or.jp/en/	World Resources Institute	Global Power Plant Database (repository snapshot)	registry	CC BY 4.0	plant_level_not_unit;status_not_supplied;historic_shutdown_not_covered;coordinate_precision_unverified;source_may_be_stale	2026-09-26	Open plant-level discovery record. Verify units, current status, dates and location against PRIS and the national regulator.
wri-gppd-wri1000675	Higashi-Dori		facility	nuclear_fission	nuclear power plant (type not supplied)		electricity generation	unknown	established				Japan	JP	41.1880	141.3903	unknown	https://raw.githubusercontent.com/wri/global-power-plant-database/7a91cfbb2a4e272597acbc00506d61fc1ec73b3d/output_database/global_power_plant_database.csv	Tohoku									1100.0	Plant-level aggregate capacity in WRI GPPD; not reactor-unit capacity.			https://www.jepic.or.jp/en/	World Resources Institute	Global Power Plant Database (repository snapshot)	registry	CC BY 4.0	plant_level_not_unit;status_not_supplied;historic_shutdown_not_covered;coordinate_precision_unverified;source_may_be_stale	2026-09-26	Open plant-level discovery record. Verify units, current status, dates and location against PRIS and the national regulator.
wri-gppd-wri1000686	Ikata		facility	nuclear_fission	nuclear power plant (type not supplied)		electricity generation	unknown	established				Japan	JP	33.4909	132.3088	unknown	https://raw.githubusercontent.com/wri/global-power-plant-database/7a91cfbb2a4e272597acbc00506d61fc1ec73b3d/output_database/global_power_plant_database.csv	Shikoku									2022.0	Plant-level aggregate capacity in WRI GPPD; not reactor-unit capacity.			https://www.jepic.or.jp/en/	World Resources Institute	Global Power Plant Database (repository snapshot)	registry	CC BY 4.0	plant_level_not_unit;status_not_supplied;historic_shutdown_not_covered;coordinate_precision_unverified;source_may_be_stale	2026-09-26	Open plant-level discovery record. Verify units, current status, dates and location against PRIS and the national regulator.
wri-gppd-wri1000679	Kashiwazaki Kariwa		facility	nuclear_fission	nuclear power plant (type not supplied)		electricity generation	unknown	established				Japan	JP	37.4259	138.5941	unknown	https://raw.githubusercontent.com/wri/global-power-plant-database/7a91cfbb2a4e272597acbc00506d61fc1ec73b3d/output_database/global_power_plant_database.csv	Tokyo									8212.0	Plant-level aggregate capacity in WRI GPPD; not reactor-unit capacity.			https://www.jepic.or.jp/en/	World Resources Institute	Global Power Plant Database (repository snapshot)	registry	CC BY 4.0	plant_level_not_unit;status_not_supplied;historic_shutdown_not_covered;coordinate_precision_unverified;source_may_be_stale	2026-09-26	Open plant-level discovery record. Verify units, current status, dates and location against PRIS and the national regulator.
wri-gppd-wri1000682	Mihama		facility	nuclear_fission	nuclear power plant (type not supplied)		electricity generation	unknown	established				Japan	JP	35.7024	135.9634	unknown	https://raw.githubusercontent.com/wri/global-power-plant-database/7a91cfbb2a4e272597acbc00506d61fc1ec73b3d/output_database/global_power_plant_database.csv	Kansai									826.0	Plant-level aggregate capacity in WRI GPPD; not reactor-unit capacity.			https://www.jepic.or.jp/en/	World Resources Institute	Global Power Plant Database (repository snapshot)	registry	CC BY 4.0	plant_level_not_unit;status_not_supplied;historic_shutdown_not_covered;coordinate_precision_unverified;source_may_be_stale	2026-09-26	Open plant-level discovery record. Verify units, current status, dates and location against PRIS and the national regulator.
wri-gppd-wri1000684	Ohi		facility	nuclear_fission	nuclear power plant (type not supplied)		electricity generation	unknown	established				Japan	JP	35.5424	135.6544	unknown	https://raw.githubusercontent.com/wri/global-power-plant-database/7a91cfbb2a4e272597acbc00506d61fc1ec73b3d/output_database/global_power_plant_database.csv	Kansai									4710.0	Plant-level aggregate capacity in WRI GPPD; not reactor-unit capacity.			https://www.jepic.or.jp/en/	World Resources Institute	Global Power Plant Database (repository snapshot)	registry	CC BY 4.0	plant_level_not_unit;status_not_supplied;historic_shutdown_not_covered;coordinate_precision_unverified;source_may_be_stale	2026-09-26	Open plant-level discovery record. Verify units, current status, dates and location against PRIS and the national regulator.
wri-gppd-wri1000676	Onagawa		facility	nuclear_fission	nuclear power plant (type not supplied)		electricity generation	unknown	established				Japan	JP	38.4000	141.5000	unknown	https://raw.githubusercontent.com/wri/global-power-plant-database/7a91cfbb2a4e272597acbc00506d61fc1ec73b3d/output_database/global_power_plant_database.csv	Tohoku									2174.0	Plant-level aggregate capacity in WRI GPPD; not reactor-unit capacity.			https://www.jepic.or.jp/en/	World Resources Institute	Global Power Plant Database (repository snapshot)	registry	CC BY 4.0	plant_level_not_unit;status_not_supplied;historic_shutdown_not_covered;coordinate_precision_unverified;source_may_be_stale	2026-09-26	Open plant-level discovery record. Verify units, current status, dates and location against PRIS and the national regulator.
wri-gppd-wri1000688	Sendai		facility	nuclear_fission	nuclear power plant (type not supplied)		electricity generation	unknown	established				Japan	JP	31.8335	130.1887	unknown	https://raw.githubusercontent.com/wri/global-power-plant-database/7a91cfbb2a4e272597acbc00506d61fc1ec73b3d/output_database/global_power_plant_database.csv	Kyushu									1780.0	Plant-level aggregate capacity in WRI GPPD; not reactor-unit capacity.			https://www.jepic.or.jp/en/	World Resources Institute	Global Power Plant Database (repository snapshot)	registry	CC BY 4.0	plant_level_not_unit;status_not_supplied;historic_shutdown_not_covered;coordinate_precision_unverified;source_may_be_stale	2026-09-26	Open plant-level discovery record. Verify units, current status, dates and location against PRIS and the national regulator.
wri-gppd-wri1000681	Shika		facility	nuclear_fission	nuclear power plant (type not supplied)		electricity generation	unknown	established				Japan	JP	37.0609	136.7265	unknown	https://raw.githubusercontent.com/wri/global-power-plant-database/7a91cfbb2a4e272597acbc00506d61fc1ec73b3d/output_database/global_power_plant_database.csv	Hokuriku									1746.0	Plant-level aggregate capacity in WRI GPPD; not reactor-unit capacity.			https://www.jepic.or.jp/en/	World Resources Institute	Global Power Plant Database (repository snapshot)	registry	CC BY 4.0	plant_level_not_unit;status_not_supplied;historic_shutdown_not_covered;coordinate_precision_unverified;source_may_be_stale	2026-09-26	Open plant-level discovery record. Verify units, current status, dates and location against PRIS and the national regulator.
wri-gppd-wri1000685	Shimane		facility	nuclear_fission	nuclear power plant (type not supplied)		electricity generation	unknown	established				Japan	JP	35.5379	132.9991	unknown	https://raw.githubusercontent.com/wri/global-power-plant-database/7a91cfbb2a4e272597acbc00506d61fc1ec73b3d/output_database/global_power_plant_database.csv	Chugoku									820.0	Plant-level aggregate capacity in WRI GPPD; not reactor-unit capacity.			https://www.jepic.or.jp/en/	World Resources Institute	Global Power Plant Database (repository snapshot)	registry	CC BY 4.0	plant_level_not_unit;status_not_supplied;historic_shutdown_not_covered;coordinate_precision_unverified;source_may_be_stale	2026-09-26	Open plant-level discovery record. Verify units, current status, dates and location against PRIS and the national regulator.
wri-gppd-wri1000683	Takahama		facility	nuclear_fission	nuclear power plant (type not supplied)		electricity generation	unknown	established				Japan	JP	35.5223	135.5036	unknown	https://raw.githubusercontent.com/wri/global-power-plant-database/7a91cfbb2a4e272597acbc00506d61fc1ec73b3d/output_database/global_power_plant_database.csv	Kansai									3392.0	Plant-level aggregate capacity in WRI GPPD; not reactor-unit capacity.			https://www.jepic.or.jp/en/	World Resources Institute	Global Power Plant Database (repository snapshot)	registry	CC BY 4.0	plant_level_not_unit;status_not_supplied;historic_shutdown_not_covered;coordinate_precision_unverified;source_may_be_stale	2026-09-26	Open plant-level discovery record. Verify units, current status, dates and location against PRIS and the national regulator.
wri-gppd-wri1000689	Tokai Daini		facility	nuclear_fission	nuclear power plant (type not supplied)		electricity generation	unknown	established				Japan	JP	36.4215	140.6028	unknown	https://raw.githubusercontent.com/wri/global-power-plant-database/7a91cfbb2a4e272597acbc00506d61fc1ec73b3d/output_database/global_power_plant_database.csv	Japan Atomic Power Co.									1100.0	Plant-level aggregate capacity in WRI GPPD; not reactor-unit capacity.			https://www.jepic.or.jp/en/	World Resources Institute	Global Power Plant Database (repository snapshot)	registry	CC BY 4.0	plant_level_not_unit;status_not_supplied;historic_shutdown_not_covered;coordinate_precision_unverified;source_may_be_stale	2026-09-26	Open plant-level discovery record. Verify units, current status, dates and location against PRIS and the national regulator.
wri-gppd-wri1000674	Tomari		facility	nuclear_fission	nuclear power plant (type not supplied)		electricity generation	unknown	established				Japan	JP	43.0367	140.5125	unknown	https://raw.githubusercontent.com/wri/global-power-plant-database/7a91cfbb2a4e272597acbc00506d61fc1ec73b3d/output_database/global_power_plant_database.csv	Hokkaido									2000.0	Plant-level aggregate capacity in WRI GPPD; not reactor-unit capacity.			https://www.jepic.or.jp/en/	World Resources Institute	Global Power Plant Database (repository snapshot)	registry	CC BY 4.0	plant_level_not_unit;status_not_supplied;historic_shutdown_not_covered;coordinate_precision_unverified;source_may_be_stale	2026-09-26	Open plant-level discovery record. Verify units, current status, dates and location against PRIS and the national regulator.
wri-gppd-wri1000690	Tsuruga		facility	nuclear_fission	nuclear power plant (type not supplied)		electricity generation	unknown	established				Japan	JP	35.7519	136.0189	unknown	https://raw.githubusercontent.com/wri/global-power-plant-database/7a91cfbb2a4e272597acbc00506d61fc1ec73b3d/output_database/global_power_plant_database.csv	Japan Atomic Power Co.									1160.0	Plant-level aggregate capacity in WRI GPPD; not reactor-unit capacity.			https://www.jepic.or.jp/en/	World Resources Institute	Global Power Plant Database (repository snapshot)	registry	CC BY 4.0	plant_level_not_unit;status_not_supplied;historic_shutdown_not_covered;coordinate_precision_unverified;source_may_be_stale	2026-09-26	Open plant-level discovery record. Verify units, current status, dates and location against PRIS and the national regulator.
wri-gppd-wri1000217	Hanbit		facility	nuclear_fission	nuclear power plant (type not supplied)		electricity generation	unknown	established				South Korea	KR	35.4105	126.4175	unknown	https://raw.githubusercontent.com/wri/global-power-plant-database/7a91cfbb2a4e272597acbc00506d61fc1ec73b3d/output_database/global_power_plant_database.csv	Korea Hydro and Nuclear									5900.0	Plant-level aggregate capacity in WRI GPPD; not reactor-unit capacity.			https://cms.khnp.co.kr/eng/plant-status/	World Resources Institute	Global Power Plant Database (repository snapshot)	registry	CC BY 4.0	plant_level_not_unit;status_not_supplied;historic_shutdown_not_covered;coordinate_precision_unverified;source_may_be_stale	2026-09-26	Open plant-level discovery record. Verify units, current status, dates and location against PRIS and the national regulator.
wri-gppd-wri1000218	Hanul		facility	nuclear_fission	nuclear power plant (type not supplied)		electricity generation	unknown	established				South Korea	KR	37.0931	129.3830	unknown	https://raw.githubusercontent.com/wri/global-power-plant-database/7a91cfbb2a4e272597acbc00506d61fc1ec73b3d/output_database/global_power_plant_database.csv	Korea Hydro and Nuclear									5900.0	Plant-level aggregate capacity in WRI GPPD; not reactor-unit capacity.			https://cms.khnp.co.kr/eng/plant-status/	World Resources Institute	Global Power Plant Database (repository snapshot)	registry	CC BY 4.0	plant_level_not_unit;status_not_supplied;historic_shutdown_not_covered;coordinate_precision_unverified;source_may_be_stale	2026-09-26	Open plant-level discovery record. Verify units, current status, dates and location against PRIS and the national regulator.
wri-gppd-wri1000213	Kori		facility	nuclear_fission	nuclear power plant (type not supplied)		electricity generation	unknown	established				South Korea	KR	35.3199	129.2948	unknown	https://raw.githubusercontent.com/wri/global-power-plant-database/7a91cfbb2a4e272597acbc00506d61fc1ec73b3d/output_database/global_power_plant_database.csv	Korea Hydro and Nuclear									3137.0	Plant-level aggregate capacity in WRI GPPD; not reactor-unit capacity.			https://cms.khnp.co.kr/eng/plant-status/	World Resources Institute	Global Power Plant Database (repository snapshot)	registry	CC BY 4.0	plant_level_not_unit;status_not_supplied;historic_shutdown_not_covered;coordinate_precision_unverified;source_may_be_stale	2026-09-26	Open plant-level discovery record. Verify units, current status, dates and location against PRIS and the national regulator.
wri-gppd-wri1000214	Shin-Kori		facility	nuclear_fission	nuclear power plant (type not supplied)		electricity generation	unknown	established				South Korea	KR	35.3271	129.3017	unknown	https://raw.githubusercontent.com/wri/global-power-plant-database/7a91cfbb2a4e272597acbc00506d61fc1ec73b3d/output_database/global_power_plant_database.csv	Korea Hydro and Nuclear									3340.0	Plant-level aggregate capacity in WRI GPPD; not reactor-unit capacity.			https://cms.khnp.co.kr/eng/plant-status/	World Resources Institute	Global Power Plant Database (repository snapshot)	registry	CC BY 4.0	plant_level_not_unit;status_not_supplied;historic_shutdown_not_covered;coordinate_precision_unverified;source_may_be_stale	2026-09-26	Open plant-level discovery record. Verify units, current status, dates and location against PRIS and the national regulator.
wri-gppd-wri1000216	Shin-Wolsong		facility	nuclear_fission	nuclear power plant (type not supplied)		electricity generation	unknown	established				South Korea	KR	35.7221	129.4786	unknown	https://raw.githubusercontent.com/wri/global-power-plant-database/7a91cfbb2a4e272597acbc00506d61fc1ec73b3d/output_database/global_power_plant_database.csv	Korea Hydro and Nuclear									2000.0	Plant-level aggregate capacity in WRI GPPD; not reactor-unit capacity.	2012-01-01		https://cms.khnp.co.kr/eng/plant-status/	World Resources Institute	Global Power Plant Database (repository snapshot)	registry	CC BY 4.0	plant_level_not_unit;status_not_supplied;historic_shutdown_not_covered;coordinate_precision_unverified;source_may_be_stale	2026-09-26	Open plant-level discovery record. Verify units, current status, dates and location against PRIS and the national regulator.
wri-gppd-wri1000215	Wolsong		facility	nuclear_fission	nuclear power plant (type not supplied)		electricity generation	unknown	established				South Korea	KR	35.7111	129.4743	unknown	https://raw.githubusercontent.com/wri/global-power-plant-database/7a91cfbb2a4e272597acbc00506d61fc1ec73b3d/output_database/global_power_plant_database.csv	Korea Hydro and Nuclear									2799.0	Plant-level aggregate capacity in WRI GPPD; not reactor-unit capacity.			https://cms.khnp.co.kr/eng/plant-status/	World Resources Institute	Global Power Plant Database (repository snapshot)	registry	CC BY 4.0	plant_level_not_unit;status_not_supplied;historic_shutdown_not_covered;coordinate_precision_unverified;source_may_be_stale	2026-09-26	Open plant-level discovery record. Verify units, current status, dates and location against PRIS and the national regulator.
wri-gppd-mex0001769	Laguna Verde		facility	nuclear_fission	nuclear power plant (type not supplied)		electricity generation	unknown	established				Mexico	MX	19.7208	-96.4064	unknown	https://raw.githubusercontent.com/wri/global-power-plant-database/7a91cfbb2a4e272597acbc00506d61fc1ec73b3d/output_database/global_power_plant_database.csv	CFE									1510.0	Plant-level aggregate capacity in WRI GPPD; not reactor-unit capacity.			http://base.energia.gob.mx/nacei/Archivos/3%20P%C3%A1gina%20Datos%20de%20Infraestructura/Ingl%C3%A9s/PowerPlantsAllGE100MW_NorthAmerica_201606.xlsx	World Resources Institute	Global Power Plant Database (repository snapshot)	registry	CC BY 4.0	plant_level_not_unit;status_not_supplied;historic_shutdown_not_covered;coordinate_precision_unverified;source_may_be_stale	2026-09-26	Open plant-level discovery record. Verify units, current status, dates and location against PRIS and the national regulator.
wri-gppd-wri1019300	Borssele Nuclear Power Station		facility	nuclear_fission	nuclear power plant (type not supplied)		electricity generation	unknown	established				Netherlands	NL	51.4312	3.7174	unknown	https://raw.githubusercontent.com/wri/global-power-plant-database/7a91cfbb2a4e272597acbc00506d61fc1ec73b3d/output_database/global_power_plant_database.csv	EPZ									485.0	Plant-level aggregate capacity in WRI GPPD; not reactor-unit capacity.	1973-01-01		https://www.iaea.org/PRIS/CountryStatistics/CountryDetails.aspx?current=NL	World Resources Institute	Global Power Plant Database (repository snapshot)	registry	CC BY 4.0	plant_level_not_unit;status_not_supplied;historic_shutdown_not_covered;coordinate_precision_unverified;source_may_be_stale	2026-09-26	Open plant-level discovery record. Verify units, current status, dates and location against PRIS and the national regulator.
wri-gppd-wri1001626	Chasnupp		facility	nuclear_fission	nuclear power plant (type not supplied)		electricity generation	unknown	established				Pakistan	PK	32.3920	71.4616	unknown	https://raw.githubusercontent.com/wri/global-power-plant-database/7a91cfbb2a4e272597acbc00506d61fc1ec73b3d/output_database/global_power_plant_database.csv	Pakistan Atomic Energy Commission									1330.0	Plant-level aggregate capacity in WRI GPPD; not reactor-unit capacity.			http://icci.com.pk/data/downloads/63/1293619048_1.pdf	World Resources Institute	Global Power Plant Database (repository snapshot)	registry	CC BY 4.0	plant_level_not_unit;status_not_supplied;historic_shutdown_not_covered;coordinate_precision_unverified;source_may_be_stale	2026-09-26	Open plant-level discovery record. Verify units, current status, dates and location against PRIS and the national regulator.
wri-gppd-wri1001625	Kanupp		facility	nuclear_fission	nuclear power plant (type not supplied)		electricity generation	unknown	established				Pakistan	PK	24.8450	66.7888	unknown	https://raw.githubusercontent.com/wri/global-power-plant-database/7a91cfbb2a4e272597acbc00506d61fc1ec73b3d/output_database/global_power_plant_database.csv	Pakistan Atomic Energy Commission									137.0	Plant-level aggregate capacity in WRI GPPD; not reactor-unit capacity.	1971-01-01		http://icci.com.pk/data/downloads/63/1293619048_1.pdf	World Resources Institute	Global Power Plant Database (repository snapshot)	registry	CC BY 4.0	plant_level_not_unit;status_not_supplied;historic_shutdown_not_covered;coordinate_precision_unverified;source_may_be_stale	2026-09-26	Open plant-level discovery record. Verify units, current status, dates and location against PRIS and the national regulator.
wri-gppd-wri1019093	NPP Cernavoda		facility	nuclear_fission	nuclear power plant (type not supplied)		electricity generation	unknown	established				Romania	RO	44.3215	28.0568	unknown	https://raw.githubusercontent.com/wri/global-power-plant-database/7a91cfbb2a4e272597acbc00506d61fc1ec73b3d/output_database/global_power_plant_database.csv										1298.0	Plant-level aggregate capacity in WRI GPPD; not reactor-unit capacity.			https://transparency.entsoe.eu/generation/r2/installedCapacityPerProductionUnit/show	World Resources Institute	Global Power Plant Database (repository snapshot)	registry	CC BY 4.0	plant_level_not_unit;status_not_supplied;historic_shutdown_not_covered;coordinate_precision_unverified;source_may_be_stale	2026-09-26	Open plant-level discovery record. Verify units, current status, dates and location against PRIS and the national regulator.
wri-gppd-wri1023915	Balakovo NPP		facility	nuclear_fission	nuclear power plant (type not supplied)		electricity generation	unknown	established				Russia	RU	52.0928	47.9539	unknown	https://raw.githubusercontent.com/wri/global-power-plant-database/7a91cfbb2a4e272597acbc00506d61fc1ec73b3d/output_database/global_power_plant_database.csv	"JSC ""Concern Rosenergoatom"""									4000.0	Plant-level aggregate capacity in WRI GPPD; not reactor-unit capacity.			https://energybase.ru/power-plant/Balakovo_NPP	World Resources Institute	Global Power Plant Database (repository snapshot)	registry	CC BY 4.0	plant_level_not_unit;status_not_supplied;historic_shutdown_not_covered;coordinate_precision_unverified;source_may_be_stale	2026-09-26	Open plant-level discovery record. Verify units, current status, dates and location against PRIS and the national regulator.
wri-gppd-wri1003666	Beloyarsk		facility	nuclear_fission	nuclear power plant (type not supplied)		electricity generation	unknown	established				Russia	RU	56.8417	61.3225	unknown	https://raw.githubusercontent.com/wri/global-power-plant-database/7a91cfbb2a4e272597acbc00506d61fc1ec73b3d/output_database/global_power_plant_database.csv	Rosatom									1480.0	Plant-level aggregate capacity in WRI GPPD; not reactor-unit capacity.	1964-01-01		http://www.rosenergoatom.ru/wps/wcm/connect/rosenergoatom_copy/site_en/NPP/	World Resources Institute	Global Power Plant Database (repository snapshot)	registry	CC BY 4.0	plant_level_not_unit;status_not_supplied;historic_shutdown_not_covered;coordinate_precision_unverified;source_may_be_stale	2026-09-26	Open plant-level discovery record. Verify units, current status, dates and location against PRIS and the national regulator.
wri-gppd-wri1003671	Bilibino		facility	nuclear_fission	nuclear power plant (type not supplied)		electricity generation	unknown	established				Russia	RU	68.0503	166.5389	unknown	https://raw.githubusercontent.com/wri/global-power-plant-database/7a91cfbb2a4e272597acbc00506d61fc1ec73b3d/output_database/global_power_plant_database.csv	"JSC ""Concern Rosenergoatom"""									48.0	Plant-level aggregate capacity in WRI GPPD; not reactor-unit capacity.			https://energybase.ru/power-plant/Bilibino_NPP	World Resources Institute	Global Power Plant Database (repository snapshot)	registry	CC BY 4.0	plant_level_not_unit;status_not_supplied;historic_shutdown_not_covered;coordinate_precision_unverified;source_may_be_stale	2026-09-26	Open plant-level discovery record. Verify units, current status, dates and location against PRIS and the national regulator.
wri-gppd-wri1003717	Kalinn NPP		facility	nuclear_fission	nuclear power plant (type not supplied)		electricity generation	unknown	established				Russia	RU	57.9050	35.0614	unknown	https://raw.githubusercontent.com/wri/global-power-plant-database/7a91cfbb2a4e272597acbc00506d61fc1ec73b3d/output_database/global_power_plant_database.csv	"JSC ""Concern Rosenergoatom"""									4000.0	Plant-level aggregate capacity in WRI GPPD; not reactor-unit capacity.			https://energybase.ru/power-plant/Kalinin_NPP	World Resources Institute	Global Power Plant Database (repository snapshot)	registry	CC BY 4.0	plant_level_not_unit;status_not_supplied;historic_shutdown_not_covered;coordinate_precision_unverified;source_may_be_stale	2026-09-26	Open plant-level discovery record. Verify units, current status, dates and location against PRIS and the national regulator.
wri-gppd-wri1003733	Kola NPP		facility	nuclear_fission	nuclear power plant (type not supplied)		electricity generation	unknown	established				Russia	RU	67.4667	32.4667	unknown	https://raw.githubusercontent.com/wri/global-power-plant-database/7a91cfbb2a4e272597acbc00506d61fc1ec73b3d/output_database/global_power_plant_database.csv	"JSC ""Concern Rosenergoatom"""									1760.0	Plant-level aggregate capacity in WRI GPPD; not reactor-unit capacity.			https://energybase.ru/power-plant/Kola_NPP	World Resources Institute	Global Power Plant Database (repository snapshot)	registry	CC BY 4.0	plant_level_not_unit;status_not_supplied;historic_shutdown_not_covered;coordinate_precision_unverified;source_may_be_stale	2026-09-26	Open plant-level discovery record. Verify units, current status, dates and location against PRIS and the national regulator.
wri-gppd-wri1003744	Kursk		facility	nuclear_fission	nuclear power plant (type not supplied)		electricity generation	unknown	established				Russia	RU	51.6750	35.6056	unknown	https://raw.githubusercontent.com/wri/global-power-plant-database/7a91cfbb2a4e272597acbc00506d61fc1ec73b3d/output_database/global_power_plant_database.csv	"JSC ""Concern Rosenergoatom"""									4000.0	Plant-level aggregate capacity in WRI GPPD; not reactor-unit capacity.			https://energybase.ru/power-plant/Kursk_NPP	World Resources Institute	Global Power Plant Database (repository snapshot)	registry	CC BY 4.0	plant_level_not_unit;status_not_supplied;historic_shutdown_not_covered;coordinate_precision_unverified;source_may_be_stale	2026-09-26	Open plant-level discovery record. Verify units, current status, dates and location against PRIS and the national regulator.
wri-gppd-wri1003749	Leningrad NPP		facility	nuclear_fission	nuclear power plant (type not supplied)		electricity generation	unknown	established				Russia	RU	59.8528	29.0486	unknown	https://raw.githubusercontent.com/wri/global-power-plant-database/7a91cfbb2a4e272597acbc00506d61fc1ec73b3d/output_database/global_power_plant_database.csv	"JSC ""Concern Rosenergoatom"""									4000.0	Plant-level aggregate capacity in WRI GPPD; not reactor-unit capacity.			https://energybase.ru/power-plant/Leningrad_NPP	World Resources Institute	Global Power Plant Database (repository snapshot)	registry	CC BY 4.0	plant_level_not_unit;status_not_supplied;historic_shutdown_not_covered;coordinate_precision_unverified;source_may_be_stale	2026-09-26	Open plant-level discovery record. Verify units, current status, dates and location against PRIS and the national regulator.
wri-gppd-wri1003775	Novovoronezh		facility	nuclear_fission	nuclear power plant (type not supplied)		electricity generation	unknown	established				Russia	RU	51.2822	39.2100	unknown	https://raw.githubusercontent.com/wri/global-power-plant-database/7a91cfbb2a4e272597acbc00506d61fc1ec73b3d/output_database/global_power_plant_database.csv	"JSC ""Concern Rosenergoatom"""									1880.0	Plant-level aggregate capacity in WRI GPPD; not reactor-unit capacity.			https://energybase.ru/power-plant/Novovoronezh_NPP	World Resources Institute	Global Power Plant Database (repository snapshot)	registry	CC BY 4.0	plant_level_not_unit;status_not_supplied;historic_shutdown_not_covered;coordinate_precision_unverified;source_may_be_stale	2026-09-26	Open plant-level discovery record. Verify units, current status, dates and location against PRIS and the national regulator.
wri-gppd-wri1003791	Rostov NPP		facility	nuclear_fission	nuclear power plant (type not supplied)		electricity generation	unknown	established				Russia	RU	47.5993	42.3717	unknown	https://raw.githubusercontent.com/wri/global-power-plant-database/7a91cfbb2a4e272597acbc00506d61fc1ec73b3d/output_database/global_power_plant_database.csv	Rosatom									4000.0	Plant-level aggregate capacity in WRI GPPD; not reactor-unit capacity.	2001-01-01		http://www.rosenergoatom.ru/wps/wcm/connect/rosenergoatom_copy/ronpp/	World Resources Institute	Global Power Plant Database (repository snapshot)	registry	CC BY 4.0	plant_level_not_unit;status_not_supplied;historic_shutdown_not_covered;coordinate_precision_unverified;source_may_be_stale	2026-09-26	Open plant-level discovery record. Verify units, current status, dates and location against PRIS and the national regulator.
wri-gppd-wri1003812	Smolensk		facility	nuclear_fission	nuclear power plant (type not supplied)		electricity generation	unknown	established				Russia	RU	54.1647	33.2367	unknown	https://raw.githubusercontent.com/wri/global-power-plant-database/7a91cfbb2a4e272597acbc00506d61fc1ec73b3d/output_database/global_power_plant_database.csv	"JSC ""Concern Rosenergoatom"""									3000.0	Plant-level aggregate capacity in WRI GPPD; not reactor-unit capacity.			https://energybase.ru/power-plant/Smolensk_NPP	World Resources Institute	Global Power Plant Database (repository snapshot)	registry	CC BY 4.0	plant_level_not_unit;status_not_supplied;historic_shutdown_not_covered;coordinate_precision_unverified;source_may_be_stale	2026-09-26	Open plant-level discovery record. Verify units, current status, dates and location against PRIS and the national regulator.
wri-gppd-wri1002098	Forsmark		facility	nuclear_fission	nuclear power plant (type not supplied)		electricity generation	unknown	established				Sweden	SE	60.4028	18.1744	unknown	https://raw.githubusercontent.com/wri/global-power-plant-database/7a91cfbb2a4e272597acbc00506d61fc1ec73b3d/output_database/global_power_plant_database.csv	65% Vattenfall; E.ON 8.5%; Mellansvensk Kraftgrupp 25.5%									3227.0	Plant-level aggregate capacity in WRI GPPD; not reactor-unit capacity.			http://powerplants.vattenfall.com/forsmark	World Resources Institute	Global Power Plant Database (repository snapshot)	registry	CC BY 4.0	plant_level_not_unit;status_not_supplied;historic_shutdown_not_covered;coordinate_precision_unverified;source_may_be_stale	2026-09-26	Open plant-level discovery record. Verify units, current status, dates and location against PRIS and the national regulator.
wri-gppd-wri1002168	Oskarshamn		facility	nuclear_fission	nuclear power plant (type not supplied)		electricity generation	unknown	established				Sweden	SE	57.4130	16.6683	unknown	https://raw.githubusercontent.com/wri/global-power-plant-database/7a91cfbb2a4e272597acbc00506d61fc1ec73b3d/output_database/global_power_plant_database.csv										2603.0	Plant-level aggregate capacity in WRI GPPD; not reactor-unit capacity.			https://www.iaea.org/PRIS/CountryStatistics/CountryStatisticsLandingPage.aspx	World Resources Institute	Global Power Plant Database (repository snapshot)	registry	CC BY 4.0	plant_level_not_unit;status_not_supplied;historic_shutdown_not_covered;coordinate_precision_unverified;source_may_be_stale	2026-09-26	Open plant-level discovery record. Verify units, current status, dates and location against PRIS and the national regulator.
wri-gppd-wri1002097	Ringhals		facility	nuclear_fission	nuclear power plant (type not supplied)		electricity generation	unknown	established				Sweden	SE	57.2574	12.1087	unknown	https://raw.githubusercontent.com/wri/global-power-plant-database/7a91cfbb2a4e272597acbc00506d61fc1ec73b3d/output_database/global_power_plant_database.csv	70.4% Vattenfall; 29.6% Karnkraft Sverige									3932.0	Plant-level aggregate capacity in WRI GPPD; not reactor-unit capacity.			http://powerplants.vattenfall.com/ringhals	World Resources Institute	Global Power Plant Database (repository snapshot)	registry	CC BY 4.0	plant_level_not_unit;status_not_supplied;historic_shutdown_not_covered;coordinate_precision_unverified;source_may_be_stale	2026-09-26	Open plant-level discovery record. Verify units, current status, dates and location against PRIS and the national regulator.
wri-gppd-wri1022414	Krsko (NEK)		facility	nuclear_fission	nuclear power plant (type not supplied)		electricity generation	unknown	established				Slovenia	SI	45.9389	15.5160	unknown	https://raw.githubusercontent.com/wri/global-power-plant-database/7a91cfbb2a4e272597acbc00506d61fc1ec73b3d/output_database/global_power_plant_database.csv										696.0	Plant-level aggregate capacity in WRI GPPD; not reactor-unit capacity.			https://transparency.entsoe.eu/generation/r2/installedCapacityPerProductionUnit/show	World Resources Institute	Global Power Plant Database (repository snapshot)	registry	CC BY 4.0	plant_level_not_unit;status_not_supplied;historic_shutdown_not_covered;coordinate_precision_unverified;source_may_be_stale	2026-09-26	Open plant-level discovery record. Verify units, current status, dates and location against PRIS and the national regulator.
wri-gppd-geodb0002385	Bohunice Nuclear Power Plant Slovakia		facility	nuclear_fission	nuclear power plant (type not supplied)		electricity generation	unknown	established				Slovakia	SK	48.4960	17.6816	unknown	https://raw.githubusercontent.com/wri/global-power-plant-database/7a91cfbb2a4e272597acbc00506d61fc1ec73b3d/output_database/global_power_plant_database.csv										880.0	Plant-level aggregate capacity in WRI GPPD; not reactor-unit capacity.			http://globalenergyobservatory.org	World Resources Institute	Global Power Plant Database (repository snapshot)	registry	CC BY 4.0	plant_level_not_unit;status_not_supplied;historic_shutdown_not_covered;coordinate_precision_unverified;source_may_be_stale	2026-09-26	Open plant-level discovery record. Verify units, current status, dates and location against PRIS and the national regulator.
wri-gppd-geodb0004330	Mochovce Nuclear Power Plant Slovakia		facility	nuclear_fission	nuclear power plant (type not supplied)		electricity generation	unknown	established				Slovakia	SK	48.2621	18.4590	unknown	https://raw.githubusercontent.com/wri/global-power-plant-database/7a91cfbb2a4e272597acbc00506d61fc1ec73b3d/output_database/global_power_plant_database.csv										880.0	Plant-level aggregate capacity in WRI GPPD; not reactor-unit capacity.			http://globalenergyobservatory.org	World Resources Institute	Global Power Plant Database (repository snapshot)	registry	CC BY 4.0	plant_level_not_unit;status_not_supplied;historic_shutdown_not_covered;coordinate_precision_unverified;source_may_be_stale	2026-09-26	Open plant-level discovery record. Verify units, current status, dates and location against PRIS and the national regulator.
wri-gppd-wri1000378	Chinshan		facility	nuclear_fission	nuclear power plant (type not supplied)		electricity generation	unknown	established				Taiwan	TW	25.2861	121.5874	unknown	https://raw.githubusercontent.com/wri/global-power-plant-database/7a91cfbb2a4e272597acbc00506d61fc1ec73b3d/output_database/global_power_plant_database.csv										1272.0	Plant-level aggregate capacity in WRI GPPD; not reactor-unit capacity.			https://www.iaea.org/pris/	World Resources Institute	Global Power Plant Database (repository snapshot)	registry	CC BY 4.0	plant_level_not_unit;status_not_supplied;historic_shutdown_not_covered;coordinate_precision_unverified;source_may_be_stale	2026-09-26	Open plant-level discovery record. Verify units, current status, dates and location against PRIS and the national regulator.
wri-gppd-wri1000379	Kuosheng		facility	nuclear_fission	nuclear power plant (type not supplied)		electricity generation	unknown	established				Taiwan	TW	25.2025	121.6629	unknown	https://raw.githubusercontent.com/wri/global-power-plant-database/7a91cfbb2a4e272597acbc00506d61fc1ec73b3d/output_database/global_power_plant_database.csv										2040.0	Plant-level aggregate capacity in WRI GPPD; not reactor-unit capacity.			https://www.iaea.org/pris/	World Resources Institute	Global Power Plant Database (repository snapshot)	registry	CC BY 4.0	plant_level_not_unit;status_not_supplied;historic_shutdown_not_covered;coordinate_precision_unverified;source_may_be_stale	2026-09-26	Open plant-level discovery record. Verify units, current status, dates and location against PRIS and the national regulator.
wri-gppd-wri1000380	Maanshan		facility	nuclear_fission	nuclear power plant (type not supplied)		electricity generation	unknown	established				Taiwan	TW	21.9589	120.7501	unknown	https://raw.githubusercontent.com/wri/global-power-plant-database/7a91cfbb2a4e272597acbc00506d61fc1ec73b3d/output_database/global_power_plant_database.csv										1902.0	Plant-level aggregate capacity in WRI GPPD; not reactor-unit capacity.			https://www.iaea.org/pris/	World Resources Institute	Global Power Plant Database (repository snapshot)	registry	CC BY 4.0	plant_level_not_unit;status_not_supplied;historic_shutdown_not_covered;coordinate_precision_unverified;source_may_be_stale	2026-09-26	Open plant-level discovery record. Verify units, current status, dates and location against PRIS and the national regulator.
wri-gppd-wri1005111	Khmelnytska		facility	nuclear_fission	nuclear power plant (type not supplied)		electricity generation	unknown	established				Ukraine	UA	50.3024	26.6473	unknown	https://raw.githubusercontent.com/wri/global-power-plant-database/7a91cfbb2a4e272597acbc00506d61fc1ec73b3d/output_database/global_power_plant_database.csv	Energoatom									2000.0	Plant-level aggregate capacity in WRI GPPD; not reactor-unit capacity.			http://www.energoatom.kiev.ua/en/separated/npp_khmelnytska/	World Resources Institute	Global Power Plant Database (repository snapshot)	registry	CC BY 4.0	plant_level_not_unit;status_not_supplied;historic_shutdown_not_covered;coordinate_precision_unverified;source_may_be_stale	2026-09-26	Open plant-level discovery record. Verify units, current status, dates and location against PRIS and the national regulator.
wri-gppd-wri1005112	Rivne (Rouno)		facility	nuclear_fission	nuclear power plant (type not supplied)		electricity generation	unknown	established				Ukraine	UA	51.3245	25.8974	unknown	https://raw.githubusercontent.com/wri/global-power-plant-database/7a91cfbb2a4e272597acbc00506d61fc1ec73b3d/output_database/global_power_plant_database.csv	Energoatom									2835.0	Plant-level aggregate capacity in WRI GPPD; not reactor-unit capacity.			http://www.energoatom.kiev.ua/en/separated/npp_rivne/	World Resources Institute	Global Power Plant Database (repository snapshot)	registry	CC BY 4.0	plant_level_not_unit;status_not_supplied;historic_shutdown_not_covered;coordinate_precision_unverified;source_may_be_stale	2026-09-26	Open plant-level discovery record. Verify units, current status, dates and location against PRIS and the national regulator.
wri-gppd-wri1005113	South Ukraine		facility	nuclear_fission	nuclear power plant (type not supplied)		electricity generation	unknown	established				Ukraine	UA	47.8120	31.2200	unknown	https://raw.githubusercontent.com/wri/global-power-plant-database/7a91cfbb2a4e272597acbc00506d61fc1ec73b3d/output_database/global_power_plant_database.csv	Energoatom									3000.0	Plant-level aggregate capacity in WRI GPPD; not reactor-unit capacity.			http://www.energoatom.kiev.ua/en/separated/npp_su/	World Resources Institute	Global Power Plant Database (repository snapshot)	registry	CC BY 4.0	plant_level_not_unit;status_not_supplied;historic_shutdown_not_covered;coordinate_precision_unverified;source_may_be_stale	2026-09-26	Open plant-level discovery record. Verify units, current status, dates and location against PRIS and the national regulator.
wri-gppd-wri1005114	Zaporozhye		facility	nuclear_fission	nuclear power plant (type not supplied)		electricity generation	unknown	established				Ukraine	UA	47.5119	34.5863	unknown	https://raw.githubusercontent.com/wri/global-power-plant-database/7a91cfbb2a4e272597acbc00506d61fc1ec73b3d/output_database/global_power_plant_database.csv	Energoatom									6000.0	Plant-level aggregate capacity in WRI GPPD; not reactor-unit capacity.			http://www.energoatom.kiev.ua/en/separated/npp_zp/	World Resources Institute	Global Power Plant Database (repository snapshot)	registry	CC BY 4.0	plant_level_not_unit;status_not_supplied;historic_shutdown_not_covered;coordinate_precision_unverified;source_may_be_stale	2026-09-26	Open plant-level discovery record. Verify units, current status, dates and location against PRIS and the national regulator.
wri-gppd-usa0008055	Arkansas Nuclear One		facility	nuclear_fission	nuclear power plant (type not supplied)		electricity generation	unknown	established				United States of America	US	35.3110	-93.2351	unknown	https://raw.githubusercontent.com/wri/global-power-plant-database/7a91cfbb2a4e272597acbc00506d61fc1ec73b3d/output_database/global_power_plant_database.csv	Entergy Arkansas LLC									1845.0	Plant-level aggregate capacity in WRI GPPD; not reactor-unit capacity.	1977-01-01		http://www.eia.gov/electricity/data/browser/	World Resources Institute	Global Power Plant Database (repository snapshot)	registry	CC BY 4.0	plant_level_not_unit;status_not_supplied;historic_shutdown_not_covered;coordinate_precision_unverified;source_may_be_stale	2026-09-26	Open plant-level discovery record. Verify units, current status, dates and location against PRIS and the national regulator.
wri-gppd-usa0006040	Beaver Valley		facility	nuclear_fission	nuclear power plant (type not supplied)		electricity generation	unknown	established				United States of America	US	40.6219	-80.4336	unknown	https://raw.githubusercontent.com/wri/global-power-plant-database/7a91cfbb2a4e272597acbc00506d61fc1ec73b3d/output_database/global_power_plant_database.csv	FirstEnergy Nuclear Operating Company									1846.8	Plant-level aggregate capacity in WRI GPPD; not reactor-unit capacity.	1981-01-01		http://www.eia.gov/electricity/data/browser/	World Resources Institute	Global Power Plant Database (repository snapshot)	registry	CC BY 4.0	plant_level_not_unit;status_not_supplied;historic_shutdown_not_covered;coordinate_precision_unverified;source_may_be_stale	2026-09-26	Open plant-level discovery record. Verify units, current status, dates and location against PRIS and the national regulator.
wri-gppd-usa0006022	Braidwood Generation Station		facility	nuclear_fission	nuclear power plant (type not supplied)		electricity generation	unknown	established				United States of America	US	41.2435	-88.2286	unknown	https://raw.githubusercontent.com/wri/global-power-plant-database/7a91cfbb2a4e272597acbc00506d61fc1ec73b3d/output_database/global_power_plant_database.csv	Exelon Nuclear									2449.8	Plant-level aggregate capacity in WRI GPPD; not reactor-unit capacity.	1988-01-01		http://www.eia.gov/electricity/data/browser/	World Resources Institute	Global Power Plant Database (repository snapshot)	registry	CC BY 4.0	plant_level_not_unit;status_not_supplied;historic_shutdown_not_covered;coordinate_precision_unverified;source_may_be_stale	2026-09-26	Open plant-level discovery record. Verify units, current status, dates and location against PRIS and the national regulator.
wri-gppd-usa0000046	Browns Ferry		facility	nuclear_fission	nuclear power plant (type not supplied)		electricity generation	unknown	established				United States of America	US	34.7042	-87.1189	unknown	https://raw.githubusercontent.com/wri/global-power-plant-database/7a91cfbb2a4e272597acbc00506d61fc1ec73b3d/output_database/global_power_plant_database.csv	Tennessee Valley Authority									3494.0	Plant-level aggregate capacity in WRI GPPD; not reactor-unit capacity.	1975-01-01		http://www.eia.gov/electricity/data/browser/	World Resources Institute	Global Power Plant Database (repository snapshot)	registry	CC BY 4.0	plant_level_not_unit;status_not_supplied;historic_shutdown_not_covered;coordinate_precision_unverified;source_may_be_stale	2026-09-26	Open plant-level discovery record. Verify units, current status, dates and location against PRIS and the national regulator.
wri-gppd-usa0006014	Brunswick Nuclear		facility	nuclear_fission	nuclear power plant (type not supplied)		electricity generation	unknown	established				United States of America	US	33.9597	-78.0114	unknown	https://raw.githubusercontent.com/wri/global-power-plant-database/7a91cfbb2a4e272597acbc00506d61fc1ec73b3d/output_database/global_power_plant_database.csv	Duke Energy Progress - (NC)									2003.2	Plant-level aggregate capacity in WRI GPPD; not reactor-unit capacity.	1976-01-01		http://www.eia.gov/electricity/data/browser/	World Resources Institute	Global Power Plant Database (repository snapshot)	registry	CC BY 4.0	plant_level_not_unit;status_not_supplied;historic_shutdown_not_covered;coordinate_precision_unverified;source_may_be_stale	2026-09-26	Open plant-level discovery record. Verify units, current status, dates and location against PRIS and the national regulator.
wri-gppd-usa0006023	Byron Generating Station		facility	nuclear_fission	nuclear power plant (type not supplied)		electricity generation	unknown	established				United States of America	US	42.0742	-89.2819	unknown	https://raw.githubusercontent.com/wri/global-power-plant-database/7a91cfbb2a4e272597acbc00506d61fc1ec73b3d/output_database/global_power_plant_database.csv	Exelon Nuclear									2449.8	Plant-level aggregate capacity in WRI GPPD; not reactor-unit capacity.	1986-01-01		http://www.eia.gov/electricity/data/browser/	World Resources Institute	Global Power Plant Database (repository snapshot)	registry	CC BY 4.0	plant_level_not_unit;status_not_supplied;historic_shutdown_not_covered;coordinate_precision_unverified;source_may_be_stale	2026-09-26	Open plant-level discovery record. Verify units, current status, dates and location against PRIS and the national regulator.
wri-gppd-usa0006153	Callaway		facility	nuclear_fission	nuclear power plant (type not supplied)		electricity generation	unknown	established				United States of America	US	38.7589	-91.7788	unknown	https://raw.githubusercontent.com/wri/global-power-plant-database/7a91cfbb2a4e272597acbc00506d61fc1ec73b3d/output_database/global_power_plant_database.csv	Union Electric Co - (MO)									1235.8	Plant-level aggregate capacity in WRI GPPD; not reactor-unit capacity.	1985-01-01		http://www.eia.gov/electricity/data/browser/	World Resources Institute	Global Power Plant Database (repository snapshot)	registry	CC BY 4.0	plant_level_not_unit;status_not_supplied;historic_shutdown_not_covered;coordinate_precision_unverified;source_may_be_stale	2026-09-26	Open plant-level discovery record. Verify units, current status, dates and location against PRIS and the national regulator.
wri-gppd-usa0006011	Calvert Cliffs Nuclear Power Plant		facility	nuclear_fission	nuclear power plant (type not supplied)		electricity generation	unknown	established				United States of America	US	38.4344	-76.4417	unknown	https://raw.githubusercontent.com/wri/global-power-plant-database/7a91cfbb2a4e272597acbc00506d61fc1ec73b3d/output_database/global_power_plant_database.csv	Exelon Nuclear									1850.4	Plant-level aggregate capacity in WRI GPPD; not reactor-unit capacity.	1976-01-01		http://www.eia.gov/electricity/data/browser/	World Resources Institute	Global Power Plant Database (repository snapshot)	registry	CC BY 4.0	plant_level_not_unit;status_not_supplied;historic_shutdown_not_covered;coordinate_precision_unverified;source_may_be_stale	2026-09-26	Open plant-level discovery record. Verify units, current status, dates and location against PRIS and the national regulator.
wri-gppd-usa0006036	Catawba		facility	nuclear_fission	nuclear power plant (type not supplied)		electricity generation	unknown	established				United States of America	US	35.0514	-81.0694	unknown	https://raw.githubusercontent.com/wri/global-power-plant-database/7a91cfbb2a4e272597acbc00506d61fc1ec73b3d/output_database/global_power_plant_database.csv	Duke Energy Carolinas  LLC									2410.2	Plant-level aggregate capacity in WRI GPPD; not reactor-unit capacity.	1985-01-01		http://www.eia.gov/electricity/data/browser/	World Resources Institute	Global Power Plant Database (repository snapshot)	registry	CC BY 4.0	plant_level_not_unit;status_not_supplied;historic_shutdown_not_covered;coordinate_precision_unverified;source_may_be_stale	2026-09-26	Open plant-level discovery record. Verify units, current status, dates and location against PRIS and the national regulator.
wri-gppd-usa0000204	Clinton Power Station		facility	nuclear_fission	nuclear power plant (type not supplied)		electricity generation	unknown	established				United States of America	US	40.1719	-88.8339	unknown	https://raw.githubusercontent.com/wri/global-power-plant-database/7a91cfbb2a4e272597acbc00506d61fc1ec73b3d/output_database/global_power_plant_database.csv	Exelon Nuclear									1138.3	Plant-level aggregate capacity in WRI GPPD; not reactor-unit capacity.	1987-01-01		http://www.eia.gov/electricity/data/browser/	World Resources Institute	Global Power Plant Database (repository snapshot)	registry	CC BY 4.0	plant_level_not_unit;status_not_supplied;historic_shutdown_not_covered;coordinate_precision_unverified;source_may_be_stale	2026-09-26	Open plant-level discovery record. Verify units, current status, dates and location against PRIS and the national regulator.
wri-gppd-usa0000371	Columbia Generating Station		facility	nuclear_fission	nuclear power plant (type not supplied)		electricity generation	unknown	established				United States of America	US	46.4711	-119.3339	unknown	https://raw.githubusercontent.com/wri/global-power-plant-database/7a91cfbb2a4e272597acbc00506d61fc1ec73b3d/output_database/global_power_plant_database.csv	Energy Northwest									1200.0	Plant-level aggregate capacity in WRI GPPD; not reactor-unit capacity.	1985-01-01		http://www.eia.gov/electricity/data/browser/	World Resources Institute	Global Power Plant Database (repository snapshot)	registry	CC BY 4.0	plant_level_not_unit;status_not_supplied;historic_shutdown_not_covered;coordinate_precision_unverified;source_may_be_stale	2026-09-26	Open plant-level discovery record. Verify units, current status, dates and location against PRIS and the national regulator.
wri-gppd-usa0006145	Comanche Peak		facility	nuclear_fission	nuclear power plant (type not supplied)		electricity generation	unknown	established				United States of America	US	32.2984	-97.7855	unknown	https://raw.githubusercontent.com/wri/global-power-plant-database/7a91cfbb2a4e272597acbc00506d61fc1ec73b3d/output_database/global_power_plant_database.csv	Luminant Generation Company LLC									2430.0	Plant-level aggregate capacity in WRI GPPD; not reactor-unit capacity.	1991-01-01		http://www.eia.gov/electricity/data/browser/	World Resources Institute	Global Power Plant Database (repository snapshot)	registry	CC BY 4.0	plant_level_not_unit;status_not_supplied;historic_shutdown_not_covered;coordinate_precision_unverified;source_may_be_stale	2026-09-26	Open plant-level discovery record. Verify units, current status, dates and location against PRIS and the national regulator.
wri-gppd-usa0008036	Cooper Nuclear Station		facility	nuclear_fission	nuclear power plant (type not supplied)		electricity generation	unknown	established				United States of America	US	40.3628	-95.6408	unknown	https://raw.githubusercontent.com/wri/global-power-plant-database/7a91cfbb2a4e272597acbc00506d61fc1ec73b3d/output_database/global_power_plant_database.csv	Nebraska Public Power District									801.0	Plant-level aggregate capacity in WRI GPPD; not reactor-unit capacity.	1974-01-01		http://www.eia.gov/electricity/data/browser/	World Resources Institute	Global Power Plant Database (repository snapshot)	registry	CC BY 4.0	plant_level_not_unit;status_not_supplied;historic_shutdown_not_covered;coordinate_precision_unverified;source_may_be_stale	2026-09-26	Open plant-level discovery record. Verify units, current status, dates and location against PRIS and the national regulator.
wri-gppd-usa0006149	Davis Besse		facility	nuclear_fission	nuclear power plant (type not supplied)		electricity generation	unknown	established				United States of America	US	41.5967	-83.0861	unknown	https://raw.githubusercontent.com/wri/global-power-plant-database/7a91cfbb2a4e272597acbc00506d61fc1ec73b3d/output_database/global_power_plant_database.csv	FirstEnergy Nuclear Operating Company									925.2	Plant-level aggregate capacity in WRI GPPD; not reactor-unit capacity.	1977-01-01		http://www.eia.gov/electricity/data/browser/	World Resources Institute	Global Power Plant Database (repository snapshot)	registry	CC BY 4.0	plant_level_not_unit;status_not_supplied;historic_shutdown_not_covered;coordinate_precision_unverified;source_may_be_stale	2026-09-26	Open plant-level discovery record. Verify units, current status, dates and location against PRIS and the national regulator.
wri-gppd-usa0006099	Diablo Canyon		facility	nuclear_fission	nuclear power plant (type not supplied)		electricity generation	unknown	established				United States of America	US	35.2115	-120.8555	unknown	https://raw.githubusercontent.com/wri/global-power-plant-database/7a91cfbb2a4e272597acbc00506d61fc1ec73b3d/output_database/global_power_plant_database.csv	Pacific Gas & Electric Co.									2323.0	Plant-level aggregate capacity in WRI GPPD; not reactor-unit capacity.	1985-01-01		http://www.eia.gov/electricity/data/browser/	World Resources Institute	Global Power Plant Database (repository snapshot)	registry	CC BY 4.0	plant_level_not_unit;status_not_supplied;historic_shutdown_not_covered;coordinate_precision_unverified;source_may_be_stale	2026-09-26	Open plant-level discovery record. Verify units, current status, dates and location against PRIS and the national regulator.
wri-gppd-usa0006000	Donald C Cook		facility	nuclear_fission	nuclear power plant (type not supplied)		electricity generation	unknown	established				United States of America	US	41.9756	-86.5652	unknown	https://raw.githubusercontent.com/wri/global-power-plant-database/7a91cfbb2a4e272597acbc00506d61fc1ec73b3d/output_database/global_power_plant_database.csv	Indiana Michigan Power Co									2285.3	Plant-level aggregate capacity in WRI GPPD; not reactor-unit capacity.	1976-01-01		http://www.eia.gov/electricity/data/browser/	World Resources Institute	Global Power Plant Database (repository snapshot)	registry	CC BY 4.0	plant_level_not_unit;status_not_supplied;historic_shutdown_not_covered;coordinate_precision_unverified;source_may_be_stale	2026-09-26	Open plant-level discovery record. Verify units, current status, dates and location against PRIS and the national regulator.
wri-gppd-usa0000869	Dresden Generating Station		facility	nuclear_fission	nuclear power plant (type not supplied)		electricity generation	unknown	established				United States of America	US	41.3900	-88.2700	unknown	https://raw.githubusercontent.com/wri/global-power-plant-database/7a91cfbb2a4e272597acbc00506d61fc1ec73b3d/output_database/global_power_plant_database.csv	Exelon Nuclear									2018.6	Plant-level aggregate capacity in WRI GPPD; not reactor-unit capacity.	1970-01-01		http://www.eia.gov/electricity/data/browser/	World Resources Institute	Global Power Plant Database (repository snapshot)	registry	CC BY 4.0	plant_level_not_unit;status_not_supplied;historic_shutdown_not_covered;coordinate_precision_unverified;source_may_be_stale	2026-09-26	Open plant-level discovery record. Verify units, current status, dates and location against PRIS and the national regulator.
wri-gppd-usa0001060	Duane Arnold Energy Center		facility	nuclear_fission	nuclear power plant (type not supplied)		electricity generation	unknown	established				United States of America	US	42.1011	-91.7781	unknown	https://raw.githubusercontent.com/wri/global-power-plant-database/7a91cfbb2a4e272597acbc00506d61fc1ec73b3d/output_database/global_power_plant_database.csv	NextEra Energy Duane Arnold LLC									679.5	Plant-level aggregate capacity in WRI GPPD; not reactor-unit capacity.	1975-01-01		http://www.eia.gov/electricity/data/browser/	World Resources Institute	Global Power Plant Database (repository snapshot)	registry	CC BY 4.0	plant_level_not_unit;status_not_supplied;historic_shutdown_not_covered;coordinate_precision_unverified;source_may_be_stale	2026-09-26	Open plant-level discovery record. Verify units, current status, dates and location against PRIS and the national regulator.
wri-gppd-usa0006051	Edwin I Hatch		facility	nuclear_fission	nuclear power plant (type not supplied)		electricity generation	unknown	established				United States of America	US	31.9342	-82.3447	unknown	https://raw.githubusercontent.com/wri/global-power-plant-database/7a91cfbb2a4e272597acbc00506d61fc1ec73b3d/output_database/global_power_plant_database.csv	Georgia Power Co									1848.0	Plant-level aggregate capacity in WRI GPPD; not reactor-unit capacity.	1977-01-01		http://www.eia.gov/electricity/data/browser/	World Resources Institute	Global Power Plant Database (repository snapshot)	registry	CC BY 4.0	plant_level_not_unit;status_not_supplied;historic_shutdown_not_covered;coordinate_precision_unverified;source_may_be_stale	2026-09-26	Open plant-level discovery record. Verify units, current status, dates and location against PRIS and the national regulator.
wri-gppd-usa0001729	Fermi		facility	nuclear_fission	nuclear power plant (type not supplied)		electricity generation	unknown	established				United States of America	US	41.9631	-83.2581	unknown	https://raw.githubusercontent.com/wri/global-power-plant-database/7a91cfbb2a4e272597acbc00506d61fc1ec73b3d/output_database/global_power_plant_database.csv	DTE Electric Company									1281.0	Plant-level aggregate capacity in WRI GPPD; not reactor-unit capacity.	1986-01-01		http://www.eia.gov/electricity/data/browser/	World Resources Institute	Global Power Plant Database (repository snapshot)	registry	CC BY 4.0	plant_level_not_unit;status_not_supplied;historic_shutdown_not_covered;coordinate_precision_unverified;source_may_be_stale	2026-09-26	Open plant-level discovery record. Verify units, current status, dates and location against PRIS and the national regulator.
wri-gppd-usa0006072	Grand Gulf		facility	nuclear_fission	nuclear power plant (type not supplied)		electricity generation	unknown	established				United States of America	US	32.0081	-91.0478	unknown	https://raw.githubusercontent.com/wri/global-power-plant-database/7a91cfbb2a4e272597acbc00506d61fc1ec73b3d/output_database/global_power_plant_database.csv	System Energy Resources  Inc									1440.0	Plant-level aggregate capacity in WRI GPPD; not reactor-unit capacity.	1985-01-01		http://www.eia.gov/electricity/data/browser/	World Resources Institute	Global Power Plant Database (repository snapshot)	registry	CC BY 4.0	plant_level_not_unit;status_not_supplied;historic_shutdown_not_covered;coordinate_precision_unverified;source_may_be_stale	2026-09-26	Open plant-level discovery record. Verify units, current status, dates and location against PRIS and the national regulator.
wri-gppd-usa0003251	H B Robinson		facility	nuclear_fission	nuclear power plant (type not supplied)		electricity generation	unknown	established				United States of America	US	34.4017	-80.1589	unknown	https://raw.githubusercontent.com/wri/global-power-plant-database/7a91cfbb2a4e272597acbc00506d61fc1ec73b3d/output_database/global_power_plant_database.csv	Duke Energy Progress - (NC)									768.6	Plant-level aggregate capacity in WRI GPPD; not reactor-unit capacity.	1971-01-01		http://www.eia.gov/electricity/data/browser/	World Resources Institute	Global Power Plant Database (repository snapshot)	registry	CC BY 4.0	plant_level_not_unit;status_not_supplied;historic_shutdown_not_covered;coordinate_precision_unverified;source_may_be_stale	2026-09-26	Open plant-level discovery record. Verify units, current status, dates and location against PRIS and the national regulator.
wri-gppd-usa0006015	Harris		facility	nuclear_fission	nuclear power plant (type not supplied)		electricity generation	unknown	established				United States of America	US	35.6334	-78.9556	unknown	https://raw.githubusercontent.com/wri/global-power-plant-database/7a91cfbb2a4e272597acbc00506d61fc1ec73b3d/output_database/global_power_plant_database.csv	Duke Energy Progress - (NC)									950.9	Plant-level aggregate capacity in WRI GPPD; not reactor-unit capacity.	1987-01-01		http://www.eia.gov/electricity/data/browser/	World Resources Institute	Global Power Plant Database (repository snapshot)	registry	CC BY 4.0	plant_level_not_unit;status_not_supplied;historic_shutdown_not_covered;coordinate_precision_unverified;source_may_be_stale	2026-09-26	Open plant-level discovery record. Verify units, current status, dates and location against PRIS and the national regulator.
wri-gppd-usa0002497	Indian Point 2		facility	nuclear_fission	nuclear power plant (type not supplied)		electricity generation	unknown	established				United States of America	US	41.2706	-73.9527	unknown	https://raw.githubusercontent.com/wri/global-power-plant-database/7a91cfbb2a4e272597acbc00506d61fc1ec73b3d/output_database/global_power_plant_database.csv	Entergy Nuclear Indian Point 2									1299.0	Plant-level aggregate capacity in WRI GPPD; not reactor-unit capacity.	1973-01-01		http://www.eia.gov/electricity/data/browser/	World Resources Institute	Global Power Plant Database (repository snapshot)	registry	CC BY 4.0	plant_level_not_unit;status_not_supplied;historic_shutdown_not_covered;coordinate_precision_unverified;source_may_be_stale	2026-09-26	Open plant-level discovery record. Verify units, current status, dates and location against PRIS and the national regulator.
wri-gppd-usa0008907	Indian Point 3		facility	nuclear_fission	nuclear power plant (type not supplied)		electricity generation	unknown	established				United States of America	US	41.2706	-73.9526	unknown	https://raw.githubusercontent.com/wri/global-power-plant-database/7a91cfbb2a4e272597acbc00506d61fc1ec73b3d/output_database/global_power_plant_database.csv	Entergy Nuclear Indian Point 3									1012.0	Plant-level aggregate capacity in WRI GPPD; not reactor-unit capacity.	1976-01-01		http://www.eia.gov/electricity/data/browser/	World Resources Institute	Global Power Plant Database (repository snapshot)	registry	CC BY 4.0	plant_level_not_unit;status_not_supplied;historic_shutdown_not_covered;coordinate_precision_unverified;source_may_be_stale	2026-09-26	Open plant-level discovery record. Verify units, current status, dates and location against PRIS and the national regulator.
wri-gppd-usa0006110	James A Fitzpatrick		facility	nuclear_fission	nuclear power plant (type not supplied)		electricity generation	unknown	established				United States of America	US	43.5214	-76.4084	unknown	https://raw.githubusercontent.com/wri/global-power-plant-database/7a91cfbb2a4e272597acbc00506d61fc1ec73b3d/output_database/global_power_plant_database.csv	Exelon Nuclear									883.3	Plant-level aggregate capacity in WRI GPPD; not reactor-unit capacity.	1976-01-01		http://www.eia.gov/electricity/data/browser/	World Resources Institute	Global Power Plant Database (repository snapshot)	registry	CC BY 4.0	plant_level_not_unit;status_not_supplied;historic_shutdown_not_covered;coordinate_precision_unverified;source_may_be_stale	2026-09-26	Open plant-level discovery record. Verify units, current status, dates and location against PRIS and the national regulator.
wri-gppd-usa0006001	Joseph M Farley		facility	nuclear_fission	nuclear power plant (type not supplied)		electricity generation	unknown	established				United States of America	US	31.2231	-85.1116	unknown	https://raw.githubusercontent.com/wri/global-power-plant-database/7a91cfbb2a4e272597acbc00506d61fc1ec73b3d/output_database/global_power_plant_database.csv	Alabama Power Co									1776.4	Plant-level aggregate capacity in WRI GPPD; not reactor-unit capacity.	1979-01-01		http://www.eia.gov/electricity/data/browser/	World Resources Institute	Global Power Plant Database (repository snapshot)	registry	CC BY 4.0	plant_level_not_unit;status_not_supplied;historic_shutdown_not_covered;coordinate_precision_unverified;source_may_be_stale	2026-09-26	Open plant-level discovery record. Verify units, current status, dates and location against PRIS and the national regulator.
wri-gppd-usa0006026	LaSalle Generating Station		facility	nuclear_fission	nuclear power plant (type not supplied)		electricity generation	unknown	established				United States of America	US	41.2455	-88.6691	unknown	https://raw.githubusercontent.com/wri/global-power-plant-database/7a91cfbb2a4e272597acbc00506d61fc1ec73b3d/output_database/global_power_plant_database.csv	Exelon Nuclear									2340.0	Plant-level aggregate capacity in WRI GPPD; not reactor-unit capacity.	1984-01-01		http://www.eia.gov/electricity/data/browser/	World Resources Institute	Global Power Plant Database (repository snapshot)	registry	CC BY 4.0	plant_level_not_unit;status_not_supplied;historic_shutdown_not_covered;coordinate_precision_unverified;source_may_be_stale	2026-09-26	Open plant-level discovery record. Verify units, current status, dates and location against PRIS and the national regulator.
wri-gppd-usa0006105	Limerick		facility	nuclear_fission	nuclear power plant (type not supplied)		electricity generation	unknown	established				United States of America	US	40.2243	-75.5874	unknown	https://raw.githubusercontent.com/wri/global-power-plant-database/7a91cfbb2a4e272597acbc00506d61fc1ec73b3d/output_database/global_power_plant_database.csv	Exelon Nuclear									2277.0	Plant-level aggregate capacity in WRI GPPD; not reactor-unit capacity.	1988-01-01		http://www.eia.gov/electricity/data/browser/	World Resources Institute	Global Power Plant Database (repository snapshot)	registry	CC BY 4.0	plant_level_not_unit;status_not_supplied;historic_shutdown_not_covered;coordinate_precision_unverified;source_may_be_stale	2026-09-26	Open plant-level discovery record. Verify units, current status, dates and location against PRIS and the national regulator.
wri-gppd-usa0006038	McGuire		facility	nuclear_fission	nuclear power plant (type not supplied)		electricity generation	unknown	established				United States of America	US	35.4331	-80.9486	unknown	https://raw.githubusercontent.com/wri/global-power-plant-database/7a91cfbb2a4e272597acbc00506d61fc1ec73b3d/output_database/global_power_plant_database.csv	Duke Energy Carolinas  LLC									2440.6	Plant-level aggregate capacity in WRI GPPD; not reactor-unit capacity.	1982-01-01		http://www.eia.gov/electricity/data/browser/	World Resources Institute	Global Power Plant Database (repository snapshot)	registry	CC BY 4.0	plant_level_not_unit;status_not_supplied;historic_shutdown_not_covered;coordinate_precision_unverified;source_may_be_stale	2026-09-26	Open plant-level discovery record. Verify units, current status, dates and location against PRIS and the national regulator.
wri-gppd-usa0000566	Millstone		facility	nuclear_fission	nuclear power plant (type not supplied)		electricity generation	unknown	established				United States of America	US	41.3107	-72.1677	unknown	https://raw.githubusercontent.com/wri/global-power-plant-database/7a91cfbb2a4e272597acbc00506d61fc1ec73b3d/output_database/global_power_plant_database.csv	Dominion Energy Nuclear Conn Inc									2162.9	Plant-level aggregate capacity in WRI GPPD; not reactor-unit capacity.	1981-01-01		http://www.eia.gov/electricity/data/browser/	World Resources Institute	Global Power Plant Database (repository snapshot)	registry	CC BY 4.0	plant_level_not_unit;status_not_supplied;historic_shutdown_not_covered;coordinate_precision_unverified;source_may_be_stale	2026-09-26	Open plant-level discovery record. Verify units, current status, dates and location against PRIS and the national regulator.
wri-gppd-usa0001922	Monticello Nuclear Facility		facility	nuclear_fission	nuclear power plant (type not supplied)		electricity generation	unknown	established				United States of America	US	45.3338	-93.8493	unknown	https://raw.githubusercontent.com/wri/global-power-plant-database/7a91cfbb2a4e272597acbc00506d61fc1ec73b3d/output_database/global_power_plant_database.csv	Northern States Power Co - Minnesota									685.0	Plant-level aggregate capacity in WRI GPPD; not reactor-unit capacity.	1971-01-01		http://www.eia.gov/electricity/data/browser/	World Resources Institute	Global Power Plant Database (repository snapshot)	registry	CC BY 4.0	plant_level_not_unit;status_not_supplied;historic_shutdown_not_covered;coordinate_precision_unverified;source_may_be_stale	2026-09-26	Open plant-level discovery record. Verify units, current status, dates and location against PRIS and the national regulator.
wri-gppd-usa0002589	Nine Mile Point Nuclear Station		facility	nuclear_fission	nuclear power plant (type not supplied)		electricity generation	unknown	established				United States of America	US	43.5211	-76.4100	unknown	https://raw.githubusercontent.com/wri/global-power-plant-database/7a91cfbb2a4e272597acbc00506d61fc1ec73b3d/output_database/global_power_plant_database.csv	Exelon Nuclear									1901.1	Plant-level aggregate capacity in WRI GPPD; not reactor-unit capacity.	1981-01-01		http://www.eia.gov/electricity/data/browser/	World Resources Institute	Global Power Plant Database (repository snapshot)	registry	CC BY 4.0	plant_level_not_unit;status_not_supplied;historic_shutdown_not_covered;coordinate_precision_unverified;source_may_be_stale	2026-09-26	Open plant-level discovery record. Verify units, current status, dates and location against PRIS and the national regulator.
wri-gppd-usa0006168	North Anna		facility	nuclear_fission	nuclear power plant (type not supplied)		electricity generation	unknown	established				United States of America	US	38.0600	-77.7897	unknown	https://raw.githubusercontent.com/wri/global-power-plant-database/7a91cfbb2a4e272597acbc00506d61fc1ec73b3d/output_database/global_power_plant_database.csv	Virginia Electric & Power Co									1960.4	Plant-level aggregate capacity in WRI GPPD; not reactor-unit capacity.	1979-01-01		http://www.eia.gov/electricity/data/browser/	World Resources Institute	Global Power Plant Database (repository snapshot)	registry	CC BY 4.0	plant_level_not_unit;status_not_supplied;historic_shutdown_not_covered;coordinate_precision_unverified;source_may_be_stale	2026-09-26	Open plant-level discovery record. Verify units, current status, dates and location against PRIS and the national regulator.
wri-gppd-usa0003265	Oconee		facility	nuclear_fission	nuclear power plant (type not supplied)		electricity generation	unknown	established				United States of America	US	34.7939	-82.8986	unknown	https://raw.githubusercontent.com/wri/global-power-plant-database/7a91cfbb2a4e272597acbc00506d61fc1ec73b3d/output_database/global_power_plant_database.csv	Duke Energy Carolinas  LLC									2666.7	Plant-level aggregate capacity in WRI GPPD; not reactor-unit capacity.	1974-01-01		http://www.eia.gov/electricity/data/browser/	World Resources Institute	Global Power Plant Database (repository snapshot)	registry	CC BY 4.0	plant_level_not_unit;status_not_supplied;historic_shutdown_not_covered;coordinate_precision_unverified;source_may_be_stale	2026-09-26	Open plant-level discovery record. Verify units, current status, dates and location against PRIS and the national regulator.
wri-gppd-usa0006118	PSEG Hope Creek Generating Station		facility	nuclear_fission	nuclear power plant (type not supplied)		electricity generation	unknown	established				United States of America	US	39.4666	-75.5377	unknown	https://raw.githubusercontent.com/wri/global-power-plant-database/7a91cfbb2a4e272597acbc00506d61fc1ec73b3d/output_database/global_power_plant_database.csv	PSEG Nuclear LLC									1290.7	Plant-level aggregate capacity in WRI GPPD; not reactor-unit capacity.	1986-01-01		http://www.eia.gov/electricity/data/browser/	World Resources Institute	Global Power Plant Database (repository snapshot)	registry	CC BY 4.0	plant_level_not_unit;status_not_supplied;historic_shutdown_not_covered;coordinate_precision_unverified;source_may_be_stale	2026-09-26	Open plant-level discovery record. Verify units, current status, dates and location against PRIS and the national regulator.
wri-gppd-usa0002410	PSEG Salem Generating Station		facility	nuclear_fission	nuclear power plant (type not supplied)		electricity generation	unknown	established				United States of America	US	39.4625	-75.5358	unknown	https://raw.githubusercontent.com/wri/global-power-plant-database/7a91cfbb2a4e272597acbc00506d61fc1ec73b3d/output_database/global_power_plant_database.csv	PSEG Nuclear LLC									2381.8	Plant-level aggregate capacity in WRI GPPD; not reactor-unit capacity.	1978-01-01		http://www.eia.gov/electricity/data/browser/	World Resources Institute	Global Power Plant Database (repository snapshot)	registry	CC BY 4.0	plant_level_not_unit;status_not_supplied;historic_shutdown_not_covered;coordinate_precision_unverified;source_may_be_stale	2026-09-26	Open plant-level discovery record. Verify units, current status, dates and location against PRIS and the national regulator.
wri-gppd-usa0001715	Palisades		facility	nuclear_fission	nuclear power plant (type not supplied)		electricity generation	unknown	established				United States of America	US	42.3230	-86.3146	unknown	https://raw.githubusercontent.com/wri/global-power-plant-database/7a91cfbb2a4e272597acbc00506d61fc1ec73b3d/output_database/global_power_plant_database.csv	Entergy Nuclear Palisades LLC									811.8	Plant-level aggregate capacity in WRI GPPD; not reactor-unit capacity.	1972-01-01		http://www.eia.gov/electricity/data/browser/	World Resources Institute	Global Power Plant Database (repository snapshot)	registry	CC BY 4.0	plant_level_not_unit;status_not_supplied;historic_shutdown_not_covered;coordinate_precision_unverified;source_may_be_stale	2026-09-26	Open plant-level discovery record. Verify units, current status, dates and location against PRIS and the national regulator.
wri-gppd-usa0006008	Palo Verde		facility	nuclear_fission	nuclear power plant (type not supplied)		electricity generation	unknown	established				United States of America	US	33.3881	-112.8617	unknown	https://raw.githubusercontent.com/wri/global-power-plant-database/7a91cfbb2a4e272597acbc00506d61fc1ec73b3d/output_database/global_power_plant_database.csv	Arizona Public Service Co									4209.6	Plant-level aggregate capacity in WRI GPPD; not reactor-unit capacity.	1986-01-01		http://www.eia.gov/electricity/data/browser/	World Resources Institute	Global Power Plant Database (repository snapshot)	registry	CC BY 4.0	plant_level_not_unit;status_not_supplied;historic_shutdown_not_covered;coordinate_precision_unverified;source_may_be_stale	2026-09-26	Open plant-level discovery record. Verify units, current status, dates and location against PRIS and the national regulator.
wri-gppd-usa0003166	Peach Bottom		facility	nuclear_fission	nuclear power plant (type not supplied)		electricity generation	unknown	established				United States of America	US	39.7589	-76.2687	unknown	https://raw.githubusercontent.com/wri/global-power-plant-database/7a91cfbb2a4e272597acbc00506d61fc1ec73b3d/output_database/global_power_plant_database.csv	Exelon Nuclear									2876.4	Plant-level aggregate capacity in WRI GPPD; not reactor-unit capacity.	1974-01-01		http://www.eia.gov/electricity/data/browser/	World Resources Institute	Global Power Plant Database (repository snapshot)	registry	CC BY 4.0	plant_level_not_unit;status_not_supplied;historic_shutdown_not_covered;coordinate_precision_unverified;source_may_be_stale	2026-09-26	Open plant-level discovery record. Verify units, current status, dates and location against PRIS and the national regulator.
wri-gppd-usa0006020	Perry		facility	nuclear_fission	nuclear power plant (type not supplied)		electricity generation	unknown	established				United States of America	US	41.8006	-81.1439	unknown	https://raw.githubusercontent.com/wri/global-power-plant-database/7a91cfbb2a4e272597acbc00506d61fc1ec73b3d/output_database/global_power_plant_database.csv	FirstEnergy Nuclear Operating Company									1311.6	Plant-level aggregate capacity in WRI GPPD; not reactor-unit capacity.	1987-01-01		http://www.eia.gov/electricity/data/browser/	World Resources Institute	Global Power Plant Database (repository snapshot)	registry	CC BY 4.0	plant_level_not_unit;status_not_supplied;historic_shutdown_not_covered;coordinate_precision_unverified;source_may_be_stale	2026-09-26	Open plant-level discovery record. Verify units, current status, dates and location against PRIS and the national regulator.
wri-gppd-usa0004046	Point Beach Nuclear Plant		facility	nuclear_fission	nuclear power plant (type not supplied)		electricity generation	unknown	established				United States of America	US	44.2806	-87.5369	unknown	https://raw.githubusercontent.com/wri/global-power-plant-database/7a91cfbb2a4e272597acbc00506d61fc1ec73b3d/output_database/global_power_plant_database.csv	NextEra Energy Point Beach LLC									1311.0	Plant-level aggregate capacity in WRI GPPD; not reactor-unit capacity.	1971-01-01		http://www.eia.gov/electricity/data/browser/	World Resources Institute	Global Power Plant Database (repository snapshot)	registry	CC BY 4.0	plant_level_not_unit;status_not_supplied;historic_shutdown_not_covered;coordinate_precision_unverified;source_may_be_stale	2026-09-26	Open plant-level discovery record. Verify units, current status, dates and location against PRIS and the national regulator.
wri-gppd-usa0001925	Prairie Island		facility	nuclear_fission	nuclear power plant (type not supplied)		electricity generation	unknown	established				United States of America	US	44.6220	-92.6333	unknown	https://raw.githubusercontent.com/wri/global-power-plant-database/7a91cfbb2a4e272597acbc00506d61fc1ec73b3d/output_database/global_power_plant_database.csv	Northern States Power Co - Minnesota									1186.2	Plant-level aggregate capacity in WRI GPPD; not reactor-unit capacity.	1974-01-01		http://www.eia.gov/electricity/data/browser/	World Resources Institute	Global Power Plant Database (repository snapshot)	registry	CC BY 4.0	plant_level_not_unit;status_not_supplied;historic_shutdown_not_covered;coordinate_precision_unverified;source_may_be_stale	2026-09-26	Open plant-level discovery record. Verify units, current status, dates and location against PRIS and the national regulator.
wri-gppd-usa0000880	Quad Cities Generating Station		facility	nuclear_fission	nuclear power plant (type not supplied)		electricity generation	unknown	established				United States of America	US	41.7261	-90.3103	unknown	https://raw.githubusercontent.com/wri/global-power-plant-database/7a91cfbb2a4e272597acbc00506d61fc1ec73b3d/output_database/global_power_plant_database.csv	Exelon Nuclear									2018.6	Plant-level aggregate capacity in WRI GPPD; not reactor-unit capacity.	1973-01-01		http://www.eia.gov/electricity/data/browser/	World Resources Institute	Global Power Plant Database (repository snapshot)	registry	CC BY 4.0	plant_level_not_unit;status_not_supplied;historic_shutdown_not_covered;coordinate_precision_unverified;source_may_be_stale	2026-09-26	Open plant-level discovery record. Verify units, current status, dates and location against PRIS and the national regulator.
wri-gppd-usa0006122	R E Ginna Nuclear Power Plant		facility	nuclear_fission	nuclear power plant (type not supplied)		electricity generation	unknown	established				United States of America	US	43.2777	-77.3099	unknown	https://raw.githubusercontent.com/wri/global-power-plant-database/7a91cfbb2a4e272597acbc00506d61fc1ec73b3d/output_database/global_power_plant_database.csv	Exelon Nuclear									614.0	Plant-level aggregate capacity in WRI GPPD; not reactor-unit capacity.	1970-01-01		http://www.eia.gov/electricity/data/browser/	World Resources Institute	Global Power Plant Database (repository snapshot)	registry	CC BY 4.0	plant_level_not_unit;status_not_supplied;historic_shutdown_not_covered;coordinate_precision_unverified;source_may_be_stale	2026-09-26	Open plant-level discovery record. Verify units, current status, dates and location against PRIS and the national regulator.
wri-gppd-usa0006462	River Bend		facility	nuclear_fission	nuclear power plant (type not supplied)		electricity generation	unknown	established				United States of America	US	30.7570	-91.3327	unknown	https://raw.githubusercontent.com/wri/global-power-plant-database/7a91cfbb2a4e272597acbc00506d61fc1ec73b3d/output_database/global_power_plant_database.csv	Entergy Louisiana LLC									1035.9	Plant-level aggregate capacity in WRI GPPD; not reactor-unit capacity.	1986-01-01		http://www.eia.gov/electricity/data/browser/	World Resources Institute	Global Power Plant Database (repository snapshot)	registry	CC BY 4.0	plant_level_not_unit;status_not_supplied;historic_shutdown_not_covered;coordinate_precision_unverified;source_may_be_stale	2026-09-26	Open plant-level discovery record. Verify units, current status, dates and location against PRIS and the national regulator.
wri-gppd-usa0006115	Seabrook		facility	nuclear_fission	nuclear power plant (type not supplied)		electricity generation	unknown	established				United States of America	US	42.8992	-70.8489	unknown	https://raw.githubusercontent.com/wri/global-power-plant-database/7a91cfbb2a4e272597acbc00506d61fc1ec73b3d/output_database/global_power_plant_database.csv	NextEra Energy Seabrook LLC									1242.0	Plant-level aggregate capacity in WRI GPPD; not reactor-unit capacity.	1990-01-01		http://www.eia.gov/electricity/data/browser/	World Resources Institute	Global Power Plant Database (repository snapshot)	registry	CC BY 4.0	plant_level_not_unit;status_not_supplied;historic_shutdown_not_covered;coordinate_precision_unverified;source_may_be_stale	2026-09-26	Open plant-level discovery record. Verify units, current status, dates and location against PRIS and the national regulator.
wri-gppd-usa0006152	Sequoyah		facility	nuclear_fission	nuclear power plant (type not supplied)		electricity generation	unknown	established				United States of America	US	35.2267	-85.0917	unknown	https://raw.githubusercontent.com/wri/global-power-plant-database/7a91cfbb2a4e272597acbc00506d61fc1ec73b3d/output_database/global_power_plant_database.csv	Tennessee Valley Authority									2441.0	Plant-level aggregate capacity in WRI GPPD; not reactor-unit capacity.	1981-01-01		http://www.eia.gov/electricity/data/browser/	World Resources Institute	Global Power Plant Database (repository snapshot)	registry	CC BY 4.0	plant_level_not_unit;status_not_supplied;historic_shutdown_not_covered;coordinate_precision_unverified;source_may_be_stale	2026-09-26	Open plant-level discovery record. Verify units, current status, dates and location against PRIS and the national regulator.
wri-gppd-usa0006251	South Texas Project		facility	nuclear_fission	nuclear power plant (type not supplied)		electricity generation	unknown	established				United States of America	US	28.7950	-96.0481	unknown	https://raw.githubusercontent.com/wri/global-power-plant-database/7a91cfbb2a4e272597acbc00506d61fc1ec73b3d/output_database/global_power_plant_database.csv	STP Nuclear Operating Co									2708.6	Plant-level aggregate capacity in WRI GPPD; not reactor-unit capacity.	1988-01-01		http://www.eia.gov/electricity/data/browser/	World Resources Institute	Global Power Plant Database (repository snapshot)	registry	CC BY 4.0	plant_level_not_unit;status_not_supplied;historic_shutdown_not_covered;coordinate_precision_unverified;source_may_be_stale	2026-09-26	Open plant-level discovery record. Verify units, current status, dates and location against PRIS and the national regulator.
wri-gppd-usa0006045	St Lucie		facility	nuclear_fission	nuclear power plant (type not supplied)		electricity generation	unknown	established				United States of America	US	27.3486	-80.2464	unknown	https://raw.githubusercontent.com/wri/global-power-plant-database/7a91cfbb2a4e272597acbc00506d61fc1ec73b3d/output_database/global_power_plant_database.csv	Florida Power & Light Co									2160.0	Plant-level aggregate capacity in WRI GPPD; not reactor-unit capacity.	1979-01-01		http://www.eia.gov/electricity/data/browser/	World Resources Institute	Global Power Plant Database (repository snapshot)	registry	CC BY 4.0	plant_level_not_unit;status_not_supplied;historic_shutdown_not_covered;coordinate_precision_unverified;source_may_be_stale	2026-09-26	Open plant-level discovery record. Verify units, current status, dates and location against PRIS and the national regulator.
wri-gppd-usa0003806	Surry		facility	nuclear_fission	nuclear power plant (type not supplied)		electricity generation	unknown	established				United States of America	US	37.1661	-76.6986	unknown	https://raw.githubusercontent.com/wri/global-power-plant-database/7a91cfbb2a4e272597acbc00506d61fc1ec73b3d/output_database/global_power_plant_database.csv	Virginia Electric & Power Co									1695.0	Plant-level aggregate capacity in WRI GPPD; not reactor-unit capacity.	1973-01-01		http://www.eia.gov/electricity/data/browser/	World Resources Institute	Global Power Plant Database (repository snapshot)	registry	CC BY 4.0	plant_level_not_unit;status_not_supplied;historic_shutdown_not_covered;coordinate_precision_unverified;source_may_be_stale	2026-09-26	Open plant-level discovery record. Verify units, current status, dates and location against PRIS and the national regulator.
wri-gppd-usa0006103	TalenEnergy Susquehanna		facility	nuclear_fission	nuclear power plant (type not supplied)		electricity generation	unknown	established				United States of America	US	41.0919	-76.1462	unknown	https://raw.githubusercontent.com/wri/global-power-plant-database/7a91cfbb2a4e272597acbc00506d61fc1ec73b3d/output_database/global_power_plant_database.csv	TalenEnergy Susquehanna LLC									2532.0	Plant-level aggregate capacity in WRI GPPD; not reactor-unit capacity.	1984-01-01		http://www.eia.gov/electricity/data/browser/	World Resources Institute	Global Power Plant Database (repository snapshot)	registry	CC BY 4.0	plant_level_not_unit;status_not_supplied;historic_shutdown_not_covered;coordinate_precision_unverified;source_may_be_stale	2026-09-26	Open plant-level discovery record. Verify units, current status, dates and location against PRIS and the national regulator.
wri-gppd-usa0000621	Turkey Point		facility	nuclear_fission	nuclear power plant (type not supplied)		electricity generation	unknown	established				United States of America	US	25.4356	-80.3308	unknown	https://raw.githubusercontent.com/wri/global-power-plant-database/7a91cfbb2a4e272597acbc00506d61fc1ec73b3d/output_database/global_power_plant_database.csv	Florida Power & Light Co									2861.2	Plant-level aggregate capacity in WRI GPPD; not reactor-unit capacity.	1987-01-01		http://www.eia.gov/electricity/data/browser/	World Resources Institute	Global Power Plant Database (repository snapshot)	registry	CC BY 4.0	plant_level_not_unit;status_not_supplied;historic_shutdown_not_covered;coordinate_precision_unverified;source_may_be_stale	2026-09-26	Open plant-level discovery record. Verify units, current status, dates and location against PRIS and the national regulator.
wri-gppd-usa0006127	V C Summer		facility	nuclear_fission	nuclear power plant (type not supplied)		electricity generation	unknown	established				United States of America	US	34.2983	-81.3153	unknown	https://raw.githubusercontent.com/wri/global-power-plant-database/7a91cfbb2a4e272597acbc00506d61fc1ec73b3d/output_database/global_power_plant_database.csv	Dominion Energy South Carolina  Inc									1029.6	Plant-level aggregate capacity in WRI GPPD; not reactor-unit capacity.	1984-01-01		http://www.eia.gov/electricity/data/browser/	World Resources Institute	Global Power Plant Database (repository snapshot)	registry	CC BY 4.0	plant_level_not_unit;status_not_supplied;historic_shutdown_not_covered;coordinate_precision_unverified;source_may_be_stale	2026-09-26	Open plant-level discovery record. Verify units, current status, dates and location against PRIS and the national regulator.
wri-gppd-usa0000649	Vogtle		facility	nuclear_fission	nuclear power plant (type not supplied)		electricity generation	unknown	established				United States of America	US	33.1427	-81.7625	unknown	https://raw.githubusercontent.com/wri/global-power-plant-database/7a91cfbb2a4e272597acbc00506d61fc1ec73b3d/output_database/global_power_plant_database.csv	Georgia Power Co									2430.0	Plant-level aggregate capacity in WRI GPPD; not reactor-unit capacity.	1988-01-01		http://www.eia.gov/electricity/data/browser/	World Resources Institute	Global Power Plant Database (repository snapshot)	registry	CC BY 4.0	plant_level_not_unit;status_not_supplied;historic_shutdown_not_covered;coordinate_precision_unverified;source_may_be_stale	2026-09-26	Open plant-level discovery record. Verify units, current status, dates and location against PRIS and the national regulator.
wri-gppd-usa0004270	Waterford 3		facility	nuclear_fission	nuclear power plant (type not supplied)		electricity generation	unknown	established				United States of America	US	29.9953	-90.4716	unknown	https://raw.githubusercontent.com/wri/global-power-plant-database/7a91cfbb2a4e272597acbc00506d61fc1ec73b3d/output_database/global_power_plant_database.csv	Entergy Louisiana LLC									1199.8	Plant-level aggregate capacity in WRI GPPD; not reactor-unit capacity.	1985-01-01		http://www.eia.gov/electricity/data/browser/	World Resources Institute	Global Power Plant Database (repository snapshot)	registry	CC BY 4.0	plant_level_not_unit;status_not_supplied;historic_shutdown_not_covered;coordinate_precision_unverified;source_may_be_stale	2026-09-26	Open plant-level discovery record. Verify units, current status, dates and location against PRIS and the national regulator.
wri-gppd-usa0007722	Watts Bar Nuclear Plant		facility	nuclear_fission	nuclear power plant (type not supplied)		electricity generation	unknown	established				United States of America	US	35.6021	-84.7895	unknown	https://raw.githubusercontent.com/wri/global-power-plant-database/7a91cfbb2a4e272597acbc00506d61fc1ec73b3d/output_database/global_power_plant_database.csv	Tennessee Valley Authority									2539.8	Plant-level aggregate capacity in WRI GPPD; not reactor-unit capacity.	2006-01-01		http://www.eia.gov/electricity/data/browser/	World Resources Institute	Global Power Plant Database (repository snapshot)	registry	CC BY 4.0	plant_level_not_unit;status_not_supplied;historic_shutdown_not_covered;coordinate_precision_unverified;source_may_be_stale	2026-09-26	Open plant-level discovery record. Verify units, current status, dates and location against PRIS and the national regulator.
wri-gppd-usa0000210	Wolf Creek Generating Station		facility	nuclear_fission	nuclear power plant (type not supplied)		electricity generation	unknown	established				United States of America	US	38.2393	-95.6898	unknown	https://raw.githubusercontent.com/wri/global-power-plant-database/7a91cfbb2a4e272597acbc00506d61fc1ec73b3d/output_database/global_power_plant_database.csv	Wolf Creek Nuclear Optg Corp									1267.7	Plant-level aggregate capacity in WRI GPPD; not reactor-unit capacity.	1985-01-01		http://www.eia.gov/electricity/data/browser/	World Resources Institute	Global Power Plant Database (repository snapshot)	registry	CC BY 4.0	plant_level_not_unit;status_not_supplied;historic_shutdown_not_covered;coordinate_precision_unverified;source_may_be_stale	2026-09-26	Open plant-level discovery record. Verify units, current status, dates and location against PRIS and the national regulator.
wri-gppd-wri1000137	Koeberg		facility	nuclear_fission	nuclear power plant (type not supplied)		electricity generation	unknown	established				South Africa	ZA	-33.6737	18.4281	unknown	https://raw.githubusercontent.com/wri/global-power-plant-database/7a91cfbb2a4e272597acbc00506d61fc1ec73b3d/output_database/global_power_plant_database.csv	Eskom									1800.0	Plant-level aggregate capacity in WRI GPPD; not reactor-unit capacity.	1984-01-01		http://www.eskom.co.za/Whatweredoing/ElectricityGeneration/KoebergNuclearPowerStation/Pages/Koeberg_Power_Station.aspx	World Resources Institute	Global Power Plant Database (repository snapshot)	registry	CC BY 4.0	plant_level_not_unit;status_not_supplied;historic_shutdown_not_covered;coordinate_precision_unverified;source_may_be_stale	2026-09-26	Open plant-level discovery record. Verify units, current status, dates and location against PRIS and the national regulator.
