{
  "type": "FeatureCollection",
  "features": [
    {
      "type": "Feature",
      "id": "wri-gppd-wri1019028",
      "geometry": {
        "type": "Point",
        "coordinates": [
          44.1498,
          40.1805
        ]
      },
      "properties": {
        "id": "wri-gppd-wri1019028",
        "name": "Armenian-2",
        "record_kind": "facility",
        "domain": "nuclear_fission",
        "reactor_type": "nuclear power plant (type not supplied)",
        "status": "unknown",
        "evidence_maturity": "established",
        "country": "Armenia",
        "country_code": "AM",
        "coordinate_precision": "unknown",
        "source_url": "https://www.iaea.org/PRIS/CountryStatistics/ReactorDetails.aspx?current=2",
        "source_publisher": "World Resources Institute",
        "source_role": "registry",
        "source_license": "CC BY 4.0",
        "source_quality_flags": "plant_level_not_unit;status_not_supplied;historic_shutdown_not_covered;coordinate_precision_unverified;source_may_be_stale",
        "last_verified": "2026-09-26",
        "verification_notes": "Open plant-level discovery record. Verify units, current status, dates and location against PRIS and the national regulator.",
        "start_date": "1980-01-01",
        "end_date": null
      }
    },
    {
      "type": "Feature",
      "id": "wri-gppd-arg0000029",
      "geometry": {
        "type": "Point",
        "coordinates": [
          -59.2059,
          -33.967
        ]
      },
      "properties": {
        "id": "wri-gppd-arg0000029",
        "name": "ATUCHA I",
        "record_kind": "facility",
        "domain": "nuclear_fission",
        "reactor_type": "nuclear power plant (type not supplied)",
        "status": "unknown",
        "evidence_maturity": "established",
        "country": "Argentina",
        "country_code": "AR",
        "coordinate_precision": "unknown",
        "source_url": "http://energia3.mecon.gov.ar/contenidos/archivos/Reorganizacion/informacion_del_mercado/publicaciones/mercado_electrico/estadisticosectorelectrico/2015/A1.POT_GEN_COMB_POR_CENTRAL_2015.xlsx",
        "source_publisher": "World Resources Institute",
        "source_role": "registry",
        "source_license": "CC BY 4.0",
        "source_quality_flags": "plant_level_not_unit;status_not_supplied;historic_shutdown_not_covered;coordinate_precision_unverified;source_may_be_stale",
        "last_verified": "2026-09-26",
        "verification_notes": "Open plant-level discovery record. Verify units, current status, dates and location against PRIS and the national regulator.",
        "start_date": "1974-01-01",
        "end_date": null
      }
    },
    {
      "type": "Feature",
      "id": "wri-gppd-arg0000030",
      "geometry": {
        "type": "Point",
        "coordinates": [
          -59.2045,
          -33.9674
        ]
      },
      "properties": {
        "id": "wri-gppd-arg0000030",
        "name": "ATUCHA II",
        "record_kind": "facility",
        "domain": "nuclear_fission",
        "reactor_type": "nuclear power plant (type not supplied)",
        "status": "unknown",
        "evidence_maturity": "established",
        "country": "Argentina",
        "country_code": "AR",
        "coordinate_precision": "unknown",
        "source_url": "http://energia3.mecon.gov.ar/contenidos/archivos/Reorganizacion/informacion_del_mercado/publicaciones/mercado_electrico/estadisticosectorelectrico/2015/A1.POT_GEN_COMB_POR_CENTRAL_2015.xlsx",
        "source_publisher": "World Resources Institute",
        "source_role": "registry",
        "source_license": "CC BY 4.0",
        "source_quality_flags": "plant_level_not_unit;status_not_supplied;historic_shutdown_not_covered;coordinate_precision_unverified;source_may_be_stale",
        "last_verified": "2026-09-26",
        "verification_notes": "Open plant-level discovery record. Verify units, current status, dates and location against PRIS and the national regulator.",
        "start_date": "2014-01-01",
        "end_date": null
      }
    },
    {
      "type": "Feature",
      "id": "wri-gppd-arg0000112",
      "geometry": {
        "type": "Point",
        "coordinates": [
          -64.4422,
          -32.2316
        ]
      },
      "properties": {
        "id": "wri-gppd-arg0000112",
        "name": "EMBALSE",
        "record_kind": "facility",
        "domain": "nuclear_fission",
        "reactor_type": "nuclear power plant (type not supplied)",
        "status": "unknown",
        "evidence_maturity": "established",
        "country": "Argentina",
        "country_code": "AR",
        "coordinate_precision": "unknown",
        "source_url": "http://energia3.mecon.gov.ar/contenidos/archivos/Reorganizacion/informacion_del_mercado/publicaciones/mercado_electrico/estadisticosectorelectrico/2015/A1.POT_GEN_COMB_POR_CENTRAL_2015.xlsx",
        "source_publisher": "World Resources Institute",
        "source_role": "registry",
        "source_license": "CC BY 4.0",
        "source_quality_flags": "plant_level_not_unit;status_not_supplied;historic_shutdown_not_covered;coordinate_precision_unverified;source_may_be_stale",
        "last_verified": "2026-09-26",
        "verification_notes": "Open plant-level discovery record. Verify units, current status, dates and location against PRIS and the national regulator.",
        "start_date": "1984-01-01",
        "end_date": null
      }
    },
    {
      "type": "Feature",
      "id": "wri-gppd-wri1002223",
      "geometry": {
        "type": "Point",
        "coordinates": [
          4.2597,
          51.3254
        ]
      },
      "properties": {
        "id": "wri-gppd-wri1002223",
        "name": "DOEL 4",
        "record_kind": "facility",
        "domain": "nuclear_fission",
        "reactor_type": "nuclear power plant (type not supplied)",
        "status": "unknown",
        "evidence_maturity": "established",
        "country": "Belgium",
        "country_code": "BE",
        "coordinate_precision": "unknown",
        "source_url": "http://publications.elia.be/upload/ProductionParkOverview.html?TS=20120416193815",
        "source_publisher": "World Resources Institute",
        "source_role": "registry",
        "source_license": "CC BY 4.0",
        "source_quality_flags": "plant_level_not_unit;status_not_supplied;historic_shutdown_not_covered;coordinate_precision_unverified;source_may_be_stale",
        "last_verified": "2026-09-26",
        "verification_notes": "Open plant-level discovery record. Verify units, current status, dates and location against PRIS and the national regulator.",
        "start_date": "1985-01-01",
        "end_date": null
      }
    },
    {
      "type": "Feature",
      "id": "wri-gppd-wri1002275",
      "geometry": {
        "type": "Point",
        "coordinates": [
          5.2751,
          50.5342
        ]
      },
      "properties": {
        "id": "wri-gppd-wri1002275",
        "name": "TIHANGE 1N",
        "record_kind": "facility",
        "domain": "nuclear_fission",
        "reactor_type": "nuclear power plant (type not supplied)",
        "status": "unknown",
        "evidence_maturity": "established",
        "country": "Belgium",
        "country_code": "BE",
        "coordinate_precision": "unknown",
        "source_url": "http://publications.elia.be/upload/ProductionParkOverview.html?TS=20120416193815",
        "source_publisher": "World Resources Institute",
        "source_role": "registry",
        "source_license": "CC BY 4.0",
        "source_quality_flags": "plant_level_not_unit;status_not_supplied;historic_shutdown_not_covered;coordinate_precision_unverified;source_may_be_stale",
        "last_verified": "2026-09-26",
        "verification_notes": "Open plant-level discovery record. Verify units, current status, dates and location against PRIS and the national regulator.",
        "start_date": "1975-01-01",
        "end_date": null
      }
    },
    {
      "type": "Feature",
      "id": "wri-gppd-wri1002277",
      "geometry": {
        "type": "Point",
        "coordinates": [
          5.2751,
          50.5342
        ]
      },
      "properties": {
        "id": "wri-gppd-wri1002277",
        "name": "TIHANGE 3",
        "record_kind": "facility",
        "domain": "nuclear_fission",
        "reactor_type": "nuclear power plant (type not supplied)",
        "status": "unknown",
        "evidence_maturity": "established",
        "country": "Belgium",
        "country_code": "BE",
        "coordinate_precision": "unknown",
        "source_url": "http://publications.elia.be/upload/ProductionParkOverview.html?TS=20120416193815",
        "source_publisher": "World Resources Institute",
        "source_role": "registry",
        "source_license": "CC BY 4.0",
        "source_quality_flags": "plant_level_not_unit;status_not_supplied;historic_shutdown_not_covered;coordinate_precision_unverified;source_may_be_stale",
        "last_verified": "2026-09-26",
        "verification_notes": "Open plant-level discovery record. Verify units, current status, dates and location against PRIS and the national regulator.",
        "start_date": "1985-01-01",
        "end_date": null
      }
    },
    {
      "type": "Feature",
      "id": "wri-gppd-wri1008053",
      "geometry": {
        "type": "Point",
        "coordinates": [
          23.7723,
          43.7438
        ]
      },
      "properties": {
        "id": "wri-gppd-wri1008053",
        "name": "KOZLODUY",
        "record_kind": "facility",
        "domain": "nuclear_fission",
        "reactor_type": "nuclear power plant (type not supplied)",
        "status": "unknown",
        "evidence_maturity": "established",
        "country": "Bulgaria",
        "country_code": "BG",
        "coordinate_precision": "unknown",
        "source_url": "https://transparency.entsoe.eu/generation/r2/installedCapacityPerProductionUnit/show",
        "source_publisher": "World Resources Institute",
        "source_role": "registry",
        "source_license": "CC BY 4.0",
        "source_quality_flags": "plant_level_not_unit;status_not_supplied;historic_shutdown_not_covered;coordinate_precision_unverified;source_may_be_stale",
        "last_verified": "2026-09-26",
        "verification_notes": "Open plant-level discovery record. Verify units, current status, dates and location against PRIS and the national regulator.",
        "start_date": null,
        "end_date": null
      }
    },
    {
      "type": "Feature",
      "id": "wri-gppd-bra0000100",
      "geometry": {
        "type": "Point",
        "coordinates": [
          -44.4574,
          -23.0087
        ]
      },
      "properties": {
        "id": "wri-gppd-bra0000100",
        "name": "Almirante Álvaro Alberto - Unidade I (Antiga Angra I)",
        "record_kind": "facility",
        "domain": "nuclear_fission",
        "reactor_type": "nuclear power plant (type not supplied)",
        "status": "unknown",
        "evidence_maturity": "established",
        "country": "Brazil",
        "country_code": "BR",
        "coordinate_precision": "unknown",
        "source_url": "http://www2.aneel.gov.br/aplicacoes/capacidadebrasil/capacidadebrasil.cfm",
        "source_publisher": "World Resources Institute",
        "source_role": "registry",
        "source_license": "CC BY 4.0",
        "source_quality_flags": "plant_level_not_unit;status_not_supplied;historic_shutdown_not_covered;coordinate_precision_unverified;source_may_be_stale",
        "last_verified": "2026-09-26",
        "verification_notes": "Open plant-level discovery record. Verify units, current status, dates and location against PRIS and the national regulator.",
        "start_date": "1985-01-01",
        "end_date": null
      }
    },
    {
      "type": "Feature",
      "id": "wri-gppd-bra0000101",
      "geometry": {
        "type": "Point",
        "coordinates": [
          -44.4588,
          -23.0072
        ]
      },
      "properties": {
        "id": "wri-gppd-bra0000101",
        "name": "Almirante Álvaro Alberto - Unidade II (Antiga Angra II)",
        "record_kind": "facility",
        "domain": "nuclear_fission",
        "reactor_type": "nuclear power plant (type not supplied)",
        "status": "unknown",
        "evidence_maturity": "established",
        "country": "Brazil",
        "country_code": "BR",
        "coordinate_precision": "unknown",
        "source_url": "http://www2.aneel.gov.br/aplicacoes/capacidadebrasil/capacidadebrasil.cfm",
        "source_publisher": "World Resources Institute",
        "source_role": "registry",
        "source_license": "CC BY 4.0",
        "source_quality_flags": "plant_level_not_unit;status_not_supplied;historic_shutdown_not_covered;coordinate_precision_unverified;source_may_be_stale",
        "last_verified": "2026-09-26",
        "verification_notes": "Open plant-level discovery record. Verify units, current status, dates and location against PRIS and the national regulator.",
        "start_date": "2000-01-01",
        "end_date": null
      }
    },
    {
      "type": "Feature",
      "id": "wri-gppd-can0002030",
      "geometry": {
        "type": "Point",
        "coordinates": [
          -81.5747,
          44.3391
        ]
      },
      "properties": {
        "id": "wri-gppd-can0002030",
        "name": "Bruce A",
        "record_kind": "facility",
        "domain": "nuclear_fission",
        "reactor_type": "nuclear power plant (type not supplied)",
        "status": "unknown",
        "evidence_maturity": "established",
        "country": "Canada",
        "country_code": "CA",
        "coordinate_precision": "unknown",
        "source_url": "http://ftp.maps.canada.ca/pub/nacei_cnaie/energy_infrastructure/PowerPlantsAllGE100MW_NorthAmerica_201708.xlsx",
        "source_publisher": "World Resources Institute",
        "source_role": "registry",
        "source_license": "CC BY 4.0",
        "source_quality_flags": "plant_level_not_unit;status_not_supplied;historic_shutdown_not_covered;coordinate_precision_unverified;source_may_be_stale",
        "last_verified": "2026-09-26",
        "verification_notes": "Open plant-level discovery record. Verify units, current status, dates and location against PRIS and the national regulator.",
        "start_date": null,
        "end_date": null
      }
    },
    {
      "type": "Feature",
      "id": "wri-gppd-can0002031",
      "geometry": {
        "type": "Point",
        "coordinates": [
          -81.6027,
          44.319
        ]
      },
      "properties": {
        "id": "wri-gppd-can0002031",
        "name": "Bruce B",
        "record_kind": "facility",
        "domain": "nuclear_fission",
        "reactor_type": "nuclear power plant (type not supplied)",
        "status": "unknown",
        "evidence_maturity": "established",
        "country": "Canada",
        "country_code": "CA",
        "coordinate_precision": "unknown",
        "source_url": "http://ftp.maps.canada.ca/pub/nacei_cnaie/energy_infrastructure/PowerPlantsAllGE100MW_NorthAmerica_201708.xlsx",
        "source_publisher": "World Resources Institute",
        "source_role": "registry",
        "source_license": "CC BY 4.0",
        "source_quality_flags": "plant_level_not_unit;status_not_supplied;historic_shutdown_not_covered;coordinate_precision_unverified;source_may_be_stale",
        "last_verified": "2026-09-26",
        "verification_notes": "Open plant-level discovery record. Verify units, current status, dates and location against PRIS and the national regulator.",
        "start_date": null,
        "end_date": null
      }
    },
    {
      "type": "Feature",
      "id": "wri-gppd-can0002043",
      "geometry": {
        "type": "Point",
        "coordinates": [
          -78.7239,
          43.8697
        ]
      },
      "properties": {
        "id": "wri-gppd-can0002043",
        "name": "Darlington",
        "record_kind": "facility",
        "domain": "nuclear_fission",
        "reactor_type": "nuclear power plant (type not supplied)",
        "status": "unknown",
        "evidence_maturity": "established",
        "country": "Canada",
        "country_code": "CA",
        "coordinate_precision": "unknown",
        "source_url": "http://ftp.maps.canada.ca/pub/nacei_cnaie/energy_infrastructure/PowerPlantsAllGE100MW_NorthAmerica_201708.xlsx",
        "source_publisher": "World Resources Institute",
        "source_role": "registry",
        "source_license": "CC BY 4.0",
        "source_quality_flags": "plant_level_not_unit;status_not_supplied;historic_shutdown_not_covered;coordinate_precision_unverified;source_may_be_stale",
        "last_verified": "2026-09-26",
        "verification_notes": "Open plant-level discovery record. Verify units, current status, dates and location against PRIS and the national regulator.",
        "start_date": null,
        "end_date": null
      }
    },
    {
      "type": "Feature",
      "id": "wri-gppd-can0002073",
      "geometry": {
        "type": "Point",
        "coordinates": [
          -79.0689,
          43.8107
        ]
      },
      "properties": {
        "id": "wri-gppd-can0002073",
        "name": "Pickering A",
        "record_kind": "facility",
        "domain": "nuclear_fission",
        "reactor_type": "nuclear power plant (type not supplied)",
        "status": "unknown",
        "evidence_maturity": "established",
        "country": "Canada",
        "country_code": "CA",
        "coordinate_precision": "unknown",
        "source_url": "http://ftp.maps.canada.ca/pub/nacei_cnaie/energy_infrastructure/PowerPlantsAllGE100MW_NorthAmerica_201708.xlsx",
        "source_publisher": "World Resources Institute",
        "source_role": "registry",
        "source_license": "CC BY 4.0",
        "source_quality_flags": "plant_level_not_unit;status_not_supplied;historic_shutdown_not_covered;coordinate_precision_unverified;source_may_be_stale",
        "last_verified": "2026-09-26",
        "verification_notes": "Open plant-level discovery record. Verify units, current status, dates and location against PRIS and the national regulator.",
        "start_date": null,
        "end_date": null
      }
    },
    {
      "type": "Feature",
      "id": "wri-gppd-can0002074",
      "geometry": {
        "type": "Point",
        "coordinates": [
          -79.0639,
          43.8096
        ]
      },
      "properties": {
        "id": "wri-gppd-can0002074",
        "name": "Pickering B",
        "record_kind": "facility",
        "domain": "nuclear_fission",
        "reactor_type": "nuclear power plant (type not supplied)",
        "status": "unknown",
        "evidence_maturity": "established",
        "country": "Canada",
        "country_code": "CA",
        "coordinate_precision": "unknown",
        "source_url": "http://ftp.maps.canada.ca/pub/nacei_cnaie/energy_infrastructure/PowerPlantsAllGE100MW_NorthAmerica_201708.xlsx",
        "source_publisher": "World Resources Institute",
        "source_role": "registry",
        "source_license": "CC BY 4.0",
        "source_quality_flags": "plant_level_not_unit;status_not_supplied;historic_shutdown_not_covered;coordinate_precision_unverified;source_may_be_stale",
        "last_verified": "2026-09-26",
        "verification_notes": "Open plant-level discovery record. Verify units, current status, dates and location against PRIS and the national regulator.",
        "start_date": null,
        "end_date": null
      }
    },
    {
      "type": "Feature",
      "id": "wri-gppd-can0002076",
      "geometry": {
        "type": "Point",
        "coordinates": [
          -66.4543,
          45.0686
        ]
      },
      "properties": {
        "id": "wri-gppd-can0002076",
        "name": "Point Lepreau",
        "record_kind": "facility",
        "domain": "nuclear_fission",
        "reactor_type": "nuclear power plant (type not supplied)",
        "status": "unknown",
        "evidence_maturity": "established",
        "country": "Canada",
        "country_code": "CA",
        "coordinate_precision": "unknown",
        "source_url": "http://ftp.maps.canada.ca/pub/nacei_cnaie/energy_infrastructure/PowerPlantsAllGE100MW_NorthAmerica_201708.xlsx",
        "source_publisher": "World Resources Institute",
        "source_role": "registry",
        "source_license": "CC BY 4.0",
        "source_quality_flags": "plant_level_not_unit;status_not_supplied;historic_shutdown_not_covered;coordinate_precision_unverified;source_may_be_stale",
        "last_verified": "2026-09-26",
        "verification_notes": "Open plant-level discovery record. Verify units, current status, dates and location against PRIS and the national regulator.",
        "start_date": null,
        "end_date": null
      }
    },
    {
      "type": "Feature",
      "id": "wri-gppd-wri1004271",
      "geometry": {
        "type": "Point",
        "coordinates": [
          8.2281,
          47.552
        ]
      },
      "properties": {
        "id": "wri-gppd-wri1004271",
        "name": "Kernkraftwerk Beznau",
        "record_kind": "facility",
        "domain": "nuclear_fission",
        "reactor_type": "nuclear power plant (type not supplied)",
        "status": "unknown",
        "evidence_maturity": "established",
        "country": "Switzerland",
        "country_code": "CH",
        "coordinate_precision": "unknown",
        "source_url": "http://api3.geo.admin.ch/rest/services/api/MapServer/ch.bfe.kernkraftwerke/3/extendedHtmlPopup?lang=en",
        "source_publisher": "World Resources Institute",
        "source_role": "registry",
        "source_license": "CC BY 4.0",
        "source_quality_flags": "plant_level_not_unit;status_not_supplied;historic_shutdown_not_covered;coordinate_precision_unverified;source_may_be_stale",
        "last_verified": "2026-09-26",
        "verification_notes": "Open plant-level discovery record. Verify units, current status, dates and location against PRIS and the national regulator.",
        "start_date": null,
        "end_date": null
      }
    },
    {
      "type": "Feature",
      "id": "wri-gppd-wri1004272",
      "geometry": {
        "type": "Point",
        "coordinates": [
          7.968,
          47.3656
        ]
      },
      "properties": {
        "id": "wri-gppd-wri1004272",
        "name": "Kernkraftwerk Gösgen",
        "record_kind": "facility",
        "domain": "nuclear_fission",
        "reactor_type": "nuclear power plant (type not supplied)",
        "status": "unknown",
        "evidence_maturity": "established",
        "country": "Switzerland",
        "country_code": "CH",
        "coordinate_precision": "unknown",
        "source_url": "http://api3.geo.admin.ch/rest/services/api/MapServer/ch.bfe.kernkraftwerke/2/extendedHtmlPopup?lang=en",
        "source_publisher": "World Resources Institute",
        "source_role": "registry",
        "source_license": "CC BY 4.0",
        "source_quality_flags": "plant_level_not_unit;status_not_supplied;historic_shutdown_not_covered;coordinate_precision_unverified;source_may_be_stale",
        "last_verified": "2026-09-26",
        "verification_notes": "Open plant-level discovery record. Verify units, current status, dates and location against PRIS and the national regulator.",
        "start_date": "1979-01-01",
        "end_date": null
      }
    },
    {
      "type": "Feature",
      "id": "wri-gppd-wri1004273",
      "geometry": {
        "type": "Point",
        "coordinates": [
          8.1845,
          47.6012
        ]
      },
      "properties": {
        "id": "wri-gppd-wri1004273",
        "name": "Kernkraftwerk Leibstadt",
        "record_kind": "facility",
        "domain": "nuclear_fission",
        "reactor_type": "nuclear power plant (type not supplied)",
        "status": "unknown",
        "evidence_maturity": "established",
        "country": "Switzerland",
        "country_code": "CH",
        "coordinate_precision": "unknown",
        "source_url": "http://api3.geo.admin.ch/rest/services/api/MapServer/ch.bfe.kernkraftwerke/4/extendedHtmlPopup?lang=en",
        "source_publisher": "World Resources Institute",
        "source_role": "registry",
        "source_license": "CC BY 4.0",
        "source_quality_flags": "plant_level_not_unit;status_not_supplied;historic_shutdown_not_covered;coordinate_precision_unverified;source_may_be_stale",
        "last_verified": "2026-09-26",
        "verification_notes": "Open plant-level discovery record. Verify units, current status, dates and location against PRIS and the national regulator.",
        "start_date": "1984-01-01",
        "end_date": null
      }
    },
    {
      "type": "Feature",
      "id": "wri-gppd-wri1004274",
      "geometry": {
        "type": "Point",
        "coordinates": [
          7.2684,
          46.9689
        ]
      },
      "properties": {
        "id": "wri-gppd-wri1004274",
        "name": "Kernkraftwerk Mühleberg",
        "record_kind": "facility",
        "domain": "nuclear_fission",
        "reactor_type": "nuclear power plant (type not supplied)",
        "status": "unknown",
        "evidence_maturity": "established",
        "country": "Switzerland",
        "country_code": "CH",
        "coordinate_precision": "unknown",
        "source_url": "http://api3.geo.admin.ch/rest/services/api/MapServer/ch.bfe.kernkraftwerke/1/extendedHtmlPopup?lang=en",
        "source_publisher": "World Resources Institute",
        "source_role": "registry",
        "source_license": "CC BY 4.0",
        "source_quality_flags": "plant_level_not_unit;status_not_supplied;historic_shutdown_not_covered;coordinate_precision_unverified;source_may_be_stale",
        "last_verified": "2026-09-26",
        "verification_notes": "Open plant-level discovery record. Verify units, current status, dates and location against PRIS and the national regulator.",
        "start_date": "1972-01-01",
        "end_date": null
      }
    },
    {
      "type": "Feature",
      "id": "wri-gppd-wri1061016",
      "geometry": {
        "type": "Point",
        "coordinates": [
          116.03,
          39.74
        ]
      },
      "properties": {
        "id": "wri-gppd-wri1061016",
        "name": "CEFR",
        "record_kind": "facility",
        "domain": "nuclear_fission",
        "reactor_type": "nuclear power plant (type not supplied)",
        "status": "unknown",
        "evidence_maturity": "established",
        "country": "China",
        "country_code": "CN",
        "coordinate_precision": "unknown",
        "source_url": "https://www.iaea.org/PRIS/CountryStatistics/CountryDetails.aspx?current=CN",
        "source_publisher": "World Resources Institute",
        "source_role": "registry",
        "source_license": "CC BY 4.0",
        "source_quality_flags": "plant_level_not_unit;status_not_supplied;historic_shutdown_not_covered;coordinate_precision_unverified;source_may_be_stale",
        "last_verified": "2026-09-26",
        "verification_notes": "Open plant-level discovery record. Verify units, current status, dates and location against PRIS and the national regulator.",
        "start_date": null,
        "end_date": null
      }
    },
    {
      "type": "Feature",
      "id": "wri-gppd-wri1061017",
      "geometry": {
        "type": "Point",
        "coordinates": [
          108.9,
          19.46
        ]
      },
      "properties": {
        "id": "wri-gppd-wri1061017",
        "name": "Changjiang",
        "record_kind": "facility",
        "domain": "nuclear_fission",
        "reactor_type": "nuclear power plant (type not supplied)",
        "status": "unknown",
        "evidence_maturity": "established",
        "country": "China",
        "country_code": "CN",
        "coordinate_precision": "unknown",
        "source_url": "https://www.iaea.org/PRIS/CountryStatistics/CountryDetails.aspx?current=CN",
        "source_publisher": "World Resources Institute",
        "source_role": "registry",
        "source_license": "CC BY 4.0",
        "source_quality_flags": "plant_level_not_unit;status_not_supplied;historic_shutdown_not_covered;coordinate_precision_unverified;source_may_be_stale",
        "last_verified": "2026-09-26",
        "verification_notes": "Open plant-level discovery record. Verify units, current status, dates and location against PRIS and the national regulator.",
        "start_date": null,
        "end_date": null
      }
    },
    {
      "type": "Feature",
      "id": "wri-gppd-wri1061018",
      "geometry": {
        "type": "Point",
        "coordinates": [
          114.54,
          22.6
        ]
      },
      "properties": {
        "id": "wri-gppd-wri1061018",
        "name": "Daya Bay",
        "record_kind": "facility",
        "domain": "nuclear_fission",
        "reactor_type": "nuclear power plant (type not supplied)",
        "status": "unknown",
        "evidence_maturity": "established",
        "country": "China",
        "country_code": "CN",
        "coordinate_precision": "unknown",
        "source_url": "https://www.iaea.org/PRIS/CountryStatistics/CountryDetails.aspx?current=CN",
        "source_publisher": "World Resources Institute",
        "source_role": "registry",
        "source_license": "CC BY 4.0",
        "source_quality_flags": "plant_level_not_unit;status_not_supplied;historic_shutdown_not_covered;coordinate_precision_unverified;source_may_be_stale",
        "last_verified": "2026-09-26",
        "verification_notes": "Open plant-level discovery record. Verify units, current status, dates and location against PRIS and the national regulator.",
        "start_date": null,
        "end_date": null
      }
    },
    {
      "type": "Feature",
      "id": "wri-gppd-wri1061019",
      "geometry": {
        "type": "Point",
        "coordinates": [
          108.56,
          21.67
        ]
      },
      "properties": {
        "id": "wri-gppd-wri1061019",
        "name": "Fangchenggang",
        "record_kind": "facility",
        "domain": "nuclear_fission",
        "reactor_type": "nuclear power plant (type not supplied)",
        "status": "unknown",
        "evidence_maturity": "established",
        "country": "China",
        "country_code": "CN",
        "coordinate_precision": "unknown",
        "source_url": "https://www.iaea.org/PRIS/CountryStatistics/CountryDetails.aspx?current=CN",
        "source_publisher": "World Resources Institute",
        "source_role": "registry",
        "source_license": "CC BY 4.0",
        "source_quality_flags": "plant_level_not_unit;status_not_supplied;historic_shutdown_not_covered;coordinate_precision_unverified;source_may_be_stale",
        "last_verified": "2026-09-26",
        "verification_notes": "Open plant-level discovery record. Verify units, current status, dates and location against PRIS and the national regulator.",
        "start_date": null,
        "end_date": null
      }
    },
    {
      "type": "Feature",
      "id": "wri-gppd-wri1061020",
      "geometry": {
        "type": "Point",
        "coordinates": [
          120.94,
          30.44
        ]
      },
      "properties": {
        "id": "wri-gppd-wri1061020",
        "name": "Fangjiashan",
        "record_kind": "facility",
        "domain": "nuclear_fission",
        "reactor_type": "nuclear power plant (type not supplied)",
        "status": "unknown",
        "evidence_maturity": "established",
        "country": "China",
        "country_code": "CN",
        "coordinate_precision": "unknown",
        "source_url": "https://www.iaea.org/PRIS/CountryStatistics/CountryDetails.aspx?current=CN",
        "source_publisher": "World Resources Institute",
        "source_role": "registry",
        "source_license": "CC BY 4.0",
        "source_quality_flags": "plant_level_not_unit;status_not_supplied;historic_shutdown_not_covered;coordinate_precision_unverified;source_may_be_stale",
        "last_verified": "2026-09-26",
        "verification_notes": "Open plant-level discovery record. Verify units, current status, dates and location against PRIS and the national regulator.",
        "start_date": null,
        "end_date": null
      }
    },
    {
      "type": "Feature",
      "id": "wri-gppd-wri1061021",
      "geometry": {
        "type": "Point",
        "coordinates": [
          119.444,
          25.4426
        ]
      },
      "properties": {
        "id": "wri-gppd-wri1061021",
        "name": "Fuqing",
        "record_kind": "facility",
        "domain": "nuclear_fission",
        "reactor_type": "nuclear power plant (type not supplied)",
        "status": "unknown",
        "evidence_maturity": "established",
        "country": "China",
        "country_code": "CN",
        "coordinate_precision": "unknown",
        "source_url": "https://www.iaea.org/PRIS/CountryStatistics/CountryDetails.aspx?current=CN",
        "source_publisher": "World Resources Institute",
        "source_role": "registry",
        "source_license": "CC BY 4.0",
        "source_quality_flags": "plant_level_not_unit;status_not_supplied;historic_shutdown_not_covered;coordinate_precision_unverified;source_may_be_stale",
        "last_verified": "2026-09-26",
        "verification_notes": "Open plant-level discovery record. Verify units, current status, dates and location against PRIS and the national regulator.",
        "start_date": null,
        "end_date": null
      }
    },
    {
      "type": "Feature",
      "id": "wri-gppd-wri1061022",
      "geometry": {
        "type": "Point",
        "coordinates": [
          121.48,
          39.8
        ]
      },
      "properties": {
        "id": "wri-gppd-wri1061022",
        "name": "Hongyanhe",
        "record_kind": "facility",
        "domain": "nuclear_fission",
        "reactor_type": "nuclear power plant (type not supplied)",
        "status": "unknown",
        "evidence_maturity": "established",
        "country": "China",
        "country_code": "CN",
        "coordinate_precision": "unknown",
        "source_url": "https://www.iaea.org/PRIS/CountryStatistics/CountryDetails.aspx?current=CN",
        "source_publisher": "World Resources Institute",
        "source_role": "registry",
        "source_license": "CC BY 4.0",
        "source_quality_flags": "plant_level_not_unit;status_not_supplied;historic_shutdown_not_covered;coordinate_precision_unverified;source_may_be_stale",
        "last_verified": "2026-09-26",
        "verification_notes": "Open plant-level discovery record. Verify units, current status, dates and location against PRIS and the national regulator.",
        "start_date": null,
        "end_date": null
      }
    },
    {
      "type": "Feature",
      "id": "wri-gppd-wri1061023",
      "geometry": {
        "type": "Point",
        "coordinates": [
          114.55,
          22.6
        ]
      },
      "properties": {
        "id": "wri-gppd-wri1061023",
        "name": "Ling Ao",
        "record_kind": "facility",
        "domain": "nuclear_fission",
        "reactor_type": "nuclear power plant (type not supplied)",
        "status": "unknown",
        "evidence_maturity": "established",
        "country": "China",
        "country_code": "CN",
        "coordinate_precision": "unknown",
        "source_url": "https://www.iaea.org/PRIS/CountryStatistics/CountryDetails.aspx?current=CN",
        "source_publisher": "World Resources Institute",
        "source_role": "registry",
        "source_license": "CC BY 4.0",
        "source_quality_flags": "plant_level_not_unit;status_not_supplied;historic_shutdown_not_covered;coordinate_precision_unverified;source_may_be_stale",
        "last_verified": "2026-09-26",
        "verification_notes": "Open plant-level discovery record. Verify units, current status, dates and location against PRIS and the national regulator.",
        "start_date": null,
        "end_date": null
      }
    },
    {
      "type": "Feature",
      "id": "wri-gppd-wri1061024",
      "geometry": {
        "type": "Point",
        "coordinates": [
          120.2855,
          27.0446
        ]
      },
      "properties": {
        "id": "wri-gppd-wri1061024",
        "name": "Ningde",
        "record_kind": "facility",
        "domain": "nuclear_fission",
        "reactor_type": "nuclear power plant (type not supplied)",
        "status": "unknown",
        "evidence_maturity": "established",
        "country": "China",
        "country_code": "CN",
        "coordinate_precision": "unknown",
        "source_url": "https://www.iaea.org/PRIS/CountryStatistics/CountryDetails.aspx?current=CN",
        "source_publisher": "World Resources Institute",
        "source_role": "registry",
        "source_license": "CC BY 4.0",
        "source_quality_flags": "plant_level_not_unit;status_not_supplied;historic_shutdown_not_covered;coordinate_precision_unverified;source_may_be_stale",
        "last_verified": "2026-09-26",
        "verification_notes": "Open plant-level discovery record. Verify units, current status, dates and location against PRIS and the national regulator.",
        "start_date": null,
        "end_date": null
      }
    },
    {
      "type": "Feature",
      "id": "wri-gppd-wri1061025",
      "geometry": {
        "type": "Point",
        "coordinates": [
          120.9501,
          30.433
        ]
      },
      "properties": {
        "id": "wri-gppd-wri1061025",
        "name": "Qinshan 2",
        "record_kind": "facility",
        "domain": "nuclear_fission",
        "reactor_type": "nuclear power plant (type not supplied)",
        "status": "unknown",
        "evidence_maturity": "established",
        "country": "China",
        "country_code": "CN",
        "coordinate_precision": "unknown",
        "source_url": "https://www.iaea.org/PRIS/CountryStatistics/CountryDetails.aspx?current=CN",
        "source_publisher": "World Resources Institute",
        "source_role": "registry",
        "source_license": "CC BY 4.0",
        "source_quality_flags": "plant_level_not_unit;status_not_supplied;historic_shutdown_not_covered;coordinate_precision_unverified;source_may_be_stale",
        "last_verified": "2026-09-26",
        "verification_notes": "Open plant-level discovery record. Verify units, current status, dates and location against PRIS and the national regulator.",
        "start_date": null,
        "end_date": null
      }
    },
    {
      "type": "Feature",
      "id": "wri-gppd-wri1061026",
      "geometry": {
        "type": "Point",
        "coordinates": [
          119.46,
          34.69
        ]
      },
      "properties": {
        "id": "wri-gppd-wri1061026",
        "name": "Tianwan",
        "record_kind": "facility",
        "domain": "nuclear_fission",
        "reactor_type": "nuclear power plant (type not supplied)",
        "status": "unknown",
        "evidence_maturity": "established",
        "country": "China",
        "country_code": "CN",
        "coordinate_precision": "unknown",
        "source_url": "https://www.iaea.org/PRIS/CountryStatistics/CountryDetails.aspx?current=CN",
        "source_publisher": "World Resources Institute",
        "source_role": "registry",
        "source_license": "CC BY 4.0",
        "source_quality_flags": "plant_level_not_unit;status_not_supplied;historic_shutdown_not_covered;coordinate_precision_unverified;source_may_be_stale",
        "last_verified": "2026-09-26",
        "verification_notes": "Open plant-level discovery record. Verify units, current status, dates and location against PRIS and the national regulator.",
        "start_date": null,
        "end_date": null
      }
    },
    {
      "type": "Feature",
      "id": "wri-gppd-wri1061027",
      "geometry": {
        "type": "Point",
        "coordinates": [
          112.26,
          21.71
        ]
      },
      "properties": {
        "id": "wri-gppd-wri1061027",
        "name": "Yangjiang",
        "record_kind": "facility",
        "domain": "nuclear_fission",
        "reactor_type": "nuclear power plant (type not supplied)",
        "status": "unknown",
        "evidence_maturity": "established",
        "country": "China",
        "country_code": "CN",
        "coordinate_precision": "unknown",
        "source_url": "https://www.iaea.org/PRIS/CountryStatistics/CountryDetails.aspx?current=CN",
        "source_publisher": "World Resources Institute",
        "source_role": "registry",
        "source_license": "CC BY 4.0",
        "source_quality_flags": "plant_level_not_unit;status_not_supplied;historic_shutdown_not_covered;coordinate_precision_unverified;source_may_be_stale",
        "last_verified": "2026-09-26",
        "verification_notes": "Open plant-level discovery record. Verify units, current status, dates and location against PRIS and the national regulator.",
        "start_date": null,
        "end_date": null
      }
    },
    {
      "type": "Feature",
      "id": "wri-gppd-wri1019175",
      "geometry": {
        "type": "Point",
        "coordinates": [
          16.1479,
          49.0852
        ]
      },
      "properties": {
        "id": "wri-gppd-wri1019175",
        "name": "Dukonavy",
        "record_kind": "facility",
        "domain": "nuclear_fission",
        "reactor_type": "nuclear power plant (type not supplied)",
        "status": "unknown",
        "evidence_maturity": "established",
        "country": "Czech Republic",
        "country_code": "CZ",
        "coordinate_precision": "unknown",
        "source_url": "https://www.cez.cz/en/power-plants-and-environment/nuclear-power-plants/dukovany.html",
        "source_publisher": "World Resources Institute",
        "source_role": "registry",
        "source_license": "CC BY 4.0",
        "source_quality_flags": "plant_level_not_unit;status_not_supplied;historic_shutdown_not_covered;coordinate_precision_unverified;source_may_be_stale",
        "last_verified": "2026-09-26",
        "verification_notes": "Open plant-level discovery record. Verify units, current status, dates and location against PRIS and the national regulator.",
        "start_date": null,
        "end_date": null
      }
    },
    {
      "type": "Feature",
      "id": "wri-gppd-wri1019174",
      "geometry": {
        "type": "Point",
        "coordinates": [
          14.3795,
          49.1796
        ]
      },
      "properties": {
        "id": "wri-gppd-wri1019174",
        "name": "Temelín",
        "record_kind": "facility",
        "domain": "nuclear_fission",
        "reactor_type": "nuclear power plant (type not supplied)",
        "status": "unknown",
        "evidence_maturity": "established",
        "country": "Czech Republic",
        "country_code": "CZ",
        "coordinate_precision": "unknown",
        "source_url": "https://www.cez.cz/en/power-plants-and-environment/nuclear-power-plants/temelin.html",
        "source_publisher": "World Resources Institute",
        "source_role": "registry",
        "source_license": "CC BY 4.0",
        "source_quality_flags": "plant_level_not_unit;status_not_supplied;historic_shutdown_not_covered;coordinate_precision_unverified;source_may_be_stale",
        "last_verified": "2026-09-26",
        "verification_notes": "Open plant-level discovery record. Verify units, current status, dates and location against PRIS and the national regulator.",
        "start_date": "2002-01-01",
        "end_date": null
      }
    },
    {
      "type": "Feature",
      "id": "wri-gppd-wri1005621",
      "geometry": {
        "type": "Point",
        "coordinates": [
          9.345,
          53.8506
        ]
      },
      "properties": {
        "id": "wri-gppd-wri1005621",
        "name": "BROKDORF",
        "record_kind": "facility",
        "domain": "nuclear_fission",
        "reactor_type": "nuclear power plant (type not supplied)",
        "status": "unknown",
        "evidence_maturity": "established",
        "country": "Germany",
        "country_code": "DE",
        "coordinate_precision": "unknown",
        "source_url": "https://www.iaea.org/PRIS/CountryStatistics/CountryStatisticsLandingPage.aspx",
        "source_publisher": "World Resources Institute",
        "source_role": "registry",
        "source_license": "CC BY 4.0",
        "source_quality_flags": "plant_level_not_unit;status_not_supplied;historic_shutdown_not_covered;coordinate_precision_unverified;source_may_be_stale",
        "last_verified": "2026-09-26",
        "verification_notes": "Open plant-level discovery record. Verify units, current status, dates and location against PRIS and the national regulator.",
        "start_date": "1986-01-01",
        "end_date": null
      }
    },
    {
      "type": "Feature",
      "id": "wri-gppd-wri1005659",
      "geometry": {
        "type": "Point",
        "coordinates": [
          7.3204,
          52.4716
        ]
      },
      "properties": {
        "id": "wri-gppd-wri1005659",
        "name": "EMSLAND",
        "record_kind": "facility",
        "domain": "nuclear_fission",
        "reactor_type": "nuclear power plant (type not supplied)",
        "status": "unknown",
        "evidence_maturity": "established",
        "country": "Germany",
        "country_code": "DE",
        "coordinate_precision": "unknown",
        "source_url": "https://www.iaea.org/PRIS/CountryStatistics/CountryStatisticsLandingPage.aspx",
        "source_publisher": "World Resources Institute",
        "source_role": "registry",
        "source_license": "CC BY 4.0",
        "source_quality_flags": "plant_level_not_unit;status_not_supplied;historic_shutdown_not_covered;coordinate_precision_unverified;source_may_be_stale",
        "last_verified": "2026-09-26",
        "verification_notes": "Open plant-level discovery record. Verify units, current status, dates and location against PRIS and the national regulator.",
        "start_date": "1988-01-01",
        "end_date": null
      }
    },
    {
      "type": "Feature",
      "id": "wri-gppd-wri1005703",
      "geometry": {
        "type": "Point",
        "coordinates": [
          9.4135,
          52.0356
        ]
      },
      "properties": {
        "id": "wri-gppd-wri1005703",
        "name": "Grohnde",
        "record_kind": "facility",
        "domain": "nuclear_fission",
        "reactor_type": "nuclear power plant (type not supplied)",
        "status": "unknown",
        "evidence_maturity": "established",
        "country": "Germany",
        "country_code": "DE",
        "coordinate_precision": "unknown",
        "source_url": "http://data.open-power-system-data.org/",
        "source_publisher": "World Resources Institute",
        "source_role": "registry",
        "source_license": "CC BY 4.0",
        "source_quality_flags": "plant_level_not_unit;status_not_supplied;historic_shutdown_not_covered;coordinate_precision_unverified;source_may_be_stale",
        "last_verified": "2026-09-26",
        "verification_notes": "Open plant-level discovery record. Verify units, current status, dates and location against PRIS and the national regulator.",
        "start_date": "1985-01-01",
        "end_date": null
      }
    },
    {
      "type": "Feature",
      "id": "wri-gppd-wri1005849",
      "geometry": {
        "type": "Point",
        "coordinates": [
          12.2936,
          48.6049
        ]
      },
      "properties": {
        "id": "wri-gppd-wri1005849",
        "name": "ISAR-2",
        "record_kind": "facility",
        "domain": "nuclear_fission",
        "reactor_type": "nuclear power plant (type not supplied)",
        "status": "unknown",
        "evidence_maturity": "established",
        "country": "Germany",
        "country_code": "DE",
        "coordinate_precision": "unknown",
        "source_url": "https://www.iaea.org/PRIS/CountryStatistics/CountryStatisticsLandingPage.aspx",
        "source_publisher": "World Resources Institute",
        "source_role": "registry",
        "source_license": "CC BY 4.0",
        "source_quality_flags": "plant_level_not_unit;status_not_supplied;historic_shutdown_not_covered;coordinate_precision_unverified;source_may_be_stale",
        "last_verified": "2026-09-26",
        "verification_notes": "Open plant-level discovery record. Verify units, current status, dates and location against PRIS and the national regulator.",
        "start_date": "1988-01-01",
        "end_date": null
      }
    },
    {
      "type": "Feature",
      "id": "wri-gppd-wri1005856",
      "geometry": {
        "type": "Point",
        "coordinates": [
          10.4016,
          48.515
        ]
      },
      "properties": {
        "id": "wri-gppd-wri1005856",
        "name": "Kernkraft Gundremmingen",
        "record_kind": "facility",
        "domain": "nuclear_fission",
        "reactor_type": "nuclear power plant (type not supplied)",
        "status": "unknown",
        "evidence_maturity": "established",
        "country": "Germany",
        "country_code": "DE",
        "coordinate_precision": "unknown",
        "source_url": "http://data.open-power-system-data.org/",
        "source_publisher": "World Resources Institute",
        "source_role": "registry",
        "source_license": "CC BY 4.0",
        "source_quality_flags": "plant_level_not_unit;status_not_supplied;historic_shutdown_not_covered;coordinate_precision_unverified;source_may_be_stale",
        "last_verified": "2026-09-26",
        "verification_notes": "Open plant-level discovery record. Verify units, current status, dates and location against PRIS and the national regulator.",
        "start_date": "1984-01-01",
        "end_date": null
      }
    },
    {
      "type": "Feature",
      "id": "wri-gppd-wri1005974",
      "geometry": {
        "type": "Point",
        "coordinates": [
          9.1759,
          49.0408
        ]
      },
      "properties": {
        "id": "wri-gppd-wri1005974",
        "name": "NECKARWESTHEIM-2",
        "record_kind": "facility",
        "domain": "nuclear_fission",
        "reactor_type": "nuclear power plant (type not supplied)",
        "status": "unknown",
        "evidence_maturity": "established",
        "country": "Germany",
        "country_code": "DE",
        "coordinate_precision": "unknown",
        "source_url": "https://www.iaea.org/PRIS/CountryStatistics/CountryStatisticsLandingPage.aspx",
        "source_publisher": "World Resources Institute",
        "source_role": "registry",
        "source_license": "CC BY 4.0",
        "source_quality_flags": "plant_level_not_unit;status_not_supplied;historic_shutdown_not_covered;coordinate_precision_unverified;source_may_be_stale",
        "last_verified": "2026-09-26",
        "verification_notes": "Open plant-level discovery record. Verify units, current status, dates and location against PRIS and the national regulator.",
        "start_date": "1989-01-01",
        "end_date": null
      }
    },
    {
      "type": "Feature",
      "id": "wri-gppd-wri1006001",
      "geometry": {
        "type": "Point",
        "coordinates": [
          8.4364,
          49.2529
        ]
      },
      "properties": {
        "id": "wri-gppd-wri1006001",
        "name": "PHILIPPSBURG-2",
        "record_kind": "facility",
        "domain": "nuclear_fission",
        "reactor_type": "nuclear power plant (type not supplied)",
        "status": "unknown",
        "evidence_maturity": "established",
        "country": "Germany",
        "country_code": "DE",
        "coordinate_precision": "unknown",
        "source_url": "https://www.iaea.org/PRIS/CountryStatistics/CountryStatisticsLandingPage.aspx",
        "source_publisher": "World Resources Institute",
        "source_role": "registry",
        "source_license": "CC BY 4.0",
        "source_quality_flags": "plant_level_not_unit;status_not_supplied;historic_shutdown_not_covered;coordinate_precision_unverified;source_may_be_stale",
        "last_verified": "2026-09-26",
        "verification_notes": "Open plant-level discovery record. Verify units, current status, dates and location against PRIS and the national regulator.",
        "start_date": "1984-01-01",
        "end_date": null
      }
    },
    {
      "type": "Feature",
      "id": "wri-gppd-wri1006213",
      "geometry": {
        "type": "Point",
        "coordinates": [
          0.5679,
          41.2008
        ]
      },
      "properties": {
        "id": "wri-gppd-wri1006213",
        "name": "ASCO GR",
        "record_kind": "facility",
        "domain": "nuclear_fission",
        "reactor_type": "nuclear power plant (type not supplied)",
        "status": "unknown",
        "evidence_maturity": "established",
        "country": "Spain",
        "country_code": "ES",
        "coordinate_precision": "unknown",
        "source_url": "http://www.ree.es/en/statistical-data-of-spanish-electrical-system/annual-report/preliminary-report-spanish-electricity-system-2015",
        "source_publisher": "World Resources Institute",
        "source_role": "registry",
        "source_license": "CC BY 4.0",
        "source_quality_flags": "plant_level_not_unit;status_not_supplied;historic_shutdown_not_covered;coordinate_precision_unverified;source_may_be_stale",
        "last_verified": "2026-09-26",
        "verification_notes": "Open plant-level discovery record. Verify units, current status, dates and location against PRIS and the national regulator.",
        "start_date": "1983-01-01",
        "end_date": null
      }
    },
    {
      "type": "Feature",
      "id": "wri-gppd-wri1006358",
      "geometry": {
        "type": "Point",
        "coordinates": [
          -5.6986,
          39.807
        ]
      },
      "properties": {
        "id": "wri-gppd-wri1006358",
        "name": "CN ALMARAZ 1",
        "record_kind": "facility",
        "domain": "nuclear_fission",
        "reactor_type": "nuclear power plant (type not supplied)",
        "status": "unknown",
        "evidence_maturity": "established",
        "country": "Spain",
        "country_code": "ES",
        "coordinate_precision": "unknown",
        "source_url": "http://www.ree.es/en/statistical-data-of-spanish-electrical-system/annual-report/preliminary-report-spanish-electricity-system-2015",
        "source_publisher": "World Resources Institute",
        "source_role": "registry",
        "source_license": "CC BY 4.0",
        "source_quality_flags": "plant_level_not_unit;status_not_supplied;historic_shutdown_not_covered;coordinate_precision_unverified;source_may_be_stale",
        "last_verified": "2026-09-26",
        "verification_notes": "Open plant-level discovery record. Verify units, current status, dates and location against PRIS and the national regulator.",
        "start_date": "1984-01-01",
        "end_date": null
      }
    },
    {
      "type": "Feature",
      "id": "wri-gppd-wri1006359",
      "geometry": {
        "type": "Point",
        "coordinates": [
          -1.0509,
          39.2134
        ]
      },
      "properties": {
        "id": "wri-gppd-wri1006359",
        "name": "CN COFRENTES",
        "record_kind": "facility",
        "domain": "nuclear_fission",
        "reactor_type": "nuclear power plant (type not supplied)",
        "status": "unknown",
        "evidence_maturity": "established",
        "country": "Spain",
        "country_code": "ES",
        "coordinate_precision": "unknown",
        "source_url": "http://www.ree.es/en/statistical-data-of-spanish-electrical-system/annual-report/preliminary-report-spanish-electricity-system-2015",
        "source_publisher": "World Resources Institute",
        "source_role": "registry",
        "source_license": "CC BY 4.0",
        "source_quality_flags": "plant_level_not_unit;status_not_supplied;historic_shutdown_not_covered;coordinate_precision_unverified;source_may_be_stale",
        "last_verified": "2026-09-26",
        "verification_notes": "Open plant-level discovery record. Verify units, current status, dates and location against PRIS and the national regulator.",
        "start_date": "1985-01-01",
        "end_date": null
      }
    },
    {
      "type": "Feature",
      "id": "wri-gppd-wri1007993",
      "geometry": {
        "type": "Point",
        "coordinates": [
          -2.6227,
          40.7016
        ]
      },
      "properties": {
        "id": "wri-gppd-wri1007993",
        "name": "TRILLO",
        "record_kind": "facility",
        "domain": "nuclear_fission",
        "reactor_type": "nuclear power plant (type not supplied)",
        "status": "unknown",
        "evidence_maturity": "established",
        "country": "Spain",
        "country_code": "ES",
        "coordinate_precision": "unknown",
        "source_url": "http://www.ree.es/en/statistical-data-of-spanish-electrical-system/annual-report/preliminary-report-spanish-electricity-system-2015",
        "source_publisher": "World Resources Institute",
        "source_role": "registry",
        "source_license": "CC BY 4.0",
        "source_quality_flags": "plant_level_not_unit;status_not_supplied;historic_shutdown_not_covered;coordinate_precision_unverified;source_may_be_stale",
        "last_verified": "2026-09-26",
        "verification_notes": "Open plant-level discovery record. Verify units, current status, dates and location against PRIS and the national regulator.",
        "start_date": "1988-01-01",
        "end_date": null
      }
    },
    {
      "type": "Feature",
      "id": "wri-gppd-wri1023569",
      "geometry": {
        "type": "Point",
        "coordinates": [
          0.8662,
          40.9511
        ]
      },
      "properties": {
        "id": "wri-gppd-wri1023569",
        "name": "VANDELLOS GR 2",
        "record_kind": "facility",
        "domain": "nuclear_fission",
        "reactor_type": "nuclear power plant (type not supplied)",
        "status": "unknown",
        "evidence_maturity": "established",
        "country": "Spain",
        "country_code": "ES",
        "coordinate_precision": "unknown",
        "source_url": "http://www.ree.es/en/statistical-data-of-spanish-electrical-system/annual-report/preliminary-report-spanish-electricity-system-2015",
        "source_publisher": "World Resources Institute",
        "source_role": "registry",
        "source_license": "CC BY 4.0",
        "source_quality_flags": "plant_level_not_unit;status_not_supplied;historic_shutdown_not_covered;coordinate_precision_unverified;source_may_be_stale",
        "last_verified": "2026-09-26",
        "verification_notes": "Open plant-level discovery record. Verify units, current status, dates and location against PRIS and the national regulator.",
        "start_date": "1987-01-01",
        "end_date": null
      }
    },
    {
      "type": "Feature",
      "id": "wri-gppd-wri1002445",
      "geometry": {
        "type": "Point",
        "coordinates": [
          26.3468,
          60.3708
        ]
      },
      "properties": {
        "id": "wri-gppd-wri1002445",
        "name": "Loviisa Y1",
        "record_kind": "facility",
        "domain": "nuclear_fission",
        "reactor_type": "nuclear power plant (type not supplied)",
        "status": "unknown",
        "evidence_maturity": "established",
        "country": "Finland",
        "country_code": "FI",
        "coordinate_precision": "unknown",
        "source_url": "http://www.energiavirasto.fi/en/voimalaitosrekisteri",
        "source_publisher": "World Resources Institute",
        "source_role": "registry",
        "source_license": "CC BY 4.0",
        "source_quality_flags": "plant_level_not_unit;status_not_supplied;historic_shutdown_not_covered;coordinate_precision_unverified;source_may_be_stale",
        "last_verified": "2026-09-26",
        "verification_notes": "Open plant-level discovery record. Verify units, current status, dates and location against PRIS and the national regulator.",
        "start_date": null,
        "end_date": null
      }
    },
    {
      "type": "Feature",
      "id": "wri-gppd-wri1002473",
      "geometry": {
        "type": "Point",
        "coordinates": [
          21.4433,
          61.2371
        ]
      },
      "properties": {
        "id": "wri-gppd-wri1002473",
        "name": "Olkiluoto 1",
        "record_kind": "facility",
        "domain": "nuclear_fission",
        "reactor_type": "nuclear power plant (type not supplied)",
        "status": "unknown",
        "evidence_maturity": "established",
        "country": "Finland",
        "country_code": "FI",
        "coordinate_precision": "unknown",
        "source_url": "http://www.energiavirasto.fi/en/voimalaitosrekisteri",
        "source_publisher": "World Resources Institute",
        "source_role": "registry",
        "source_license": "CC BY 4.0",
        "source_quality_flags": "plant_level_not_unit;status_not_supplied;historic_shutdown_not_covered;coordinate_precision_unverified;source_may_be_stale",
        "last_verified": "2026-09-26",
        "verification_notes": "Open plant-level discovery record. Verify units, current status, dates and location against PRIS and the national regulator.",
        "start_date": null,
        "end_date": null
      }
    },
    {
      "type": "Feature",
      "id": "wri-gppd-wri1002693",
      "geometry": {
        "type": "Point",
        "coordinates": [
          2.875,
          47.5103
        ]
      },
      "properties": {
        "id": "wri-gppd-wri1002693",
        "name": "BELLEVILLE",
        "record_kind": "facility",
        "domain": "nuclear_fission",
        "reactor_type": "nuclear power plant (type not supplied)",
        "status": "unknown",
        "evidence_maturity": "established",
        "country": "France",
        "country_code": "FR",
        "coordinate_precision": "unknown",
        "source_url": "http://clients.rte-france.com/lang/an/visiteurs/vie/prod/parc_reference.jsp",
        "source_publisher": "World Resources Institute",
        "source_role": "registry",
        "source_license": "CC BY 4.0",
        "source_quality_flags": "plant_level_not_unit;status_not_supplied;historic_shutdown_not_covered;coordinate_precision_unverified;source_may_be_stale",
        "last_verified": "2026-09-26",
        "verification_notes": "Open plant-level discovery record. Verify units, current status, dates and location against PRIS and the national regulator.",
        "start_date": null,
        "end_date": null
      }
    },
    {
      "type": "Feature",
      "id": "wri-gppd-wri1002694",
      "geometry": {
        "type": "Point",
        "coordinates": [
          -0.6932,
          45.256
        ]
      },
      "properties": {
        "id": "wri-gppd-wri1002694",
        "name": "BLAYAIS",
        "record_kind": "facility",
        "domain": "nuclear_fission",
        "reactor_type": "nuclear power plant (type not supplied)",
        "status": "unknown",
        "evidence_maturity": "established",
        "country": "France",
        "country_code": "FR",
        "coordinate_precision": "unknown",
        "source_url": "http://clients.rte-france.com/lang/an/visiteurs/vie/prod/parc_reference.jsp",
        "source_publisher": "World Resources Institute",
        "source_role": "registry",
        "source_license": "CC BY 4.0",
        "source_quality_flags": "plant_level_not_unit;status_not_supplied;historic_shutdown_not_covered;coordinate_precision_unverified;source_may_be_stale",
        "last_verified": "2026-09-26",
        "verification_notes": "Open plant-level discovery record. Verify units, current status, dates and location against PRIS and the national regulator.",
        "start_date": null,
        "end_date": null
      }
    },
    {
      "type": "Feature",
      "id": "wri-gppd-wri1002701",
      "geometry": {
        "type": "Point",
        "coordinates": [
          5.2706,
          45.7973
        ]
      },
      "properties": {
        "id": "wri-gppd-wri1002701",
        "name": "BUGEY",
        "record_kind": "facility",
        "domain": "nuclear_fission",
        "reactor_type": "nuclear power plant (type not supplied)",
        "status": "unknown",
        "evidence_maturity": "established",
        "country": "France",
        "country_code": "FR",
        "coordinate_precision": "unknown",
        "source_url": "http://clients.rte-france.com/lang/an/visiteurs/vie/prod/parc_reference.jsp",
        "source_publisher": "World Resources Institute",
        "source_role": "registry",
        "source_license": "CC BY 4.0",
        "source_quality_flags": "plant_level_not_unit;status_not_supplied;historic_shutdown_not_covered;coordinate_precision_unverified;source_may_be_stale",
        "last_verified": "2026-09-26",
        "verification_notes": "Open plant-level discovery record. Verify units, current status, dates and location against PRIS and the national regulator.",
        "start_date": null,
        "end_date": null
      }
    },
    {
      "type": "Feature",
      "id": "wri-gppd-wri1002703",
      "geometry": {
        "type": "Point",
        "coordinates": [
          6.2169,
          49.416
        ]
      },
      "properties": {
        "id": "wri-gppd-wri1002703",
        "name": "CATTENOM",
        "record_kind": "facility",
        "domain": "nuclear_fission",
        "reactor_type": "nuclear power plant (type not supplied)",
        "status": "unknown",
        "evidence_maturity": "established",
        "country": "France",
        "country_code": "FR",
        "coordinate_precision": "unknown",
        "source_url": "http://clients.rte-france.com/lang/an/visiteurs/vie/prod/parc_reference.jsp",
        "source_publisher": "World Resources Institute",
        "source_role": "registry",
        "source_license": "CC BY 4.0",
        "source_quality_flags": "plant_level_not_unit;status_not_supplied;historic_shutdown_not_covered;coordinate_precision_unverified;source_may_be_stale",
        "last_verified": "2026-09-26",
        "verification_notes": "Open plant-level discovery record. Verify units, current status, dates and location against PRIS and the national regulator.",
        "start_date": null,
        "end_date": null
      }
    },
    {
      "type": "Feature",
      "id": "wri-gppd-wri1002706",
      "geometry": {
        "type": "Point",
        "coordinates": [
          0.1656,
          47.2254
        ]
      },
      "properties": {
        "id": "wri-gppd-wri1002706",
        "name": "CHINON",
        "record_kind": "facility",
        "domain": "nuclear_fission",
        "reactor_type": "nuclear power plant (type not supplied)",
        "status": "unknown",
        "evidence_maturity": "established",
        "country": "France",
        "country_code": "FR",
        "coordinate_precision": "unknown",
        "source_url": "http://clients.rte-france.com/lang/an/visiteurs/vie/prod/parc_reference.jsp",
        "source_publisher": "World Resources Institute",
        "source_role": "registry",
        "source_license": "CC BY 4.0",
        "source_quality_flags": "plant_level_not_unit;status_not_supplied;historic_shutdown_not_covered;coordinate_precision_unverified;source_may_be_stale",
        "last_verified": "2026-09-26",
        "verification_notes": "Open plant-level discovery record. Verify units, current status, dates and location against PRIS and the national regulator.",
        "start_date": null,
        "end_date": null
      }
    },
    {
      "type": "Feature",
      "id": "wri-gppd-wri1002707",
      "geometry": {
        "type": "Point",
        "coordinates": [
          4.7894,
          50.09
        ]
      },
      "properties": {
        "id": "wri-gppd-wri1002707",
        "name": "CHOOZ",
        "record_kind": "facility",
        "domain": "nuclear_fission",
        "reactor_type": "nuclear power plant (type not supplied)",
        "status": "unknown",
        "evidence_maturity": "established",
        "country": "France",
        "country_code": "FR",
        "coordinate_precision": "unknown",
        "source_url": "http://clients.rte-france.com/lang/an/visiteurs/vie/prod/parc_reference.jsp",
        "source_publisher": "World Resources Institute",
        "source_role": "registry",
        "source_license": "CC BY 4.0",
        "source_quality_flags": "plant_level_not_unit;status_not_supplied;historic_shutdown_not_covered;coordinate_precision_unverified;source_may_be_stale",
        "last_verified": "2026-09-26",
        "verification_notes": "Open plant-level discovery record. Verify units, current status, dates and location against PRIS and the national regulator.",
        "start_date": null,
        "end_date": null
      }
    },
    {
      "type": "Feature",
      "id": "wri-gppd-wri1002708",
      "geometry": {
        "type": "Point",
        "coordinates": [
          0.6548,
          46.4563
        ]
      },
      "properties": {
        "id": "wri-gppd-wri1002708",
        "name": "CIVAUX",
        "record_kind": "facility",
        "domain": "nuclear_fission",
        "reactor_type": "nuclear power plant (type not supplied)",
        "status": "unknown",
        "evidence_maturity": "established",
        "country": "France",
        "country_code": "FR",
        "coordinate_precision": "unknown",
        "source_url": "http://clients.rte-france.com/lang/an/visiteurs/vie/prod/parc_reference.jsp",
        "source_publisher": "World Resources Institute",
        "source_role": "registry",
        "source_license": "CC BY 4.0",
        "source_quality_flags": "plant_level_not_unit;status_not_supplied;historic_shutdown_not_covered;coordinate_precision_unverified;source_may_be_stale",
        "last_verified": "2026-09-26",
        "verification_notes": "Open plant-level discovery record. Verify units, current status, dates and location against PRIS and the national regulator.",
        "start_date": null,
        "end_date": null
      }
    },
    {
      "type": "Feature",
      "id": "wri-gppd-wri1002716",
      "geometry": {
        "type": "Point",
        "coordinates": [
          4.7546,
          44.6325
        ]
      },
      "properties": {
        "id": "wri-gppd-wri1002716",
        "name": "CRUAS",
        "record_kind": "facility",
        "domain": "nuclear_fission",
        "reactor_type": "nuclear power plant (type not supplied)",
        "status": "unknown",
        "evidence_maturity": "established",
        "country": "France",
        "country_code": "FR",
        "coordinate_precision": "unknown",
        "source_url": "http://clients.rte-france.com/lang/an/visiteurs/vie/prod/parc_reference.jsp",
        "source_publisher": "World Resources Institute",
        "source_role": "registry",
        "source_license": "CC BY 4.0",
        "source_quality_flags": "plant_level_not_unit;status_not_supplied;historic_shutdown_not_covered;coordinate_precision_unverified;source_may_be_stale",
        "last_verified": "2026-09-26",
        "verification_notes": "Open plant-level discovery record. Verify units, current status, dates and location against PRIS and the national regulator.",
        "start_date": null,
        "end_date": null
      }
    },
    {
      "type": "Feature",
      "id": "wri-gppd-wri1002720",
      "geometry": {
        "type": "Point",
        "coordinates": [
          2.5185,
          47.7321
        ]
      },
      "properties": {
        "id": "wri-gppd-wri1002720",
        "name": "DAMPIERRE",
        "record_kind": "facility",
        "domain": "nuclear_fission",
        "reactor_type": "nuclear power plant (type not supplied)",
        "status": "unknown",
        "evidence_maturity": "established",
        "country": "France",
        "country_code": "FR",
        "coordinate_precision": "unknown",
        "source_url": "http://clients.rte-france.com/lang/an/visiteurs/vie/prod/parc_reference.jsp",
        "source_publisher": "World Resources Institute",
        "source_role": "registry",
        "source_license": "CC BY 4.0",
        "source_quality_flags": "plant_level_not_unit;status_not_supplied;historic_shutdown_not_covered;coordinate_precision_unverified;source_may_be_stale",
        "last_verified": "2026-09-26",
        "verification_notes": "Open plant-level discovery record. Verify units, current status, dates and location against PRIS and the national regulator.",
        "start_date": null,
        "end_date": null
      }
    },
    {
      "type": "Feature",
      "id": "wri-gppd-wri1002727",
      "geometry": {
        "type": "Point",
        "coordinates": [
          7.5631,
          47.9032
        ]
      },
      "properties": {
        "id": "wri-gppd-wri1002727",
        "name": "FESSENHEIM",
        "record_kind": "facility",
        "domain": "nuclear_fission",
        "reactor_type": "nuclear power plant (type not supplied)",
        "status": "unknown",
        "evidence_maturity": "established",
        "country": "France",
        "country_code": "FR",
        "coordinate_precision": "unknown",
        "source_url": "http://clients.rte-france.com/lang/an/visiteurs/vie/prod/parc_reference.jsp",
        "source_publisher": "World Resources Institute",
        "source_role": "registry",
        "source_license": "CC BY 4.0",
        "source_quality_flags": "plant_level_not_unit;status_not_supplied;historic_shutdown_not_covered;coordinate_precision_unverified;source_may_be_stale",
        "last_verified": "2026-09-26",
        "verification_notes": "Open plant-level discovery record. Verify units, current status, dates and location against PRIS and the national regulator.",
        "start_date": null,
        "end_date": null
      }
    },
    {
      "type": "Feature",
      "id": "wri-gppd-wri1002728",
      "geometry": {
        "type": "Point",
        "coordinates": [
          -1.8823,
          49.5366
        ]
      },
      "properties": {
        "id": "wri-gppd-wri1002728",
        "name": "FLAMANVILLE",
        "record_kind": "facility",
        "domain": "nuclear_fission",
        "reactor_type": "nuclear power plant (type not supplied)",
        "status": "unknown",
        "evidence_maturity": "established",
        "country": "France",
        "country_code": "FR",
        "coordinate_precision": "unknown",
        "source_url": "http://clients.rte-france.com/lang/an/visiteurs/vie/prod/parc_reference.jsp",
        "source_publisher": "World Resources Institute",
        "source_role": "registry",
        "source_license": "CC BY 4.0",
        "source_quality_flags": "plant_level_not_unit;status_not_supplied;historic_shutdown_not_covered;coordinate_precision_unverified;source_may_be_stale",
        "last_verified": "2026-09-26",
        "verification_notes": "Open plant-level discovery record. Verify units, current status, dates and location against PRIS and the national regulator.",
        "start_date": null,
        "end_date": null
      }
    },
    {
      "type": "Feature",
      "id": "wri-gppd-wri1002733",
      "geometry": {
        "type": "Point",
        "coordinates": [
          0.8443,
          44.106
        ]
      },
      "properties": {
        "id": "wri-gppd-wri1002733",
        "name": "GOLFECH",
        "record_kind": "facility",
        "domain": "nuclear_fission",
        "reactor_type": "nuclear power plant (type not supplied)",
        "status": "unknown",
        "evidence_maturity": "established",
        "country": "France",
        "country_code": "FR",
        "coordinate_precision": "unknown",
        "source_url": "http://clients.rte-france.com/lang/an/visiteurs/vie/prod/parc_reference.jsp",
        "source_publisher": "World Resources Institute",
        "source_role": "registry",
        "source_license": "CC BY 4.0",
        "source_quality_flags": "plant_level_not_unit;status_not_supplied;historic_shutdown_not_covered;coordinate_precision_unverified;source_may_be_stale",
        "last_verified": "2026-09-26",
        "verification_notes": "Open plant-level discovery record. Verify units, current status, dates and location against PRIS and the national regulator.",
        "start_date": null,
        "end_date": null
      }
    },
    {
      "type": "Feature",
      "id": "wri-gppd-wri1002735",
      "geometry": {
        "type": "Point",
        "coordinates": [
          2.1332,
          51.0141
        ]
      },
      "properties": {
        "id": "wri-gppd-wri1002735",
        "name": "GRAVELINES",
        "record_kind": "facility",
        "domain": "nuclear_fission",
        "reactor_type": "nuclear power plant (type not supplied)",
        "status": "unknown",
        "evidence_maturity": "established",
        "country": "France",
        "country_code": "FR",
        "coordinate_precision": "unknown",
        "source_url": "http://clients.rte-france.com/lang/an/visiteurs/vie/prod/parc_reference.jsp",
        "source_publisher": "World Resources Institute",
        "source_role": "registry",
        "source_license": "CC BY 4.0",
        "source_quality_flags": "plant_level_not_unit;status_not_supplied;historic_shutdown_not_covered;coordinate_precision_unverified;source_may_be_stale",
        "last_verified": "2026-09-26",
        "verification_notes": "Open plant-level discovery record. Verify units, current status, dates and location against PRIS and the national regulator.",
        "start_date": null,
        "end_date": null
      }
    },
    {
      "type": "Feature",
      "id": "wri-gppd-wri1002749",
      "geometry": {
        "type": "Point",
        "coordinates": [
          3.5181,
          48.5171
        ]
      },
      "properties": {
        "id": "wri-gppd-wri1002749",
        "name": "NOGENT",
        "record_kind": "facility",
        "domain": "nuclear_fission",
        "reactor_type": "nuclear power plant (type not supplied)",
        "status": "unknown",
        "evidence_maturity": "established",
        "country": "France",
        "country_code": "FR",
        "coordinate_precision": "unknown",
        "source_url": "http://clients.rte-france.com/lang/an/visiteurs/vie/prod/parc_reference.jsp",
        "source_publisher": "World Resources Institute",
        "source_role": "registry",
        "source_license": "CC BY 4.0",
        "source_quality_flags": "plant_level_not_unit;status_not_supplied;historic_shutdown_not_covered;coordinate_precision_unverified;source_may_be_stale",
        "last_verified": "2026-09-26",
        "verification_notes": "Open plant-level discovery record. Verify units, current status, dates and location against PRIS and the national regulator.",
        "start_date": null,
        "end_date": null
      }
    },
    {
      "type": "Feature",
      "id": "wri-gppd-wri1002752",
      "geometry": {
        "type": "Point",
        "coordinates": [
          0.6354,
          49.8582
        ]
      },
      "properties": {
        "id": "wri-gppd-wri1002752",
        "name": "PALUEL",
        "record_kind": "facility",
        "domain": "nuclear_fission",
        "reactor_type": "nuclear power plant (type not supplied)",
        "status": "unknown",
        "evidence_maturity": "established",
        "country": "France",
        "country_code": "FR",
        "coordinate_precision": "unknown",
        "source_url": "http://clients.rte-france.com/lang/an/visiteurs/vie/prod/parc_reference.jsp",
        "source_publisher": "World Resources Institute",
        "source_role": "registry",
        "source_license": "CC BY 4.0",
        "source_quality_flags": "plant_level_not_unit;status_not_supplied;historic_shutdown_not_covered;coordinate_precision_unverified;source_may_be_stale",
        "last_verified": "2026-09-26",
        "verification_notes": "Open plant-level discovery record. Verify units, current status, dates and location against PRIS and the national regulator.",
        "start_date": null,
        "end_date": null
      }
    },
    {
      "type": "Feature",
      "id": "wri-gppd-wri1002754",
      "geometry": {
        "type": "Point",
        "coordinates": [
          1.2107,
          49.9764
        ]
      },
      "properties": {
        "id": "wri-gppd-wri1002754",
        "name": "PENLY",
        "record_kind": "facility",
        "domain": "nuclear_fission",
        "reactor_type": "nuclear power plant (type not supplied)",
        "status": "unknown",
        "evidence_maturity": "established",
        "country": "France",
        "country_code": "FR",
        "coordinate_precision": "unknown",
        "source_url": "http://clients.rte-france.com/lang/an/visiteurs/vie/prod/parc_reference.jsp",
        "source_publisher": "World Resources Institute",
        "source_role": "registry",
        "source_license": "CC BY 4.0",
        "source_quality_flags": "plant_level_not_unit;status_not_supplied;historic_shutdown_not_covered;coordinate_precision_unverified;source_may_be_stale",
        "last_verified": "2026-09-26",
        "verification_notes": "Open plant-level discovery record. Verify units, current status, dates and location against PRIS and the national regulator.",
        "start_date": null,
        "end_date": null
      }
    },
    {
      "type": "Feature",
      "id": "wri-gppd-wri1002777",
      "geometry": {
        "type": "Point",
        "coordinates": [
          4.7554,
          45.4043
        ]
      },
      "properties": {
        "id": "wri-gppd-wri1002777",
        "name": "ST ALBAN",
        "record_kind": "facility",
        "domain": "nuclear_fission",
        "reactor_type": "nuclear power plant (type not supplied)",
        "status": "unknown",
        "evidence_maturity": "established",
        "country": "France",
        "country_code": "FR",
        "coordinate_precision": "unknown",
        "source_url": "http://clients.rte-france.com/lang/an/visiteurs/vie/prod/parc_reference.jsp",
        "source_publisher": "World Resources Institute",
        "source_role": "registry",
        "source_license": "CC BY 4.0",
        "source_quality_flags": "plant_level_not_unit;status_not_supplied;historic_shutdown_not_covered;coordinate_precision_unverified;source_may_be_stale",
        "last_verified": "2026-09-26",
        "verification_notes": "Open plant-level discovery record. Verify units, current status, dates and location against PRIS and the national regulator.",
        "start_date": null,
        "end_date": null
      }
    },
    {
      "type": "Feature",
      "id": "wri-gppd-wri1002779",
      "geometry": {
        "type": "Point",
        "coordinates": [
          1.5783,
          47.7197
        ]
      },
      "properties": {
        "id": "wri-gppd-wri1002779",
        "name": "ST LAURENT",
        "record_kind": "facility",
        "domain": "nuclear_fission",
        "reactor_type": "nuclear power plant (type not supplied)",
        "status": "unknown",
        "evidence_maturity": "established",
        "country": "France",
        "country_code": "FR",
        "coordinate_precision": "unknown",
        "source_url": "http://clients.rte-france.com/lang/an/visiteurs/vie/prod/parc_reference.jsp",
        "source_publisher": "World Resources Institute",
        "source_role": "registry",
        "source_license": "CC BY 4.0",
        "source_quality_flags": "plant_level_not_unit;status_not_supplied;historic_shutdown_not_covered;coordinate_precision_unverified;source_may_be_stale",
        "last_verified": "2026-09-26",
        "verification_notes": "Open plant-level discovery record. Verify units, current status, dates and location against PRIS and the national regulator.",
        "start_date": null,
        "end_date": null
      }
    },
    {
      "type": "Feature",
      "id": "wri-gppd-wri1002782",
      "geometry": {
        "type": "Point",
        "coordinates": [
          4.7311,
          44.3311
        ]
      },
      "properties": {
        "id": "wri-gppd-wri1002782",
        "name": "TRICASTIN 1",
        "record_kind": "facility",
        "domain": "nuclear_fission",
        "reactor_type": "nuclear power plant (type not supplied)",
        "status": "unknown",
        "evidence_maturity": "established",
        "country": "France",
        "country_code": "FR",
        "coordinate_precision": "unknown",
        "source_url": "http://clients.rte-france.com/lang/an/visiteurs/vie/prod/parc_reference.jsp",
        "source_publisher": "World Resources Institute",
        "source_role": "registry",
        "source_license": "CC BY 4.0",
        "source_quality_flags": "plant_level_not_unit;status_not_supplied;historic_shutdown_not_covered;coordinate_precision_unverified;source_may_be_stale",
        "last_verified": "2026-09-26",
        "verification_notes": "Open plant-level discovery record. Verify units, current status, dates and location against PRIS and the national regulator.",
        "start_date": null,
        "end_date": null
      }
    },
    {
      "type": "Feature",
      "id": "wri-gppd-gbr1000052",
      "geometry": {
        "type": "Point",
        "coordinates": [
          0.964,
          50.9133
        ]
      },
      "properties": {
        "id": "wri-gppd-gbr1000052",
        "name": "Dungeness B",
        "record_kind": "facility",
        "domain": "nuclear_fission",
        "reactor_type": "nuclear power plant (type not supplied)",
        "status": "unknown",
        "evidence_maturity": "established",
        "country": "United Kingdom",
        "country_code": "GB",
        "coordinate_precision": "unknown",
        "source_url": "https://www.gov.uk/government/collections/digest-of-uk-energy-statistics-dukes",
        "source_publisher": "World Resources Institute",
        "source_role": "registry",
        "source_license": "CC BY 4.0",
        "source_quality_flags": "plant_level_not_unit;status_not_supplied;historic_shutdown_not_covered;coordinate_precision_unverified;source_may_be_stale",
        "last_verified": "2026-09-26",
        "verification_notes": "Open plant-level discovery record. Verify units, current status, dates and location against PRIS and the national regulator.",
        "start_date": null,
        "end_date": null
      }
    },
    {
      "type": "Feature",
      "id": "wri-gppd-gbr1000053",
      "geometry": {
        "type": "Point",
        "coordinates": [
          -1.1801,
          54.6341
        ]
      },
      "properties": {
        "id": "wri-gppd-gbr1000053",
        "name": "Hartlepool",
        "record_kind": "facility",
        "domain": "nuclear_fission",
        "reactor_type": "nuclear power plant (type not supplied)",
        "status": "unknown",
        "evidence_maturity": "established",
        "country": "United Kingdom",
        "country_code": "GB",
        "coordinate_precision": "unknown",
        "source_url": "https://www.gov.uk/government/collections/digest-of-uk-energy-statistics-dukes",
        "source_publisher": "World Resources Institute",
        "source_role": "registry",
        "source_license": "CC BY 4.0",
        "source_quality_flags": "plant_level_not_unit;status_not_supplied;historic_shutdown_not_covered;coordinate_precision_unverified;source_may_be_stale",
        "last_verified": "2026-09-26",
        "verification_notes": "Open plant-level discovery record. Verify units, current status, dates and location against PRIS and the national regulator.",
        "start_date": null,
        "end_date": null
      }
    },
    {
      "type": "Feature",
      "id": "wri-gppd-gbr1000054",
      "geometry": {
        "type": "Point",
        "coordinates": [
          -2.916,
          54.0285
        ]
      },
      "properties": {
        "id": "wri-gppd-gbr1000054",
        "name": "Heysham 1",
        "record_kind": "facility",
        "domain": "nuclear_fission",
        "reactor_type": "nuclear power plant (type not supplied)",
        "status": "unknown",
        "evidence_maturity": "established",
        "country": "United Kingdom",
        "country_code": "GB",
        "coordinate_precision": "unknown",
        "source_url": "https://www.gov.uk/government/collections/digest-of-uk-energy-statistics-dukes",
        "source_publisher": "World Resources Institute",
        "source_role": "registry",
        "source_license": "CC BY 4.0",
        "source_quality_flags": "plant_level_not_unit;status_not_supplied;historic_shutdown_not_covered;coordinate_precision_unverified;source_may_be_stale",
        "last_verified": "2026-09-26",
        "verification_notes": "Open plant-level discovery record. Verify units, current status, dates and location against PRIS and the national regulator.",
        "start_date": null,
        "end_date": null
      }
    },
    {
      "type": "Feature",
      "id": "wri-gppd-gbr1000055",
      "geometry": {
        "type": "Point",
        "coordinates": [
          -2.916,
          54.0285
        ]
      },
      "properties": {
        "id": "wri-gppd-gbr1000055",
        "name": "Heysham 2",
        "record_kind": "facility",
        "domain": "nuclear_fission",
        "reactor_type": "nuclear power plant (type not supplied)",
        "status": "unknown",
        "evidence_maturity": "established",
        "country": "United Kingdom",
        "country_code": "GB",
        "coordinate_precision": "unknown",
        "source_url": "https://www.gov.uk/government/collections/digest-of-uk-energy-statistics-dukes",
        "source_publisher": "World Resources Institute",
        "source_role": "registry",
        "source_license": "CC BY 4.0",
        "source_quality_flags": "plant_level_not_unit;status_not_supplied;historic_shutdown_not_covered;coordinate_precision_unverified;source_may_be_stale",
        "last_verified": "2026-09-26",
        "verification_notes": "Open plant-level discovery record. Verify units, current status, dates and location against PRIS and the national regulator.",
        "start_date": null,
        "end_date": null
      }
    },
    {
      "type": "Feature",
      "id": "wri-gppd-gbr1000056",
      "geometry": {
        "type": "Point",
        "coordinates": [
          -3.1334,
          51.2085
        ]
      },
      "properties": {
        "id": "wri-gppd-gbr1000056",
        "name": "Hinkley Point B",
        "record_kind": "facility",
        "domain": "nuclear_fission",
        "reactor_type": "nuclear power plant (type not supplied)",
        "status": "unknown",
        "evidence_maturity": "established",
        "country": "United Kingdom",
        "country_code": "GB",
        "coordinate_precision": "unknown",
        "source_url": "https://www.gov.uk/government/collections/digest-of-uk-energy-statistics-dukes",
        "source_publisher": "World Resources Institute",
        "source_role": "registry",
        "source_license": "CC BY 4.0",
        "source_quality_flags": "plant_level_not_unit;status_not_supplied;historic_shutdown_not_covered;coordinate_precision_unverified;source_may_be_stale",
        "last_verified": "2026-09-26",
        "verification_notes": "Open plant-level discovery record. Verify units, current status, dates and location against PRIS and the national regulator.",
        "start_date": null,
        "end_date": null
      }
    },
    {
      "type": "Feature",
      "id": "wri-gppd-gbr1000057",
      "geometry": {
        "type": "Point",
        "coordinates": [
          -4.8964,
          55.7204
        ]
      },
      "properties": {
        "id": "wri-gppd-gbr1000057",
        "name": "Hunterston B",
        "record_kind": "facility",
        "domain": "nuclear_fission",
        "reactor_type": "nuclear power plant (type not supplied)",
        "status": "unknown",
        "evidence_maturity": "established",
        "country": "United Kingdom",
        "country_code": "GB",
        "coordinate_precision": "unknown",
        "source_url": "https://www.gov.uk/government/collections/digest-of-uk-energy-statistics-dukes",
        "source_publisher": "World Resources Institute",
        "source_role": "registry",
        "source_license": "CC BY 4.0",
        "source_quality_flags": "plant_level_not_unit;status_not_supplied;historic_shutdown_not_covered;coordinate_precision_unverified;source_may_be_stale",
        "last_verified": "2026-09-26",
        "verification_notes": "Open plant-level discovery record. Verify units, current status, dates and location against PRIS and the national regulator.",
        "start_date": null,
        "end_date": null
      }
    },
    {
      "type": "Feature",
      "id": "wri-gppd-gbr1000058",
      "geometry": {
        "type": "Point",
        "coordinates": [
          1.6206,
          52.2145
        ]
      },
      "properties": {
        "id": "wri-gppd-gbr1000058",
        "name": "Sizewell B",
        "record_kind": "facility",
        "domain": "nuclear_fission",
        "reactor_type": "nuclear power plant (type not supplied)",
        "status": "unknown",
        "evidence_maturity": "established",
        "country": "United Kingdom",
        "country_code": "GB",
        "coordinate_precision": "unknown",
        "source_url": "https://www.gov.uk/government/collections/digest-of-uk-energy-statistics-dukes",
        "source_publisher": "World Resources Institute",
        "source_role": "registry",
        "source_license": "CC BY 4.0",
        "source_quality_flags": "plant_level_not_unit;status_not_supplied;historic_shutdown_not_covered;coordinate_precision_unverified;source_may_be_stale",
        "last_verified": "2026-09-26",
        "verification_notes": "Open plant-level discovery record. Verify units, current status, dates and location against PRIS and the national regulator.",
        "start_date": null,
        "end_date": null
      }
    },
    {
      "type": "Feature",
      "id": "wri-gppd-gbr1000059",
      "geometry": {
        "type": "Point",
        "coordinates": [
          -2.4086,
          55.9679
        ]
      },
      "properties": {
        "id": "wri-gppd-gbr1000059",
        "name": "Torness",
        "record_kind": "facility",
        "domain": "nuclear_fission",
        "reactor_type": "nuclear power plant (type not supplied)",
        "status": "unknown",
        "evidence_maturity": "established",
        "country": "United Kingdom",
        "country_code": "GB",
        "coordinate_precision": "unknown",
        "source_url": "https://www.gov.uk/government/collections/digest-of-uk-energy-statistics-dukes",
        "source_publisher": "World Resources Institute",
        "source_role": "registry",
        "source_license": "CC BY 4.0",
        "source_quality_flags": "plant_level_not_unit;status_not_supplied;historic_shutdown_not_covered;coordinate_precision_unverified;source_may_be_stale",
        "last_verified": "2026-09-26",
        "verification_notes": "Open plant-level discovery record. Verify units, current status, dates and location against PRIS and the national regulator.",
        "start_date": null,
        "end_date": null
      }
    },
    {
      "type": "Feature",
      "id": "wri-gppd-wri1020246",
      "geometry": {
        "type": "Point",
        "coordinates": [
          18.8536,
          46.5739
        ]
      },
      "properties": {
        "id": "wri-gppd-wri1020246",
        "name": "Paksi Atomerőmű",
        "record_kind": "facility",
        "domain": "nuclear_fission",
        "reactor_type": "nuclear power plant (type not supplied)",
        "status": "unknown",
        "evidence_maturity": "established",
        "country": "Hungary",
        "country_code": "HU",
        "coordinate_precision": "unknown",
        "source_url": "https://transparency.entsoe.eu/generation/r2/installedCapacityPerProductionUnit/show",
        "source_publisher": "World Resources Institute",
        "source_role": "registry",
        "source_license": "CC BY 4.0",
        "source_quality_flags": "plant_level_not_unit;status_not_supplied;historic_shutdown_not_covered;coordinate_precision_unverified;source_may_be_stale",
        "last_verified": "2026-09-26",
        "verification_notes": "Open plant-level discovery record. Verify units, current status, dates and location against PRIS and the national regulator.",
        "start_date": null,
        "end_date": null
      }
    },
    {
      "type": "Feature",
      "id": "wri-gppd-ind0000086",
      "geometry": {
        "type": "Point",
        "coordinates": [
          75.6189,
          24.8747
        ]
      },
      "properties": {
        "id": "wri-gppd-ind0000086",
        "name": "DAE RAJASTHAN",
        "record_kind": "facility",
        "domain": "nuclear_fission",
        "reactor_type": "nuclear power plant (type not supplied)",
        "status": "unknown",
        "evidence_maturity": "established",
        "country": "India",
        "country_code": "IN",
        "coordinate_precision": "unknown",
        "source_url": "http://www.cea.nic.in/",
        "source_publisher": "World Resources Institute",
        "source_role": "registry",
        "source_license": "CC BY 4.0",
        "source_quality_flags": "plant_level_not_unit;status_not_supplied;historic_shutdown_not_covered;coordinate_precision_unverified;source_may_be_stale",
        "last_verified": "2026-09-26",
        "verification_notes": "Open plant-level discovery record. Verify units, current status, dates and location against PRIS and the national regulator.",
        "start_date": "1972-01-01",
        "end_date": null
      }
    },
    {
      "type": "Feature",
      "id": "wri-gppd-ind0000170",
      "geometry": {
        "type": "Point",
        "coordinates": [
          74.4385,
          14.865
        ]
      },
      "properties": {
        "id": "wri-gppd-ind0000170",
        "name": "KAIGA",
        "record_kind": "facility",
        "domain": "nuclear_fission",
        "reactor_type": "nuclear power plant (type not supplied)",
        "status": "unknown",
        "evidence_maturity": "established",
        "country": "India",
        "country_code": "IN",
        "coordinate_precision": "unknown",
        "source_url": "http://www.cea.nic.in/",
        "source_publisher": "World Resources Institute",
        "source_role": "registry",
        "source_license": "CC BY 4.0",
        "source_quality_flags": "plant_level_not_unit;status_not_supplied;historic_shutdown_not_covered;coordinate_precision_unverified;source_may_be_stale",
        "last_verified": "2026-09-26",
        "verification_notes": "Open plant-level discovery record. Verify units, current status, dates and location against PRIS and the national regulator.",
        "start_date": "2004-01-01",
        "end_date": null
      }
    },
    {
      "type": "Feature",
      "id": "wri-gppd-ind0000173",
      "geometry": {
        "type": "Point",
        "coordinates": [
          73.3489,
          21.2384
        ]
      },
      "properties": {
        "id": "wri-gppd-ind0000173",
        "name": "KAKRAPARA",
        "record_kind": "facility",
        "domain": "nuclear_fission",
        "reactor_type": "nuclear power plant (type not supplied)",
        "status": "unknown",
        "evidence_maturity": "established",
        "country": "India",
        "country_code": "IN",
        "coordinate_precision": "unknown",
        "source_url": "http://www.cea.nic.in/",
        "source_publisher": "World Resources Institute",
        "source_role": "registry",
        "source_license": "CC BY 4.0",
        "source_quality_flags": "plant_level_not_unit;status_not_supplied;historic_shutdown_not_covered;coordinate_precision_unverified;source_may_be_stale",
        "last_verified": "2026-09-26",
        "verification_notes": "Open plant-level discovery record. Verify units, current status, dates and location against PRIS and the national regulator.",
        "start_date": "1993-01-01",
        "end_date": null
      }
    },
    {
      "type": "Feature",
      "id": "wri-gppd-ind0000220",
      "geometry": {
        "type": "Point",
        "coordinates": [
          77.1327,
          8.1691
        ]
      },
      "properties": {
        "id": "wri-gppd-ind0000220",
        "name": "KUNDANKULAM",
        "record_kind": "facility",
        "domain": "nuclear_fission",
        "reactor_type": "nuclear power plant (type not supplied)",
        "status": "unknown",
        "evidence_maturity": "established",
        "country": "India",
        "country_code": "IN",
        "coordinate_precision": "unknown",
        "source_url": "http://www.cea.nic.in/",
        "source_publisher": "World Resources Institute",
        "source_role": "registry",
        "source_license": "CC BY 4.0",
        "source_quality_flags": "plant_level_not_unit;status_not_supplied;historic_shutdown_not_covered;coordinate_precision_unverified;source_may_be_stale",
        "last_verified": "2026-09-26",
        "verification_notes": "Open plant-level discovery record. Verify units, current status, dates and location against PRIS and the national regulator.",
        "start_date": "2015-01-01",
        "end_date": null
      }
    },
    {
      "type": "Feature",
      "id": "wri-gppd-wri1026848",
      "geometry": {
        "type": "Point",
        "coordinates": [
          77.7126,
          8.1689
        ]
      },
      "properties": {
        "id": "wri-gppd-wri1026848",
        "name": "Kudankulam",
        "record_kind": "facility",
        "domain": "nuclear_fission",
        "reactor_type": "nuclear power plant (type not supplied)",
        "status": "unknown",
        "evidence_maturity": "established",
        "country": "India",
        "country_code": "IN",
        "coordinate_precision": "unknown",
        "source_url": "https://www.iaea.org/PRIS/CountryStatistics/ReactorDetails.aspx?current=853",
        "source_publisher": "World Resources Institute",
        "source_role": "registry",
        "source_license": "CC BY 4.0",
        "source_quality_flags": "plant_level_not_unit;status_not_supplied;historic_shutdown_not_covered;coordinate_precision_unverified;source_may_be_stale",
        "last_verified": "2026-09-26",
        "verification_notes": "Open plant-level discovery record. Verify units, current status, dates and location against PRIS and the national regulator.",
        "start_date": null,
        "end_date": null
      }
    },
    {
      "type": "Feature",
      "id": "wri-gppd-ind0000242",
      "geometry": {
        "type": "Point",
        "coordinates": [
          80.1754,
          12.5571
        ]
      },
      "properties": {
        "id": "wri-gppd-ind0000242",
        "name": "M.A.P.P.",
        "record_kind": "facility",
        "domain": "nuclear_fission",
        "reactor_type": "nuclear power plant (type not supplied)",
        "status": "unknown",
        "evidence_maturity": "established",
        "country": "India",
        "country_code": "IN",
        "coordinate_precision": "unknown",
        "source_url": "http://www.cea.nic.in/",
        "source_publisher": "World Resources Institute",
        "source_role": "registry",
        "source_license": "CC BY 4.0",
        "source_quality_flags": "plant_level_not_unit;status_not_supplied;historic_shutdown_not_covered;coordinate_precision_unverified;source_may_be_stale",
        "last_verified": "2026-09-26",
        "verification_notes": "Open plant-level discovery record. Verify units, current status, dates and location against PRIS and the national regulator.",
        "start_date": "1984-01-01",
        "end_date": null
      }
    },
    {
      "type": "Feature",
      "id": "wri-gppd-ind0000283",
      "geometry": {
        "type": "Point",
        "coordinates": [
          78.4089,
          28.156
        ]
      },
      "properties": {
        "id": "wri-gppd-ind0000283",
        "name": "N.A.P.S",
        "record_kind": "facility",
        "domain": "nuclear_fission",
        "reactor_type": "nuclear power plant (type not supplied)",
        "status": "unknown",
        "evidence_maturity": "established",
        "country": "India",
        "country_code": "IN",
        "coordinate_precision": "unknown",
        "source_url": "http://www.cea.nic.in/",
        "source_publisher": "World Resources Institute",
        "source_role": "registry",
        "source_license": "CC BY 4.0",
        "source_quality_flags": "plant_level_not_unit;status_not_supplied;historic_shutdown_not_covered;coordinate_precision_unverified;source_may_be_stale",
        "last_verified": "2026-09-26",
        "verification_notes": "Open plant-level discovery record. Verify units, current status, dates and location against PRIS and the national regulator.",
        "start_date": "1990-01-01",
        "end_date": null
      }
    },
    {
      "type": "Feature",
      "id": "wri-gppd-ind0000350",
      "geometry": {
        "type": "Point",
        "coordinates": [
          75.6189,
          24.8747
        ]
      },
      "properties": {
        "id": "wri-gppd-ind0000350",
        "name": "R.A.P.S.",
        "record_kind": "facility",
        "domain": "nuclear_fission",
        "reactor_type": "nuclear power plant (type not supplied)",
        "status": "unknown",
        "evidence_maturity": "established",
        "country": "India",
        "country_code": "IN",
        "coordinate_precision": "unknown",
        "source_url": "http://www.cea.nic.in/",
        "source_publisher": "World Resources Institute",
        "source_role": "registry",
        "source_license": "CC BY 4.0",
        "source_quality_flags": "plant_level_not_unit;status_not_supplied;historic_shutdown_not_covered;coordinate_precision_unverified;source_may_be_stale",
        "last_verified": "2026-09-26",
        "verification_notes": "Open plant-level discovery record. Verify units, current status, dates and location against PRIS and the national regulator.",
        "start_date": "2000-01-01",
        "end_date": null
      }
    },
    {
      "type": "Feature",
      "id": "wri-gppd-ind0000445",
      "geometry": {
        "type": "Point",
        "coordinates": [
          72.6617,
          19.8294
        ]
      },
      "properties": {
        "id": "wri-gppd-ind0000445",
        "name": "TARAPUR",
        "record_kind": "facility",
        "domain": "nuclear_fission",
        "reactor_type": "nuclear power plant (type not supplied)",
        "status": "unknown",
        "evidence_maturity": "established",
        "country": "India",
        "country_code": "IN",
        "coordinate_precision": "unknown",
        "source_url": "http://www.cea.nic.in/",
        "source_publisher": "World Resources Institute",
        "source_role": "registry",
        "source_license": "CC BY 4.0",
        "source_quality_flags": "plant_level_not_unit;status_not_supplied;historic_shutdown_not_covered;coordinate_precision_unverified;source_may_be_stale",
        "last_verified": "2026-09-26",
        "verification_notes": "Open plant-level discovery record. Verify units, current status, dates and location against PRIS and the national regulator.",
        "start_date": "1996-01-01",
        "end_date": null
      }
    },
    {
      "type": "Feature",
      "id": "wri-gppd-wri1023916",
      "geometry": {
        "type": "Point",
        "coordinates": [
          50.8857,
          28.8298
        ]
      },
      "properties": {
        "id": "wri-gppd-wri1023916",
        "name": "Bushehr",
        "record_kind": "facility",
        "domain": "nuclear_fission",
        "reactor_type": "nuclear power plant (type not supplied)",
        "status": "unknown",
        "evidence_maturity": "established",
        "country": "Iran",
        "country_code": "IR",
        "coordinate_precision": "unknown",
        "source_url": "https://www.iaea.org/PRIS/CountryStatistics/ReactorDetails.aspx?current=310",
        "source_publisher": "World Resources Institute",
        "source_role": "registry",
        "source_license": "CC BY 4.0",
        "source_quality_flags": "plant_level_not_unit;status_not_supplied;historic_shutdown_not_covered;coordinate_precision_unverified;source_may_be_stale",
        "last_verified": "2026-09-26",
        "verification_notes": "Open plant-level discovery record. Verify units, current status, dates and location against PRIS and the national regulator.",
        "start_date": "2011-01-01",
        "end_date": null
      }
    },
    {
      "type": "Feature",
      "id": "wri-gppd-wri1000678",
      "geometry": {
        "type": "Point",
        "coordinates": [
          141.0265,
          37.3164
        ]
      },
      "properties": {
        "id": "wri-gppd-wri1000678",
        "name": "Fukushima Daina",
        "record_kind": "facility",
        "domain": "nuclear_fission",
        "reactor_type": "nuclear power plant (type not supplied)",
        "status": "unknown",
        "evidence_maturity": "established",
        "country": "Japan",
        "country_code": "JP",
        "coordinate_precision": "unknown",
        "source_url": "https://www.jepic.or.jp/en/",
        "source_publisher": "World Resources Institute",
        "source_role": "registry",
        "source_license": "CC BY 4.0",
        "source_quality_flags": "plant_level_not_unit;status_not_supplied;historic_shutdown_not_covered;coordinate_precision_unverified;source_may_be_stale",
        "last_verified": "2026-09-26",
        "verification_notes": "Open plant-level discovery record. Verify units, current status, dates and location against PRIS and the national regulator.",
        "start_date": null,
        "end_date": null
      }
    },
    {
      "type": "Feature",
      "id": "wri-gppd-wri1000687",
      "geometry": {
        "type": "Point",
        "coordinates": [
          129.836,
          33.5152
        ]
      },
      "properties": {
        "id": "wri-gppd-wri1000687",
        "name": "Genkai",
        "record_kind": "facility",
        "domain": "nuclear_fission",
        "reactor_type": "nuclear power plant (type not supplied)",
        "status": "unknown",
        "evidence_maturity": "established",
        "country": "Japan",
        "country_code": "JP",
        "coordinate_precision": "unknown",
        "source_url": "https://www.jepic.or.jp/en/",
        "source_publisher": "World Resources Institute",
        "source_role": "registry",
        "source_license": "CC BY 4.0",
        "source_quality_flags": "plant_level_not_unit;status_not_supplied;historic_shutdown_not_covered;coordinate_precision_unverified;source_may_be_stale",
        "last_verified": "2026-09-26",
        "verification_notes": "Open plant-level discovery record. Verify units, current status, dates and location against PRIS and the national regulator.",
        "start_date": null,
        "end_date": null
      }
    },
    {
      "type": "Feature",
      "id": "wri-gppd-wri1000680",
      "geometry": {
        "type": "Point",
        "coordinates": [
          138.1421,
          34.6235
        ]
      },
      "properties": {
        "id": "wri-gppd-wri1000680",
        "name": "Hamaoka",
        "record_kind": "facility",
        "domain": "nuclear_fission",
        "reactor_type": "nuclear power plant (type not supplied)",
        "status": "unknown",
        "evidence_maturity": "established",
        "country": "Japan",
        "country_code": "JP",
        "coordinate_precision": "unknown",
        "source_url": "https://www.jepic.or.jp/en/",
        "source_publisher": "World Resources Institute",
        "source_role": "registry",
        "source_license": "CC BY 4.0",
        "source_quality_flags": "plant_level_not_unit;status_not_supplied;historic_shutdown_not_covered;coordinate_precision_unverified;source_may_be_stale",
        "last_verified": "2026-09-26",
        "verification_notes": "Open plant-level discovery record. Verify units, current status, dates and location against PRIS and the national regulator.",
        "start_date": null,
        "end_date": null
      }
    },
    {
      "type": "Feature",
      "id": "wri-gppd-wri1000675",
      "geometry": {
        "type": "Point",
        "coordinates": [
          141.3903,
          41.188
        ]
      },
      "properties": {
        "id": "wri-gppd-wri1000675",
        "name": "Higashi-Dori",
        "record_kind": "facility",
        "domain": "nuclear_fission",
        "reactor_type": "nuclear power plant (type not supplied)",
        "status": "unknown",
        "evidence_maturity": "established",
        "country": "Japan",
        "country_code": "JP",
        "coordinate_precision": "unknown",
        "source_url": "https://www.jepic.or.jp/en/",
        "source_publisher": "World Resources Institute",
        "source_role": "registry",
        "source_license": "CC BY 4.0",
        "source_quality_flags": "plant_level_not_unit;status_not_supplied;historic_shutdown_not_covered;coordinate_precision_unverified;source_may_be_stale",
        "last_verified": "2026-09-26",
        "verification_notes": "Open plant-level discovery record. Verify units, current status, dates and location against PRIS and the national regulator.",
        "start_date": null,
        "end_date": null
      }
    },
    {
      "type": "Feature",
      "id": "wri-gppd-wri1000686",
      "geometry": {
        "type": "Point",
        "coordinates": [
          132.3088,
          33.4909
        ]
      },
      "properties": {
        "id": "wri-gppd-wri1000686",
        "name": "Ikata",
        "record_kind": "facility",
        "domain": "nuclear_fission",
        "reactor_type": "nuclear power plant (type not supplied)",
        "status": "unknown",
        "evidence_maturity": "established",
        "country": "Japan",
        "country_code": "JP",
        "coordinate_precision": "unknown",
        "source_url": "https://www.jepic.or.jp/en/",
        "source_publisher": "World Resources Institute",
        "source_role": "registry",
        "source_license": "CC BY 4.0",
        "source_quality_flags": "plant_level_not_unit;status_not_supplied;historic_shutdown_not_covered;coordinate_precision_unverified;source_may_be_stale",
        "last_verified": "2026-09-26",
        "verification_notes": "Open plant-level discovery record. Verify units, current status, dates and location against PRIS and the national regulator.",
        "start_date": null,
        "end_date": null
      }
    },
    {
      "type": "Feature",
      "id": "wri-gppd-wri1000679",
      "geometry": {
        "type": "Point",
        "coordinates": [
          138.5941,
          37.4259
        ]
      },
      "properties": {
        "id": "wri-gppd-wri1000679",
        "name": "Kashiwazaki Kariwa",
        "record_kind": "facility",
        "domain": "nuclear_fission",
        "reactor_type": "nuclear power plant (type not supplied)",
        "status": "unknown",
        "evidence_maturity": "established",
        "country": "Japan",
        "country_code": "JP",
        "coordinate_precision": "unknown",
        "source_url": "https://www.jepic.or.jp/en/",
        "source_publisher": "World Resources Institute",
        "source_role": "registry",
        "source_license": "CC BY 4.0",
        "source_quality_flags": "plant_level_not_unit;status_not_supplied;historic_shutdown_not_covered;coordinate_precision_unverified;source_may_be_stale",
        "last_verified": "2026-09-26",
        "verification_notes": "Open plant-level discovery record. Verify units, current status, dates and location against PRIS and the national regulator.",
        "start_date": null,
        "end_date": null
      }
    },
    {
      "type": "Feature",
      "id": "wri-gppd-wri1000682",
      "geometry": {
        "type": "Point",
        "coordinates": [
          135.9634,
          35.7024
        ]
      },
      "properties": {
        "id": "wri-gppd-wri1000682",
        "name": "Mihama",
        "record_kind": "facility",
        "domain": "nuclear_fission",
        "reactor_type": "nuclear power plant (type not supplied)",
        "status": "unknown",
        "evidence_maturity": "established",
        "country": "Japan",
        "country_code": "JP",
        "coordinate_precision": "unknown",
        "source_url": "https://www.jepic.or.jp/en/",
        "source_publisher": "World Resources Institute",
        "source_role": "registry",
        "source_license": "CC BY 4.0",
        "source_quality_flags": "plant_level_not_unit;status_not_supplied;historic_shutdown_not_covered;coordinate_precision_unverified;source_may_be_stale",
        "last_verified": "2026-09-26",
        "verification_notes": "Open plant-level discovery record. Verify units, current status, dates and location against PRIS and the national regulator.",
        "start_date": null,
        "end_date": null
      }
    },
    {
      "type": "Feature",
      "id": "wri-gppd-wri1000684",
      "geometry": {
        "type": "Point",
        "coordinates": [
          135.6544,
          35.5424
        ]
      },
      "properties": {
        "id": "wri-gppd-wri1000684",
        "name": "Ohi",
        "record_kind": "facility",
        "domain": "nuclear_fission",
        "reactor_type": "nuclear power plant (type not supplied)",
        "status": "unknown",
        "evidence_maturity": "established",
        "country": "Japan",
        "country_code": "JP",
        "coordinate_precision": "unknown",
        "source_url": "https://www.jepic.or.jp/en/",
        "source_publisher": "World Resources Institute",
        "source_role": "registry",
        "source_license": "CC BY 4.0",
        "source_quality_flags": "plant_level_not_unit;status_not_supplied;historic_shutdown_not_covered;coordinate_precision_unverified;source_may_be_stale",
        "last_verified": "2026-09-26",
        "verification_notes": "Open plant-level discovery record. Verify units, current status, dates and location against PRIS and the national regulator.",
        "start_date": null,
        "end_date": null
      }
    },
    {
      "type": "Feature",
      "id": "wri-gppd-wri1000676",
      "geometry": {
        "type": "Point",
        "coordinates": [
          141.5,
          38.4
        ]
      },
      "properties": {
        "id": "wri-gppd-wri1000676",
        "name": "Onagawa",
        "record_kind": "facility",
        "domain": "nuclear_fission",
        "reactor_type": "nuclear power plant (type not supplied)",
        "status": "unknown",
        "evidence_maturity": "established",
        "country": "Japan",
        "country_code": "JP",
        "coordinate_precision": "unknown",
        "source_url": "https://www.jepic.or.jp/en/",
        "source_publisher": "World Resources Institute",
        "source_role": "registry",
        "source_license": "CC BY 4.0",
        "source_quality_flags": "plant_level_not_unit;status_not_supplied;historic_shutdown_not_covered;coordinate_precision_unverified;source_may_be_stale",
        "last_verified": "2026-09-26",
        "verification_notes": "Open plant-level discovery record. Verify units, current status, dates and location against PRIS and the national regulator.",
        "start_date": null,
        "end_date": null
      }
    },
    {
      "type": "Feature",
      "id": "wri-gppd-wri1000688",
      "geometry": {
        "type": "Point",
        "coordinates": [
          130.1887,
          31.8335
        ]
      },
      "properties": {
        "id": "wri-gppd-wri1000688",
        "name": "Sendai",
        "record_kind": "facility",
        "domain": "nuclear_fission",
        "reactor_type": "nuclear power plant (type not supplied)",
        "status": "unknown",
        "evidence_maturity": "established",
        "country": "Japan",
        "country_code": "JP",
        "coordinate_precision": "unknown",
        "source_url": "https://www.jepic.or.jp/en/",
        "source_publisher": "World Resources Institute",
        "source_role": "registry",
        "source_license": "CC BY 4.0",
        "source_quality_flags": "plant_level_not_unit;status_not_supplied;historic_shutdown_not_covered;coordinate_precision_unverified;source_may_be_stale",
        "last_verified": "2026-09-26",
        "verification_notes": "Open plant-level discovery record. Verify units, current status, dates and location against PRIS and the national regulator.",
        "start_date": null,
        "end_date": null
      }
    },
    {
      "type": "Feature",
      "id": "wri-gppd-wri1000681",
      "geometry": {
        "type": "Point",
        "coordinates": [
          136.7265,
          37.0609
        ]
      },
      "properties": {
        "id": "wri-gppd-wri1000681",
        "name": "Shika",
        "record_kind": "facility",
        "domain": "nuclear_fission",
        "reactor_type": "nuclear power plant (type not supplied)",
        "status": "unknown",
        "evidence_maturity": "established",
        "country": "Japan",
        "country_code": "JP",
        "coordinate_precision": "unknown",
        "source_url": "https://www.jepic.or.jp/en/",
        "source_publisher": "World Resources Institute",
        "source_role": "registry",
        "source_license": "CC BY 4.0",
        "source_quality_flags": "plant_level_not_unit;status_not_supplied;historic_shutdown_not_covered;coordinate_precision_unverified;source_may_be_stale",
        "last_verified": "2026-09-26",
        "verification_notes": "Open plant-level discovery record. Verify units, current status, dates and location against PRIS and the national regulator.",
        "start_date": null,
        "end_date": null
      }
    },
    {
      "type": "Feature",
      "id": "wri-gppd-wri1000685",
      "geometry": {
        "type": "Point",
        "coordinates": [
          132.9991,
          35.5379
        ]
      },
      "properties": {
        "id": "wri-gppd-wri1000685",
        "name": "Shimane",
        "record_kind": "facility",
        "domain": "nuclear_fission",
        "reactor_type": "nuclear power plant (type not supplied)",
        "status": "unknown",
        "evidence_maturity": "established",
        "country": "Japan",
        "country_code": "JP",
        "coordinate_precision": "unknown",
        "source_url": "https://www.jepic.or.jp/en/",
        "source_publisher": "World Resources Institute",
        "source_role": "registry",
        "source_license": "CC BY 4.0",
        "source_quality_flags": "plant_level_not_unit;status_not_supplied;historic_shutdown_not_covered;coordinate_precision_unverified;source_may_be_stale",
        "last_verified": "2026-09-26",
        "verification_notes": "Open plant-level discovery record. Verify units, current status, dates and location against PRIS and the national regulator.",
        "start_date": null,
        "end_date": null
      }
    },
    {
      "type": "Feature",
      "id": "wri-gppd-wri1000683",
      "geometry": {
        "type": "Point",
        "coordinates": [
          135.5036,
          35.5223
        ]
      },
      "properties": {
        "id": "wri-gppd-wri1000683",
        "name": "Takahama",
        "record_kind": "facility",
        "domain": "nuclear_fission",
        "reactor_type": "nuclear power plant (type not supplied)",
        "status": "unknown",
        "evidence_maturity": "established",
        "country": "Japan",
        "country_code": "JP",
        "coordinate_precision": "unknown",
        "source_url": "https://www.jepic.or.jp/en/",
        "source_publisher": "World Resources Institute",
        "source_role": "registry",
        "source_license": "CC BY 4.0",
        "source_quality_flags": "plant_level_not_unit;status_not_supplied;historic_shutdown_not_covered;coordinate_precision_unverified;source_may_be_stale",
        "last_verified": "2026-09-26",
        "verification_notes": "Open plant-level discovery record. Verify units, current status, dates and location against PRIS and the national regulator.",
        "start_date": null,
        "end_date": null
      }
    },
    {
      "type": "Feature",
      "id": "wri-gppd-wri1000689",
      "geometry": {
        "type": "Point",
        "coordinates": [
          140.6028,
          36.4215
        ]
      },
      "properties": {
        "id": "wri-gppd-wri1000689",
        "name": "Tokai Daini",
        "record_kind": "facility",
        "domain": "nuclear_fission",
        "reactor_type": "nuclear power plant (type not supplied)",
        "status": "unknown",
        "evidence_maturity": "established",
        "country": "Japan",
        "country_code": "JP",
        "coordinate_precision": "unknown",
        "source_url": "https://www.jepic.or.jp/en/",
        "source_publisher": "World Resources Institute",
        "source_role": "registry",
        "source_license": "CC BY 4.0",
        "source_quality_flags": "plant_level_not_unit;status_not_supplied;historic_shutdown_not_covered;coordinate_precision_unverified;source_may_be_stale",
        "last_verified": "2026-09-26",
        "verification_notes": "Open plant-level discovery record. Verify units, current status, dates and location against PRIS and the national regulator.",
        "start_date": null,
        "end_date": null
      }
    },
    {
      "type": "Feature",
      "id": "wri-gppd-wri1000674",
      "geometry": {
        "type": "Point",
        "coordinates": [
          140.5125,
          43.0367
        ]
      },
      "properties": {
        "id": "wri-gppd-wri1000674",
        "name": "Tomari",
        "record_kind": "facility",
        "domain": "nuclear_fission",
        "reactor_type": "nuclear power plant (type not supplied)",
        "status": "unknown",
        "evidence_maturity": "established",
        "country": "Japan",
        "country_code": "JP",
        "coordinate_precision": "unknown",
        "source_url": "https://www.jepic.or.jp/en/",
        "source_publisher": "World Resources Institute",
        "source_role": "registry",
        "source_license": "CC BY 4.0",
        "source_quality_flags": "plant_level_not_unit;status_not_supplied;historic_shutdown_not_covered;coordinate_precision_unverified;source_may_be_stale",
        "last_verified": "2026-09-26",
        "verification_notes": "Open plant-level discovery record. Verify units, current status, dates and location against PRIS and the national regulator.",
        "start_date": null,
        "end_date": null
      }
    },
    {
      "type": "Feature",
      "id": "wri-gppd-wri1000690",
      "geometry": {
        "type": "Point",
        "coordinates": [
          136.0189,
          35.7519
        ]
      },
      "properties": {
        "id": "wri-gppd-wri1000690",
        "name": "Tsuruga",
        "record_kind": "facility",
        "domain": "nuclear_fission",
        "reactor_type": "nuclear power plant (type not supplied)",
        "status": "unknown",
        "evidence_maturity": "established",
        "country": "Japan",
        "country_code": "JP",
        "coordinate_precision": "unknown",
        "source_url": "https://www.jepic.or.jp/en/",
        "source_publisher": "World Resources Institute",
        "source_role": "registry",
        "source_license": "CC BY 4.0",
        "source_quality_flags": "plant_level_not_unit;status_not_supplied;historic_shutdown_not_covered;coordinate_precision_unverified;source_may_be_stale",
        "last_verified": "2026-09-26",
        "verification_notes": "Open plant-level discovery record. Verify units, current status, dates and location against PRIS and the national regulator.",
        "start_date": null,
        "end_date": null
      }
    },
    {
      "type": "Feature",
      "id": "wri-gppd-wri1000217",
      "geometry": {
        "type": "Point",
        "coordinates": [
          126.4175,
          35.4105
        ]
      },
      "properties": {
        "id": "wri-gppd-wri1000217",
        "name": "Hanbit",
        "record_kind": "facility",
        "domain": "nuclear_fission",
        "reactor_type": "nuclear power plant (type not supplied)",
        "status": "unknown",
        "evidence_maturity": "established",
        "country": "South Korea",
        "country_code": "KR",
        "coordinate_precision": "unknown",
        "source_url": "https://cms.khnp.co.kr/eng/plant-status/",
        "source_publisher": "World Resources Institute",
        "source_role": "registry",
        "source_license": "CC BY 4.0",
        "source_quality_flags": "plant_level_not_unit;status_not_supplied;historic_shutdown_not_covered;coordinate_precision_unverified;source_may_be_stale",
        "last_verified": "2026-09-26",
        "verification_notes": "Open plant-level discovery record. Verify units, current status, dates and location against PRIS and the national regulator.",
        "start_date": null,
        "end_date": null
      }
    },
    {
      "type": "Feature",
      "id": "wri-gppd-wri1000218",
      "geometry": {
        "type": "Point",
        "coordinates": [
          129.383,
          37.0931
        ]
      },
      "properties": {
        "id": "wri-gppd-wri1000218",
        "name": "Hanul",
        "record_kind": "facility",
        "domain": "nuclear_fission",
        "reactor_type": "nuclear power plant (type not supplied)",
        "status": "unknown",
        "evidence_maturity": "established",
        "country": "South Korea",
        "country_code": "KR",
        "coordinate_precision": "unknown",
        "source_url": "https://cms.khnp.co.kr/eng/plant-status/",
        "source_publisher": "World Resources Institute",
        "source_role": "registry",
        "source_license": "CC BY 4.0",
        "source_quality_flags": "plant_level_not_unit;status_not_supplied;historic_shutdown_not_covered;coordinate_precision_unverified;source_may_be_stale",
        "last_verified": "2026-09-26",
        "verification_notes": "Open plant-level discovery record. Verify units, current status, dates and location against PRIS and the national regulator.",
        "start_date": null,
        "end_date": null
      }
    },
    {
      "type": "Feature",
      "id": "wri-gppd-wri1000213",
      "geometry": {
        "type": "Point",
        "coordinates": [
          129.2948,
          35.3199
        ]
      },
      "properties": {
        "id": "wri-gppd-wri1000213",
        "name": "Kori",
        "record_kind": "facility",
        "domain": "nuclear_fission",
        "reactor_type": "nuclear power plant (type not supplied)",
        "status": "unknown",
        "evidence_maturity": "established",
        "country": "South Korea",
        "country_code": "KR",
        "coordinate_precision": "unknown",
        "source_url": "https://cms.khnp.co.kr/eng/plant-status/",
        "source_publisher": "World Resources Institute",
        "source_role": "registry",
        "source_license": "CC BY 4.0",
        "source_quality_flags": "plant_level_not_unit;status_not_supplied;historic_shutdown_not_covered;coordinate_precision_unverified;source_may_be_stale",
        "last_verified": "2026-09-26",
        "verification_notes": "Open plant-level discovery record. Verify units, current status, dates and location against PRIS and the national regulator.",
        "start_date": null,
        "end_date": null
      }
    },
    {
      "type": "Feature",
      "id": "wri-gppd-wri1000214",
      "geometry": {
        "type": "Point",
        "coordinates": [
          129.3017,
          35.3271
        ]
      },
      "properties": {
        "id": "wri-gppd-wri1000214",
        "name": "Shin-Kori",
        "record_kind": "facility",
        "domain": "nuclear_fission",
        "reactor_type": "nuclear power plant (type not supplied)",
        "status": "unknown",
        "evidence_maturity": "established",
        "country": "South Korea",
        "country_code": "KR",
        "coordinate_precision": "unknown",
        "source_url": "https://cms.khnp.co.kr/eng/plant-status/",
        "source_publisher": "World Resources Institute",
        "source_role": "registry",
        "source_license": "CC BY 4.0",
        "source_quality_flags": "plant_level_not_unit;status_not_supplied;historic_shutdown_not_covered;coordinate_precision_unverified;source_may_be_stale",
        "last_verified": "2026-09-26",
        "verification_notes": "Open plant-level discovery record. Verify units, current status, dates and location against PRIS and the national regulator.",
        "start_date": null,
        "end_date": null
      }
    },
    {
      "type": "Feature",
      "id": "wri-gppd-wri1000216",
      "geometry": {
        "type": "Point",
        "coordinates": [
          129.4786,
          35.7221
        ]
      },
      "properties": {
        "id": "wri-gppd-wri1000216",
        "name": "Shin-Wolsong",
        "record_kind": "facility",
        "domain": "nuclear_fission",
        "reactor_type": "nuclear power plant (type not supplied)",
        "status": "unknown",
        "evidence_maturity": "established",
        "country": "South Korea",
        "country_code": "KR",
        "coordinate_precision": "unknown",
        "source_url": "https://cms.khnp.co.kr/eng/plant-status/",
        "source_publisher": "World Resources Institute",
        "source_role": "registry",
        "source_license": "CC BY 4.0",
        "source_quality_flags": "plant_level_not_unit;status_not_supplied;historic_shutdown_not_covered;coordinate_precision_unverified;source_may_be_stale",
        "last_verified": "2026-09-26",
        "verification_notes": "Open plant-level discovery record. Verify units, current status, dates and location against PRIS and the national regulator.",
        "start_date": "2012-01-01",
        "end_date": null
      }
    },
    {
      "type": "Feature",
      "id": "wri-gppd-wri1000215",
      "geometry": {
        "type": "Point",
        "coordinates": [
          129.4743,
          35.7111
        ]
      },
      "properties": {
        "id": "wri-gppd-wri1000215",
        "name": "Wolsong",
        "record_kind": "facility",
        "domain": "nuclear_fission",
        "reactor_type": "nuclear power plant (type not supplied)",
        "status": "unknown",
        "evidence_maturity": "established",
        "country": "South Korea",
        "country_code": "KR",
        "coordinate_precision": "unknown",
        "source_url": "https://cms.khnp.co.kr/eng/plant-status/",
        "source_publisher": "World Resources Institute",
        "source_role": "registry",
        "source_license": "CC BY 4.0",
        "source_quality_flags": "plant_level_not_unit;status_not_supplied;historic_shutdown_not_covered;coordinate_precision_unverified;source_may_be_stale",
        "last_verified": "2026-09-26",
        "verification_notes": "Open plant-level discovery record. Verify units, current status, dates and location against PRIS and the national regulator.",
        "start_date": null,
        "end_date": null
      }
    },
    {
      "type": "Feature",
      "id": "wri-gppd-mex0001769",
      "geometry": {
        "type": "Point",
        "coordinates": [
          -96.4064,
          19.7208
        ]
      },
      "properties": {
        "id": "wri-gppd-mex0001769",
        "name": "Laguna Verde",
        "record_kind": "facility",
        "domain": "nuclear_fission",
        "reactor_type": "nuclear power plant (type not supplied)",
        "status": "unknown",
        "evidence_maturity": "established",
        "country": "Mexico",
        "country_code": "MX",
        "coordinate_precision": "unknown",
        "source_url": "http://base.energia.gob.mx/nacei/Archivos/3%20P%C3%A1gina%20Datos%20de%20Infraestructura/Ingl%C3%A9s/PowerPlantsAllGE100MW_NorthAmerica_201606.xlsx",
        "source_publisher": "World Resources Institute",
        "source_role": "registry",
        "source_license": "CC BY 4.0",
        "source_quality_flags": "plant_level_not_unit;status_not_supplied;historic_shutdown_not_covered;coordinate_precision_unverified;source_may_be_stale",
        "last_verified": "2026-09-26",
        "verification_notes": "Open plant-level discovery record. Verify units, current status, dates and location against PRIS and the national regulator.",
        "start_date": null,
        "end_date": null
      }
    },
    {
      "type": "Feature",
      "id": "wri-gppd-wri1019300",
      "geometry": {
        "type": "Point",
        "coordinates": [
          3.7174,
          51.4312
        ]
      },
      "properties": {
        "id": "wri-gppd-wri1019300",
        "name": "Borssele Nuclear Power Station",
        "record_kind": "facility",
        "domain": "nuclear_fission",
        "reactor_type": "nuclear power plant (type not supplied)",
        "status": "unknown",
        "evidence_maturity": "established",
        "country": "Netherlands",
        "country_code": "NL",
        "coordinate_precision": "unknown",
        "source_url": "https://www.iaea.org/PRIS/CountryStatistics/CountryDetails.aspx?current=NL",
        "source_publisher": "World Resources Institute",
        "source_role": "registry",
        "source_license": "CC BY 4.0",
        "source_quality_flags": "plant_level_not_unit;status_not_supplied;historic_shutdown_not_covered;coordinate_precision_unverified;source_may_be_stale",
        "last_verified": "2026-09-26",
        "verification_notes": "Open plant-level discovery record. Verify units, current status, dates and location against PRIS and the national regulator.",
        "start_date": "1973-01-01",
        "end_date": null
      }
    },
    {
      "type": "Feature",
      "id": "wri-gppd-wri1001626",
      "geometry": {
        "type": "Point",
        "coordinates": [
          71.4616,
          32.392
        ]
      },
      "properties": {
        "id": "wri-gppd-wri1001626",
        "name": "Chasnupp",
        "record_kind": "facility",
        "domain": "nuclear_fission",
        "reactor_type": "nuclear power plant (type not supplied)",
        "status": "unknown",
        "evidence_maturity": "established",
        "country": "Pakistan",
        "country_code": "PK",
        "coordinate_precision": "unknown",
        "source_url": "http://icci.com.pk/data/downloads/63/1293619048_1.pdf",
        "source_publisher": "World Resources Institute",
        "source_role": "registry",
        "source_license": "CC BY 4.0",
        "source_quality_flags": "plant_level_not_unit;status_not_supplied;historic_shutdown_not_covered;coordinate_precision_unverified;source_may_be_stale",
        "last_verified": "2026-09-26",
        "verification_notes": "Open plant-level discovery record. Verify units, current status, dates and location against PRIS and the national regulator.",
        "start_date": null,
        "end_date": null
      }
    },
    {
      "type": "Feature",
      "id": "wri-gppd-wri1001625",
      "geometry": {
        "type": "Point",
        "coordinates": [
          66.7888,
          24.845
        ]
      },
      "properties": {
        "id": "wri-gppd-wri1001625",
        "name": "Kanupp",
        "record_kind": "facility",
        "domain": "nuclear_fission",
        "reactor_type": "nuclear power plant (type not supplied)",
        "status": "unknown",
        "evidence_maturity": "established",
        "country": "Pakistan",
        "country_code": "PK",
        "coordinate_precision": "unknown",
        "source_url": "http://icci.com.pk/data/downloads/63/1293619048_1.pdf",
        "source_publisher": "World Resources Institute",
        "source_role": "registry",
        "source_license": "CC BY 4.0",
        "source_quality_flags": "plant_level_not_unit;status_not_supplied;historic_shutdown_not_covered;coordinate_precision_unverified;source_may_be_stale",
        "last_verified": "2026-09-26",
        "verification_notes": "Open plant-level discovery record. Verify units, current status, dates and location against PRIS and the national regulator.",
        "start_date": "1971-01-01",
        "end_date": null
      }
    },
    {
      "type": "Feature",
      "id": "wri-gppd-wri1019093",
      "geometry": {
        "type": "Point",
        "coordinates": [
          28.0568,
          44.3215
        ]
      },
      "properties": {
        "id": "wri-gppd-wri1019093",
        "name": "NPP Cernavoda",
        "record_kind": "facility",
        "domain": "nuclear_fission",
        "reactor_type": "nuclear power plant (type not supplied)",
        "status": "unknown",
        "evidence_maturity": "established",
        "country": "Romania",
        "country_code": "RO",
        "coordinate_precision": "unknown",
        "source_url": "https://transparency.entsoe.eu/generation/r2/installedCapacityPerProductionUnit/show",
        "source_publisher": "World Resources Institute",
        "source_role": "registry",
        "source_license": "CC BY 4.0",
        "source_quality_flags": "plant_level_not_unit;status_not_supplied;historic_shutdown_not_covered;coordinate_precision_unverified;source_may_be_stale",
        "last_verified": "2026-09-26",
        "verification_notes": "Open plant-level discovery record. Verify units, current status, dates and location against PRIS and the national regulator.",
        "start_date": null,
        "end_date": null
      }
    },
    {
      "type": "Feature",
      "id": "wri-gppd-wri1023915",
      "geometry": {
        "type": "Point",
        "coordinates": [
          47.9539,
          52.0928
        ]
      },
      "properties": {
        "id": "wri-gppd-wri1023915",
        "name": "Balakovo NPP",
        "record_kind": "facility",
        "domain": "nuclear_fission",
        "reactor_type": "nuclear power plant (type not supplied)",
        "status": "unknown",
        "evidence_maturity": "established",
        "country": "Russia",
        "country_code": "RU",
        "coordinate_precision": "unknown",
        "source_url": "https://energybase.ru/power-plant/Balakovo_NPP",
        "source_publisher": "World Resources Institute",
        "source_role": "registry",
        "source_license": "CC BY 4.0",
        "source_quality_flags": "plant_level_not_unit;status_not_supplied;historic_shutdown_not_covered;coordinate_precision_unverified;source_may_be_stale",
        "last_verified": "2026-09-26",
        "verification_notes": "Open plant-level discovery record. Verify units, current status, dates and location against PRIS and the national regulator.",
        "start_date": null,
        "end_date": null
      }
    },
    {
      "type": "Feature",
      "id": "wri-gppd-wri1003666",
      "geometry": {
        "type": "Point",
        "coordinates": [
          61.3225,
          56.8417
        ]
      },
      "properties": {
        "id": "wri-gppd-wri1003666",
        "name": "Beloyarsk",
        "record_kind": "facility",
        "domain": "nuclear_fission",
        "reactor_type": "nuclear power plant (type not supplied)",
        "status": "unknown",
        "evidence_maturity": "established",
        "country": "Russia",
        "country_code": "RU",
        "coordinate_precision": "unknown",
        "source_url": "http://www.rosenergoatom.ru/wps/wcm/connect/rosenergoatom_copy/site_en/NPP/",
        "source_publisher": "World Resources Institute",
        "source_role": "registry",
        "source_license": "CC BY 4.0",
        "source_quality_flags": "plant_level_not_unit;status_not_supplied;historic_shutdown_not_covered;coordinate_precision_unverified;source_may_be_stale",
        "last_verified": "2026-09-26",
        "verification_notes": "Open plant-level discovery record. Verify units, current status, dates and location against PRIS and the national regulator.",
        "start_date": "1964-01-01",
        "end_date": null
      }
    },
    {
      "type": "Feature",
      "id": "wri-gppd-wri1003671",
      "geometry": {
        "type": "Point",
        "coordinates": [
          166.5389,
          68.0503
        ]
      },
      "properties": {
        "id": "wri-gppd-wri1003671",
        "name": "Bilibino",
        "record_kind": "facility",
        "domain": "nuclear_fission",
        "reactor_type": "nuclear power plant (type not supplied)",
        "status": "unknown",
        "evidence_maturity": "established",
        "country": "Russia",
        "country_code": "RU",
        "coordinate_precision": "unknown",
        "source_url": "https://energybase.ru/power-plant/Bilibino_NPP",
        "source_publisher": "World Resources Institute",
        "source_role": "registry",
        "source_license": "CC BY 4.0",
        "source_quality_flags": "plant_level_not_unit;status_not_supplied;historic_shutdown_not_covered;coordinate_precision_unverified;source_may_be_stale",
        "last_verified": "2026-09-26",
        "verification_notes": "Open plant-level discovery record. Verify units, current status, dates and location against PRIS and the national regulator.",
        "start_date": null,
        "end_date": null
      }
    },
    {
      "type": "Feature",
      "id": "wri-gppd-wri1003717",
      "geometry": {
        "type": "Point",
        "coordinates": [
          35.0614,
          57.905
        ]
      },
      "properties": {
        "id": "wri-gppd-wri1003717",
        "name": "Kalinn NPP",
        "record_kind": "facility",
        "domain": "nuclear_fission",
        "reactor_type": "nuclear power plant (type not supplied)",
        "status": "unknown",
        "evidence_maturity": "established",
        "country": "Russia",
        "country_code": "RU",
        "coordinate_precision": "unknown",
        "source_url": "https://energybase.ru/power-plant/Kalinin_NPP",
        "source_publisher": "World Resources Institute",
        "source_role": "registry",
        "source_license": "CC BY 4.0",
        "source_quality_flags": "plant_level_not_unit;status_not_supplied;historic_shutdown_not_covered;coordinate_precision_unverified;source_may_be_stale",
        "last_verified": "2026-09-26",
        "verification_notes": "Open plant-level discovery record. Verify units, current status, dates and location against PRIS and the national regulator.",
        "start_date": null,
        "end_date": null
      }
    },
    {
      "type": "Feature",
      "id": "wri-gppd-wri1003733",
      "geometry": {
        "type": "Point",
        "coordinates": [
          32.4667,
          67.4667
        ]
      },
      "properties": {
        "id": "wri-gppd-wri1003733",
        "name": "Kola NPP",
        "record_kind": "facility",
        "domain": "nuclear_fission",
        "reactor_type": "nuclear power plant (type not supplied)",
        "status": "unknown",
        "evidence_maturity": "established",
        "country": "Russia",
        "country_code": "RU",
        "coordinate_precision": "unknown",
        "source_url": "https://energybase.ru/power-plant/Kola_NPP",
        "source_publisher": "World Resources Institute",
        "source_role": "registry",
        "source_license": "CC BY 4.0",
        "source_quality_flags": "plant_level_not_unit;status_not_supplied;historic_shutdown_not_covered;coordinate_precision_unverified;source_may_be_stale",
        "last_verified": "2026-09-26",
        "verification_notes": "Open plant-level discovery record. Verify units, current status, dates and location against PRIS and the national regulator.",
        "start_date": null,
        "end_date": null
      }
    },
    {
      "type": "Feature",
      "id": "wri-gppd-wri1003744",
      "geometry": {
        "type": "Point",
        "coordinates": [
          35.6056,
          51.675
        ]
      },
      "properties": {
        "id": "wri-gppd-wri1003744",
        "name": "Kursk",
        "record_kind": "facility",
        "domain": "nuclear_fission",
        "reactor_type": "nuclear power plant (type not supplied)",
        "status": "unknown",
        "evidence_maturity": "established",
        "country": "Russia",
        "country_code": "RU",
        "coordinate_precision": "unknown",
        "source_url": "https://energybase.ru/power-plant/Kursk_NPP",
        "source_publisher": "World Resources Institute",
        "source_role": "registry",
        "source_license": "CC BY 4.0",
        "source_quality_flags": "plant_level_not_unit;status_not_supplied;historic_shutdown_not_covered;coordinate_precision_unverified;source_may_be_stale",
        "last_verified": "2026-09-26",
        "verification_notes": "Open plant-level discovery record. Verify units, current status, dates and location against PRIS and the national regulator.",
        "start_date": null,
        "end_date": null
      }
    },
    {
      "type": "Feature",
      "id": "wri-gppd-wri1003749",
      "geometry": {
        "type": "Point",
        "coordinates": [
          29.0486,
          59.8528
        ]
      },
      "properties": {
        "id": "wri-gppd-wri1003749",
        "name": "Leningrad NPP",
        "record_kind": "facility",
        "domain": "nuclear_fission",
        "reactor_type": "nuclear power plant (type not supplied)",
        "status": "unknown",
        "evidence_maturity": "established",
        "country": "Russia",
        "country_code": "RU",
        "coordinate_precision": "unknown",
        "source_url": "https://energybase.ru/power-plant/Leningrad_NPP",
        "source_publisher": "World Resources Institute",
        "source_role": "registry",
        "source_license": "CC BY 4.0",
        "source_quality_flags": "plant_level_not_unit;status_not_supplied;historic_shutdown_not_covered;coordinate_precision_unverified;source_may_be_stale",
        "last_verified": "2026-09-26",
        "verification_notes": "Open plant-level discovery record. Verify units, current status, dates and location against PRIS and the national regulator.",
        "start_date": null,
        "end_date": null
      }
    },
    {
      "type": "Feature",
      "id": "wri-gppd-wri1003775",
      "geometry": {
        "type": "Point",
        "coordinates": [
          39.21,
          51.2822
        ]
      },
      "properties": {
        "id": "wri-gppd-wri1003775",
        "name": "Novovoronezh",
        "record_kind": "facility",
        "domain": "nuclear_fission",
        "reactor_type": "nuclear power plant (type not supplied)",
        "status": "unknown",
        "evidence_maturity": "established",
        "country": "Russia",
        "country_code": "RU",
        "coordinate_precision": "unknown",
        "source_url": "https://energybase.ru/power-plant/Novovoronezh_NPP",
        "source_publisher": "World Resources Institute",
        "source_role": "registry",
        "source_license": "CC BY 4.0",
        "source_quality_flags": "plant_level_not_unit;status_not_supplied;historic_shutdown_not_covered;coordinate_precision_unverified;source_may_be_stale",
        "last_verified": "2026-09-26",
        "verification_notes": "Open plant-level discovery record. Verify units, current status, dates and location against PRIS and the national regulator.",
        "start_date": null,
        "end_date": null
      }
    },
    {
      "type": "Feature",
      "id": "wri-gppd-wri1003791",
      "geometry": {
        "type": "Point",
        "coordinates": [
          42.3717,
          47.5993
        ]
      },
      "properties": {
        "id": "wri-gppd-wri1003791",
        "name": "Rostov NPP",
        "record_kind": "facility",
        "domain": "nuclear_fission",
        "reactor_type": "nuclear power plant (type not supplied)",
        "status": "unknown",
        "evidence_maturity": "established",
        "country": "Russia",
        "country_code": "RU",
        "coordinate_precision": "unknown",
        "source_url": "http://www.rosenergoatom.ru/wps/wcm/connect/rosenergoatom_copy/ronpp/",
        "source_publisher": "World Resources Institute",
        "source_role": "registry",
        "source_license": "CC BY 4.0",
        "source_quality_flags": "plant_level_not_unit;status_not_supplied;historic_shutdown_not_covered;coordinate_precision_unverified;source_may_be_stale",
        "last_verified": "2026-09-26",
        "verification_notes": "Open plant-level discovery record. Verify units, current status, dates and location against PRIS and the national regulator.",
        "start_date": "2001-01-01",
        "end_date": null
      }
    },
    {
      "type": "Feature",
      "id": "wri-gppd-wri1003812",
      "geometry": {
        "type": "Point",
        "coordinates": [
          33.2367,
          54.1647
        ]
      },
      "properties": {
        "id": "wri-gppd-wri1003812",
        "name": "Smolensk",
        "record_kind": "facility",
        "domain": "nuclear_fission",
        "reactor_type": "nuclear power plant (type not supplied)",
        "status": "unknown",
        "evidence_maturity": "established",
        "country": "Russia",
        "country_code": "RU",
        "coordinate_precision": "unknown",
        "source_url": "https://energybase.ru/power-plant/Smolensk_NPP",
        "source_publisher": "World Resources Institute",
        "source_role": "registry",
        "source_license": "CC BY 4.0",
        "source_quality_flags": "plant_level_not_unit;status_not_supplied;historic_shutdown_not_covered;coordinate_precision_unverified;source_may_be_stale",
        "last_verified": "2026-09-26",
        "verification_notes": "Open plant-level discovery record. Verify units, current status, dates and location against PRIS and the national regulator.",
        "start_date": null,
        "end_date": null
      }
    },
    {
      "type": "Feature",
      "id": "wri-gppd-wri1002098",
      "geometry": {
        "type": "Point",
        "coordinates": [
          18.1744,
          60.4028
        ]
      },
      "properties": {
        "id": "wri-gppd-wri1002098",
        "name": "Forsmark",
        "record_kind": "facility",
        "domain": "nuclear_fission",
        "reactor_type": "nuclear power plant (type not supplied)",
        "status": "unknown",
        "evidence_maturity": "established",
        "country": "Sweden",
        "country_code": "SE",
        "coordinate_precision": "unknown",
        "source_url": "http://powerplants.vattenfall.com/forsmark",
        "source_publisher": "World Resources Institute",
        "source_role": "registry",
        "source_license": "CC BY 4.0",
        "source_quality_flags": "plant_level_not_unit;status_not_supplied;historic_shutdown_not_covered;coordinate_precision_unverified;source_may_be_stale",
        "last_verified": "2026-09-26",
        "verification_notes": "Open plant-level discovery record. Verify units, current status, dates and location against PRIS and the national regulator.",
        "start_date": null,
        "end_date": null
      }
    },
    {
      "type": "Feature",
      "id": "wri-gppd-wri1002168",
      "geometry": {
        "type": "Point",
        "coordinates": [
          16.6683,
          57.413
        ]
      },
      "properties": {
        "id": "wri-gppd-wri1002168",
        "name": "Oskarshamn",
        "record_kind": "facility",
        "domain": "nuclear_fission",
        "reactor_type": "nuclear power plant (type not supplied)",
        "status": "unknown",
        "evidence_maturity": "established",
        "country": "Sweden",
        "country_code": "SE",
        "coordinate_precision": "unknown",
        "source_url": "https://www.iaea.org/PRIS/CountryStatistics/CountryStatisticsLandingPage.aspx",
        "source_publisher": "World Resources Institute",
        "source_role": "registry",
        "source_license": "CC BY 4.0",
        "source_quality_flags": "plant_level_not_unit;status_not_supplied;historic_shutdown_not_covered;coordinate_precision_unverified;source_may_be_stale",
        "last_verified": "2026-09-26",
        "verification_notes": "Open plant-level discovery record. Verify units, current status, dates and location against PRIS and the national regulator.",
        "start_date": null,
        "end_date": null
      }
    },
    {
      "type": "Feature",
      "id": "wri-gppd-wri1002097",
      "geometry": {
        "type": "Point",
        "coordinates": [
          12.1087,
          57.2574
        ]
      },
      "properties": {
        "id": "wri-gppd-wri1002097",
        "name": "Ringhals",
        "record_kind": "facility",
        "domain": "nuclear_fission",
        "reactor_type": "nuclear power plant (type not supplied)",
        "status": "unknown",
        "evidence_maturity": "established",
        "country": "Sweden",
        "country_code": "SE",
        "coordinate_precision": "unknown",
        "source_url": "http://powerplants.vattenfall.com/ringhals",
        "source_publisher": "World Resources Institute",
        "source_role": "registry",
        "source_license": "CC BY 4.0",
        "source_quality_flags": "plant_level_not_unit;status_not_supplied;historic_shutdown_not_covered;coordinate_precision_unverified;source_may_be_stale",
        "last_verified": "2026-09-26",
        "verification_notes": "Open plant-level discovery record. Verify units, current status, dates and location against PRIS and the national regulator.",
        "start_date": null,
        "end_date": null
      }
    },
    {
      "type": "Feature",
      "id": "wri-gppd-wri1022414",
      "geometry": {
        "type": "Point",
        "coordinates": [
          15.516,
          45.9389
        ]
      },
      "properties": {
        "id": "wri-gppd-wri1022414",
        "name": "Krsko (NEK)",
        "record_kind": "facility",
        "domain": "nuclear_fission",
        "reactor_type": "nuclear power plant (type not supplied)",
        "status": "unknown",
        "evidence_maturity": "established",
        "country": "Slovenia",
        "country_code": "SI",
        "coordinate_precision": "unknown",
        "source_url": "https://transparency.entsoe.eu/generation/r2/installedCapacityPerProductionUnit/show",
        "source_publisher": "World Resources Institute",
        "source_role": "registry",
        "source_license": "CC BY 4.0",
        "source_quality_flags": "plant_level_not_unit;status_not_supplied;historic_shutdown_not_covered;coordinate_precision_unverified;source_may_be_stale",
        "last_verified": "2026-09-26",
        "verification_notes": "Open plant-level discovery record. Verify units, current status, dates and location against PRIS and the national regulator.",
        "start_date": null,
        "end_date": null
      }
    },
    {
      "type": "Feature",
      "id": "wri-gppd-geodb0002385",
      "geometry": {
        "type": "Point",
        "coordinates": [
          17.6816,
          48.496
        ]
      },
      "properties": {
        "id": "wri-gppd-geodb0002385",
        "name": "Bohunice Nuclear Power Plant Slovakia",
        "record_kind": "facility",
        "domain": "nuclear_fission",
        "reactor_type": "nuclear power plant (type not supplied)",
        "status": "unknown",
        "evidence_maturity": "established",
        "country": "Slovakia",
        "country_code": "SK",
        "coordinate_precision": "unknown",
        "source_url": "http://globalenergyobservatory.org",
        "source_publisher": "World Resources Institute",
        "source_role": "registry",
        "source_license": "CC BY 4.0",
        "source_quality_flags": "plant_level_not_unit;status_not_supplied;historic_shutdown_not_covered;coordinate_precision_unverified;source_may_be_stale",
        "last_verified": "2026-09-26",
        "verification_notes": "Open plant-level discovery record. Verify units, current status, dates and location against PRIS and the national regulator.",
        "start_date": null,
        "end_date": null
      }
    },
    {
      "type": "Feature",
      "id": "wri-gppd-geodb0004330",
      "geometry": {
        "type": "Point",
        "coordinates": [
          18.459,
          48.2621
        ]
      },
      "properties": {
        "id": "wri-gppd-geodb0004330",
        "name": "Mochovce Nuclear Power Plant Slovakia",
        "record_kind": "facility",
        "domain": "nuclear_fission",
        "reactor_type": "nuclear power plant (type not supplied)",
        "status": "unknown",
        "evidence_maturity": "established",
        "country": "Slovakia",
        "country_code": "SK",
        "coordinate_precision": "unknown",
        "source_url": "http://globalenergyobservatory.org",
        "source_publisher": "World Resources Institute",
        "source_role": "registry",
        "source_license": "CC BY 4.0",
        "source_quality_flags": "plant_level_not_unit;status_not_supplied;historic_shutdown_not_covered;coordinate_precision_unverified;source_may_be_stale",
        "last_verified": "2026-09-26",
        "verification_notes": "Open plant-level discovery record. Verify units, current status, dates and location against PRIS and the national regulator.",
        "start_date": null,
        "end_date": null
      }
    },
    {
      "type": "Feature",
      "id": "wri-gppd-wri1000378",
      "geometry": {
        "type": "Point",
        "coordinates": [
          121.5874,
          25.2861
        ]
      },
      "properties": {
        "id": "wri-gppd-wri1000378",
        "name": "Chinshan",
        "record_kind": "facility",
        "domain": "nuclear_fission",
        "reactor_type": "nuclear power plant (type not supplied)",
        "status": "unknown",
        "evidence_maturity": "established",
        "country": "Taiwan",
        "country_code": "TW",
        "coordinate_precision": "unknown",
        "source_url": "https://www.iaea.org/pris/",
        "source_publisher": "World Resources Institute",
        "source_role": "registry",
        "source_license": "CC BY 4.0",
        "source_quality_flags": "plant_level_not_unit;status_not_supplied;historic_shutdown_not_covered;coordinate_precision_unverified;source_may_be_stale",
        "last_verified": "2026-09-26",
        "verification_notes": "Open plant-level discovery record. Verify units, current status, dates and location against PRIS and the national regulator.",
        "start_date": null,
        "end_date": null
      }
    },
    {
      "type": "Feature",
      "id": "wri-gppd-wri1000379",
      "geometry": {
        "type": "Point",
        "coordinates": [
          121.6629,
          25.2025
        ]
      },
      "properties": {
        "id": "wri-gppd-wri1000379",
        "name": "Kuosheng",
        "record_kind": "facility",
        "domain": "nuclear_fission",
        "reactor_type": "nuclear power plant (type not supplied)",
        "status": "unknown",
        "evidence_maturity": "established",
        "country": "Taiwan",
        "country_code": "TW",
        "coordinate_precision": "unknown",
        "source_url": "https://www.iaea.org/pris/",
        "source_publisher": "World Resources Institute",
        "source_role": "registry",
        "source_license": "CC BY 4.0",
        "source_quality_flags": "plant_level_not_unit;status_not_supplied;historic_shutdown_not_covered;coordinate_precision_unverified;source_may_be_stale",
        "last_verified": "2026-09-26",
        "verification_notes": "Open plant-level discovery record. Verify units, current status, dates and location against PRIS and the national regulator.",
        "start_date": null,
        "end_date": null
      }
    },
    {
      "type": "Feature",
      "id": "wri-gppd-wri1000380",
      "geometry": {
        "type": "Point",
        "coordinates": [
          120.7501,
          21.9589
        ]
      },
      "properties": {
        "id": "wri-gppd-wri1000380",
        "name": "Maanshan",
        "record_kind": "facility",
        "domain": "nuclear_fission",
        "reactor_type": "nuclear power plant (type not supplied)",
        "status": "unknown",
        "evidence_maturity": "established",
        "country": "Taiwan",
        "country_code": "TW",
        "coordinate_precision": "unknown",
        "source_url": "https://www.iaea.org/pris/",
        "source_publisher": "World Resources Institute",
        "source_role": "registry",
        "source_license": "CC BY 4.0",
        "source_quality_flags": "plant_level_not_unit;status_not_supplied;historic_shutdown_not_covered;coordinate_precision_unverified;source_may_be_stale",
        "last_verified": "2026-09-26",
        "verification_notes": "Open plant-level discovery record. Verify units, current status, dates and location against PRIS and the national regulator.",
        "start_date": null,
        "end_date": null
      }
    },
    {
      "type": "Feature",
      "id": "wri-gppd-wri1005111",
      "geometry": {
        "type": "Point",
        "coordinates": [
          26.6473,
          50.3024
        ]
      },
      "properties": {
        "id": "wri-gppd-wri1005111",
        "name": "Khmelnytska",
        "record_kind": "facility",
        "domain": "nuclear_fission",
        "reactor_type": "nuclear power plant (type not supplied)",
        "status": "unknown",
        "evidence_maturity": "established",
        "country": "Ukraine",
        "country_code": "UA",
        "coordinate_precision": "unknown",
        "source_url": "http://www.energoatom.kiev.ua/en/separated/npp_khmelnytska/",
        "source_publisher": "World Resources Institute",
        "source_role": "registry",
        "source_license": "CC BY 4.0",
        "source_quality_flags": "plant_level_not_unit;status_not_supplied;historic_shutdown_not_covered;coordinate_precision_unverified;source_may_be_stale",
        "last_verified": "2026-09-26",
        "verification_notes": "Open plant-level discovery record. Verify units, current status, dates and location against PRIS and the national regulator.",
        "start_date": null,
        "end_date": null
      }
    },
    {
      "type": "Feature",
      "id": "wri-gppd-wri1005112",
      "geometry": {
        "type": "Point",
        "coordinates": [
          25.8974,
          51.3245
        ]
      },
      "properties": {
        "id": "wri-gppd-wri1005112",
        "name": "Rivne (Rouno)",
        "record_kind": "facility",
        "domain": "nuclear_fission",
        "reactor_type": "nuclear power plant (type not supplied)",
        "status": "unknown",
        "evidence_maturity": "established",
        "country": "Ukraine",
        "country_code": "UA",
        "coordinate_precision": "unknown",
        "source_url": "http://www.energoatom.kiev.ua/en/separated/npp_rivne/",
        "source_publisher": "World Resources Institute",
        "source_role": "registry",
        "source_license": "CC BY 4.0",
        "source_quality_flags": "plant_level_not_unit;status_not_supplied;historic_shutdown_not_covered;coordinate_precision_unverified;source_may_be_stale",
        "last_verified": "2026-09-26",
        "verification_notes": "Open plant-level discovery record. Verify units, current status, dates and location against PRIS and the national regulator.",
        "start_date": null,
        "end_date": null
      }
    },
    {
      "type": "Feature",
      "id": "wri-gppd-wri1005113",
      "geometry": {
        "type": "Point",
        "coordinates": [
          31.22,
          47.812
        ]
      },
      "properties": {
        "id": "wri-gppd-wri1005113",
        "name": "South Ukraine",
        "record_kind": "facility",
        "domain": "nuclear_fission",
        "reactor_type": "nuclear power plant (type not supplied)",
        "status": "unknown",
        "evidence_maturity": "established",
        "country": "Ukraine",
        "country_code": "UA",
        "coordinate_precision": "unknown",
        "source_url": "http://www.energoatom.kiev.ua/en/separated/npp_su/",
        "source_publisher": "World Resources Institute",
        "source_role": "registry",
        "source_license": "CC BY 4.0",
        "source_quality_flags": "plant_level_not_unit;status_not_supplied;historic_shutdown_not_covered;coordinate_precision_unverified;source_may_be_stale",
        "last_verified": "2026-09-26",
        "verification_notes": "Open plant-level discovery record. Verify units, current status, dates and location against PRIS and the national regulator.",
        "start_date": null,
        "end_date": null
      }
    },
    {
      "type": "Feature",
      "id": "wri-gppd-wri1005114",
      "geometry": {
        "type": "Point",
        "coordinates": [
          34.5863,
          47.5119
        ]
      },
      "properties": {
        "id": "wri-gppd-wri1005114",
        "name": "Zaporozhye",
        "record_kind": "facility",
        "domain": "nuclear_fission",
        "reactor_type": "nuclear power plant (type not supplied)",
        "status": "unknown",
        "evidence_maturity": "established",
        "country": "Ukraine",
        "country_code": "UA",
        "coordinate_precision": "unknown",
        "source_url": "http://www.energoatom.kiev.ua/en/separated/npp_zp/",
        "source_publisher": "World Resources Institute",
        "source_role": "registry",
        "source_license": "CC BY 4.0",
        "source_quality_flags": "plant_level_not_unit;status_not_supplied;historic_shutdown_not_covered;coordinate_precision_unverified;source_may_be_stale",
        "last_verified": "2026-09-26",
        "verification_notes": "Open plant-level discovery record. Verify units, current status, dates and location against PRIS and the national regulator.",
        "start_date": null,
        "end_date": null
      }
    },
    {
      "type": "Feature",
      "id": "wri-gppd-usa0008055",
      "geometry": {
        "type": "Point",
        "coordinates": [
          -93.2351,
          35.311
        ]
      },
      "properties": {
        "id": "wri-gppd-usa0008055",
        "name": "Arkansas Nuclear One",
        "record_kind": "facility",
        "domain": "nuclear_fission",
        "reactor_type": "nuclear power plant (type not supplied)",
        "status": "unknown",
        "evidence_maturity": "established",
        "country": "United States of America",
        "country_code": "US",
        "coordinate_precision": "unknown",
        "source_url": "http://www.eia.gov/electricity/data/browser/",
        "source_publisher": "World Resources Institute",
        "source_role": "registry",
        "source_license": "CC BY 4.0",
        "source_quality_flags": "plant_level_not_unit;status_not_supplied;historic_shutdown_not_covered;coordinate_precision_unverified;source_may_be_stale",
        "last_verified": "2026-09-26",
        "verification_notes": "Open plant-level discovery record. Verify units, current status, dates and location against PRIS and the national regulator.",
        "start_date": "1977-01-01",
        "end_date": null
      }
    },
    {
      "type": "Feature",
      "id": "wri-gppd-usa0006040",
      "geometry": {
        "type": "Point",
        "coordinates": [
          -80.4336,
          40.6219
        ]
      },
      "properties": {
        "id": "wri-gppd-usa0006040",
        "name": "Beaver Valley",
        "record_kind": "facility",
        "domain": "nuclear_fission",
        "reactor_type": "nuclear power plant (type not supplied)",
        "status": "unknown",
        "evidence_maturity": "established",
        "country": "United States of America",
        "country_code": "US",
        "coordinate_precision": "unknown",
        "source_url": "http://www.eia.gov/electricity/data/browser/",
        "source_publisher": "World Resources Institute",
        "source_role": "registry",
        "source_license": "CC BY 4.0",
        "source_quality_flags": "plant_level_not_unit;status_not_supplied;historic_shutdown_not_covered;coordinate_precision_unverified;source_may_be_stale",
        "last_verified": "2026-09-26",
        "verification_notes": "Open plant-level discovery record. Verify units, current status, dates and location against PRIS and the national regulator.",
        "start_date": "1981-01-01",
        "end_date": null
      }
    },
    {
      "type": "Feature",
      "id": "wri-gppd-usa0006022",
      "geometry": {
        "type": "Point",
        "coordinates": [
          -88.2286,
          41.2435
        ]
      },
      "properties": {
        "id": "wri-gppd-usa0006022",
        "name": "Braidwood Generation Station",
        "record_kind": "facility",
        "domain": "nuclear_fission",
        "reactor_type": "nuclear power plant (type not supplied)",
        "status": "unknown",
        "evidence_maturity": "established",
        "country": "United States of America",
        "country_code": "US",
        "coordinate_precision": "unknown",
        "source_url": "http://www.eia.gov/electricity/data/browser/",
        "source_publisher": "World Resources Institute",
        "source_role": "registry",
        "source_license": "CC BY 4.0",
        "source_quality_flags": "plant_level_not_unit;status_not_supplied;historic_shutdown_not_covered;coordinate_precision_unverified;source_may_be_stale",
        "last_verified": "2026-09-26",
        "verification_notes": "Open plant-level discovery record. Verify units, current status, dates and location against PRIS and the national regulator.",
        "start_date": "1988-01-01",
        "end_date": null
      }
    },
    {
      "type": "Feature",
      "id": "wri-gppd-usa0000046",
      "geometry": {
        "type": "Point",
        "coordinates": [
          -87.1189,
          34.7042
        ]
      },
      "properties": {
        "id": "wri-gppd-usa0000046",
        "name": "Browns Ferry",
        "record_kind": "facility",
        "domain": "nuclear_fission",
        "reactor_type": "nuclear power plant (type not supplied)",
        "status": "unknown",
        "evidence_maturity": "established",
        "country": "United States of America",
        "country_code": "US",
        "coordinate_precision": "unknown",
        "source_url": "http://www.eia.gov/electricity/data/browser/",
        "source_publisher": "World Resources Institute",
        "source_role": "registry",
        "source_license": "CC BY 4.0",
        "source_quality_flags": "plant_level_not_unit;status_not_supplied;historic_shutdown_not_covered;coordinate_precision_unverified;source_may_be_stale",
        "last_verified": "2026-09-26",
        "verification_notes": "Open plant-level discovery record. Verify units, current status, dates and location against PRIS and the national regulator.",
        "start_date": "1975-01-01",
        "end_date": null
      }
    },
    {
      "type": "Feature",
      "id": "wri-gppd-usa0006014",
      "geometry": {
        "type": "Point",
        "coordinates": [
          -78.0114,
          33.9597
        ]
      },
      "properties": {
        "id": "wri-gppd-usa0006014",
        "name": "Brunswick Nuclear",
        "record_kind": "facility",
        "domain": "nuclear_fission",
        "reactor_type": "nuclear power plant (type not supplied)",
        "status": "unknown",
        "evidence_maturity": "established",
        "country": "United States of America",
        "country_code": "US",
        "coordinate_precision": "unknown",
        "source_url": "http://www.eia.gov/electricity/data/browser/",
        "source_publisher": "World Resources Institute",
        "source_role": "registry",
        "source_license": "CC BY 4.0",
        "source_quality_flags": "plant_level_not_unit;status_not_supplied;historic_shutdown_not_covered;coordinate_precision_unverified;source_may_be_stale",
        "last_verified": "2026-09-26",
        "verification_notes": "Open plant-level discovery record. Verify units, current status, dates and location against PRIS and the national regulator.",
        "start_date": "1976-01-01",
        "end_date": null
      }
    },
    {
      "type": "Feature",
      "id": "wri-gppd-usa0006023",
      "geometry": {
        "type": "Point",
        "coordinates": [
          -89.2819,
          42.0742
        ]
      },
      "properties": {
        "id": "wri-gppd-usa0006023",
        "name": "Byron Generating Station",
        "record_kind": "facility",
        "domain": "nuclear_fission",
        "reactor_type": "nuclear power plant (type not supplied)",
        "status": "unknown",
        "evidence_maturity": "established",
        "country": "United States of America",
        "country_code": "US",
        "coordinate_precision": "unknown",
        "source_url": "http://www.eia.gov/electricity/data/browser/",
        "source_publisher": "World Resources Institute",
        "source_role": "registry",
        "source_license": "CC BY 4.0",
        "source_quality_flags": "plant_level_not_unit;status_not_supplied;historic_shutdown_not_covered;coordinate_precision_unverified;source_may_be_stale",
        "last_verified": "2026-09-26",
        "verification_notes": "Open plant-level discovery record. Verify units, current status, dates and location against PRIS and the national regulator.",
        "start_date": "1986-01-01",
        "end_date": null
      }
    },
    {
      "type": "Feature",
      "id": "wri-gppd-usa0006153",
      "geometry": {
        "type": "Point",
        "coordinates": [
          -91.7788,
          38.7589
        ]
      },
      "properties": {
        "id": "wri-gppd-usa0006153",
        "name": "Callaway",
        "record_kind": "facility",
        "domain": "nuclear_fission",
        "reactor_type": "nuclear power plant (type not supplied)",
        "status": "unknown",
        "evidence_maturity": "established",
        "country": "United States of America",
        "country_code": "US",
        "coordinate_precision": "unknown",
        "source_url": "http://www.eia.gov/electricity/data/browser/",
        "source_publisher": "World Resources Institute",
        "source_role": "registry",
        "source_license": "CC BY 4.0",
        "source_quality_flags": "plant_level_not_unit;status_not_supplied;historic_shutdown_not_covered;coordinate_precision_unverified;source_may_be_stale",
        "last_verified": "2026-09-26",
        "verification_notes": "Open plant-level discovery record. Verify units, current status, dates and location against PRIS and the national regulator.",
        "start_date": "1985-01-01",
        "end_date": null
      }
    },
    {
      "type": "Feature",
      "id": "wri-gppd-usa0006011",
      "geometry": {
        "type": "Point",
        "coordinates": [
          -76.4417,
          38.4344
        ]
      },
      "properties": {
        "id": "wri-gppd-usa0006011",
        "name": "Calvert Cliffs Nuclear Power Plant",
        "record_kind": "facility",
        "domain": "nuclear_fission",
        "reactor_type": "nuclear power plant (type not supplied)",
        "status": "unknown",
        "evidence_maturity": "established",
        "country": "United States of America",
        "country_code": "US",
        "coordinate_precision": "unknown",
        "source_url": "http://www.eia.gov/electricity/data/browser/",
        "source_publisher": "World Resources Institute",
        "source_role": "registry",
        "source_license": "CC BY 4.0",
        "source_quality_flags": "plant_level_not_unit;status_not_supplied;historic_shutdown_not_covered;coordinate_precision_unverified;source_may_be_stale",
        "last_verified": "2026-09-26",
        "verification_notes": "Open plant-level discovery record. Verify units, current status, dates and location against PRIS and the national regulator.",
        "start_date": "1976-01-01",
        "end_date": null
      }
    },
    {
      "type": "Feature",
      "id": "wri-gppd-usa0006036",
      "geometry": {
        "type": "Point",
        "coordinates": [
          -81.0694,
          35.0514
        ]
      },
      "properties": {
        "id": "wri-gppd-usa0006036",
        "name": "Catawba",
        "record_kind": "facility",
        "domain": "nuclear_fission",
        "reactor_type": "nuclear power plant (type not supplied)",
        "status": "unknown",
        "evidence_maturity": "established",
        "country": "United States of America",
        "country_code": "US",
        "coordinate_precision": "unknown",
        "source_url": "http://www.eia.gov/electricity/data/browser/",
        "source_publisher": "World Resources Institute",
        "source_role": "registry",
        "source_license": "CC BY 4.0",
        "source_quality_flags": "plant_level_not_unit;status_not_supplied;historic_shutdown_not_covered;coordinate_precision_unverified;source_may_be_stale",
        "last_verified": "2026-09-26",
        "verification_notes": "Open plant-level discovery record. Verify units, current status, dates and location against PRIS and the national regulator.",
        "start_date": "1985-01-01",
        "end_date": null
      }
    },
    {
      "type": "Feature",
      "id": "wri-gppd-usa0000204",
      "geometry": {
        "type": "Point",
        "coordinates": [
          -88.8339,
          40.1719
        ]
      },
      "properties": {
        "id": "wri-gppd-usa0000204",
        "name": "Clinton Power Station",
        "record_kind": "facility",
        "domain": "nuclear_fission",
        "reactor_type": "nuclear power plant (type not supplied)",
        "status": "unknown",
        "evidence_maturity": "established",
        "country": "United States of America",
        "country_code": "US",
        "coordinate_precision": "unknown",
        "source_url": "http://www.eia.gov/electricity/data/browser/",
        "source_publisher": "World Resources Institute",
        "source_role": "registry",
        "source_license": "CC BY 4.0",
        "source_quality_flags": "plant_level_not_unit;status_not_supplied;historic_shutdown_not_covered;coordinate_precision_unverified;source_may_be_stale",
        "last_verified": "2026-09-26",
        "verification_notes": "Open plant-level discovery record. Verify units, current status, dates and location against PRIS and the national regulator.",
        "start_date": "1987-01-01",
        "end_date": null
      }
    },
    {
      "type": "Feature",
      "id": "wri-gppd-usa0000371",
      "geometry": {
        "type": "Point",
        "coordinates": [
          -119.3339,
          46.4711
        ]
      },
      "properties": {
        "id": "wri-gppd-usa0000371",
        "name": "Columbia Generating Station",
        "record_kind": "facility",
        "domain": "nuclear_fission",
        "reactor_type": "nuclear power plant (type not supplied)",
        "status": "unknown",
        "evidence_maturity": "established",
        "country": "United States of America",
        "country_code": "US",
        "coordinate_precision": "unknown",
        "source_url": "http://www.eia.gov/electricity/data/browser/",
        "source_publisher": "World Resources Institute",
        "source_role": "registry",
        "source_license": "CC BY 4.0",
        "source_quality_flags": "plant_level_not_unit;status_not_supplied;historic_shutdown_not_covered;coordinate_precision_unverified;source_may_be_stale",
        "last_verified": "2026-09-26",
        "verification_notes": "Open plant-level discovery record. Verify units, current status, dates and location against PRIS and the national regulator.",
        "start_date": "1985-01-01",
        "end_date": null
      }
    },
    {
      "type": "Feature",
      "id": "wri-gppd-usa0006145",
      "geometry": {
        "type": "Point",
        "coordinates": [
          -97.7855,
          32.2984
        ]
      },
      "properties": {
        "id": "wri-gppd-usa0006145",
        "name": "Comanche Peak",
        "record_kind": "facility",
        "domain": "nuclear_fission",
        "reactor_type": "nuclear power plant (type not supplied)",
        "status": "unknown",
        "evidence_maturity": "established",
        "country": "United States of America",
        "country_code": "US",
        "coordinate_precision": "unknown",
        "source_url": "http://www.eia.gov/electricity/data/browser/",
        "source_publisher": "World Resources Institute",
        "source_role": "registry",
        "source_license": "CC BY 4.0",
        "source_quality_flags": "plant_level_not_unit;status_not_supplied;historic_shutdown_not_covered;coordinate_precision_unverified;source_may_be_stale",
        "last_verified": "2026-09-26",
        "verification_notes": "Open plant-level discovery record. Verify units, current status, dates and location against PRIS and the national regulator.",
        "start_date": "1991-01-01",
        "end_date": null
      }
    },
    {
      "type": "Feature",
      "id": "wri-gppd-usa0008036",
      "geometry": {
        "type": "Point",
        "coordinates": [
          -95.6408,
          40.3628
        ]
      },
      "properties": {
        "id": "wri-gppd-usa0008036",
        "name": "Cooper Nuclear Station",
        "record_kind": "facility",
        "domain": "nuclear_fission",
        "reactor_type": "nuclear power plant (type not supplied)",
        "status": "unknown",
        "evidence_maturity": "established",
        "country": "United States of America",
        "country_code": "US",
        "coordinate_precision": "unknown",
        "source_url": "http://www.eia.gov/electricity/data/browser/",
        "source_publisher": "World Resources Institute",
        "source_role": "registry",
        "source_license": "CC BY 4.0",
        "source_quality_flags": "plant_level_not_unit;status_not_supplied;historic_shutdown_not_covered;coordinate_precision_unverified;source_may_be_stale",
        "last_verified": "2026-09-26",
        "verification_notes": "Open plant-level discovery record. Verify units, current status, dates and location against PRIS and the national regulator.",
        "start_date": "1974-01-01",
        "end_date": null
      }
    },
    {
      "type": "Feature",
      "id": "wri-gppd-usa0006149",
      "geometry": {
        "type": "Point",
        "coordinates": [
          -83.0861,
          41.5967
        ]
      },
      "properties": {
        "id": "wri-gppd-usa0006149",
        "name": "Davis Besse",
        "record_kind": "facility",
        "domain": "nuclear_fission",
        "reactor_type": "nuclear power plant (type not supplied)",
        "status": "unknown",
        "evidence_maturity": "established",
        "country": "United States of America",
        "country_code": "US",
        "coordinate_precision": "unknown",
        "source_url": "http://www.eia.gov/electricity/data/browser/",
        "source_publisher": "World Resources Institute",
        "source_role": "registry",
        "source_license": "CC BY 4.0",
        "source_quality_flags": "plant_level_not_unit;status_not_supplied;historic_shutdown_not_covered;coordinate_precision_unverified;source_may_be_stale",
        "last_verified": "2026-09-26",
        "verification_notes": "Open plant-level discovery record. Verify units, current status, dates and location against PRIS and the national regulator.",
        "start_date": "1977-01-01",
        "end_date": null
      }
    },
    {
      "type": "Feature",
      "id": "wri-gppd-usa0006099",
      "geometry": {
        "type": "Point",
        "coordinates": [
          -120.8555,
          35.2115
        ]
      },
      "properties": {
        "id": "wri-gppd-usa0006099",
        "name": "Diablo Canyon",
        "record_kind": "facility",
        "domain": "nuclear_fission",
        "reactor_type": "nuclear power plant (type not supplied)",
        "status": "unknown",
        "evidence_maturity": "established",
        "country": "United States of America",
        "country_code": "US",
        "coordinate_precision": "unknown",
        "source_url": "http://www.eia.gov/electricity/data/browser/",
        "source_publisher": "World Resources Institute",
        "source_role": "registry",
        "source_license": "CC BY 4.0",
        "source_quality_flags": "plant_level_not_unit;status_not_supplied;historic_shutdown_not_covered;coordinate_precision_unverified;source_may_be_stale",
        "last_verified": "2026-09-26",
        "verification_notes": "Open plant-level discovery record. Verify units, current status, dates and location against PRIS and the national regulator.",
        "start_date": "1985-01-01",
        "end_date": null
      }
    },
    {
      "type": "Feature",
      "id": "wri-gppd-usa0006000",
      "geometry": {
        "type": "Point",
        "coordinates": [
          -86.5652,
          41.9756
        ]
      },
      "properties": {
        "id": "wri-gppd-usa0006000",
        "name": "Donald C Cook",
        "record_kind": "facility",
        "domain": "nuclear_fission",
        "reactor_type": "nuclear power plant (type not supplied)",
        "status": "unknown",
        "evidence_maturity": "established",
        "country": "United States of America",
        "country_code": "US",
        "coordinate_precision": "unknown",
        "source_url": "http://www.eia.gov/electricity/data/browser/",
        "source_publisher": "World Resources Institute",
        "source_role": "registry",
        "source_license": "CC BY 4.0",
        "source_quality_flags": "plant_level_not_unit;status_not_supplied;historic_shutdown_not_covered;coordinate_precision_unverified;source_may_be_stale",
        "last_verified": "2026-09-26",
        "verification_notes": "Open plant-level discovery record. Verify units, current status, dates and location against PRIS and the national regulator.",
        "start_date": "1976-01-01",
        "end_date": null
      }
    },
    {
      "type": "Feature",
      "id": "wri-gppd-usa0000869",
      "geometry": {
        "type": "Point",
        "coordinates": [
          -88.27,
          41.39
        ]
      },
      "properties": {
        "id": "wri-gppd-usa0000869",
        "name": "Dresden Generating Station",
        "record_kind": "facility",
        "domain": "nuclear_fission",
        "reactor_type": "nuclear power plant (type not supplied)",
        "status": "unknown",
        "evidence_maturity": "established",
        "country": "United States of America",
        "country_code": "US",
        "coordinate_precision": "unknown",
        "source_url": "http://www.eia.gov/electricity/data/browser/",
        "source_publisher": "World Resources Institute",
        "source_role": "registry",
        "source_license": "CC BY 4.0",
        "source_quality_flags": "plant_level_not_unit;status_not_supplied;historic_shutdown_not_covered;coordinate_precision_unverified;source_may_be_stale",
        "last_verified": "2026-09-26",
        "verification_notes": "Open plant-level discovery record. Verify units, current status, dates and location against PRIS and the national regulator.",
        "start_date": "1970-01-01",
        "end_date": null
      }
    },
    {
      "type": "Feature",
      "id": "wri-gppd-usa0001060",
      "geometry": {
        "type": "Point",
        "coordinates": [
          -91.7781,
          42.1011
        ]
      },
      "properties": {
        "id": "wri-gppd-usa0001060",
        "name": "Duane Arnold Energy Center",
        "record_kind": "facility",
        "domain": "nuclear_fission",
        "reactor_type": "nuclear power plant (type not supplied)",
        "status": "unknown",
        "evidence_maturity": "established",
        "country": "United States of America",
        "country_code": "US",
        "coordinate_precision": "unknown",
        "source_url": "http://www.eia.gov/electricity/data/browser/",
        "source_publisher": "World Resources Institute",
        "source_role": "registry",
        "source_license": "CC BY 4.0",
        "source_quality_flags": "plant_level_not_unit;status_not_supplied;historic_shutdown_not_covered;coordinate_precision_unverified;source_may_be_stale",
        "last_verified": "2026-09-26",
        "verification_notes": "Open plant-level discovery record. Verify units, current status, dates and location against PRIS and the national regulator.",
        "start_date": "1975-01-01",
        "end_date": null
      }
    },
    {
      "type": "Feature",
      "id": "wri-gppd-usa0006051",
      "geometry": {
        "type": "Point",
        "coordinates": [
          -82.3447,
          31.9342
        ]
      },
      "properties": {
        "id": "wri-gppd-usa0006051",
        "name": "Edwin I Hatch",
        "record_kind": "facility",
        "domain": "nuclear_fission",
        "reactor_type": "nuclear power plant (type not supplied)",
        "status": "unknown",
        "evidence_maturity": "established",
        "country": "United States of America",
        "country_code": "US",
        "coordinate_precision": "unknown",
        "source_url": "http://www.eia.gov/electricity/data/browser/",
        "source_publisher": "World Resources Institute",
        "source_role": "registry",
        "source_license": "CC BY 4.0",
        "source_quality_flags": "plant_level_not_unit;status_not_supplied;historic_shutdown_not_covered;coordinate_precision_unverified;source_may_be_stale",
        "last_verified": "2026-09-26",
        "verification_notes": "Open plant-level discovery record. Verify units, current status, dates and location against PRIS and the national regulator.",
        "start_date": "1977-01-01",
        "end_date": null
      }
    },
    {
      "type": "Feature",
      "id": "wri-gppd-usa0001729",
      "geometry": {
        "type": "Point",
        "coordinates": [
          -83.2581,
          41.9631
        ]
      },
      "properties": {
        "id": "wri-gppd-usa0001729",
        "name": "Fermi",
        "record_kind": "facility",
        "domain": "nuclear_fission",
        "reactor_type": "nuclear power plant (type not supplied)",
        "status": "unknown",
        "evidence_maturity": "established",
        "country": "United States of America",
        "country_code": "US",
        "coordinate_precision": "unknown",
        "source_url": "http://www.eia.gov/electricity/data/browser/",
        "source_publisher": "World Resources Institute",
        "source_role": "registry",
        "source_license": "CC BY 4.0",
        "source_quality_flags": "plant_level_not_unit;status_not_supplied;historic_shutdown_not_covered;coordinate_precision_unverified;source_may_be_stale",
        "last_verified": "2026-09-26",
        "verification_notes": "Open plant-level discovery record. Verify units, current status, dates and location against PRIS and the national regulator.",
        "start_date": "1986-01-01",
        "end_date": null
      }
    },
    {
      "type": "Feature",
      "id": "wri-gppd-usa0006072",
      "geometry": {
        "type": "Point",
        "coordinates": [
          -91.0478,
          32.0081
        ]
      },
      "properties": {
        "id": "wri-gppd-usa0006072",
        "name": "Grand Gulf",
        "record_kind": "facility",
        "domain": "nuclear_fission",
        "reactor_type": "nuclear power plant (type not supplied)",
        "status": "unknown",
        "evidence_maturity": "established",
        "country": "United States of America",
        "country_code": "US",
        "coordinate_precision": "unknown",
        "source_url": "http://www.eia.gov/electricity/data/browser/",
        "source_publisher": "World Resources Institute",
        "source_role": "registry",
        "source_license": "CC BY 4.0",
        "source_quality_flags": "plant_level_not_unit;status_not_supplied;historic_shutdown_not_covered;coordinate_precision_unverified;source_may_be_stale",
        "last_verified": "2026-09-26",
        "verification_notes": "Open plant-level discovery record. Verify units, current status, dates and location against PRIS and the national regulator.",
        "start_date": "1985-01-01",
        "end_date": null
      }
    },
    {
      "type": "Feature",
      "id": "wri-gppd-usa0003251",
      "geometry": {
        "type": "Point",
        "coordinates": [
          -80.1589,
          34.4017
        ]
      },
      "properties": {
        "id": "wri-gppd-usa0003251",
        "name": "H B Robinson",
        "record_kind": "facility",
        "domain": "nuclear_fission",
        "reactor_type": "nuclear power plant (type not supplied)",
        "status": "unknown",
        "evidence_maturity": "established",
        "country": "United States of America",
        "country_code": "US",
        "coordinate_precision": "unknown",
        "source_url": "http://www.eia.gov/electricity/data/browser/",
        "source_publisher": "World Resources Institute",
        "source_role": "registry",
        "source_license": "CC BY 4.0",
        "source_quality_flags": "plant_level_not_unit;status_not_supplied;historic_shutdown_not_covered;coordinate_precision_unverified;source_may_be_stale",
        "last_verified": "2026-09-26",
        "verification_notes": "Open plant-level discovery record. Verify units, current status, dates and location against PRIS and the national regulator.",
        "start_date": "1971-01-01",
        "end_date": null
      }
    },
    {
      "type": "Feature",
      "id": "wri-gppd-usa0006015",
      "geometry": {
        "type": "Point",
        "coordinates": [
          -78.9556,
          35.6334
        ]
      },
      "properties": {
        "id": "wri-gppd-usa0006015",
        "name": "Harris",
        "record_kind": "facility",
        "domain": "nuclear_fission",
        "reactor_type": "nuclear power plant (type not supplied)",
        "status": "unknown",
        "evidence_maturity": "established",
        "country": "United States of America",
        "country_code": "US",
        "coordinate_precision": "unknown",
        "source_url": "http://www.eia.gov/electricity/data/browser/",
        "source_publisher": "World Resources Institute",
        "source_role": "registry",
        "source_license": "CC BY 4.0",
        "source_quality_flags": "plant_level_not_unit;status_not_supplied;historic_shutdown_not_covered;coordinate_precision_unverified;source_may_be_stale",
        "last_verified": "2026-09-26",
        "verification_notes": "Open plant-level discovery record. Verify units, current status, dates and location against PRIS and the national regulator.",
        "start_date": "1987-01-01",
        "end_date": null
      }
    },
    {
      "type": "Feature",
      "id": "wri-gppd-usa0002497",
      "geometry": {
        "type": "Point",
        "coordinates": [
          -73.9527,
          41.2706
        ]
      },
      "properties": {
        "id": "wri-gppd-usa0002497",
        "name": "Indian Point 2",
        "record_kind": "facility",
        "domain": "nuclear_fission",
        "reactor_type": "nuclear power plant (type not supplied)",
        "status": "unknown",
        "evidence_maturity": "established",
        "country": "United States of America",
        "country_code": "US",
        "coordinate_precision": "unknown",
        "source_url": "http://www.eia.gov/electricity/data/browser/",
        "source_publisher": "World Resources Institute",
        "source_role": "registry",
        "source_license": "CC BY 4.0",
        "source_quality_flags": "plant_level_not_unit;status_not_supplied;historic_shutdown_not_covered;coordinate_precision_unverified;source_may_be_stale",
        "last_verified": "2026-09-26",
        "verification_notes": "Open plant-level discovery record. Verify units, current status, dates and location against PRIS and the national regulator.",
        "start_date": "1973-01-01",
        "end_date": null
      }
    },
    {
      "type": "Feature",
      "id": "wri-gppd-usa0008907",
      "geometry": {
        "type": "Point",
        "coordinates": [
          -73.9526,
          41.2706
        ]
      },
      "properties": {
        "id": "wri-gppd-usa0008907",
        "name": "Indian Point 3",
        "record_kind": "facility",
        "domain": "nuclear_fission",
        "reactor_type": "nuclear power plant (type not supplied)",
        "status": "unknown",
        "evidence_maturity": "established",
        "country": "United States of America",
        "country_code": "US",
        "coordinate_precision": "unknown",
        "source_url": "http://www.eia.gov/electricity/data/browser/",
        "source_publisher": "World Resources Institute",
        "source_role": "registry",
        "source_license": "CC BY 4.0",
        "source_quality_flags": "plant_level_not_unit;status_not_supplied;historic_shutdown_not_covered;coordinate_precision_unverified;source_may_be_stale",
        "last_verified": "2026-09-26",
        "verification_notes": "Open plant-level discovery record. Verify units, current status, dates and location against PRIS and the national regulator.",
        "start_date": "1976-01-01",
        "end_date": null
      }
    },
    {
      "type": "Feature",
      "id": "wri-gppd-usa0006110",
      "geometry": {
        "type": "Point",
        "coordinates": [
          -76.4084,
          43.5214
        ]
      },
      "properties": {
        "id": "wri-gppd-usa0006110",
        "name": "James A Fitzpatrick",
        "record_kind": "facility",
        "domain": "nuclear_fission",
        "reactor_type": "nuclear power plant (type not supplied)",
        "status": "unknown",
        "evidence_maturity": "established",
        "country": "United States of America",
        "country_code": "US",
        "coordinate_precision": "unknown",
        "source_url": "http://www.eia.gov/electricity/data/browser/",
        "source_publisher": "World Resources Institute",
        "source_role": "registry",
        "source_license": "CC BY 4.0",
        "source_quality_flags": "plant_level_not_unit;status_not_supplied;historic_shutdown_not_covered;coordinate_precision_unverified;source_may_be_stale",
        "last_verified": "2026-09-26",
        "verification_notes": "Open plant-level discovery record. Verify units, current status, dates and location against PRIS and the national regulator.",
        "start_date": "1976-01-01",
        "end_date": null
      }
    },
    {
      "type": "Feature",
      "id": "wri-gppd-usa0006001",
      "geometry": {
        "type": "Point",
        "coordinates": [
          -85.1116,
          31.2231
        ]
      },
      "properties": {
        "id": "wri-gppd-usa0006001",
        "name": "Joseph M Farley",
        "record_kind": "facility",
        "domain": "nuclear_fission",
        "reactor_type": "nuclear power plant (type not supplied)",
        "status": "unknown",
        "evidence_maturity": "established",
        "country": "United States of America",
        "country_code": "US",
        "coordinate_precision": "unknown",
        "source_url": "http://www.eia.gov/electricity/data/browser/",
        "source_publisher": "World Resources Institute",
        "source_role": "registry",
        "source_license": "CC BY 4.0",
        "source_quality_flags": "plant_level_not_unit;status_not_supplied;historic_shutdown_not_covered;coordinate_precision_unverified;source_may_be_stale",
        "last_verified": "2026-09-26",
        "verification_notes": "Open plant-level discovery record. Verify units, current status, dates and location against PRIS and the national regulator.",
        "start_date": "1979-01-01",
        "end_date": null
      }
    },
    {
      "type": "Feature",
      "id": "wri-gppd-usa0006026",
      "geometry": {
        "type": "Point",
        "coordinates": [
          -88.6691,
          41.2455
        ]
      },
      "properties": {
        "id": "wri-gppd-usa0006026",
        "name": "LaSalle Generating Station",
        "record_kind": "facility",
        "domain": "nuclear_fission",
        "reactor_type": "nuclear power plant (type not supplied)",
        "status": "unknown",
        "evidence_maturity": "established",
        "country": "United States of America",
        "country_code": "US",
        "coordinate_precision": "unknown",
        "source_url": "http://www.eia.gov/electricity/data/browser/",
        "source_publisher": "World Resources Institute",
        "source_role": "registry",
        "source_license": "CC BY 4.0",
        "source_quality_flags": "plant_level_not_unit;status_not_supplied;historic_shutdown_not_covered;coordinate_precision_unverified;source_may_be_stale",
        "last_verified": "2026-09-26",
        "verification_notes": "Open plant-level discovery record. Verify units, current status, dates and location against PRIS and the national regulator.",
        "start_date": "1984-01-01",
        "end_date": null
      }
    },
    {
      "type": "Feature",
      "id": "wri-gppd-usa0006105",
      "geometry": {
        "type": "Point",
        "coordinates": [
          -75.5874,
          40.2243
        ]
      },
      "properties": {
        "id": "wri-gppd-usa0006105",
        "name": "Limerick",
        "record_kind": "facility",
        "domain": "nuclear_fission",
        "reactor_type": "nuclear power plant (type not supplied)",
        "status": "unknown",
        "evidence_maturity": "established",
        "country": "United States of America",
        "country_code": "US",
        "coordinate_precision": "unknown",
        "source_url": "http://www.eia.gov/electricity/data/browser/",
        "source_publisher": "World Resources Institute",
        "source_role": "registry",
        "source_license": "CC BY 4.0",
        "source_quality_flags": "plant_level_not_unit;status_not_supplied;historic_shutdown_not_covered;coordinate_precision_unverified;source_may_be_stale",
        "last_verified": "2026-09-26",
        "verification_notes": "Open plant-level discovery record. Verify units, current status, dates and location against PRIS and the national regulator.",
        "start_date": "1988-01-01",
        "end_date": null
      }
    },
    {
      "type": "Feature",
      "id": "wri-gppd-usa0006038",
      "geometry": {
        "type": "Point",
        "coordinates": [
          -80.9486,
          35.4331
        ]
      },
      "properties": {
        "id": "wri-gppd-usa0006038",
        "name": "McGuire",
        "record_kind": "facility",
        "domain": "nuclear_fission",
        "reactor_type": "nuclear power plant (type not supplied)",
        "status": "unknown",
        "evidence_maturity": "established",
        "country": "United States of America",
        "country_code": "US",
        "coordinate_precision": "unknown",
        "source_url": "http://www.eia.gov/electricity/data/browser/",
        "source_publisher": "World Resources Institute",
        "source_role": "registry",
        "source_license": "CC BY 4.0",
        "source_quality_flags": "plant_level_not_unit;status_not_supplied;historic_shutdown_not_covered;coordinate_precision_unverified;source_may_be_stale",
        "last_verified": "2026-09-26",
        "verification_notes": "Open plant-level discovery record. Verify units, current status, dates and location against PRIS and the national regulator.",
        "start_date": "1982-01-01",
        "end_date": null
      }
    },
    {
      "type": "Feature",
      "id": "wri-gppd-usa0000566",
      "geometry": {
        "type": "Point",
        "coordinates": [
          -72.1677,
          41.3107
        ]
      },
      "properties": {
        "id": "wri-gppd-usa0000566",
        "name": "Millstone",
        "record_kind": "facility",
        "domain": "nuclear_fission",
        "reactor_type": "nuclear power plant (type not supplied)",
        "status": "unknown",
        "evidence_maturity": "established",
        "country": "United States of America",
        "country_code": "US",
        "coordinate_precision": "unknown",
        "source_url": "http://www.eia.gov/electricity/data/browser/",
        "source_publisher": "World Resources Institute",
        "source_role": "registry",
        "source_license": "CC BY 4.0",
        "source_quality_flags": "plant_level_not_unit;status_not_supplied;historic_shutdown_not_covered;coordinate_precision_unverified;source_may_be_stale",
        "last_verified": "2026-09-26",
        "verification_notes": "Open plant-level discovery record. Verify units, current status, dates and location against PRIS and the national regulator.",
        "start_date": "1981-01-01",
        "end_date": null
      }
    },
    {
      "type": "Feature",
      "id": "wri-gppd-usa0001922",
      "geometry": {
        "type": "Point",
        "coordinates": [
          -93.8493,
          45.3338
        ]
      },
      "properties": {
        "id": "wri-gppd-usa0001922",
        "name": "Monticello Nuclear Facility",
        "record_kind": "facility",
        "domain": "nuclear_fission",
        "reactor_type": "nuclear power plant (type not supplied)",
        "status": "unknown",
        "evidence_maturity": "established",
        "country": "United States of America",
        "country_code": "US",
        "coordinate_precision": "unknown",
        "source_url": "http://www.eia.gov/electricity/data/browser/",
        "source_publisher": "World Resources Institute",
        "source_role": "registry",
        "source_license": "CC BY 4.0",
        "source_quality_flags": "plant_level_not_unit;status_not_supplied;historic_shutdown_not_covered;coordinate_precision_unverified;source_may_be_stale",
        "last_verified": "2026-09-26",
        "verification_notes": "Open plant-level discovery record. Verify units, current status, dates and location against PRIS and the national regulator.",
        "start_date": "1971-01-01",
        "end_date": null
      }
    },
    {
      "type": "Feature",
      "id": "wri-gppd-usa0002589",
      "geometry": {
        "type": "Point",
        "coordinates": [
          -76.41,
          43.5211
        ]
      },
      "properties": {
        "id": "wri-gppd-usa0002589",
        "name": "Nine Mile Point Nuclear Station",
        "record_kind": "facility",
        "domain": "nuclear_fission",
        "reactor_type": "nuclear power plant (type not supplied)",
        "status": "unknown",
        "evidence_maturity": "established",
        "country": "United States of America",
        "country_code": "US",
        "coordinate_precision": "unknown",
        "source_url": "http://www.eia.gov/electricity/data/browser/",
        "source_publisher": "World Resources Institute",
        "source_role": "registry",
        "source_license": "CC BY 4.0",
        "source_quality_flags": "plant_level_not_unit;status_not_supplied;historic_shutdown_not_covered;coordinate_precision_unverified;source_may_be_stale",
        "last_verified": "2026-09-26",
        "verification_notes": "Open plant-level discovery record. Verify units, current status, dates and location against PRIS and the national regulator.",
        "start_date": "1981-01-01",
        "end_date": null
      }
    },
    {
      "type": "Feature",
      "id": "wri-gppd-usa0006168",
      "geometry": {
        "type": "Point",
        "coordinates": [
          -77.7897,
          38.06
        ]
      },
      "properties": {
        "id": "wri-gppd-usa0006168",
        "name": "North Anna",
        "record_kind": "facility",
        "domain": "nuclear_fission",
        "reactor_type": "nuclear power plant (type not supplied)",
        "status": "unknown",
        "evidence_maturity": "established",
        "country": "United States of America",
        "country_code": "US",
        "coordinate_precision": "unknown",
        "source_url": "http://www.eia.gov/electricity/data/browser/",
        "source_publisher": "World Resources Institute",
        "source_role": "registry",
        "source_license": "CC BY 4.0",
        "source_quality_flags": "plant_level_not_unit;status_not_supplied;historic_shutdown_not_covered;coordinate_precision_unverified;source_may_be_stale",
        "last_verified": "2026-09-26",
        "verification_notes": "Open plant-level discovery record. Verify units, current status, dates and location against PRIS and the national regulator.",
        "start_date": "1979-01-01",
        "end_date": null
      }
    },
    {
      "type": "Feature",
      "id": "wri-gppd-usa0003265",
      "geometry": {
        "type": "Point",
        "coordinates": [
          -82.8986,
          34.7939
        ]
      },
      "properties": {
        "id": "wri-gppd-usa0003265",
        "name": "Oconee",
        "record_kind": "facility",
        "domain": "nuclear_fission",
        "reactor_type": "nuclear power plant (type not supplied)",
        "status": "unknown",
        "evidence_maturity": "established",
        "country": "United States of America",
        "country_code": "US",
        "coordinate_precision": "unknown",
        "source_url": "http://www.eia.gov/electricity/data/browser/",
        "source_publisher": "World Resources Institute",
        "source_role": "registry",
        "source_license": "CC BY 4.0",
        "source_quality_flags": "plant_level_not_unit;status_not_supplied;historic_shutdown_not_covered;coordinate_precision_unverified;source_may_be_stale",
        "last_verified": "2026-09-26",
        "verification_notes": "Open plant-level discovery record. Verify units, current status, dates and location against PRIS and the national regulator.",
        "start_date": "1974-01-01",
        "end_date": null
      }
    },
    {
      "type": "Feature",
      "id": "wri-gppd-usa0006118",
      "geometry": {
        "type": "Point",
        "coordinates": [
          -75.5377,
          39.4666
        ]
      },
      "properties": {
        "id": "wri-gppd-usa0006118",
        "name": "PSEG Hope Creek Generating Station",
        "record_kind": "facility",
        "domain": "nuclear_fission",
        "reactor_type": "nuclear power plant (type not supplied)",
        "status": "unknown",
        "evidence_maturity": "established",
        "country": "United States of America",
        "country_code": "US",
        "coordinate_precision": "unknown",
        "source_url": "http://www.eia.gov/electricity/data/browser/",
        "source_publisher": "World Resources Institute",
        "source_role": "registry",
        "source_license": "CC BY 4.0",
        "source_quality_flags": "plant_level_not_unit;status_not_supplied;historic_shutdown_not_covered;coordinate_precision_unverified;source_may_be_stale",
        "last_verified": "2026-09-26",
        "verification_notes": "Open plant-level discovery record. Verify units, current status, dates and location against PRIS and the national regulator.",
        "start_date": "1986-01-01",
        "end_date": null
      }
    },
    {
      "type": "Feature",
      "id": "wri-gppd-usa0002410",
      "geometry": {
        "type": "Point",
        "coordinates": [
          -75.5358,
          39.4625
        ]
      },
      "properties": {
        "id": "wri-gppd-usa0002410",
        "name": "PSEG Salem Generating Station",
        "record_kind": "facility",
        "domain": "nuclear_fission",
        "reactor_type": "nuclear power plant (type not supplied)",
        "status": "unknown",
        "evidence_maturity": "established",
        "country": "United States of America",
        "country_code": "US",
        "coordinate_precision": "unknown",
        "source_url": "http://www.eia.gov/electricity/data/browser/",
        "source_publisher": "World Resources Institute",
        "source_role": "registry",
        "source_license": "CC BY 4.0",
        "source_quality_flags": "plant_level_not_unit;status_not_supplied;historic_shutdown_not_covered;coordinate_precision_unverified;source_may_be_stale",
        "last_verified": "2026-09-26",
        "verification_notes": "Open plant-level discovery record. Verify units, current status, dates and location against PRIS and the national regulator.",
        "start_date": "1978-01-01",
        "end_date": null
      }
    },
    {
      "type": "Feature",
      "id": "wri-gppd-usa0001715",
      "geometry": {
        "type": "Point",
        "coordinates": [
          -86.3146,
          42.323
        ]
      },
      "properties": {
        "id": "wri-gppd-usa0001715",
        "name": "Palisades",
        "record_kind": "facility",
        "domain": "nuclear_fission",
        "reactor_type": "nuclear power plant (type not supplied)",
        "status": "unknown",
        "evidence_maturity": "established",
        "country": "United States of America",
        "country_code": "US",
        "coordinate_precision": "unknown",
        "source_url": "http://www.eia.gov/electricity/data/browser/",
        "source_publisher": "World Resources Institute",
        "source_role": "registry",
        "source_license": "CC BY 4.0",
        "source_quality_flags": "plant_level_not_unit;status_not_supplied;historic_shutdown_not_covered;coordinate_precision_unverified;source_may_be_stale",
        "last_verified": "2026-09-26",
        "verification_notes": "Open plant-level discovery record. Verify units, current status, dates and location against PRIS and the national regulator.",
        "start_date": "1972-01-01",
        "end_date": null
      }
    },
    {
      "type": "Feature",
      "id": "wri-gppd-usa0006008",
      "geometry": {
        "type": "Point",
        "coordinates": [
          -112.8617,
          33.3881
        ]
      },
      "properties": {
        "id": "wri-gppd-usa0006008",
        "name": "Palo Verde",
        "record_kind": "facility",
        "domain": "nuclear_fission",
        "reactor_type": "nuclear power plant (type not supplied)",
        "status": "unknown",
        "evidence_maturity": "established",
        "country": "United States of America",
        "country_code": "US",
        "coordinate_precision": "unknown",
        "source_url": "http://www.eia.gov/electricity/data/browser/",
        "source_publisher": "World Resources Institute",
        "source_role": "registry",
        "source_license": "CC BY 4.0",
        "source_quality_flags": "plant_level_not_unit;status_not_supplied;historic_shutdown_not_covered;coordinate_precision_unverified;source_may_be_stale",
        "last_verified": "2026-09-26",
        "verification_notes": "Open plant-level discovery record. Verify units, current status, dates and location against PRIS and the national regulator.",
        "start_date": "1986-01-01",
        "end_date": null
      }
    },
    {
      "type": "Feature",
      "id": "wri-gppd-usa0003166",
      "geometry": {
        "type": "Point",
        "coordinates": [
          -76.2687,
          39.7589
        ]
      },
      "properties": {
        "id": "wri-gppd-usa0003166",
        "name": "Peach Bottom",
        "record_kind": "facility",
        "domain": "nuclear_fission",
        "reactor_type": "nuclear power plant (type not supplied)",
        "status": "unknown",
        "evidence_maturity": "established",
        "country": "United States of America",
        "country_code": "US",
        "coordinate_precision": "unknown",
        "source_url": "http://www.eia.gov/electricity/data/browser/",
        "source_publisher": "World Resources Institute",
        "source_role": "registry",
        "source_license": "CC BY 4.0",
        "source_quality_flags": "plant_level_not_unit;status_not_supplied;historic_shutdown_not_covered;coordinate_precision_unverified;source_may_be_stale",
        "last_verified": "2026-09-26",
        "verification_notes": "Open plant-level discovery record. Verify units, current status, dates and location against PRIS and the national regulator.",
        "start_date": "1974-01-01",
        "end_date": null
      }
    },
    {
      "type": "Feature",
      "id": "wri-gppd-usa0006020",
      "geometry": {
        "type": "Point",
        "coordinates": [
          -81.1439,
          41.8006
        ]
      },
      "properties": {
        "id": "wri-gppd-usa0006020",
        "name": "Perry",
        "record_kind": "facility",
        "domain": "nuclear_fission",
        "reactor_type": "nuclear power plant (type not supplied)",
        "status": "unknown",
        "evidence_maturity": "established",
        "country": "United States of America",
        "country_code": "US",
        "coordinate_precision": "unknown",
        "source_url": "http://www.eia.gov/electricity/data/browser/",
        "source_publisher": "World Resources Institute",
        "source_role": "registry",
        "source_license": "CC BY 4.0",
        "source_quality_flags": "plant_level_not_unit;status_not_supplied;historic_shutdown_not_covered;coordinate_precision_unverified;source_may_be_stale",
        "last_verified": "2026-09-26",
        "verification_notes": "Open plant-level discovery record. Verify units, current status, dates and location against PRIS and the national regulator.",
        "start_date": "1987-01-01",
        "end_date": null
      }
    },
    {
      "type": "Feature",
      "id": "wri-gppd-usa0004046",
      "geometry": {
        "type": "Point",
        "coordinates": [
          -87.5369,
          44.2806
        ]
      },
      "properties": {
        "id": "wri-gppd-usa0004046",
        "name": "Point Beach Nuclear Plant",
        "record_kind": "facility",
        "domain": "nuclear_fission",
        "reactor_type": "nuclear power plant (type not supplied)",
        "status": "unknown",
        "evidence_maturity": "established",
        "country": "United States of America",
        "country_code": "US",
        "coordinate_precision": "unknown",
        "source_url": "http://www.eia.gov/electricity/data/browser/",
        "source_publisher": "World Resources Institute",
        "source_role": "registry",
        "source_license": "CC BY 4.0",
        "source_quality_flags": "plant_level_not_unit;status_not_supplied;historic_shutdown_not_covered;coordinate_precision_unverified;source_may_be_stale",
        "last_verified": "2026-09-26",
        "verification_notes": "Open plant-level discovery record. Verify units, current status, dates and location against PRIS and the national regulator.",
        "start_date": "1971-01-01",
        "end_date": null
      }
    },
    {
      "type": "Feature",
      "id": "wri-gppd-usa0001925",
      "geometry": {
        "type": "Point",
        "coordinates": [
          -92.6333,
          44.622
        ]
      },
      "properties": {
        "id": "wri-gppd-usa0001925",
        "name": "Prairie Island",
        "record_kind": "facility",
        "domain": "nuclear_fission",
        "reactor_type": "nuclear power plant (type not supplied)",
        "status": "unknown",
        "evidence_maturity": "established",
        "country": "United States of America",
        "country_code": "US",
        "coordinate_precision": "unknown",
        "source_url": "http://www.eia.gov/electricity/data/browser/",
        "source_publisher": "World Resources Institute",
        "source_role": "registry",
        "source_license": "CC BY 4.0",
        "source_quality_flags": "plant_level_not_unit;status_not_supplied;historic_shutdown_not_covered;coordinate_precision_unverified;source_may_be_stale",
        "last_verified": "2026-09-26",
        "verification_notes": "Open plant-level discovery record. Verify units, current status, dates and location against PRIS and the national regulator.",
        "start_date": "1974-01-01",
        "end_date": null
      }
    },
    {
      "type": "Feature",
      "id": "wri-gppd-usa0000880",
      "geometry": {
        "type": "Point",
        "coordinates": [
          -90.3103,
          41.7261
        ]
      },
      "properties": {
        "id": "wri-gppd-usa0000880",
        "name": "Quad Cities Generating Station",
        "record_kind": "facility",
        "domain": "nuclear_fission",
        "reactor_type": "nuclear power plant (type not supplied)",
        "status": "unknown",
        "evidence_maturity": "established",
        "country": "United States of America",
        "country_code": "US",
        "coordinate_precision": "unknown",
        "source_url": "http://www.eia.gov/electricity/data/browser/",
        "source_publisher": "World Resources Institute",
        "source_role": "registry",
        "source_license": "CC BY 4.0",
        "source_quality_flags": "plant_level_not_unit;status_not_supplied;historic_shutdown_not_covered;coordinate_precision_unverified;source_may_be_stale",
        "last_verified": "2026-09-26",
        "verification_notes": "Open plant-level discovery record. Verify units, current status, dates and location against PRIS and the national regulator.",
        "start_date": "1973-01-01",
        "end_date": null
      }
    },
    {
      "type": "Feature",
      "id": "wri-gppd-usa0006122",
      "geometry": {
        "type": "Point",
        "coordinates": [
          -77.3099,
          43.2777
        ]
      },
      "properties": {
        "id": "wri-gppd-usa0006122",
        "name": "R E Ginna Nuclear Power Plant",
        "record_kind": "facility",
        "domain": "nuclear_fission",
        "reactor_type": "nuclear power plant (type not supplied)",
        "status": "unknown",
        "evidence_maturity": "established",
        "country": "United States of America",
        "country_code": "US",
        "coordinate_precision": "unknown",
        "source_url": "http://www.eia.gov/electricity/data/browser/",
        "source_publisher": "World Resources Institute",
        "source_role": "registry",
        "source_license": "CC BY 4.0",
        "source_quality_flags": "plant_level_not_unit;status_not_supplied;historic_shutdown_not_covered;coordinate_precision_unverified;source_may_be_stale",
        "last_verified": "2026-09-26",
        "verification_notes": "Open plant-level discovery record. Verify units, current status, dates and location against PRIS and the national regulator.",
        "start_date": "1970-01-01",
        "end_date": null
      }
    },
    {
      "type": "Feature",
      "id": "wri-gppd-usa0006462",
      "geometry": {
        "type": "Point",
        "coordinates": [
          -91.3327,
          30.757
        ]
      },
      "properties": {
        "id": "wri-gppd-usa0006462",
        "name": "River Bend",
        "record_kind": "facility",
        "domain": "nuclear_fission",
        "reactor_type": "nuclear power plant (type not supplied)",
        "status": "unknown",
        "evidence_maturity": "established",
        "country": "United States of America",
        "country_code": "US",
        "coordinate_precision": "unknown",
        "source_url": "http://www.eia.gov/electricity/data/browser/",
        "source_publisher": "World Resources Institute",
        "source_role": "registry",
        "source_license": "CC BY 4.0",
        "source_quality_flags": "plant_level_not_unit;status_not_supplied;historic_shutdown_not_covered;coordinate_precision_unverified;source_may_be_stale",
        "last_verified": "2026-09-26",
        "verification_notes": "Open plant-level discovery record. Verify units, current status, dates and location against PRIS and the national regulator.",
        "start_date": "1986-01-01",
        "end_date": null
      }
    },
    {
      "type": "Feature",
      "id": "wri-gppd-usa0006115",
      "geometry": {
        "type": "Point",
        "coordinates": [
          -70.8489,
          42.8992
        ]
      },
      "properties": {
        "id": "wri-gppd-usa0006115",
        "name": "Seabrook",
        "record_kind": "facility",
        "domain": "nuclear_fission",
        "reactor_type": "nuclear power plant (type not supplied)",
        "status": "unknown",
        "evidence_maturity": "established",
        "country": "United States of America",
        "country_code": "US",
        "coordinate_precision": "unknown",
        "source_url": "http://www.eia.gov/electricity/data/browser/",
        "source_publisher": "World Resources Institute",
        "source_role": "registry",
        "source_license": "CC BY 4.0",
        "source_quality_flags": "plant_level_not_unit;status_not_supplied;historic_shutdown_not_covered;coordinate_precision_unverified;source_may_be_stale",
        "last_verified": "2026-09-26",
        "verification_notes": "Open plant-level discovery record. Verify units, current status, dates and location against PRIS and the national regulator.",
        "start_date": "1990-01-01",
        "end_date": null
      }
    },
    {
      "type": "Feature",
      "id": "wri-gppd-usa0006152",
      "geometry": {
        "type": "Point",
        "coordinates": [
          -85.0917,
          35.2267
        ]
      },
      "properties": {
        "id": "wri-gppd-usa0006152",
        "name": "Sequoyah",
        "record_kind": "facility",
        "domain": "nuclear_fission",
        "reactor_type": "nuclear power plant (type not supplied)",
        "status": "unknown",
        "evidence_maturity": "established",
        "country": "United States of America",
        "country_code": "US",
        "coordinate_precision": "unknown",
        "source_url": "http://www.eia.gov/electricity/data/browser/",
        "source_publisher": "World Resources Institute",
        "source_role": "registry",
        "source_license": "CC BY 4.0",
        "source_quality_flags": "plant_level_not_unit;status_not_supplied;historic_shutdown_not_covered;coordinate_precision_unverified;source_may_be_stale",
        "last_verified": "2026-09-26",
        "verification_notes": "Open plant-level discovery record. Verify units, current status, dates and location against PRIS and the national regulator.",
        "start_date": "1981-01-01",
        "end_date": null
      }
    },
    {
      "type": "Feature",
      "id": "wri-gppd-usa0006251",
      "geometry": {
        "type": "Point",
        "coordinates": [
          -96.0481,
          28.795
        ]
      },
      "properties": {
        "id": "wri-gppd-usa0006251",
        "name": "South Texas Project",
        "record_kind": "facility",
        "domain": "nuclear_fission",
        "reactor_type": "nuclear power plant (type not supplied)",
        "status": "unknown",
        "evidence_maturity": "established",
        "country": "United States of America",
        "country_code": "US",
        "coordinate_precision": "unknown",
        "source_url": "http://www.eia.gov/electricity/data/browser/",
        "source_publisher": "World Resources Institute",
        "source_role": "registry",
        "source_license": "CC BY 4.0",
        "source_quality_flags": "plant_level_not_unit;status_not_supplied;historic_shutdown_not_covered;coordinate_precision_unverified;source_may_be_stale",
        "last_verified": "2026-09-26",
        "verification_notes": "Open plant-level discovery record. Verify units, current status, dates and location against PRIS and the national regulator.",
        "start_date": "1988-01-01",
        "end_date": null
      }
    },
    {
      "type": "Feature",
      "id": "wri-gppd-usa0006045",
      "geometry": {
        "type": "Point",
        "coordinates": [
          -80.2464,
          27.3486
        ]
      },
      "properties": {
        "id": "wri-gppd-usa0006045",
        "name": "St Lucie",
        "record_kind": "facility",
        "domain": "nuclear_fission",
        "reactor_type": "nuclear power plant (type not supplied)",
        "status": "unknown",
        "evidence_maturity": "established",
        "country": "United States of America",
        "country_code": "US",
        "coordinate_precision": "unknown",
        "source_url": "http://www.eia.gov/electricity/data/browser/",
        "source_publisher": "World Resources Institute",
        "source_role": "registry",
        "source_license": "CC BY 4.0",
        "source_quality_flags": "plant_level_not_unit;status_not_supplied;historic_shutdown_not_covered;coordinate_precision_unverified;source_may_be_stale",
        "last_verified": "2026-09-26",
        "verification_notes": "Open plant-level discovery record. Verify units, current status, dates and location against PRIS and the national regulator.",
        "start_date": "1979-01-01",
        "end_date": null
      }
    },
    {
      "type": "Feature",
      "id": "wri-gppd-usa0003806",
      "geometry": {
        "type": "Point",
        "coordinates": [
          -76.6986,
          37.1661
        ]
      },
      "properties": {
        "id": "wri-gppd-usa0003806",
        "name": "Surry",
        "record_kind": "facility",
        "domain": "nuclear_fission",
        "reactor_type": "nuclear power plant (type not supplied)",
        "status": "unknown",
        "evidence_maturity": "established",
        "country": "United States of America",
        "country_code": "US",
        "coordinate_precision": "unknown",
        "source_url": "http://www.eia.gov/electricity/data/browser/",
        "source_publisher": "World Resources Institute",
        "source_role": "registry",
        "source_license": "CC BY 4.0",
        "source_quality_flags": "plant_level_not_unit;status_not_supplied;historic_shutdown_not_covered;coordinate_precision_unverified;source_may_be_stale",
        "last_verified": "2026-09-26",
        "verification_notes": "Open plant-level discovery record. Verify units, current status, dates and location against PRIS and the national regulator.",
        "start_date": "1973-01-01",
        "end_date": null
      }
    },
    {
      "type": "Feature",
      "id": "wri-gppd-usa0006103",
      "geometry": {
        "type": "Point",
        "coordinates": [
          -76.1462,
          41.0919
        ]
      },
      "properties": {
        "id": "wri-gppd-usa0006103",
        "name": "TalenEnergy Susquehanna",
        "record_kind": "facility",
        "domain": "nuclear_fission",
        "reactor_type": "nuclear power plant (type not supplied)",
        "status": "unknown",
        "evidence_maturity": "established",
        "country": "United States of America",
        "country_code": "US",
        "coordinate_precision": "unknown",
        "source_url": "http://www.eia.gov/electricity/data/browser/",
        "source_publisher": "World Resources Institute",
        "source_role": "registry",
        "source_license": "CC BY 4.0",
        "source_quality_flags": "plant_level_not_unit;status_not_supplied;historic_shutdown_not_covered;coordinate_precision_unverified;source_may_be_stale",
        "last_verified": "2026-09-26",
        "verification_notes": "Open plant-level discovery record. Verify units, current status, dates and location against PRIS and the national regulator.",
        "start_date": "1984-01-01",
        "end_date": null
      }
    },
    {
      "type": "Feature",
      "id": "wri-gppd-usa0000621",
      "geometry": {
        "type": "Point",
        "coordinates": [
          -80.3308,
          25.4356
        ]
      },
      "properties": {
        "id": "wri-gppd-usa0000621",
        "name": "Turkey Point",
        "record_kind": "facility",
        "domain": "nuclear_fission",
        "reactor_type": "nuclear power plant (type not supplied)",
        "status": "unknown",
        "evidence_maturity": "established",
        "country": "United States of America",
        "country_code": "US",
        "coordinate_precision": "unknown",
        "source_url": "http://www.eia.gov/electricity/data/browser/",
        "source_publisher": "World Resources Institute",
        "source_role": "registry",
        "source_license": "CC BY 4.0",
        "source_quality_flags": "plant_level_not_unit;status_not_supplied;historic_shutdown_not_covered;coordinate_precision_unverified;source_may_be_stale",
        "last_verified": "2026-09-26",
        "verification_notes": "Open plant-level discovery record. Verify units, current status, dates and location against PRIS and the national regulator.",
        "start_date": "1987-01-01",
        "end_date": null
      }
    },
    {
      "type": "Feature",
      "id": "wri-gppd-usa0006127",
      "geometry": {
        "type": "Point",
        "coordinates": [
          -81.3153,
          34.2983
        ]
      },
      "properties": {
        "id": "wri-gppd-usa0006127",
        "name": "V C Summer",
        "record_kind": "facility",
        "domain": "nuclear_fission",
        "reactor_type": "nuclear power plant (type not supplied)",
        "status": "unknown",
        "evidence_maturity": "established",
        "country": "United States of America",
        "country_code": "US",
        "coordinate_precision": "unknown",
        "source_url": "http://www.eia.gov/electricity/data/browser/",
        "source_publisher": "World Resources Institute",
        "source_role": "registry",
        "source_license": "CC BY 4.0",
        "source_quality_flags": "plant_level_not_unit;status_not_supplied;historic_shutdown_not_covered;coordinate_precision_unverified;source_may_be_stale",
        "last_verified": "2026-09-26",
        "verification_notes": "Open plant-level discovery record. Verify units, current status, dates and location against PRIS and the national regulator.",
        "start_date": "1984-01-01",
        "end_date": null
      }
    },
    {
      "type": "Feature",
      "id": "wri-gppd-usa0000649",
      "geometry": {
        "type": "Point",
        "coordinates": [
          -81.7625,
          33.1427
        ]
      },
      "properties": {
        "id": "wri-gppd-usa0000649",
        "name": "Vogtle",
        "record_kind": "facility",
        "domain": "nuclear_fission",
        "reactor_type": "nuclear power plant (type not supplied)",
        "status": "unknown",
        "evidence_maturity": "established",
        "country": "United States of America",
        "country_code": "US",
        "coordinate_precision": "unknown",
        "source_url": "http://www.eia.gov/electricity/data/browser/",
        "source_publisher": "World Resources Institute",
        "source_role": "registry",
        "source_license": "CC BY 4.0",
        "source_quality_flags": "plant_level_not_unit;status_not_supplied;historic_shutdown_not_covered;coordinate_precision_unverified;source_may_be_stale",
        "last_verified": "2026-09-26",
        "verification_notes": "Open plant-level discovery record. Verify units, current status, dates and location against PRIS and the national regulator.",
        "start_date": "1988-01-01",
        "end_date": null
      }
    },
    {
      "type": "Feature",
      "id": "wri-gppd-usa0004270",
      "geometry": {
        "type": "Point",
        "coordinates": [
          -90.4716,
          29.9953
        ]
      },
      "properties": {
        "id": "wri-gppd-usa0004270",
        "name": "Waterford 3",
        "record_kind": "facility",
        "domain": "nuclear_fission",
        "reactor_type": "nuclear power plant (type not supplied)",
        "status": "unknown",
        "evidence_maturity": "established",
        "country": "United States of America",
        "country_code": "US",
        "coordinate_precision": "unknown",
        "source_url": "http://www.eia.gov/electricity/data/browser/",
        "source_publisher": "World Resources Institute",
        "source_role": "registry",
        "source_license": "CC BY 4.0",
        "source_quality_flags": "plant_level_not_unit;status_not_supplied;historic_shutdown_not_covered;coordinate_precision_unverified;source_may_be_stale",
        "last_verified": "2026-09-26",
        "verification_notes": "Open plant-level discovery record. Verify units, current status, dates and location against PRIS and the national regulator.",
        "start_date": "1985-01-01",
        "end_date": null
      }
    },
    {
      "type": "Feature",
      "id": "wri-gppd-usa0007722",
      "geometry": {
        "type": "Point",
        "coordinates": [
          -84.7895,
          35.6021
        ]
      },
      "properties": {
        "id": "wri-gppd-usa0007722",
        "name": "Watts Bar Nuclear Plant",
        "record_kind": "facility",
        "domain": "nuclear_fission",
        "reactor_type": "nuclear power plant (type not supplied)",
        "status": "unknown",
        "evidence_maturity": "established",
        "country": "United States of America",
        "country_code": "US",
        "coordinate_precision": "unknown",
        "source_url": "http://www.eia.gov/electricity/data/browser/",
        "source_publisher": "World Resources Institute",
        "source_role": "registry",
        "source_license": "CC BY 4.0",
        "source_quality_flags": "plant_level_not_unit;status_not_supplied;historic_shutdown_not_covered;coordinate_precision_unverified;source_may_be_stale",
        "last_verified": "2026-09-26",
        "verification_notes": "Open plant-level discovery record. Verify units, current status, dates and location against PRIS and the national regulator.",
        "start_date": "2006-01-01",
        "end_date": null
      }
    },
    {
      "type": "Feature",
      "id": "wri-gppd-usa0000210",
      "geometry": {
        "type": "Point",
        "coordinates": [
          -95.6898,
          38.2393
        ]
      },
      "properties": {
        "id": "wri-gppd-usa0000210",
        "name": "Wolf Creek Generating Station",
        "record_kind": "facility",
        "domain": "nuclear_fission",
        "reactor_type": "nuclear power plant (type not supplied)",
        "status": "unknown",
        "evidence_maturity": "established",
        "country": "United States of America",
        "country_code": "US",
        "coordinate_precision": "unknown",
        "source_url": "http://www.eia.gov/electricity/data/browser/",
        "source_publisher": "World Resources Institute",
        "source_role": "registry",
        "source_license": "CC BY 4.0",
        "source_quality_flags": "plant_level_not_unit;status_not_supplied;historic_shutdown_not_covered;coordinate_precision_unverified;source_may_be_stale",
        "last_verified": "2026-09-26",
        "verification_notes": "Open plant-level discovery record. Verify units, current status, dates and location against PRIS and the national regulator.",
        "start_date": "1985-01-01",
        "end_date": null
      }
    },
    {
      "type": "Feature",
      "id": "wri-gppd-wri1000137",
      "geometry": {
        "type": "Point",
        "coordinates": [
          18.4281,
          -33.6737
        ]
      },
      "properties": {
        "id": "wri-gppd-wri1000137",
        "name": "Koeberg",
        "record_kind": "facility",
        "domain": "nuclear_fission",
        "reactor_type": "nuclear power plant (type not supplied)",
        "status": "unknown",
        "evidence_maturity": "established",
        "country": "South Africa",
        "country_code": "ZA",
        "coordinate_precision": "unknown",
        "source_url": "http://www.eskom.co.za/Whatweredoing/ElectricityGeneration/KoebergNuclearPowerStation/Pages/Koeberg_Power_Station.aspx",
        "source_publisher": "World Resources Institute",
        "source_role": "registry",
        "source_license": "CC BY 4.0",
        "source_quality_flags": "plant_level_not_unit;status_not_supplied;historic_shutdown_not_covered;coordinate_precision_unverified;source_may_be_stale",
        "last_verified": "2026-09-26",
        "verification_notes": "Open plant-level discovery record. Verify units, current status, dates and location against PRIS and the national regulator.",
        "start_date": "1984-01-01",
        "end_date": null
      }
    }
  ]
}
