stable_id	facility_name	country	lat	lon	precision	sector	process_or_activity	reactor_type_if_explicit	status	operator	capacity	pollutant_or_product_context	source_url	source_role	retrieved	license	verification_notes
uk-prtr:E138_770	ALFAPLAS LTD	United Kingdom	52.036100	-2.692870	UK PRTR-published facility point; positional accuracy not independently verified	NACE 22.22 — Manufacture of plastic packing goods	NACE 22.22 — Manufacture of plastic packing goods | UK PRTR Annex I activity 9.(c)		reported in UK PRTR for 2024; operating status not asserted	ALFAPLAS		source industry classification only; pollutant and waste quantities excluded	https://www.gov.uk/government/publications/download-industrial-emissions-and-waste-transfer-uk-prtr-data	official UK pollutant-register facility and activity classification	2026-09-28	Open Government Licence v3.0	Selected systematically from the 2024 UK PRTR CSV by NACE prefix in 10, 11, 17, 19, 20, 21, 22. This facility-level discovery record does not establish a process-reactor inventory, reactor design, capacity, or current operating state.
uk-prtr:E218_319	Constantia FFP Ltd	United Kingdom	52.279500	-0.873153	UK PRTR-published facility point; positional accuracy not independently verified	NACE 22.22 — Manufacture of plastic packing goods	NACE 22.22 — Manufacture of plastic packing goods | UK PRTR Annex I activity 9.(c)		reported in UK PRTR for 2024; operating status not asserted	Constantia FFP Ltd		source industry classification only; pollutant and waste quantities excluded	https://www.gov.uk/government/publications/download-industrial-emissions-and-waste-transfer-uk-prtr-data	official UK pollutant-register facility and activity classification	2026-09-28	Open Government Licence v3.0	Selected systematically from the 2024 UK PRTR CSV by NACE prefix in 10, 11, 17, 19, 20, 21, 22. This facility-level discovery record does not establish a process-reactor inventory, reactor design, capacity, or current operating state.
uk-prtr:E362_222	Amcor Flexibles Evesham	United Kingdom	52.080300	-1.949390	UK PRTR-published facility point; positional accuracy not independently verified	NACE 22.22 — Manufacture of plastic packing goods	NACE 22.22 — Manufacture of plastic packing goods | UK PRTR Annex I activity 9.(c)		reported in UK PRTR for 2024; operating status not asserted	Amcor Flexibles Europe Middle East and Africa (AFEMEA)		source industry classification only; pollutant and waste quantities excluded	https://www.gov.uk/government/publications/download-industrial-emissions-and-waste-transfer-uk-prtr-data	official UK pollutant-register facility and activity classification	2026-09-28	Open Government Licence v3.0	Selected systematically from the 2024 UK PRTR CSV by NACE prefix in 10, 11, 17, 19, 20, 21, 22. This facility-level discovery record does not establish a process-reactor inventory, reactor design, capacity, or current operating state.
uk-prtr:E372_51	MacDermid Autotype Ltd.	United Kingdom	51.596600	-1.423840	UK PRTR-published facility point; positional accuracy not independently verified	NACE 22.29 — Manufacture of other plastic products	NACE 22.29 — Manufacture of other plastic products | UK PRTR Annex I activity 9.(c)		reported in UK PRTR for 2024; operating status not asserted	Element Soluitons Inc		source industry classification only; pollutant and waste quantities excluded	https://www.gov.uk/government/publications/download-industrial-emissions-and-waste-transfer-uk-prtr-data	official UK pollutant-register facility and activity classification	2026-09-28	Open Government Licence v3.0	Selected systematically from the 2024 UK PRTR CSV by NACE prefix in 10, 11, 17, 19, 20, 21, 22. This facility-level discovery record does not establish a process-reactor inventory, reactor design, capacity, or current operating state.
uk-prtr:E375_517	Avery Dennison Label and Packaging Material Europe Cramlington	United Kingdom	55.096500	-1.599220	UK PRTR-published facility point; positional accuracy not independently verified	NACE 20.52 — Manufacture of glues	NACE 20.52 — Manufacture of glues | UK PRTR Annex I activity 9.(c)		reported in UK PRTR for 2024; operating status not asserted	Avery Dennison Roll Materials Worlwide		source industry classification only; pollutant and waste quantities excluded	https://www.gov.uk/government/publications/download-industrial-emissions-and-waste-transfer-uk-prtr-data	official UK pollutant-register facility and activity classification	2026-09-28	Open Government Licence v3.0	Selected systematically from the 2024 UK PRTR CSV by NACE prefix in 10, 11, 17, 19, 20, 21, 22. This facility-level discovery record does not establish a process-reactor inventory, reactor design, capacity, or current operating state.
uk-prtr:E3_100	Amcor Flexibles Cumbria	United Kingdom	54.624814	-3.551674	UK PRTR-published facility point; positional accuracy not independently verified	NACE 22.22 — Manufacture of plastic packing goods	NACE 22.22 — Manufacture of plastic packing goods | UK PRTR Annex I activity 9.(c)		reported in UK PRTR for 2024; operating status not asserted	Amcor Packaging UK limited		source industry classification only; pollutant and waste quantities excluded	https://www.gov.uk/government/publications/download-industrial-emissions-and-waste-transfer-uk-prtr-data	official UK pollutant-register facility and activity classification	2026-09-28	Open Government Licence v3.0	Selected systematically from the 2024 UK PRTR CSV by NACE prefix in 10, 11, 17, 19, 20, 21, 22. This facility-level discovery record does not establish a process-reactor inventory, reactor design, capacity, or current operating state.
uk-prtr:E3_101	Innovia Films	United Kingdom	54.826722	-3.163205	UK PRTR-published facility point; positional accuracy not independently verified	NACE 22.22 — Manufacture of plastic packing goods	NACE 22.22 — Manufacture of plastic packing goods | UK PRTR Annex I activity 9.(c)		reported in UK PRTR for 2024; operating status not asserted	Innovia Films Limited		source industry classification only; pollutant and waste quantities excluded	https://www.gov.uk/government/publications/download-industrial-emissions-and-waste-transfer-uk-prtr-data	official UK pollutant-register facility and activity classification	2026-09-28	Open Government Licence v3.0	Selected systematically from the 2024 UK PRTR CSV by NACE prefix in 10, 11, 17, 19, 20, 21, 22. This facility-level discovery record does not establish a process-reactor inventory, reactor design, capacity, or current operating state.
uk-prtr:E3_102	CCL Secure Limited	United Kingdom	54.826919	-3.168741	UK PRTR-published facility point; positional accuracy not independently verified	NACE 22.29 — Manufacture of other plastic products	NACE 22.29 — Manufacture of other plastic products | UK PRTR Annex I activity 9.(c)		reported in UK PRTR for 2024; operating status not asserted	CCL Industries		source industry classification only; pollutant and waste quantities excluded	https://www.gov.uk/government/publications/download-industrial-emissions-and-waste-transfer-uk-prtr-data	official UK pollutant-register facility and activity classification	2026-09-28	Open Government Licence v3.0	Selected systematically from the 2024 UK PRTR CSV by NACE prefix in 10, 11, 17, 19, 20, 21, 22. This facility-level discovery record does not establish a process-reactor inventory, reactor design, capacity, or current operating state.
uk-prtr:EW_EA-10001	Runcorn Sulphuric Acid Complex - EPR/KP3634WC	United Kingdom	53.319074	-2.749030	UK PRTR-published facility point; positional accuracy not independently verified	NACE 20.13 — Manufacture of other inorganic basic chemicals	NACE 20.13 — Manufacture of other inorganic basic chemicals | UK PRTR Annex I activity 4.(a)		reported in UK PRTR for 2024; operating status not asserted	INOVYN CHLORVINYLS LIMITED		source industry classification only; pollutant and waste quantities excluded	https://www.gov.uk/government/publications/download-industrial-emissions-and-waste-transfer-uk-prtr-data	official UK pollutant-register facility and activity classification	2026-09-28	Open Government Licence v3.0	Selected systematically from the 2024 UK PRTR CSV by NACE prefix in 10, 11, 17, 19, 20, 21, 22. This facility-level discovery record does not establish a process-reactor inventory, reactor design, capacity, or current operating state.
uk-prtr:EW_EA-10005	South Quay Coated Factory EPR/BT3552IW	United Kingdom	53.576349	-0.060420	UK PRTR-published facility point; positional accuracy not independently verified	NACE 10.20 — Processing and preserving of fish, crustaceans and molluscs	NACE 10.20 — Processing and preserving of fish, crustaceans and molluscs | UK PRTR Annex I activity 8.(b)		reported in UK PRTR for 2024; operating status not asserted	YOUNG'S SEAFOOD LIMITED		source industry classification only; pollutant and waste quantities excluded	https://www.gov.uk/government/publications/download-industrial-emissions-and-waste-transfer-uk-prtr-data	official UK pollutant-register facility and activity classification	2026-09-28	Open Government Licence v3.0	Selected systematically from the 2024 UK PRTR CSV by NACE prefix in 10, 11, 17, 19, 20, 21, 22. This facility-level discovery record does not establish a process-reactor inventory, reactor design, capacity, or current operating state.
uk-prtr:EW_EA-10010	Polymer Manufacturer, Kings Lynn EPR/RP3938LJ	United Kingdom	52.769640	0.388287	UK PRTR-published facility point; positional accuracy not independently verified	NACE 20.59 — Manufacture of other chemical products n.e.c.	NACE 20.59 — Manufacture of other chemical products n.e.c. | UK PRTR Annex I activity 4.(a)		reported in UK PRTR for 2024; operating status not asserted	PIL MEMBRANES LIMITED		source industry classification only; pollutant and waste quantities excluded	https://www.gov.uk/government/publications/download-industrial-emissions-and-waste-transfer-uk-prtr-data	official UK pollutant-register facility and activity classification	2026-09-28	Open Government Licence v3.0	Selected systematically from the 2024 UK PRTR CSV by NACE prefix in 10, 11, 17, 19, 20, 21, 22. This facility-level discovery record does not establish a process-reactor inventory, reactor design, capacity, or current operating state.
uk-prtr:EW_EA-10012	Orchard Mill	United Kingdom	53.694967	-2.468238	UK PRTR-published facility point; positional accuracy not independently verified	NACE 20.16 — Manufacture of plastics in primary forms	NACE 20.16 — Manufacture of plastics in primary forms | UK PRTR Annex I activity 4.(a)		reported in UK PRTR for 2024; operating status not asserted	PERSPEX INTERNATIONAL LIMITED		source industry classification only; pollutant and waste quantities excluded	https://www.gov.uk/government/publications/download-industrial-emissions-and-waste-transfer-uk-prtr-data	official UK pollutant-register facility and activity classification	2026-09-28	Open Government Licence v3.0	Selected systematically from the 2024 UK PRTR CSV by NACE prefix in 10, 11, 17, 19, 20, 21, 22. This facility-level discovery record does not establish a process-reactor inventory, reactor design, capacity, or current operating state.
uk-prtr:EW_EA-10090	Killingworth Solvent Recovery EPR/WP3434LT	United Kingdom	55.043338	-1.587615	UK PRTR-published facility point; positional accuracy not independently verified	NACE 22.29 — Manufacture of other plastic products	NACE 22.29 — Manufacture of other plastic products | UK PRTR Annex I activity 5.(a)		reported in UK PRTR for 2024; operating status not asserted	ENTEK INTERNATIONAL LIMITED		source industry classification only; pollutant and waste quantities excluded	https://www.gov.uk/government/publications/download-industrial-emissions-and-waste-transfer-uk-prtr-data	official UK pollutant-register facility and activity classification	2026-09-28	Open Government Licence v3.0	Selected systematically from the 2024 UK PRTR CSV by NACE prefix in 10, 11, 17, 19, 20, 21, 22. This facility-level discovery record does not establish a process-reactor inventory, reactor design, capacity, or current operating state.
uk-prtr:EW_EA-10092	Craven Arms Abattoir EPR/EP3233UA	United Kingdom	52.440247	-2.830685	UK PRTR-published facility point; positional accuracy not independently verified	NACE 10.11 — Processing and preserving of meat	NACE 10.11 — Processing and preserving of meat | UK PRTR Annex I activity 8.(a)		reported in UK PRTR for 2024; operating status not asserted	EURO QUALITY LAMBS LIMITED		source industry classification only; pollutant and waste quantities excluded	https://www.gov.uk/government/publications/download-industrial-emissions-and-waste-transfer-uk-prtr-data	official UK pollutant-register facility and activity classification	2026-09-28	Open Government Licence v3.0	Selected systematically from the 2024 UK PRTR CSV by NACE prefix in 10, 11, 17, 19, 20, 21, 22. This facility-level discovery record does not establish a process-reactor inventory, reactor design, capacity, or current operating state.
uk-prtr:EW_EA-10111	Highbury Heath Poultry Processing EPR/UP3237UA	United Kingdom	52.914024	-2.657106	UK PRTR-published facility point; positional accuracy not independently verified	NACE 10.13 — Production of meat and poultry meat products	NACE 10.13 — Production of meat and poultry meat products | UK PRTR Annex I activity 8.(a)		reported in UK PRTR for 2024; operating status not asserted	HIGHBURY POULTRY FARM PRODUCE LIMITED		source industry classification only; pollutant and waste quantities excluded	https://www.gov.uk/government/publications/download-industrial-emissions-and-waste-transfer-uk-prtr-data	official UK pollutant-register facility and activity classification	2026-09-28	Open Government Licence v3.0	Selected systematically from the 2024 UK PRTR CSV by NACE prefix in 10, 11, 17, 19, 20, 21, 22. This facility-level discovery record does not establish a process-reactor inventory, reactor design, capacity, or current operating state.
uk-prtr:EW_EA-10126	PAX Plant	United Kingdom	53.284786	-2.873527	UK PRTR-published facility point; positional accuracy not independently verified	NACE 20.13 — Manufacture of other inorganic basic chemicals	NACE 20.13 — Manufacture of other inorganic basic chemicals | UK PRTR Annex I activity 4.(b)		reported in UK PRTR for 2024; operating status not asserted	KEMIRA CHEMICALS (UK) LIMITED		source industry classification only; pollutant and waste quantities excluded	https://www.gov.uk/government/publications/download-industrial-emissions-and-waste-transfer-uk-prtr-data	official UK pollutant-register facility and activity classification	2026-09-28	Open Government Licence v3.0	Selected systematically from the 2024 UK PRTR CSV by NACE prefix in 10, 11, 17, 19, 20, 21, 22. This facility-level discovery record does not establish a process-reactor inventory, reactor design, capacity, or current operating state.
uk-prtr:EW_EA-10140	Nottingham Gateside Road Pizza Products - EPR/WP3331UH	United Kingdom	52.938143	-1.161065	UK PRTR-published facility point; positional accuracy not independently verified	NACE 10.89 — Manufacture of other food products n.e.c.	NACE 10.89 — Manufacture of other food products n.e.c. | UK PRTR Annex I activity 8.(b)		reported in UK PRTR for 2024; operating status not asserted	NORTHERN FOODS LIMITED		source industry classification only; pollutant and waste quantities excluded	https://www.gov.uk/government/publications/download-industrial-emissions-and-waste-transfer-uk-prtr-data	official UK pollutant-register facility and activity classification	2026-09-28	Open Government Licence v3.0	Selected systematically from the 2024 UK PRTR CSV by NACE prefix in 10, 11, 17, 19, 20, 21, 22. This facility-level discovery record does not establish a process-reactor inventory, reactor design, capacity, or current operating state.
uk-prtr:EW_EA-10149	Bridgwater Dairy EPR/BP3635EF	United Kingdom	51.101644	-3.000700	UK PRTR-published facility point; positional accuracy not independently verified	NACE 10.51 — Operation of dairies and cheese making	NACE 10.51 — Operation of dairies and cheese making | UK PRTR Annex I activity 8.(c)		reported in UK PRTR for 2024; operating status not asserted	MULLER UK & IRELAND GROUP LLP		source industry classification only; pollutant and waste quantities excluded	https://www.gov.uk/government/publications/download-industrial-emissions-and-waste-transfer-uk-prtr-data	official UK pollutant-register facility and activity classification	2026-09-28	Open Government Licence v3.0	Selected systematically from the 2024 UK PRTR CSV by NACE prefix in 10, 11, 17, 19, 20, 21, 22. This facility-level discovery record does not establish a process-reactor inventory, reactor design, capacity, or current operating state.
uk-prtr:EW_EA-10152	Christian Salvesen Foods, Hull EPR/CP3438GV	United Kingdom	53.729359	-0.375063	UK PRTR-published facility point; positional accuracy not independently verified	NACE 10.39 — Other processing and preserving of fruit and vegetables	NACE 10.39 — Other processing and preserving of fruit and vegetables | UK PRTR Annex I activity 8.(b)		reported in UK PRTR for 2024; operating status not asserted	GXO Logistics UK Limited		source industry classification only; pollutant and waste quantities excluded	https://www.gov.uk/government/publications/download-industrial-emissions-and-waste-transfer-uk-prtr-data	official UK pollutant-register facility and activity classification	2026-09-28	Open Government Licence v3.0	Selected systematically from the 2024 UK PRTR CSV by NACE prefix in 10, 11, 17, 19, 20, 21, 22. This facility-level discovery record does not establish a process-reactor inventory, reactor design, capacity, or current operating state.
uk-prtr:EW_EA-10168	Whinbank Surfactant Manufacture - EPR/VP3534UR	United Kingdom	54.605478	-1.576414	UK PRTR-published facility point; positional accuracy not independently verified	NACE 20.59 — Manufacture of other chemical products n.e.c.	NACE 20.59 — Manufacture of other chemical products n.e.c. | UK PRTR Annex I activity 4.(a)		reported in UK PRTR for 2024; operating status not asserted	TECHWAX LIMITED		source industry classification only; pollutant and waste quantities excluded	https://www.gov.uk/government/publications/download-industrial-emissions-and-waste-transfer-uk-prtr-data	official UK pollutant-register facility and activity classification	2026-09-28	Open Government Licence v3.0	Selected systematically from the 2024 UK PRTR CSV by NACE prefix in 10, 11, 17, 19, 20, 21, 22. This facility-level discovery record does not establish a process-reactor inventory, reactor design, capacity, or current operating state.
uk-prtr:EW_EA-10174	Prax Lindsey Oil Refinery EPR/TP3633NH	United Kingdom	53.639874	-0.257035	UK PRTR-published facility point; positional accuracy not independently verified	NACE 19.20 — Manufacture of refined petroleum products	NACE 19.20 — Manufacture of refined petroleum products | UK PRTR Annex I activity 1.(b)		reported in UK PRTR for 2024; operating status not asserted	PRAX LINDSEY OIL REFINERY LIMITED		source industry classification only; pollutant and waste quantities excluded	https://www.gov.uk/government/publications/download-industrial-emissions-and-waste-transfer-uk-prtr-data	official UK pollutant-register facility and activity classification	2026-09-28	Open Government Licence v3.0	Selected systematically from the 2024 UK PRTR CSV by NACE prefix in 10, 11, 17, 19, 20, 21, 22. This facility-level discovery record does not establish a process-reactor inventory, reactor design, capacity, or current operating state.
uk-prtr:EW_EA-10190	Cannington Creamery EPR/LP3738XP/V002	United Kingdom	51.144418	-3.074962	UK PRTR-published facility point; positional accuracy not independently verified	NACE 10.51 — Operation of dairies and cheese making	NACE 10.51 — Operation of dairies and cheese making | UK PRTR Annex I activity 8.(c)		reported in UK PRTR for 2024; operating status not asserted	YEO VALLEY FARMS (PRODUCTION) LIMITED		source industry classification only; pollutant and waste quantities excluded	https://www.gov.uk/government/publications/download-industrial-emissions-and-waste-transfer-uk-prtr-data	official UK pollutant-register facility and activity classification	2026-09-28	Open Government Licence v3.0	Selected systematically from the 2024 UK PRTR CSV by NACE prefix in 10, 11, 17, 19, 20, 21, 22. This facility-level discovery record does not establish a process-reactor inventory, reactor design, capacity, or current operating state.
uk-prtr:EW_EA-10198	WILTON POLYURETHANES	United Kingdom	54.592682	-1.119381	UK PRTR-published facility point; positional accuracy not independently verified	NACE 20.14 — Manufacture of other organic basic chemicals	NACE 20.14 — Manufacture of other organic basic chemicals | UK PRTR Annex I activity 4.(a)		reported in UK PRTR for 2024; operating status not asserted	HUNTSMAN POLYURETHANES (UK) LIMITED		source industry classification only; pollutant and waste quantities excluded	https://www.gov.uk/government/publications/download-industrial-emissions-and-waste-transfer-uk-prtr-data	official UK pollutant-register facility and activity classification	2026-09-28	Open Government Licence v3.0	Selected systematically from the 2024 UK PRTR CSV by NACE prefix in 10, 11, 17, 19, 20, 21, 22. This facility-level discovery record does not establish a process-reactor inventory, reactor design, capacity, or current operating state.
uk-prtr:EW_EA-10250	Airedale Mills EPR/RP3238SE	United Kingdom	53.904131	-1.984591	UK PRTR-published facility point; positional accuracy not independently verified	NACE 20.41 — Manufacture of soap and detergents, cleaning and polishing preparations	NACE 20.41 — Manufacture of soap and detergents, cleaning and polishing preparations | UK PRTR Annex I activity 4.(a)		reported in UK PRTR for 2024; operating status not asserted	AIREDALE CHEMICAL COMPANY LIMITED		source industry classification only; pollutant and waste quantities excluded	https://www.gov.uk/government/publications/download-industrial-emissions-and-waste-transfer-uk-prtr-data	official UK pollutant-register facility and activity classification	2026-09-28	Open Government Licence v3.0	Selected systematically from the 2024 UK PRTR CSV by NACE prefix in 10, 11, 17, 19, 20, 21, 22. This facility-level discovery record does not establish a process-reactor inventory, reactor design, capacity, or current operating state.
uk-prtr:EW_EA-10282	Wombwell Food Processing Facility EPR/TP3834XS	United Kingdom	53.517385	-1.379665	UK PRTR-published facility point; positional accuracy not independently verified	NACE 10.13 — Production of meat and poultry meat products	NACE 10.13 — Production of meat and poultry meat products | UK PRTR Annex I activity 8.(b)		reported in UK PRTR for 2024; operating status not asserted	CRANSWICK COUNTRY FOODS PLC		source industry classification only; pollutant and waste quantities excluded	https://www.gov.uk/government/publications/download-industrial-emissions-and-waste-transfer-uk-prtr-data	official UK pollutant-register facility and activity classification	2026-09-28	Open Government Licence v3.0	Selected systematically from the 2024 UK PRTR CSV by NACE prefix in 10, 11, 17, 19, 20, 21, 22. This facility-level discovery record does not establish a process-reactor inventory, reactor design, capacity, or current operating state.
uk-prtr:EW_EA-10284	Dunbia (Carnaby) EPR/LP3830BC	United Kingdom	54.058889	-0.265360	UK PRTR-published facility point; positional accuracy not independently verified	NACE 10.11 — Processing and preserving of meat	NACE 10.11 — Processing and preserving of meat | UK PRTR Annex I activity 8.(a)		reported in UK PRTR for 2024; operating status not asserted	DUNBIA (UK)		source industry classification only; pollutant and waste quantities excluded	https://www.gov.uk/government/publications/download-industrial-emissions-and-waste-transfer-uk-prtr-data	official UK pollutant-register facility and activity classification	2026-09-28	Open Government Licence v3.0	Selected systematically from the 2024 UK PRTR CSV by NACE prefix in 10, 11, 17, 19, 20, 21, 22. This facility-level discovery record does not establish a process-reactor inventory, reactor design, capacity, or current operating state.
uk-prtr:EW_EA-10286	Leyland Food Factory - EPR/FP3538GY	United Kingdom	53.701514	-2.723694	UK PRTR-published facility point; positional accuracy not independently verified	NACE 10.85 — Manufacture of prepared meals and dishes	NACE 10.85 — Manufacture of prepared meals and dishes | UK PRTR Annex I activity 8.(b)		reported in UK PRTR for 2024; operating status not asserted	DR. OETKER (UK) LIMITED		source industry classification only; pollutant and waste quantities excluded	https://www.gov.uk/government/publications/download-industrial-emissions-and-waste-transfer-uk-prtr-data	official UK pollutant-register facility and activity classification	2026-09-28	Open Government Licence v3.0	Selected systematically from the 2024 UK PRTR CSV by NACE prefix in 10, 11, 17, 19, 20, 21, 22. This facility-level discovery record does not establish a process-reactor inventory, reactor design, capacity, or current operating state.
uk-prtr:EW_EA-10288	Milton Keynes Surfactant Manufacturing Site - EPR/BP3436LV	United Kingdom	52.038372	-0.685231	UK PRTR-published facility point; positional accuracy not independently verified	NACE 20.41 — Manufacture of soap and detergents, cleaning and polishing preparations	NACE 20.41 — Manufacture of soap and detergents, cleaning and polishing preparations | UK PRTR Annex I activity 4.(a)		reported in UK PRTR for 2024; operating status not asserted	2M MANUFACTURING LIMITED		source industry classification only; pollutant and waste quantities excluded	https://www.gov.uk/government/publications/download-industrial-emissions-and-waste-transfer-uk-prtr-data	official UK pollutant-register facility and activity classification	2026-09-28	Open Government Licence v3.0	Selected systematically from the 2024 UK PRTR CSV by NACE prefix in 10, 11, 17, 19, 20, 21, 22. This facility-level discovery record does not establish a process-reactor inventory, reactor design, capacity, or current operating state.
uk-prtr:EW_EA-10291	20 Grosvenor Grange EPR/BO2226IU	United Kingdom	53.407187	-2.545698	UK PRTR-published facility point; positional accuracy not independently verified	NACE 10.85 — Manufacture of prepared meals and dishes	NACE 10.85 — Manufacture of prepared meals and dishes | UK PRTR Annex I activity 8.(b)		reported in UK PRTR for 2024; operating status not asserted	GREENCORE PREPARED MEALS LIMITED		source industry classification only; pollutant and waste quantities excluded	https://www.gov.uk/government/publications/download-industrial-emissions-and-waste-transfer-uk-prtr-data	official UK pollutant-register facility and activity classification	2026-09-28	Open Government Licence v3.0	Selected systematically from the 2024 UK PRTR CSV by NACE prefix in 10, 11, 17, 19, 20, 21, 22. This facility-level discovery record does not establish a process-reactor inventory, reactor design, capacity, or current operating state.
uk-prtr:EW_EA-10326	Golden Hillock Road Chemicals EPR/VP3531XV	United Kingdom	52.461961	-1.858663	UK PRTR-published facility point; positional accuracy not independently verified	NACE 20.59 — Manufacture of other chemical products n.e.c.	NACE 20.59 — Manufacture of other chemical products n.e.c. | UK PRTR Annex I activity 4.(b)		reported in UK PRTR for 2024; operating status not asserted	MACDERMID PERFORMANCE SOLUTIONS UK LIMITED		source industry classification only; pollutant and waste quantities excluded	https://www.gov.uk/government/publications/download-industrial-emissions-and-waste-transfer-uk-prtr-data	official UK pollutant-register facility and activity classification	2026-09-28	Open Government Licence v3.0	Selected systematically from the 2024 UK PRTR CSV by NACE prefix in 10, 11, 17, 19, 20, 21, 22. This facility-level discovery record does not establish a process-reactor inventory, reactor design, capacity, or current operating state.
uk-prtr:EW_EA-10329	Fengate Dairy	United Kingdom	52.571793	-0.211449	UK PRTR-published facility point; positional accuracy not independently verified	NACE 10.51 — Operation of dairies and cheese making	NACE 10.51 — Operation of dairies and cheese making | UK PRTR Annex I activity 8.(b)		reported in UK PRTR for 2024; operating status not asserted	MEADOW FOODS LIMITED		source industry classification only; pollutant and waste quantities excluded	https://www.gov.uk/government/publications/download-industrial-emissions-and-waste-transfer-uk-prtr-data	official UK pollutant-register facility and activity classification	2026-09-28	Open Government Licence v3.0	Selected systematically from the 2024 UK PRTR CSV by NACE prefix in 10, 11, 17, 19, 20, 21, 22. This facility-level discovery record does not establish a process-reactor inventory, reactor design, capacity, or current operating state.
uk-prtr:EW_EA-10337	Commercial Albumin Production Plant EPR/RP3137SF	United Kingdom	52.945031	-1.143669	UK PRTR-published facility point; positional accuracy not independently verified	NACE 21.10 — Manufacture of basic pharmaceutical products	NACE 21.10 — Manufacture of basic pharmaceutical products | UK PRTR Annex I activity 4.(e)		reported in UK PRTR for 2024; operating status not asserted	Sartorius Albumedix Limited		source industry classification only; pollutant and waste quantities excluded	https://www.gov.uk/government/publications/download-industrial-emissions-and-waste-transfer-uk-prtr-data	official UK pollutant-register facility and activity classification	2026-09-28	Open Government Licence v3.0	Selected systematically from the 2024 UK PRTR CSV by NACE prefix in 10, 11, 17, 19, 20, 21, 22. This facility-level discovery record does not establish a process-reactor inventory, reactor design, capacity, or current operating state.
uk-prtr:EW_EA-10346	Saddlebow Paper Mill EPR/FP3132UE	United Kingdom	52.733809	0.386031	UK PRTR-published facility point; positional accuracy not independently verified	NACE 17.12 — Manufacture of paper and paperboard	NACE 17.12 — Manufacture of paper and paperboard | UK PRTR Annex I activity 6.(a)		reported in UK PRTR for 2024; operating status not asserted	PALM PAPER LIMITED		source industry classification only; pollutant and waste quantities excluded	https://www.gov.uk/government/publications/download-industrial-emissions-and-waste-transfer-uk-prtr-data	official UK pollutant-register facility and activity classification	2026-09-28	Open Government Licence v3.0	Selected systematically from the 2024 UK PRTR CSV by NACE prefix in 10, 11, 17, 19, 20, 21, 22. This facility-level discovery record does not establish a process-reactor inventory, reactor design, capacity, or current operating state.
uk-prtr:EW_EA-10349	Accolade Park EPR/AP3130GV	United Kingdom	51.517257	-2.688686	UK PRTR-published facility point; positional accuracy not independently verified	NACE 11.02 — Manufacture of wine from grape	NACE 11.02 — Manufacture of wine from grape | UK PRTR Annex I activity 8.(b)		reported in UK PRTR for 2024; operating status not asserted	ENCIRC LIMITED		source industry classification only; pollutant and waste quantities excluded	https://www.gov.uk/government/publications/download-industrial-emissions-and-waste-transfer-uk-prtr-data	official UK pollutant-register facility and activity classification	2026-09-28	Open Government Licence v3.0	Selected systematically from the 2024 UK PRTR CSV by NACE prefix in 10, 11, 17, 19, 20, 21, 22. This facility-level discovery record does not establish a process-reactor inventory, reactor design, capacity, or current operating state.
uk-prtr:EW_EA-10388	Baronet Road Chemicals EPR/BS3824IJ	United Kingdom	53.370504	-2.603543	UK PRTR-published facility point; positional accuracy not independently verified	NACE 20.13 — Manufacture of other inorganic basic chemicals	NACE 20.13 — Manufacture of other inorganic basic chemicals | UK PRTR Annex I activity 4.(b)		reported in UK PRTR for 2024; operating status not asserted	SOLVAY INTEROX LIMITED		source industry classification only; pollutant and waste quantities excluded	https://www.gov.uk/government/publications/download-industrial-emissions-and-waste-transfer-uk-prtr-data	official UK pollutant-register facility and activity classification	2026-09-28	Open Government Licence v3.0	Selected systematically from the 2024 UK PRTR CSV by NACE prefix in 10, 11, 17, 19, 20, 21, 22. This facility-level discovery record does not establish a process-reactor inventory, reactor design, capacity, or current operating state.
uk-prtr:EW_EA-10390	Saltend Site	United Kingdom	53.737054	-0.238916	UK PRTR-published facility point; positional accuracy not independently verified	NACE 20.14 — Manufacture of other organic basic chemicals	NACE 20.14 — Manufacture of other organic basic chemicals | UK PRTR Annex I activity 4.(a)		reported in UK PRTR for 2024; operating status not asserted	INEOS MANUFACTURING (HULL) LIMITED		source industry classification only; pollutant and waste quantities excluded	https://www.gov.uk/government/publications/download-industrial-emissions-and-waste-transfer-uk-prtr-data	official UK pollutant-register facility and activity classification	2026-09-28	Open Government Licence v3.0	Selected systematically from the 2024 UK PRTR CSV by NACE prefix in 10, 11, 17, 19, 20, 21, 22. This facility-level discovery record does not establish a process-reactor inventory, reactor design, capacity, or current operating state.
uk-prtr:EW_EA-1049	Burnley House, Leeds EPR/BJ6194IP	United Kingdom	53.802435	-1.571791	UK PRTR-published facility point; positional accuracy not independently verified	NACE 20.59 — Manufacture of other chemical products n.e.c.	NACE 20.59 — Manufacture of other chemical products n.e.c. | UK PRTR Annex I activity 4.(a)		reported in UK PRTR for 2024; operating status not asserted	ECHEM LIMITED		source industry classification only; pollutant and waste quantities excluded	https://www.gov.uk/government/publications/download-industrial-emissions-and-waste-transfer-uk-prtr-data	official UK pollutant-register facility and activity classification	2026-09-28	Open Government Licence v3.0	Selected systematically from the 2024 UK PRTR CSV by NACE prefix in 10, 11, 17, 19, 20, 21, 22. This facility-level discovery record does not establish a process-reactor inventory, reactor design, capacity, or current operating state.
uk-prtr:EW_EA-1055	Urlay Nook - EPR/BL2025IW	United Kingdom	54.525413	-1.321690	UK PRTR-published facility point; positional accuracy not independently verified	NACE 20.13 — Manufacture of other inorganic basic chemicals	NACE 20.13 — Manufacture of other inorganic basic chemicals | UK PRTR Annex I activity 4.(b)		reported in UK PRTR for 2024; operating status not asserted	Elementis Eaglescliffe Limited		source industry classification only; pollutant and waste quantities excluded	https://www.gov.uk/government/publications/download-industrial-emissions-and-waste-transfer-uk-prtr-data	official UK pollutant-register facility and activity classification	2026-09-28	Open Government Licence v3.0	Selected systematically from the 2024 UK PRTR CSV by NACE prefix in 10, 11, 17, 19, 20, 21, 22. This facility-level discovery record does not establish a process-reactor inventory, reactor design, capacity, or current operating state.
uk-prtr:EW_EA-1059	Elanco AH UK Limited	United Kingdom	53.354695	-2.852270	UK PRTR-published facility point; positional accuracy not independently verified	NACE 21.10 — Manufacture of basic pharmaceutical products	NACE 21.10 — Manufacture of basic pharmaceutical products | UK PRTR Annex I activity 1.(c)		reported in UK PRTR for 2024; operating status not asserted	TRIRX SPEKE LIMITED		source industry classification only; pollutant and waste quantities excluded	https://www.gov.uk/government/publications/download-industrial-emissions-and-waste-transfer-uk-prtr-data	official UK pollutant-register facility and activity classification	2026-09-28	Open Government Licence v3.0	Selected systematically from the 2024 UK PRTR CSV by NACE prefix in 10, 11, 17, 19, 20, 21, 22. This facility-level discovery record does not establish a process-reactor inventory, reactor design, capacity, or current operating state.
uk-prtr:EW_EA-1063	Low March Speciality Chemicals - EPR/BS9687IC	United Kingdom	52.247577	-1.155253	UK PRTR-published facility point; positional accuracy not independently verified	NACE 20.59 — Manufacture of other chemical products n.e.c.	NACE 20.59 — Manufacture of other chemical products n.e.c. | UK PRTR Annex I activity 4.(a)		reported in UK PRTR for 2024; operating status not asserted	ENDEAVOUR SPECIALITY CHEMICALS LIMITED		source industry classification only; pollutant and waste quantities excluded	https://www.gov.uk/government/publications/download-industrial-emissions-and-waste-transfer-uk-prtr-data	official UK pollutant-register facility and activity classification	2026-09-28	Open Government Licence v3.0	Selected systematically from the 2024 UK PRTR CSV by NACE prefix in 10, 11, 17, 19, 20, 21, 22. This facility-level discovery record does not establish a process-reactor inventory, reactor design, capacity, or current operating state.
uk-prtr:EW_EA-107	Swalesmoor Farm EPR/HP3035EU	United Kingdom	53.746052	-1.867286	UK PRTR-published facility point; positional accuracy not independently verified	NACE 10.92 — Manufacture of prepared pet foods	NACE 10.92 — Manufacture of prepared pet foods | UK PRTR Annex I activity 5.(e)		reported in UK PRTR for 2024; operating status not asserted	OMEGA PROTEINS LIMITED		source industry classification only; pollutant and waste quantities excluded	https://www.gov.uk/government/publications/download-industrial-emissions-and-waste-transfer-uk-prtr-data	official UK pollutant-register facility and activity classification	2026-09-28	Open Government Licence v3.0	Selected systematically from the 2024 UK PRTR CSV by NACE prefix in 10, 11, 17, 19, 20, 21, 22. This facility-level discovery record does not establish a process-reactor inventory, reactor design, capacity, or current operating state.
uk-prtr:EW_EA-1089	Esso Refinery EPR/BR6996IC	United Kingdom	50.830601	-1.354595	UK PRTR-published facility point; positional accuracy not independently verified	NACE 19.20 — Manufacture of refined petroleum products	NACE 19.20 — Manufacture of refined petroleum products | UK PRTR Annex I activity 1.(a)		reported in UK PRTR for 2024; operating status not asserted	ESSO PETROLEUM COMPANY LIMITED		source industry classification only; pollutant and waste quantities excluded	https://www.gov.uk/government/publications/download-industrial-emissions-and-waste-transfer-uk-prtr-data	official UK pollutant-register facility and activity classification	2026-09-28	Open Government Licence v3.0	Selected systematically from the 2024 UK PRTR CSV by NACE prefix in 10, 11, 17, 19, 20, 21, 22. This facility-level discovery record does not establish a process-reactor inventory, reactor design, capacity, or current operating state.
uk-prtr:EW_EA-1091	Leekbrook Chemical Works EPR/BT8163IW	United Kingdom	53.080882	-2.014440	UK PRTR-published facility point; positional accuracy not independently verified	NACE 20.14 — Manufacture of other organic basic chemicals	NACE 20.14 — Manufacture of other organic basic chemicals | UK PRTR Annex I activity 4.(a)		reported in UK PRTR for 2024; operating status not asserted	ESTERCHEM LIMITED		source industry classification only; pollutant and waste quantities excluded	https://www.gov.uk/government/publications/download-industrial-emissions-and-waste-transfer-uk-prtr-data	official UK pollutant-register facility and activity classification	2026-09-28	Open Government Licence v3.0	Selected systematically from the 2024 UK PRTR CSV by NACE prefix in 10, 11, 17, 19, 20, 21, 22. This facility-level discovery record does not establish a process-reactor inventory, reactor design, capacity, or current operating state.
uk-prtr:EW_EA-1101	Runcorn Manufacturing Site - EPR/GP3536AC	United Kingdom	53.314616	-2.742948	UK PRTR-published facility point; positional accuracy not independently verified	NACE 20.14 — Manufacture of other organic basic chemicals	NACE 20.14 — Manufacture of other organic basic chemicals | UK PRTR Annex I activity 4.(a)		reported in UK PRTR for 2024; operating status not asserted	VYNOVA RUNCORN LIMITED		source industry classification only; pollutant and waste quantities excluded	https://www.gov.uk/government/publications/download-industrial-emissions-and-waste-transfer-uk-prtr-data	official UK pollutant-register facility and activity classification	2026-09-28	Open Government Licence v3.0	Selected systematically from the 2024 UK PRTR CSV by NACE prefix in 10, 11, 17, 19, 20, 21, 22. This facility-level discovery record does not establish a process-reactor inventory, reactor design, capacity, or current operating state.
uk-prtr:EW_EA-1117	Haverton Hill Herbicide - EPR/UP3739BZ	United Kingdom	54.592867	-1.254021	UK PRTR-published facility point; positional accuracy not independently verified	NACE 20.20 — Manufacture of pesticides and other agrochemical products	NACE 20.20 — Manufacture of pesticides and other agrochemical products | UK PRTR Annex I activity 4.(d)		reported in UK PRTR for 2024; operating status not asserted	EXWOLD TECHNOLOGY LIMITED		source industry classification only; pollutant and waste quantities excluded	https://www.gov.uk/government/publications/download-industrial-emissions-and-waste-transfer-uk-prtr-data	official UK pollutant-register facility and activity classification	2026-09-28	Open Government Licence v3.0	Selected systematically from the 2024 UK PRTR CSV by NACE prefix in 10, 11, 17, 19, 20, 21, 22. This facility-level discovery record does not establish a process-reactor inventory, reactor design, capacity, or current operating state.
uk-prtr:EW_EA-1118	Fawley Refinery Installation - EPR/ZP3839MG	United Kingdom	50.830562	-1.354742	UK PRTR-published facility point; positional accuracy not independently verified	NACE 20.14 — Manufacture of other organic basic chemicals	NACE 20.14 — Manufacture of other organic basic chemicals | UK PRTR Annex I activity 4.(a)		reported in UK PRTR for 2024; operating status not asserted	EXXONMOBIL CHEMICAL LIMITED		source industry classification only; pollutant and waste quantities excluded	https://www.gov.uk/government/publications/download-industrial-emissions-and-waste-transfer-uk-prtr-data	official UK pollutant-register facility and activity classification	2026-09-28	Open Government Licence v3.0	Selected systematically from the 2024 UK PRTR CSV by NACE prefix in 10, 11, 17, 19, 20, 21, 22. This facility-level discovery record does not establish a process-reactor inventory, reactor design, capacity, or current operating state.
uk-prtr:EW_EA-1122	F2 Chemicals - Lea Lane - EPR/BU3485IS	United Kingdom	53.774930	-2.797336	UK PRTR-published facility point; positional accuracy not independently verified	NACE 20.14 — Manufacture of other organic basic chemicals	NACE 20.14 — Manufacture of other organic basic chemicals | UK PRTR Annex I activity 4.(a)		reported in UK PRTR for 2024; operating status not asserted	F2 CHEMICALS LIMITED		source industry classification only; pollutant and waste quantities excluded	https://www.gov.uk/government/publications/download-industrial-emissions-and-waste-transfer-uk-prtr-data	official UK pollutant-register facility and activity classification	2026-09-28	Open Government Licence v3.0	Selected systematically from the 2024 UK PRTR CSV by NACE prefix in 10, 11, 17, 19, 20, 21, 22. This facility-level discovery record does not establish a process-reactor inventory, reactor design, capacity, or current operating state.
uk-prtr:EW_EA-113	Kemira Teesport EPR/UP3035JQ	United Kingdom	54.600914	-1.139326	UK PRTR-published facility point; positional accuracy not independently verified	NACE 20.14 — Manufacture of other organic basic chemicals	NACE 20.14 — Manufacture of other organic basic chemicals | UK PRTR Annex I activity 4.(a)		reported in UK PRTR for 2024; operating status not asserted	KEMIRA CHEMICALS (UK) LIMITED		source industry classification only; pollutant and waste quantities excluded	https://www.gov.uk/government/publications/download-industrial-emissions-and-waste-transfer-uk-prtr-data	official UK pollutant-register facility and activity classification	2026-09-28	Open Government Licence v3.0	Selected systematically from the 2024 UK PRTR CSV by NACE prefix in 10, 11, 17, 19, 20, 21, 22. This facility-level discovery record does not establish a process-reactor inventory, reactor design, capacity, or current operating state.
uk-prtr:EW_EA-1148	Loughborough Chemicals Manufacture - EPR/BT1223IK	United Kingdom	52.784758	-1.223919	UK PRTR-published facility point; positional accuracy not independently verified	NACE 20.14 — Manufacture of other organic basic chemicals	NACE 20.14 — Manufacture of other organic basic chemicals | UK PRTR Annex I activity 4.(a)		reported in UK PRTR for 2024; operating status not asserted	FISHER SCIENTIFIC U.K., LIMITED		source industry classification only; pollutant and waste quantities excluded	https://www.gov.uk/government/publications/download-industrial-emissions-and-waste-transfer-uk-prtr-data	official UK pollutant-register facility and activity classification	2026-09-28	Open Government Licence v3.0	Selected systematically from the 2024 UK PRTR CSV by NACE prefix in 10, 11, 17, 19, 20, 21, 22. This facility-level discovery record does not establish a process-reactor inventory, reactor design, capacity, or current operating state.
uk-prtr:EW_EA-1157	FMC Chemicals- Commercial Road EPR/BM0559IN	United Kingdom	53.339101	-2.964150	UK PRTR-published facility point; positional accuracy not independently verified	NACE 20.14 — Manufacture of other organic basic chemicals	NACE 20.14 — Manufacture of other organic basic chemicals | UK PRTR Annex I activity 4.(a)		reported in UK PRTR for 2024; operating status not asserted	LIVENT LITHIUM UK LIMITED		source industry classification only; pollutant and waste quantities excluded	https://www.gov.uk/government/publications/download-industrial-emissions-and-waste-transfer-uk-prtr-data	official UK pollutant-register facility and activity classification	2026-09-28	Open Government Licence v3.0	Selected systematically from the 2024 UK PRTR CSV by NACE prefix in 10, 11, 17, 19, 20, 21, 22. This facility-level discovery record does not establish a process-reactor inventory, reactor design, capacity, or current operating state.
uk-prtr:EW_EA-118	Waterside Colours Manufacture EPR/NP3533YZ	United Kingdom	53.718173	-1.853736	UK PRTR-published facility point; positional accuracy not independently verified	NACE 20.59 — Manufacture of other chemical products n.e.c.	NACE 20.59 — Manufacture of other chemical products n.e.c. | UK PRTR Annex I activity 4.(a)		reported in UK PRTR for 2024; operating status not asserted	WATERSIDE COLOURS LIMITED		source industry classification only; pollutant and waste quantities excluded	https://www.gov.uk/government/publications/download-industrial-emissions-and-waste-transfer-uk-prtr-data	official UK pollutant-register facility and activity classification	2026-09-28	Open Government Licence v3.0	Selected systematically from the 2024 UK PRTR CSV by NACE prefix in 10, 11, 17, 19, 20, 21, 22. This facility-level discovery record does not establish a process-reactor inventory, reactor design, capacity, or current operating state.
uk-prtr:EW_EA-119	Garston Distillation Services EPR/FP3133GL	United Kingdom	53.346327	-2.902274	UK PRTR-published facility point; positional accuracy not independently verified	NACE 20.59 — Manufacture of other chemical products n.e.c.	NACE 20.59 — Manufacture of other chemical products n.e.c. | UK PRTR Annex I activity 5.(a)		reported in UK PRTR for 2024; operating status not asserted	VEOLIA ES (UK) LIMITED		source industry classification only; pollutant and waste quantities excluded	https://www.gov.uk/government/publications/download-industrial-emissions-and-waste-transfer-uk-prtr-data	official UK pollutant-register facility and activity classification	2026-09-28	Open Government Licence v3.0	Selected systematically from the 2024 UK PRTR CSV by NACE prefix in 10, 11, 17, 19, 20, 21, 22. This facility-level discovery record does not establish a process-reactor inventory, reactor design, capacity, or current operating state.
uk-prtr:EW_EA-1192	EuroAPI UK Limited - Haverhill Operations - EPR/BM6883IW	United Kingdom	52.075344	0.441964	UK PRTR-published facility point; positional accuracy not independently verified	NACE 21.10 — Manufacture of basic pharmaceutical products	NACE 21.10 — Manufacture of basic pharmaceutical products | UK PRTR Annex I activity 4.(e)		reported in UK PRTR for 2024; operating status not asserted	EUROAPI UK LIMITED		source industry classification only; pollutant and waste quantities excluded	https://www.gov.uk/government/publications/download-industrial-emissions-and-waste-transfer-uk-prtr-data	official UK pollutant-register facility and activity classification	2026-09-28	Open Government Licence v3.0	Selected systematically from the 2024 UK PRTR CSV by NACE prefix in 10, 11, 17, 19, 20, 21, 22. This facility-level discovery record does not establish a process-reactor inventory, reactor design, capacity, or current operating state.
uk-prtr:EW_EA-1200	Stubbins Mill - EPR/LP3636WW	United Kingdom	53.657170	-2.317717	UK PRTR-published facility point; positional accuracy not independently verified	NACE 17.12 — Manufacture of paper and paperboard	NACE 17.12 — Manufacture of paper and paperboard | UK PRTR Annex I activity 6.(b)		reported in UK PRTR for 2024; operating status not asserted	ESSITY UK LIMITED		source industry classification only; pollutant and waste quantities excluded	https://www.gov.uk/government/publications/download-industrial-emissions-and-waste-transfer-uk-prtr-data	official UK pollutant-register facility and activity classification	2026-09-28	Open Government Licence v3.0	Selected systematically from the 2024 UK PRTR CSV by NACE prefix in 10, 11, 17, 19, 20, 21, 22. This facility-level discovery record does not establish a process-reactor inventory, reactor design, capacity, or current operating state.
uk-prtr:EW_EA-1206	Ulverston Pharmaceutical Site EPR/BM4350ID	United Kingdom	54.189458	-3.064296	UK PRTR-published facility point; positional accuracy not independently verified	NACE 21.10 — Manufacture of basic pharmaceutical products	NACE 21.10 — Manufacture of basic pharmaceutical products | UK PRTR Annex I activity 4.(e)		reported in UK PRTR for 2024; operating status not asserted	GLAXO OPERATIONS UK LIMITED		source industry classification only; pollutant and waste quantities excluded	https://www.gov.uk/government/publications/download-industrial-emissions-and-waste-transfer-uk-prtr-data	official UK pollutant-register facility and activity classification	2026-09-28	Open Government Licence v3.0	Selected systematically from the 2024 UK PRTR CSV by NACE prefix in 10, 11, 17, 19, 20, 21, 22. This facility-level discovery record does not establish a process-reactor inventory, reactor design, capacity, or current operating state.
uk-prtr:EW_EA-1207	Worthing Pharmaceutical Manufacturing Facility - EPR/QP3935LE/	United Kingdom	50.830343	-0.362753	UK PRTR-published facility point; positional accuracy not independently verified	NACE 21.10 — Manufacture of basic pharmaceutical products	NACE 21.10 — Manufacture of basic pharmaceutical products | UK PRTR Annex I activity 5.(c)		reported in UK PRTR for 2024; operating status not asserted	SMITHKLINE BEECHAM LIMITED		source industry classification only; pollutant and waste quantities excluded	https://www.gov.uk/government/publications/download-industrial-emissions-and-waste-transfer-uk-prtr-data	official UK pollutant-register facility and activity classification	2026-09-28	Open Government Licence v3.0	Selected systematically from the 2024 UK PRTR CSV by NACE prefix in 10, 11, 17, 19, 20, 21, 22. This facility-level discovery record does not establish a process-reactor inventory, reactor design, capacity, or current operating state.
uk-prtr:EW_EA-1228	Secanim Ltd (formerly Granox Ltd) - EPR/CP3230BE	United Kingdom	53.350998	-2.746585	UK PRTR-published facility point; positional accuracy not independently verified	NACE 10.41 — Manufacture of oils and fats	NACE 10.41 — Manufacture of oils and fats | UK PRTR Annex I activity 5.(e)		reported in UK PRTR for 2024; operating status not asserted	SECANIM LIMITED		source industry classification only; pollutant and waste quantities excluded	https://www.gov.uk/government/publications/download-industrial-emissions-and-waste-transfer-uk-prtr-data	official UK pollutant-register facility and activity classification	2026-09-28	Open Government Licence v3.0	Selected systematically from the 2024 UK PRTR CSV by NACE prefix in 10, 11, 17, 19, 20, 21, 22. This facility-level discovery record does not establish a process-reactor inventory, reactor design, capacity, or current operating state.
uk-prtr:EW_EA-1231	Halebank Chemicals EPR/VP3435RV	United Kingdom	53.356602	-2.797467	UK PRTR-published facility point; positional accuracy not independently verified	NACE 20.20 — Manufacture of pesticides and other agrochemical products	NACE 20.20 — Manufacture of pesticides and other agrochemical products | UK PRTR Annex I activity 4.(a)		reported in UK PRTR for 2024; operating status not asserted	Aurorium UK Limited		source industry classification only; pollutant and waste quantities excluded	https://www.gov.uk/government/publications/download-industrial-emissions-and-waste-transfer-uk-prtr-data	official UK pollutant-register facility and activity classification	2026-09-28	Open Government Licence v3.0	Selected systematically from the 2024 UK PRTR CSV by NACE prefix in 10, 11, 17, 19, 20, 21, 22. This facility-level discovery record does not establish a process-reactor inventory, reactor design, capacity, or current operating state.
uk-prtr:EW_EA-1236	Lanxess Solutions UK - EPR/BM0273IJ	United Kingdom	53.470192	-2.325356	UK PRTR-published facility point; positional accuracy not independently verified	NACE 20.13 — Manufacture of other inorganic basic chemicals	NACE 20.13 — Manufacture of other inorganic basic chemicals | UK PRTR Annex I activity 4.(a)		reported in UK PRTR for 2024; operating status not asserted	LANXESS SOLUTIONS UK LTD		source industry classification only; pollutant and waste quantities excluded	https://www.gov.uk/government/publications/download-industrial-emissions-and-waste-transfer-uk-prtr-data	official UK pollutant-register facility and activity classification	2026-09-28	Open Government Licence v3.0	Selected systematically from the 2024 UK PRTR CSV by NACE prefix in 10, 11, 17, 19, 20, 21, 22. This facility-level discovery record does not establish a process-reactor inventory, reactor design, capacity, or current operating state.
uk-prtr:EW_EA-1263	All Saints Refinery	United Kingdom	54.575048	-1.221551	UK PRTR-published facility point; positional accuracy not independently verified	NACE 20.14 — Manufacture of other organic basic chemicals	NACE 20.14 — Manufacture of other organic basic chemicals | UK PRTR Annex I activity 4.(a)		reported in UK PRTR for 2024; operating status not asserted	CHEMOXY INTERNATIONAL LIMITED		source industry classification only; pollutant and waste quantities excluded	https://www.gov.uk/government/publications/download-industrial-emissions-and-waste-transfer-uk-prtr-data	official UK pollutant-register facility and activity classification	2026-09-28	Open Government Licence v3.0	Selected systematically from the 2024 UK PRTR CSV by NACE prefix in 10, 11, 17, 19, 20, 21, 22. This facility-level discovery record does not establish a process-reactor inventory, reactor design, capacity, or current operating state.
uk-prtr:EW_EA-1264	Billingham Custom Processing Site - EPR/BT9844IK	United Kingdom	54.592121	-1.279261	UK PRTR-published facility point; positional accuracy not independently verified	NACE 20.14 — Manufacture of other organic basic chemicals	NACE 20.14 — Manufacture of other organic basic chemicals | UK PRTR Annex I activity 4.(a)		reported in UK PRTR for 2024; operating status not asserted	CHEMOXY INTERNATIONAL LIMITED		source industry classification only; pollutant and waste quantities excluded	https://www.gov.uk/government/publications/download-industrial-emissions-and-waste-transfer-uk-prtr-data	official UK pollutant-register facility and activity classification	2026-09-28	Open Government Licence v3.0	Selected systematically from the 2024 UK PRTR CSV by NACE prefix in 10, 11, 17, 19, 20, 21, 22. This facility-level discovery record does not establish a process-reactor inventory, reactor design, capacity, or current operating state.
uk-prtr:EW_EA-12823	Sime Darby Oils Liverpool Refinery Limited (SDOLR)	United Kingdom	53.433208	-2.997888	UK PRTR-published facility point; positional accuracy not independently verified	NACE 10.41 — Manufacture of oils and fats	NACE 10.41 — Manufacture of oils and fats | UK PRTR Annex I activity 8.(b)		reported in UK PRTR for 2024; operating status not asserted	SD Guthrie International Liverpool Refinery Limited		source industry classification only; pollutant and waste quantities excluded	https://www.gov.uk/government/publications/download-industrial-emissions-and-waste-transfer-uk-prtr-data	official UK pollutant-register facility and activity classification	2026-09-28	Open Government Licence v3.0	Selected systematically from the 2024 UK PRTR CSV by NACE prefix in 10, 11, 17, 19, 20, 21, 22. This facility-level discovery record does not establish a process-reactor inventory, reactor design, capacity, or current operating state.
uk-prtr:EW_EA-12831	Reading Inorganic Chemical Plant - EPR/BP3734SB	United Kingdom	51.462370	-1.005006	UK PRTR-published facility point; positional accuracy not independently verified	NACE 20.13 — Manufacture of other inorganic basic chemicals	NACE 20.13 — Manufacture of other inorganic basic chemicals | UK PRTR Annex I activity 4.(b)		reported in UK PRTR for 2024; operating status not asserted	OXKEM LIMITED		source industry classification only; pollutant and waste quantities excluded	https://www.gov.uk/government/publications/download-industrial-emissions-and-waste-transfer-uk-prtr-data	official UK pollutant-register facility and activity classification	2026-09-28	Open Government Licence v3.0	Selected systematically from the 2024 UK PRTR CSV by NACE prefix in 10, 11, 17, 19, 20, 21, 22. This facility-level discovery record does not establish a process-reactor inventory, reactor design, capacity, or current operating state.
uk-prtr:EW_EA-12839	Royal Oak Industrial Estate EPR/CP3331GP	United Kingdom	52.262877	-1.183095	UK PRTR-published facility point; positional accuracy not independently verified	NACE 20.15 — Manufacture of fertilisers and nitrogen compounds	NACE 20.15 — Manufacture of fertilisers and nitrogen compounds | UK PRTR Annex I activity 4.(a)		reported in UK PRTR for 2024; operating status not asserted	AMEGA SCIENCES LIMITED		source industry classification only; pollutant and waste quantities excluded	https://www.gov.uk/government/publications/download-industrial-emissions-and-waste-transfer-uk-prtr-data	official UK pollutant-register facility and activity classification	2026-09-28	Open Government Licence v3.0	Selected systematically from the 2024 UK PRTR CSV by NACE prefix in 10, 11, 17, 19, 20, 21, 22. This facility-level discovery record does not establish a process-reactor inventory, reactor design, capacity, or current operating state.
uk-prtr:EW_EA-12851	Premier Foods - Ambrosia Creamery EPR/EP3334KC	United Kingdom	50.642555	-4.269916	UK PRTR-published facility point; positional accuracy not independently verified	NACE 10.89 — Manufacture of other food products n.e.c.	NACE 10.89 — Manufacture of other food products n.e.c. | UK PRTR Annex I activity 8.(c)		reported in UK PRTR for 2024; operating status not asserted	PREMIER FOODS GROUP LIMITED		source industry classification only; pollutant and waste quantities excluded	https://www.gov.uk/government/publications/download-industrial-emissions-and-waste-transfer-uk-prtr-data	official UK pollutant-register facility and activity classification	2026-09-28	Open Government Licence v3.0	Selected systematically from the 2024 UK PRTR CSV by NACE prefix in 10, 11, 17, 19, 20, 21, 22. This facility-level discovery record does not establish a process-reactor inventory, reactor design, capacity, or current operating state.
uk-prtr:EW_EA-12862	Flixborough Feed Mill - EPR/HP3437GR	United Kingdom	53.620993	-0.702637	UK PRTR-published facility point; positional accuracy not independently verified	NACE 10.91 — Manufacture of prepared feeds for farm animals	NACE 10.91 — Manufacture of prepared feeds for farm animals | UK PRTR Annex I activity 8.(b)		reported in UK PRTR for 2024; operating status not asserted	AB AGRI LIMITED		source industry classification only; pollutant and waste quantities excluded	https://www.gov.uk/government/publications/download-industrial-emissions-and-waste-transfer-uk-prtr-data	official UK pollutant-register facility and activity classification	2026-09-28	Open Government Licence v3.0	Selected systematically from the 2024 UK PRTR CSV by NACE prefix in 10, 11, 17, 19, 20, 21, 22. This facility-level discovery record does not establish a process-reactor inventory, reactor design, capacity, or current operating state.
uk-prtr:EW_EA-12869	Laurens Patisseries - EPR/KP3332GH	United Kingdom	53.081835	-0.789820	UK PRTR-published facility point; positional accuracy not independently verified	NACE 10.71 — Manufacture of bread; manufacture of fresh pastry goods and cakes	NACE 10.71 — Manufacture of bread; manufacture of fresh pastry goods and cakes | UK PRTR Annex I activity 8.(b)		reported in UK PRTR for 2024; operating status not asserted	BAKKAVOR FOODS LIMITED		source industry classification only; pollutant and waste quantities excluded	https://www.gov.uk/government/publications/download-industrial-emissions-and-waste-transfer-uk-prtr-data	official UK pollutant-register facility and activity classification	2026-09-28	Open Government Licence v3.0	Selected systematically from the 2024 UK PRTR CSV by NACE prefix in 10, 11, 17, 19, 20, 21, 22. This facility-level discovery record does not establish a process-reactor inventory, reactor design, capacity, or current operating state.
uk-prtr:EW_EA-12905	Wilton Bioethanol Plant EA/EPR/VP3831XJ/V005	United Kingdom	54.576962	-1.120493	UK PRTR-published facility point; positional accuracy not independently verified	NACE 20.14 — Manufacture of other organic basic chemicals	NACE 20.14 — Manufacture of other organic basic chemicals | UK PRTR Annex I activity 4.(a)		reported in UK PRTR for 2024; operating status not asserted	ENSUS UK LIMITED		source industry classification only; pollutant and waste quantities excluded	https://www.gov.uk/government/publications/download-industrial-emissions-and-waste-transfer-uk-prtr-data	official UK pollutant-register facility and activity classification	2026-09-28	Open Government Licence v3.0	Selected systematically from the 2024 UK PRTR CSV by NACE prefix in 10, 11, 17, 19, 20, 21, 22. This facility-level discovery record does not establish a process-reactor inventory, reactor design, capacity, or current operating state.
uk-prtr:EW_EA-12908	Apetito Mill Site EPR/WP3738KJ	United Kingdom	51.329917	-2.205196	UK PRTR-published facility point; positional accuracy not independently verified	NACE 10.85 — Manufacture of prepared meals and dishes	NACE 10.85 — Manufacture of prepared meals and dishes | UK PRTR Annex I activity 8.(b)		reported in UK PRTR for 2024; operating status not asserted	APETITO LIMITED		source industry classification only; pollutant and waste quantities excluded	https://www.gov.uk/government/publications/download-industrial-emissions-and-waste-transfer-uk-prtr-data	official UK pollutant-register facility and activity classification	2026-09-28	Open Government Licence v3.0	Selected systematically from the 2024 UK PRTR CSV by NACE prefix in 10, 11, 17, 19, 20, 21, 22. This facility-level discovery record does not establish a process-reactor inventory, reactor design, capacity, or current operating state.
uk-prtr:EW_EA-12921	Stevenage Energy Centre EPR/YP3236SA	United Kingdom	51.896047	-0.202945	UK PRTR-published facility point; positional accuracy not independently verified	NACE 21.10 — Manufacture of basic pharmaceutical products	NACE 21.10 — Manufacture of basic pharmaceutical products | UK PRTR Annex I activity 1.(c)		reported in UK PRTR for 2024; operating status not asserted	GLAXOSMITHKLINE RESEARCH & DEVELOPMENT LIMITED		source industry classification only; pollutant and waste quantities excluded	https://www.gov.uk/government/publications/download-industrial-emissions-and-waste-transfer-uk-prtr-data	official UK pollutant-register facility and activity classification	2026-09-28	Open Government Licence v3.0	Selected systematically from the 2024 UK PRTR CSV by NACE prefix in 10, 11, 17, 19, 20, 21, 22. This facility-level discovery record does not establish a process-reactor inventory, reactor design, capacity, or current operating state.
uk-prtr:EW_EA-12922	Driffield Flour Mill EPR/YP3330BE	United Kingdom	53.995797	-0.429541	UK PRTR-published facility point; positional accuracy not independently verified	NACE 10.61 — Manufacture of grain mill products	NACE 10.61 — Manufacture of grain mill products | UK PRTR Annex I activity 8.(b)		reported in UK PRTR for 2024; operating status not asserted	E B BRADSHAW & SONS LIMITED		source industry classification only; pollutant and waste quantities excluded	https://www.gov.uk/government/publications/download-industrial-emissions-and-waste-transfer-uk-prtr-data	official UK pollutant-register facility and activity classification	2026-09-28	Open Government Licence v3.0	Selected systematically from the 2024 UK PRTR CSV by NACE prefix in 10, 11, 17, 19, 20, 21, 22. This facility-level discovery record does not establish a process-reactor inventory, reactor design, capacity, or current operating state.
uk-prtr:EW_EA-1313	Beetham Paper Mill - EPR/BJ7603IP	United Kingdom	54.212439	-2.773387	UK PRTR-published facility point; positional accuracy not independently verified	NACE 17.12 — Manufacture of paper and paperboard	NACE 17.12 — Manufacture of paper and paperboard | UK PRTR Annex I activity 6.(b)		reported in UK PRTR for 2024; operating status not asserted	PELTA MEDICAL PAPERS LTD		source industry classification only; pollutant and waste quantities excluded	https://www.gov.uk/government/publications/download-industrial-emissions-and-waste-transfer-uk-prtr-data	official UK pollutant-register facility and activity classification	2026-09-28	Open Government Licence v3.0	Selected systematically from the 2024 UK PRTR CSV by NACE prefix in 10, 11, 17, 19, 20, 21, 22. This facility-level discovery record does not establish a process-reactor inventory, reactor design, capacity, or current operating state.
uk-prtr:EW_EA-1320	Duxford Installation EPR/BS0671IN	United Kingdom	52.087334	0.159429	UK PRTR-published facility point; positional accuracy not independently verified	NACE 20.14 — Manufacture of other organic basic chemicals	NACE 20.14 — Manufacture of other organic basic chemicals | UK PRTR Annex I activity 4.(a)		reported in UK PRTR for 2024; operating status not asserted	HEXCEL COMPOSITES LIMITED		source industry classification only; pollutant and waste quantities excluded	https://www.gov.uk/government/publications/download-industrial-emissions-and-waste-transfer-uk-prtr-data	official UK pollutant-register facility and activity classification	2026-09-28	Open Government Licence v3.0	Selected systematically from the 2024 UK PRTR CSV by NACE prefix in 10, 11, 17, 19, 20, 21, 22. This facility-level discovery record does not establish a process-reactor inventory, reactor design, capacity, or current operating state.
uk-prtr:EW_EA-1342	Kitt Green Manufacturing Site EPR/BL8392IX	United Kingdom	53.551636	-2.684757	UK PRTR-published facility point; positional accuracy not independently verified	NACE 10.89 — Manufacture of other food products n.e.c.	NACE 10.89 — Manufacture of other food products n.e.c. | UK PRTR Annex I activity 8.(b)		reported in UK PRTR for 2024; operating status not asserted	H. J. HEINZ MANUFACTURING UK LIMITED		source industry classification only; pollutant and waste quantities excluded	https://www.gov.uk/government/publications/download-industrial-emissions-and-waste-transfer-uk-prtr-data	official UK pollutant-register facility and activity classification	2026-09-28	Open Government Licence v3.0	Selected systematically from the 2024 UK PRTR CSV by NACE prefix in 10, 11, 17, 19, 20, 21, 22. This facility-level discovery record does not establish a process-reactor inventory, reactor design, capacity, or current operating state.
uk-prtr:EW_EA-1353	73 Ferry Lane South - EPR/BU1296IQ	United Kingdom	51.508766	0.178362	UK PRTR-published facility point; positional accuracy not independently verified	NACE 20.14 — Manufacture of other organic basic chemicals	NACE 20.14 — Manufacture of other organic basic chemicals | UK PRTR Annex I activity 4.(a)		reported in UK PRTR for 2024; operating status not asserted	HORNETT BROS & CO LIMITED		source industry classification only; pollutant and waste quantities excluded	https://www.gov.uk/government/publications/download-industrial-emissions-and-waste-transfer-uk-prtr-data	official UK pollutant-register facility and activity classification	2026-09-28	Open Government Licence v3.0	Selected systematically from the 2024 UK PRTR CSV by NACE prefix in 10, 11, 17, 19, 20, 21, 22. This facility-level discovery record does not establish a process-reactor inventory, reactor design, capacity, or current operating state.
uk-prtr:EW_EA-13609	The Orchard EPR/MP3738ZL	United Kingdom	52.246228	0.104439	UK PRTR-published facility point; positional accuracy not independently verified	NACE 10.39 — Other processing and preserving of fruit and vegetables	NACE 10.39 — Other processing and preserving of fruit and vegetables | UK PRTR Annex I activity 8.(b)		reported in UK PRTR for 2024; operating status not asserted	Hain Celestial UK Ltd		source industry classification only; pollutant and waste quantities excluded	https://www.gov.uk/government/publications/download-industrial-emissions-and-waste-transfer-uk-prtr-data	official UK pollutant-register facility and activity classification	2026-09-28	Open Government Licence v3.0	Selected systematically from the 2024 UK PRTR CSV by NACE prefix in 10, 11, 17, 19, 20, 21, 22. This facility-level discovery record does not establish a process-reactor inventory, reactor design, capacity, or current operating state.
uk-prtr:EW_EA-13619	Ruskington Food EPR/UP3332HY	United Kingdom	53.042511	-0.385198	UK PRTR-published facility point; positional accuracy not independently verified	NACE 10.11 — Processing and preserving of meat	NACE 10.11 — Processing and preserving of meat | UK PRTR Annex I activity 8.(b)		reported in UK PRTR for 2024; operating status not asserted	PILGRIM'S PRIDE LTD.		source industry classification only; pollutant and waste quantities excluded	https://www.gov.uk/government/publications/download-industrial-emissions-and-waste-transfer-uk-prtr-data	official UK pollutant-register facility and activity classification	2026-09-28	Open Government Licence v3.0	Selected systematically from the 2024 UK PRTR CSV by NACE prefix in 10, 11, 17, 19, 20, 21, 22. This facility-level discovery record does not establish a process-reactor inventory, reactor design, capacity, or current operating state.
uk-prtr:EW_EA-13644	Food Processing Unit 2000 EPR/NP3537HM	United Kingdom	53.697611	-1.381411	UK PRTR-published facility point; positional accuracy not independently verified	NACE 10.13 — Production of meat and poultry meat products	NACE 10.13 — Production of meat and poultry meat products | UK PRTR Annex I activity 8.(b)		reported in UK PRTR for 2024; operating status not asserted	FORZA FOODS LIMITED		source industry classification only; pollutant and waste quantities excluded	https://www.gov.uk/government/publications/download-industrial-emissions-and-waste-transfer-uk-prtr-data	official UK pollutant-register facility and activity classification	2026-09-28	Open Government Licence v3.0	Selected systematically from the 2024 UK PRTR CSV by NACE prefix in 10, 11, 17, 19, 20, 21, 22. This facility-level discovery record does not establish a process-reactor inventory, reactor design, capacity, or current operating state.
uk-prtr:EW_EA-13659	Bellman Mill - EPR/NP3132HH	United Kingdom	53.879208	-2.368683	UK PRTR-published facility point; positional accuracy not independently verified	NACE 10.91 — Manufacture of prepared feeds for farm animals	NACE 10.91 — Manufacture of prepared feeds for farm animals | UK PRTR Annex I activity 8.(b)		reported in UK PRTR for 2024; operating status not asserted	DUGDALE NUTRITION LIMITED		source industry classification only; pollutant and waste quantities excluded	https://www.gov.uk/government/publications/download-industrial-emissions-and-waste-transfer-uk-prtr-data	official UK pollutant-register facility and activity classification	2026-09-28	Open Government Licence v3.0	Selected systematically from the 2024 UK PRTR CSV by NACE prefix in 10, 11, 17, 19, 20, 21, 22. This facility-level discovery record does not establish a process-reactor inventory, reactor design, capacity, or current operating state.
uk-prtr:EW_EA-13675	Harpers Home Mix EPR/ ZP3835HA	United Kingdom	50.817991	-4.357922	UK PRTR-published facility point; positional accuracy not independently verified	NACE 10.91 — Manufacture of prepared feeds for farm animals	NACE 10.91 — Manufacture of prepared feeds for farm animals | UK PRTR Annex I activity 8.(b)		reported in UK PRTR for 2024; operating status not asserted	HARPERS HOME MIX LIMITED		source industry classification only; pollutant and waste quantities excluded	https://www.gov.uk/government/publications/download-industrial-emissions-and-waste-transfer-uk-prtr-data	official UK pollutant-register facility and activity classification	2026-09-28	Open Government Licence v3.0	Selected systematically from the 2024 UK PRTR CSV by NACE prefix in 10, 11, 17, 19, 20, 21, 22. This facility-level discovery record does not establish a process-reactor inventory, reactor design, capacity, or current operating state.
uk-prtr:EW_EA-13682	Poole Bakery EPR/EP3639WV	United Kingdom	50.726180	-1.988189	UK PRTR-published facility point; positional accuracy not independently verified	NACE 10.85 — Manufacture of prepared meals and dishes	NACE 10.85 — Manufacture of prepared meals and dishes | UK PRTR Annex I activity 8.(b)		reported in UK PRTR for 2024; operating status not asserted	PORK FARMS LIMITED		source industry classification only; pollutant and waste quantities excluded	https://www.gov.uk/government/publications/download-industrial-emissions-and-waste-transfer-uk-prtr-data	official UK pollutant-register facility and activity classification	2026-09-28	Open Government Licence v3.0	Selected systematically from the 2024 UK PRTR CSV by NACE prefix in 10, 11, 17, 19, 20, 21, 22. This facility-level discovery record does not establish a process-reactor inventory, reactor design, capacity, or current operating state.
uk-prtr:EW_EA-1370	North Tees Aromatics EPR/BU4503IW	United Kingdom	54.599438	-1.185794	UK PRTR-published facility point; positional accuracy not independently verified	NACE 20.14 — Manufacture of other organic basic chemicals	NACE 20.14 — Manufacture of other organic basic chemicals | UK PRTR Annex I activity 4.(a)		reported in UK PRTR for 2024; operating status not asserted	SABIC UK PETROCHEMICALS LIMITED		source industry classification only; pollutant and waste quantities excluded	https://www.gov.uk/government/publications/download-industrial-emissions-and-waste-transfer-uk-prtr-data	official UK pollutant-register facility and activity classification	2026-09-28	Open Government Licence v3.0	Selected systematically from the 2024 UK PRTR CSV by NACE prefix in 10, 11, 17, 19, 20, 21, 22. This facility-level discovery record does not establish a process-reactor inventory, reactor design, capacity, or current operating state.
uk-prtr:EW_EA-1374	Teesside Polyethylene Plant EPR/TP3139UR	United Kingdom	54.582661	-1.101029	UK PRTR-published facility point; positional accuracy not independently verified	NACE 20.16 — Manufacture of plastics in primary forms	NACE 20.16 — Manufacture of plastics in primary forms | UK PRTR Annex I activity 4.(a)		reported in UK PRTR for 2024; operating status not asserted	SABIC UK PETROCHEMICALS LIMITED		source industry classification only; pollutant and waste quantities excluded	https://www.gov.uk/government/publications/download-industrial-emissions-and-waste-transfer-uk-prtr-data	official UK pollutant-register facility and activity classification	2026-09-28	Open Government Licence v3.0	Selected systematically from the 2024 UK PRTR CSV by NACE prefix in 10, 11, 17, 19, 20, 21, 22. This facility-level discovery record does not establish a process-reactor inventory, reactor design, capacity, or current operating state.
uk-prtr:EW_EA-1389	INOVYN Newton Aycliffe Site EPR/FP3833NP	United Kingdom	54.605036	-1.605213	UK PRTR-published facility point; positional accuracy not independently verified	NACE 20.16 — Manufacture of plastics in primary forms	NACE 20.16 — Manufacture of plastics in primary forms | UK PRTR Annex I activity 4.(a)		reported in UK PRTR for 2024; operating status not asserted	INEOS CHLORVINYLS LIMITED		source industry classification only; pollutant and waste quantities excluded	https://www.gov.uk/government/publications/download-industrial-emissions-and-waste-transfer-uk-prtr-data	official UK pollutant-register facility and activity classification	2026-09-28	Open Government Licence v3.0	Selected systematically from the 2024 UK PRTR CSV by NACE prefix in 10, 11, 17, 19, 20, 21, 22. This facility-level discovery record does not establish a process-reactor inventory, reactor design, capacity, or current operating state.
uk-prtr:EW_EA-1415	Bordesley Green Road EPR/CP3432SV	United Kingdom	52.482365	-1.855800	UK PRTR-published facility point; positional accuracy not independently verified	NACE 20.30 — Manufacture of paints, varnishes and similar coatings, printing ink and mastics	NACE 20.30 — Manufacture of paints, varnishes and similar coatings, printing ink and mastics | UK PRTR Annex I activity 4.(a)		reported in UK PRTR for 2024; operating status not asserted	AKZO NOBEL PACKAGING COATINGS LIMITED		source industry classification only; pollutant and waste quantities excluded	https://www.gov.uk/government/publications/download-industrial-emissions-and-waste-transfer-uk-prtr-data	official UK pollutant-register facility and activity classification	2026-09-28	Open Government Licence v3.0	Selected systematically from the 2024 UK PRTR CSV by NACE prefix in 10, 11, 17, 19, 20, 21, 22. This facility-level discovery record does not establish a process-reactor inventory, reactor design, capacity, or current operating state.
uk-prtr:EW_EA-1427	Workington Board Mill EPR/BJ7590IB	United Kingdom	54.666899	-3.545783	UK PRTR-published facility point; positional accuracy not independently verified	NACE 17.12 — Manufacture of paper and paperboard	NACE 17.12 — Manufacture of paper and paperboard | UK PRTR Annex I activity 6.(b)		reported in UK PRTR for 2024; operating status not asserted	HOLMEN IGGESUND PAPERBOARD LIMITED		source industry classification only; pollutant and waste quantities excluded	https://www.gov.uk/government/publications/download-industrial-emissions-and-waste-transfer-uk-prtr-data	official UK pollutant-register facility and activity classification	2026-09-28	Open Government Licence v3.0	Selected systematically from the 2024 UK PRTR CSV by NACE prefix in 10, 11, 17, 19, 20, 21, 22. This facility-level discovery record does not establish a process-reactor inventory, reactor design, capacity, or current operating state.
uk-prtr:EW_EA-1444	Aluminium Based Products Grays - EPR/DP3637SG	United Kingdom	51.482207	0.320551	UK PRTR-published facility point; positional accuracy not independently verified	NACE 20.13 — Manufacture of other inorganic basic chemicals	NACE 20.13 — Manufacture of other inorganic basic chemicals | UK PRTR Annex I activity 4.(b)		reported in UK PRTR for 2024; operating status not asserted	INDUSTRIAL CHEMICALS LIMITED		source industry classification only; pollutant and waste quantities excluded	https://www.gov.uk/government/publications/download-industrial-emissions-and-waste-transfer-uk-prtr-data	official UK pollutant-register facility and activity classification	2026-09-28	Open Government Licence v3.0	Selected systematically from the 2024 UK PRTR CSV by NACE prefix in 10, 11, 17, 19, 20, 21, 22. This facility-level discovery record does not establish a process-reactor inventory, reactor design, capacity, or current operating state.
uk-prtr:EW_EA-1445	Stoneness Road Chemical Facility EPR/BJ7298IF	United Kingdom	51.470307	0.289996	UK PRTR-published facility point; positional accuracy not independently verified	NACE 20.59 — Manufacture of other chemical products n.e.c.	NACE 20.59 — Manufacture of other chemical products n.e.c. | UK PRTR Annex I activity 4.(b)		reported in UK PRTR for 2024; operating status not asserted	INDUSTRIAL CHEMICALS LIMITED		source industry classification only; pollutant and waste quantities excluded	https://www.gov.uk/government/publications/download-industrial-emissions-and-waste-transfer-uk-prtr-data	official UK pollutant-register facility and activity classification	2026-09-28	Open Government Licence v3.0	Selected systematically from the 2024 UK PRTR CSV by NACE prefix in 10, 11, 17, 19, 20, 21, 22. This facility-level discovery record does not establish a process-reactor inventory, reactor design, capacity, or current operating state.
uk-prtr:EW_EA-1446	Primrose Mill - EPR/BT2904IQ	United Kingdom	53.754364	-2.708829	UK PRTR-published facility point; positional accuracy not independently verified	NACE 20.14 — Manufacture of other organic basic chemicals	NACE 20.14 — Manufacture of other organic basic chemicals | UK PRTR Annex I activity 4.(a)		reported in UK PRTR for 2024; operating status not asserted	INCOREZ LIMITED		source industry classification only; pollutant and waste quantities excluded	https://www.gov.uk/government/publications/download-industrial-emissions-and-waste-transfer-uk-prtr-data	official UK pollutant-register facility and activity classification	2026-09-28	Open Government Licence v3.0	Selected systematically from the 2024 UK PRTR CSV by NACE prefix in 10, 11, 17, 19, 20, 21, 22. This facility-level discovery record does not establish a process-reactor inventory, reactor design, capacity, or current operating state.
uk-prtr:EW_EA-1451	Runcorn Halochemicals EPR/BS5428IP	United Kingdom	53.325695	-2.694495	UK PRTR-published facility point; positional accuracy not independently verified	NACE 20.13 — Manufacture of other inorganic basic chemicals	NACE 20.13 — Manufacture of other inorganic basic chemicals | UK PRTR Annex I activity 4.(a)		reported in UK PRTR for 2024; operating status not asserted	INEOS CHLORVINYLS LIMITED		source industry classification only; pollutant and waste quantities excluded	https://www.gov.uk/government/publications/download-industrial-emissions-and-waste-transfer-uk-prtr-data	official UK pollutant-register facility and activity classification	2026-09-28	Open Government Licence v3.0	Selected systematically from the 2024 UK PRTR CSV by NACE prefix in 10, 11, 17, 19, 20, 21, 22. This facility-level discovery record does not establish a process-reactor inventory, reactor design, capacity, or current operating state.
uk-prtr:EW_EA-1455	Runcorn Halochemicals - EPR/QP3535TE	United Kingdom	53.313811	-2.729425	UK PRTR-published facility point; positional accuracy not independently verified	NACE 20.14 — Manufacture of other organic basic chemicals	NACE 20.14 — Manufacture of other organic basic chemicals | UK PRTR Annex I activity 4.(a)		reported in UK PRTR for 2024; operating status not asserted	MEXICHEM UK LIMITED		source industry classification only; pollutant and waste quantities excluded	https://www.gov.uk/government/publications/download-industrial-emissions-and-waste-transfer-uk-prtr-data	official UK pollutant-register facility and activity classification	2026-09-28	Open Government Licence v3.0	Selected systematically from the 2024 UK PRTR CSV by NACE prefix in 10, 11, 17, 19, 20, 21, 22. This facility-level discovery record does not establish a process-reactor inventory, reactor design, capacity, or current operating state.
uk-prtr:EW_EA-1456	PQ Silicas UK Limited - EPR/RP3233GW	United Kingdom	53.388551	-2.607527	UK PRTR-published facility point; positional accuracy not independently verified	NACE 20.13 — Manufacture of other inorganic basic chemicals	NACE 20.13 — Manufacture of other inorganic basic chemicals | UK PRTR Annex I activity 4.(b)		reported in UK PRTR for 2024; operating status not asserted	PQ SILICAS UK LIMITED		source industry classification only; pollutant and waste quantities excluded	https://www.gov.uk/government/publications/download-industrial-emissions-and-waste-transfer-uk-prtr-data	official UK pollutant-register facility and activity classification	2026-09-28	Open Government Licence v3.0	Selected systematically from the 2024 UK PRTR CSV by NACE prefix in 10, 11, 17, 19, 20, 21, 22. This facility-level discovery record does not establish a process-reactor inventory, reactor design, capacity, or current operating state.
uk-prtr:EW_EA-14627	Penrith Animal Feed Mill EPR/FP3630CL	United Kingdom	54.659321	-2.767748	UK PRTR-published facility point; positional accuracy not independently verified	NACE 10.91 — Manufacture of prepared feeds for farm animals	NACE 10.91 — Manufacture of prepared feeds for farm animals | UK PRTR Annex I activity 8.(b)		reported in UK PRTR for 2024; operating status not asserted	FORFARMERS UK LIMITED		source industry classification only; pollutant and waste quantities excluded	https://www.gov.uk/government/publications/download-industrial-emissions-and-waste-transfer-uk-prtr-data	official UK pollutant-register facility and activity classification	2026-09-28	Open Government Licence v3.0	Selected systematically from the 2024 UK PRTR CSV by NACE prefix in 10, 11, 17, 19, 20, 21, 22. This facility-level discovery record does not establish a process-reactor inventory, reactor design, capacity, or current operating state.
uk-prtr:EW_EA-1464	Innovia Films Limited EPR/BM4392IM	United Kingdom	54.826655	-3.163182	UK PRTR-published facility point; positional accuracy not independently verified	NACE 20.16 — Manufacture of plastics in primary forms	NACE 20.16 — Manufacture of plastics in primary forms | UK PRTR Annex I activity 1.(c)		reported in UK PRTR for 2024; operating status not asserted	INNOVIA FILMS LIMITED		source industry classification only; pollutant and waste quantities excluded	https://www.gov.uk/government/publications/download-industrial-emissions-and-waste-transfer-uk-prtr-data	official UK pollutant-register facility and activity classification	2026-09-28	Open Government Licence v3.0	Selected systematically from the 2024 UK PRTR CSV by NACE prefix in 10, 11, 17, 19, 20, 21, 22. This facility-level discovery record does not establish a process-reactor inventory, reactor design, capacity, or current operating state.
uk-prtr:EW_EA-14665	Bovingdon Poultry Processing Plant - EPR/MP3436CA	United Kingdom	51.710689	-0.544947	UK PRTR-published facility point; positional accuracy not independently verified	NACE 10.12 — Processing and preserving of poultry meat	NACE 10.12 — Processing and preserving of poultry meat | UK PRTR Annex I activity 8.(a)		reported in UK PRTR for 2024; operating status not asserted	IHP LIMITED		source industry classification only; pollutant and waste quantities excluded	https://www.gov.uk/government/publications/download-industrial-emissions-and-waste-transfer-uk-prtr-data	official UK pollutant-register facility and activity classification	2026-09-28	Open Government Licence v3.0	Selected systematically from the 2024 UK PRTR CSV by NACE prefix in 10, 11, 17, 19, 20, 21, 22. This facility-level discovery record does not establish a process-reactor inventory, reactor design, capacity, or current operating state.
uk-prtr:EW_EA-14686	Unilever (UK) Ltd, Burton on Trent EPR/QP3634FB	United Kingdom	52.800377	-1.657930	UK PRTR-published facility point; positional accuracy not independently verified	NACE 10.89 — Manufacture of other food products n.e.c.	NACE 10.89 — Manufacture of other food products n.e.c. | UK PRTR Annex I activity 8.(b)		reported in UK PRTR for 2024; operating status not asserted	UNILEVER UK LIMITED		source industry classification only; pollutant and waste quantities excluded	https://www.gov.uk/government/publications/download-industrial-emissions-and-waste-transfer-uk-prtr-data	official UK pollutant-register facility and activity classification	2026-09-28	Open Government Licence v3.0	Selected systematically from the 2024 UK PRTR CSV by NACE prefix in 10, 11, 17, 19, 20, 21, 22. This facility-level discovery record does not establish a process-reactor inventory, reactor design, capacity, or current operating state.
uk-prtr:EW_EA-1471	Duddery Hill Chemical Works	United Kingdom	52.076408	0.433995	UK PRTR-published facility point; positional accuracy not independently verified	NACE 20.14 — Manufacture of other organic basic chemicals	NACE 20.14 — Manufacture of other organic basic chemicals | UK PRTR Annex I activity 5.(a)		reported in UK PRTR for 2024; operating status not asserted	INTERNATIONAL FLAVOURS & FRAGRANCES I.F.F. (GREAT BRITAIN) LIMITED		source industry classification only; pollutant and waste quantities excluded	https://www.gov.uk/government/publications/download-industrial-emissions-and-waste-transfer-uk-prtr-data	official UK pollutant-register facility and activity classification	2026-09-28	Open Government Licence v3.0	Selected systematically from the 2024 UK PRTR CSV by NACE prefix in 10, 11, 17, 19, 20, 21, 22. This facility-level discovery record does not establish a process-reactor inventory, reactor design, capacity, or current operating state.
uk-prtr:EW_EA-1474	Felling Polymers and Coatings	United Kingdom	54.958135	-1.558036	UK PRTR-published facility point; positional accuracy not independently verified	NACE 20.30 — Manufacture of paints, varnishes and similar coatings, printing ink and mastics	NACE 20.30 — Manufacture of paints, varnishes and similar coatings, printing ink and mastics | UK PRTR Annex I activity 4.(a)		reported in UK PRTR for 2024; operating status not asserted	INTERNATIONAL PAINTS LIMITED		source industry classification only; pollutant and waste quantities excluded	https://www.gov.uk/government/publications/download-industrial-emissions-and-waste-transfer-uk-prtr-data	official UK pollutant-register facility and activity classification	2026-09-28	Open Government Licence v3.0	Selected systematically from the 2024 UK PRTR CSV by NACE prefix in 10, 11, 17, 19, 20, 21, 22. This facility-level discovery record does not establish a process-reactor inventory, reactor design, capacity, or current operating state.
uk-prtr:EW_EA-1508	Burneside Paper Mill EPR/BJ7620ID	United Kingdom	54.356044	-2.761619	UK PRTR-published facility point; positional accuracy not independently verified	NACE 17.12 — Manufacture of paper and paperboard	NACE 17.12 — Manufacture of paper and paperboard | UK PRTR Annex I activity 6.(b)		reported in UK PRTR for 2024; operating status not asserted	JAMES CROPPER PUBLIC LIMITED COMPANY		source industry classification only; pollutant and waste quantities excluded	https://www.gov.uk/government/publications/download-industrial-emissions-and-waste-transfer-uk-prtr-data	official UK pollutant-register facility and activity classification	2026-09-28	Open Government Licence v3.0	Selected systematically from the 2024 UK PRTR CSV by NACE prefix in 10, 11, 17, 19, 20, 21, 22. This facility-level discovery record does not establish a process-reactor inventory, reactor design, capacity, or current operating state.
uk-prtr:EW_EA-1511	Napier Street Pigments & Oxide Works - EPR/BU1458IL	United Kingdom	52.999316	-2.173099	UK PRTR-published facility point; positional accuracy not independently verified	NACE 20.12 — Manufacture of dyes and pigments	NACE 20.12 — Manufacture of dyes and pigments | UK PRTR Annex I activity 4.(b)		reported in UK PRTR for 2024; operating status not asserted	JAMES M BROWN LIMITED		source industry classification only; pollutant and waste quantities excluded	https://www.gov.uk/government/publications/download-industrial-emissions-and-waste-transfer-uk-prtr-data	official UK pollutant-register facility and activity classification	2026-09-28	Open Government Licence v3.0	Selected systematically from the 2024 UK PRTR CSV by NACE prefix in 10, 11, 17, 19, 20, 21, 22. This facility-level discovery record does not establish a process-reactor inventory, reactor design, capacity, or current operating state.
uk-prtr:EW_EA-15271	Hendon Dock Process Plant EPR/BV4673IM	United Kingdom	54.904221	-1.357447	UK PRTR-published facility point; positional accuracy not independently verified	NACE 20.14 — Manufacture of other organic basic chemicals	NACE 20.14 — Manufacture of other organic basic chemicals | UK PRTR Annex I activity 5.(a)		reported in UK PRTR for 2024; operating status not asserted	TRADEBE SOLVENT RECYCLING LIMITED		source industry classification only; pollutant and waste quantities excluded	https://www.gov.uk/government/publications/download-industrial-emissions-and-waste-transfer-uk-prtr-data	official UK pollutant-register facility and activity classification	2026-09-28	Open Government Licence v3.0	Selected systematically from the 2024 UK PRTR CSV by NACE prefix in 10, 11, 17, 19, 20, 21, 22. This facility-level discovery record does not establish a process-reactor inventory, reactor design, capacity, or current operating state.
uk-prtr:EW_EA-1533	Albion Works EPR/BS5363IV	United Kingdom	53.089343	-2.248415	UK PRTR-published facility point; positional accuracy not independently verified	NACE 20.12 — Manufacture of dyes and pigments	NACE 20.12 — Manufacture of dyes and pigments | UK PRTR Annex I activity 4.(b)		reported in UK PRTR for 2024; operating status not asserted	OXERRA PIGMENTS UK LIMITED		source industry classification only; pollutant and waste quantities excluded	https://www.gov.uk/government/publications/download-industrial-emissions-and-waste-transfer-uk-prtr-data	official UK pollutant-register facility and activity classification	2026-09-28	Open Government Licence v3.0	Selected systematically from the 2024 UK PRTR CSV by NACE prefix in 10, 11, 17, 19, 20, 21, 22. This facility-level discovery record does not establish a process-reactor inventory, reactor design, capacity, or current operating state.
uk-prtr:EW_EA-15375	Partington Paper Mill EPR/ZP3736XH	United Kingdom	53.425585	-2.419372	UK PRTR-published facility point; positional accuracy not independently verified	NACE 17.12 — Manufacture of paper and paperboard	NACE 17.12 — Manufacture of paper and paperboard | UK PRTR Annex I activity 6.(b)		reported in UK PRTR for 2024; operating status not asserted	SAICA PAPER UK LIMITED		source industry classification only; pollutant and waste quantities excluded	https://www.gov.uk/government/publications/download-industrial-emissions-and-waste-transfer-uk-prtr-data	official UK pollutant-register facility and activity classification	2026-09-28	Open Government Licence v3.0	Selected systematically from the 2024 UK PRTR CSV by NACE prefix in 10, 11, 17, 19, 20, 21, 22. This facility-level discovery record does not establish a process-reactor inventory, reactor design, capacity, or current operating state.
uk-prtr:EW_EA-1541	Royston Site - EPR/BT7086IJ	United Kingdom	52.054047	-0.034857	UK PRTR-published facility point; positional accuracy not independently verified	NACE 20.13 — Manufacture of other inorganic basic chemicals	NACE 20.13 — Manufacture of other inorganic basic chemicals | UK PRTR Annex I activity 4.(a)		reported in UK PRTR for 2024; operating status not asserted	JOHNSON MATTHEY PLC		source industry classification only; pollutant and waste quantities excluded	https://www.gov.uk/government/publications/download-industrial-emissions-and-waste-transfer-uk-prtr-data	official UK pollutant-register facility and activity classification	2026-09-28	Open Government Licence v3.0	Selected systematically from the 2024 UK PRTR CSV by NACE prefix in 10, 11, 17, 19, 20, 21, 22. This facility-level discovery record does not establish a process-reactor inventory, reactor design, capacity, or current operating state.
uk-prtr:EW_EA-15417	Stoke Ferry EPR/RP3637HH	United Kingdom	52.570262	0.511437	UK PRTR-published facility point; positional accuracy not independently verified	NACE 10.91 — Manufacture of prepared feeds for farm animals	NACE 10.91 — Manufacture of prepared feeds for farm animals | UK PRTR Annex I activity 8.(b)		reported in UK PRTR for 2024; operating status not asserted	2 AGRICULTURE LIMITED		source industry classification only; pollutant and waste quantities excluded	https://www.gov.uk/government/publications/download-industrial-emissions-and-waste-transfer-uk-prtr-data	official UK pollutant-register facility and activity classification	2026-09-28	Open Government Licence v3.0	Selected systematically from the 2024 UK PRTR CSV by NACE prefix in 10, 11, 17, 19, 20, 21, 22. This facility-level discovery record does not establish a process-reactor inventory, reactor design, capacity, or current operating state.
uk-prtr:EW_EA-1545	Clitheroe Catalyst Factory - EPR/BL8406IG	United Kingdom	53.884545	-2.386530	UK PRTR-published facility point; positional accuracy not independently verified	NACE 20.13 — Manufacture of other inorganic basic chemicals	NACE 20.13 — Manufacture of other inorganic basic chemicals | UK PRTR Annex I activity 4.(b)		reported in UK PRTR for 2024; operating status not asserted	JOHNSON MATTHEY PLC		source industry classification only; pollutant and waste quantities excluded	https://www.gov.uk/government/publications/download-industrial-emissions-and-waste-transfer-uk-prtr-data	official UK pollutant-register facility and activity classification	2026-09-28	Open Government Licence v3.0	Selected systematically from the 2024 UK PRTR CSV by NACE prefix in 10, 11, 17, 19, 20, 21, 22. This facility-level discovery record does not establish a process-reactor inventory, reactor design, capacity, or current operating state.
uk-prtr:EW_EA-1550	Lydney Paper Mill EPR/BP3236LC	United Kingdom	51.716406	-2.535522	UK PRTR-published facility point; positional accuracy not independently verified	NACE 17.29 — Manufacture of other articles of paper and paperboard	NACE 17.29 — Manufacture of other articles of paper and paperboard | UK PRTR Annex I activity 6.(b)		reported in UK PRTR for 2024; operating status not asserted	GLATFELTER LYDNEY, LTD.		source industry classification only; pollutant and waste quantities excluded	https://www.gov.uk/government/publications/download-industrial-emissions-and-waste-transfer-uk-prtr-data	official UK pollutant-register facility and activity classification	2026-09-28	Open Government Licence v3.0	Selected systematically from the 2024 UK PRTR CSV by NACE prefix in 10, 11, 17, 19, 20, 21, 22. This facility-level discovery record does not establish a process-reactor inventory, reactor design, capacity, or current operating state.
uk-prtr:EW_EA-1557	Nechells Paper Mill EPR/ZP3437GZ	United Kingdom	52.496668	-1.863412	UK PRTR-published facility point; positional accuracy not independently verified	NACE 17.12 — Manufacture of paper and paperboard	NACE 17.12 — Manufacture of paper and paperboard | UK PRTR Annex I activity 6.(b)		reported in UK PRTR for 2024; operating status not asserted	Smurfit Kappa UK Ltd		source industry classification only; pollutant and waste quantities excluded	https://www.gov.uk/government/publications/download-industrial-emissions-and-waste-transfer-uk-prtr-data	official UK pollutant-register facility and activity classification	2026-09-28	Open Government Licence v3.0	Selected systematically from the 2024 UK PRTR CSV by NACE prefix in 10, 11, 17, 19, 20, 21, 22. This facility-level discovery record does not establish a process-reactor inventory, reactor design, capacity, or current operating state.
uk-prtr:EW_EA-1566	Kemira Chemicals (UK) Limited EPR/TP3135PX	United Kingdom	53.703295	-0.896434	UK PRTR-published facility point; positional accuracy not independently verified	NACE 20.13 — Manufacture of other inorganic basic chemicals	NACE 20.13 — Manufacture of other inorganic basic chemicals | UK PRTR Annex I activity 4.(b)		reported in UK PRTR for 2024; operating status not asserted	KEMIRA CHEMICALS (UK) LIMITED		source industry classification only; pollutant and waste quantities excluded	https://www.gov.uk/government/publications/download-industrial-emissions-and-waste-transfer-uk-prtr-data	official UK pollutant-register facility and activity classification	2026-09-28	Open Government Licence v3.0	Selected systematically from the 2024 UK PRTR CSV by NACE prefix in 10, 11, 17, 19, 20, 21, 22. This facility-level discovery record does not establish a process-reactor inventory, reactor design, capacity, or current operating state.
uk-prtr:EW_EA-1567	Ince Fertiliser Manufacturing Site EPR/JP3837KT	United Kingdom	53.281007	-2.797108	UK PRTR-published facility point; positional accuracy not independently verified	NACE 20.15 — Manufacture of fertilisers and nitrogen compounds	NACE 20.15 — Manufacture of fertilisers and nitrogen compounds | UK PRTR Annex I activity 4.(c)		reported in UK PRTR for 2024; operating status not asserted	CF FERTILISERS UK LIMITED		source industry classification only; pollutant and waste quantities excluded	https://www.gov.uk/government/publications/download-industrial-emissions-and-waste-transfer-uk-prtr-data	official UK pollutant-register facility and activity classification	2026-09-28	Open Government Licence v3.0	Selected systematically from the 2024 UK PRTR CSV by NACE prefix in 10, 11, 17, 19, 20, 21, 22. This facility-level discovery record does not establish a process-reactor inventory, reactor design, capacity, or current operating state.
uk-prtr:EW_EA-1573	Burton Plant	United Kingdom	52.804912	-1.641577	UK PRTR-published facility point; positional accuracy not independently verified	NACE 10.84 — Manufacture of condiments and seasonings	NACE 10.84 — Manufacture of condiments and seasonings | UK PRTR Annex I activity 8.(b)		reported in UK PRTR for 2024; operating status not asserted	CREATIVE FOODS EUROPE LIMITED		source industry classification only; pollutant and waste quantities excluded	https://www.gov.uk/government/publications/download-industrial-emissions-and-waste-transfer-uk-prtr-data	official UK pollutant-register facility and activity classification	2026-09-28	Open Government Licence v3.0	Selected systematically from the 2024 UK PRTR CSV by NACE prefix in 10, 11, 17, 19, 20, 21, 22. This facility-level discovery record does not establish a process-reactor inventory, reactor design, capacity, or current operating state.
uk-prtr:EW_EA-1578	Barrow Paper Mill EPR/BJ7611IY	United Kingdom	54.143990	-3.232753	UK PRTR-published facility point; positional accuracy not independently verified	NACE 17.12 — Manufacture of paper and paperboard	NACE 17.12 — Manufacture of paper and paperboard | UK PRTR Annex I activity 6.(b)		reported in UK PRTR for 2024; operating status not asserted	KIMBERLY-CLARK LIMITED		source industry classification only; pollutant and waste quantities excluded	https://www.gov.uk/government/publications/download-industrial-emissions-and-waste-transfer-uk-prtr-data	official UK pollutant-register facility and activity classification	2026-09-28	Open Government Licence v3.0	Selected systematically from the 2024 UK PRTR CSV by NACE prefix in 10, 11, 17, 19, 20, 21, 22. This facility-level discovery record does not establish a process-reactor inventory, reactor design, capacity, or current operating state.
uk-prtr:EW_EA-1581	Northfleet Paper Mill - EPR/BJ7379IZ	United Kingdom	51.445048	0.343995	UK PRTR-published facility point; positional accuracy not independently verified	NACE 17.12 — Manufacture of paper and paperboard	NACE 17.12 — Manufacture of paper and paperboard | UK PRTR Annex I activity 6.(b)		reported in UK PRTR for 2024; operating status not asserted	KIMBERLY-CLARK LIMITED		source industry classification only; pollutant and waste quantities excluded	https://www.gov.uk/government/publications/download-industrial-emissions-and-waste-transfer-uk-prtr-data	official UK pollutant-register facility and activity classification	2026-09-28	Open Government Licence v3.0	Selected systematically from the 2024 UK PRTR CSV by NACE prefix in 10, 11, 17, 19, 20, 21, 22. This facility-level discovery record does not establish a process-reactor inventory, reactor design, capacity, or current operating state.
uk-prtr:EW_EA-15992	Yeo Valley Crewkerne EPR/AP3839NG	United Kingdom	50.883591	-2.838937	UK PRTR-published facility point; positional accuracy not independently verified	NACE 10.51 — Operation of dairies and cheese making	NACE 10.51 — Operation of dairies and cheese making | UK PRTR Annex I activity 8.(c)		reported in UK PRTR for 2024; operating status not asserted	YEO VALLEY FARMS (PRODUCTION) LIMITED		source industry classification only; pollutant and waste quantities excluded	https://www.gov.uk/government/publications/download-industrial-emissions-and-waste-transfer-uk-prtr-data	official UK pollutant-register facility and activity classification	2026-09-28	Open Government Licence v3.0	Selected systematically from the 2024 UK PRTR CSV by NACE prefix in 10, 11, 17, 19, 20, 21, 22. This facility-level discovery record does not establish a process-reactor inventory, reactor design, capacity, or current operating state.
uk-prtr:EW_EA-1602	Disley Mill - EPR/PP3539TJ	United Kingdom	53.364926	-2.030917	UK PRTR-published facility point; positional accuracy not independently verified	NACE 17.12 — Manufacture of paper and paperboard	NACE 17.12 — Manufacture of paper and paperboard | UK PRTR Annex I activity 6.(a)		reported in UK PRTR for 2024; operating status not asserted	NORTHWOOD TISSUE (DISLEY) LIMITED		source industry classification only; pollutant and waste quantities excluded	https://www.gov.uk/government/publications/download-industrial-emissions-and-waste-transfer-uk-prtr-data	official UK pollutant-register facility and activity classification	2026-09-28	Open Government Licence v3.0	Selected systematically from the 2024 UK PRTR CSV by NACE prefix in 10, 11, 17, 19, 20, 21, 22. This facility-level discovery record does not establish a process-reactor inventory, reactor design, capacity, or current operating state.
uk-prtr:EW_EA-16042	Saltend Bioethanol Plant - EPR/WP3633KH	United Kingdom	53.737180	-0.235272	UK PRTR-published facility point; positional accuracy not independently verified	NACE 20.14 — Manufacture of other organic basic chemicals	NACE 20.14 — Manufacture of other organic basic chemicals | UK PRTR Annex I activity 4.(a)		reported in UK PRTR for 2024; operating status not asserted	VIVERGO FUELS LIMITED		source industry classification only; pollutant and waste quantities excluded	https://www.gov.uk/government/publications/download-industrial-emissions-and-waste-transfer-uk-prtr-data	official UK pollutant-register facility and activity classification	2026-09-28	Open Government Licence v3.0	Selected systematically from the 2024 UK PRTR CSV by NACE prefix in 10, 11, 17, 19, 20, 21, 22. This facility-level discovery record does not establish a process-reactor inventory, reactor design, capacity, or current operating state.
uk-prtr:EW_EA-16044	Chesterfield Paper Mill - EPR/BP3734YG	United Kingdom	53.231166	-1.449424	UK PRTR-published facility point; positional accuracy not independently verified	NACE 17.22 — Manufacture of household and sanitary goods and of toilet requisites	NACE 17.22 — Manufacture of household and sanitary goods and of toilet requisites | UK PRTR Annex I activity 6.(b)		reported in UK PRTR for 2024; operating status not asserted	NORTHWOOD TISSUE (CHESTERFIELD) LIMITED		source industry classification only; pollutant and waste quantities excluded	https://www.gov.uk/government/publications/download-industrial-emissions-and-waste-transfer-uk-prtr-data	official UK pollutant-register facility and activity classification	2026-09-28	Open Government Licence v3.0	Selected systematically from the 2024 UK PRTR CSV by NACE prefix in 10, 11, 17, 19, 20, 21, 22. This facility-level discovery record does not establish a process-reactor inventory, reactor design, capacity, or current operating state.
uk-prtr:EW_EA-16045	Aylesbury Dairy EPR/XP3039ZS	United Kingdom	51.807348	-0.731126	UK PRTR-published facility point; positional accuracy not independently verified	NACE 10.51 — Operation of dairies and cheese making	NACE 10.51 — Operation of dairies and cheese making | UK PRTR Annex I activity 8.(c)		reported in UK PRTR for 2024; operating status not asserted	ARLA FOODS LIMITED		source industry classification only; pollutant and waste quantities excluded	https://www.gov.uk/government/publications/download-industrial-emissions-and-waste-transfer-uk-prtr-data	official UK pollutant-register facility and activity classification	2026-09-28	Open Government Licence v3.0	Selected systematically from the 2024 UK PRTR CSV by NACE prefix in 10, 11, 17, 19, 20, 21, 22. This facility-level discovery record does not establish a process-reactor inventory, reactor design, capacity, or current operating state.
uk-prtr:EW_EA-16048	Magna Park - EPR/XP3637ZH	United Kingdom	52.036400	-0.669689	UK PRTR-published facility point; positional accuracy not independently verified	NACE 11.07 — Manufacture of soft drinks; production of mineral waters and other bottled waters	NACE 11.07 — Manufacture of soft drinks; production of mineral waters and other bottled waters | UK PRTR Annex I activity 8.(b)		reported in UK PRTR for 2024; operating status not asserted	A.G.BARR GENERAL PARTNER LIMITED		source industry classification only; pollutant and waste quantities excluded	https://www.gov.uk/government/publications/download-industrial-emissions-and-waste-transfer-uk-prtr-data	official UK pollutant-register facility and activity classification	2026-09-28	Open Government Licence v3.0	Selected systematically from the 2024 UK PRTR CSV by NACE prefix in 10, 11, 17, 19, 20, 21, 22. This facility-level discovery record does not establish a process-reactor inventory, reactor design, capacity, or current operating state.
uk-prtr:EW_EA-16144	Kidderminster Adhesive Plant EPR/XP3939ZD	United Kingdom	52.367813	-2.259912	UK PRTR-published facility point; positional accuracy not independently verified	NACE 20.52 — Manufacture of glues	NACE 20.52 — Manufacture of glues | UK PRTR Annex I activity 4.(a)		reported in UK PRTR for 2024; operating status not asserted	BOSTIK LIMITED		source industry classification only; pollutant and waste quantities excluded	https://www.gov.uk/government/publications/download-industrial-emissions-and-waste-transfer-uk-prtr-data	official UK pollutant-register facility and activity classification	2026-09-28	Open Government Licence v3.0	Selected systematically from the 2024 UK PRTR CSV by NACE prefix in 10, 11, 17, 19, 20, 21, 22. This facility-level discovery record does not establish a process-reactor inventory, reactor design, capacity, or current operating state.
uk-prtr:EW_EA-1616	Astley Green Chemical Manufacturer - EPR/BS3573IR	United Kingdom	53.494054	-2.450646	UK PRTR-published facility point; positional accuracy not independently verified	NACE 20.41 — Manufacture of soap and detergents, cleaning and polishing preparations	NACE 20.41 — Manufacture of soap and detergents, cleaning and polishing preparations | UK PRTR Annex I activity 4.(a)		reported in UK PRTR for 2024; operating status not asserted	LAKELAND LABORATORIES LIMITED		source industry classification only; pollutant and waste quantities excluded	https://www.gov.uk/government/publications/download-industrial-emissions-and-waste-transfer-uk-prtr-data	official UK pollutant-register facility and activity classification	2026-09-28	Open Government Licence v3.0	Selected systematically from the 2024 UK PRTR CSV by NACE prefix in 10, 11, 17, 19, 20, 21, 22. This facility-level discovery record does not establish a process-reactor inventory, reactor design, capacity, or current operating state.
uk-prtr:EW_EA-16162	Campact - EPR/BT0359IP	United Kingdom	54.976789	-2.085741	UK PRTR-published facility point; positional accuracy not independently verified	NACE 20.14 — Manufacture of other organic basic chemicals	NACE 20.14 — Manufacture of other organic basic chemicals | UK PRTR Annex I activity 4.(a)		reported in UK PRTR for 2024; operating status not asserted	CAMPACT LIMITED		source industry classification only; pollutant and waste quantities excluded	https://www.gov.uk/government/publications/download-industrial-emissions-and-waste-transfer-uk-prtr-data	official UK pollutant-register facility and activity classification	2026-09-28	Open Government Licence v3.0	Selected systematically from the 2024 UK PRTR CSV by NACE prefix in 10, 11, 17, 19, 20, 21, 22. This facility-level discovery record does not establish a process-reactor inventory, reactor design, capacity, or current operating state.
uk-prtr:EW_EA-16311	Bristol Resource Recovery Park	United Kingdom	51.515024	-2.686058	UK PRTR-published facility point; positional accuracy not independently verified	NACE 19.20 — Manufacture of refined petroleum products	NACE 19.20 — Manufacture of refined petroleum products | UK PRTR Annex I activity 5.(c)		reported in UK PRTR for 2024; operating status not asserted	SUEZ RECYCLING AND RECOVERY UK LTD		source industry classification only; pollutant and waste quantities excluded	https://www.gov.uk/government/publications/download-industrial-emissions-and-waste-transfer-uk-prtr-data	official UK pollutant-register facility and activity classification	2026-09-28	Open Government Licence v3.0	Selected systematically from the 2024 UK PRTR CSV by NACE prefix in 10, 11, 17, 19, 20, 21, 22. This facility-level discovery record does not establish a process-reactor inventory, reactor design, capacity, or current operating state.
uk-prtr:EW_EA-1639	DFDPM Production EPR/BU1008IN	United Kingdom	53.440184	-1.364681	UK PRTR-published facility point; positional accuracy not independently verified	NACE 20.14 — Manufacture of other organic basic chemicals	NACE 20.14 — Manufacture of other organic basic chemicals | UK PRTR Annex I activity 4.(a)		reported in UK PRTR for 2024; operating status not asserted	VICTREX MANUFACTURING LIMITED		source industry classification only; pollutant and waste quantities excluded	https://www.gov.uk/government/publications/download-industrial-emissions-and-waste-transfer-uk-prtr-data	official UK pollutant-register facility and activity classification	2026-09-28	Open Government Licence v3.0	Selected systematically from the 2024 UK PRTR CSV by NACE prefix in 10, 11, 17, 19, 20, 21, 22. This facility-level discovery record does not establish a process-reactor inventory, reactor design, capacity, or current operating state.
uk-prtr:EW_EA-16586	Active Chemicals Facility 2 EPR/BU4112IK	United Kingdom	53.284786	-2.873527	UK PRTR-published facility point; positional accuracy not independently verified	NACE 20.59 — Manufacture of other chemical products n.e.c.	NACE 20.59 — Manufacture of other chemical products n.e.c. | UK PRTR Annex I activity 4.(a)		reported in UK PRTR for 2024; operating status not asserted	INNOSPEC LIMITED		source industry classification only; pollutant and waste quantities excluded	https://www.gov.uk/government/publications/download-industrial-emissions-and-waste-transfer-uk-prtr-data	official UK pollutant-register facility and activity classification	2026-09-28	Open Government Licence v3.0	Selected systematically from the 2024 UK PRTR CSV by NACE prefix in 10, 11, 17, 19, 20, 21, 22. This facility-level discovery record does not establish a process-reactor inventory, reactor design, capacity, or current operating state.
uk-prtr:EW_EA-166	ABP Shrewsbury EPR/FP3937PC	United Kingdom	52.742206	-2.723396	UK PRTR-published facility point; positional accuracy not independently verified	NACE 10.11 — Processing and preserving of meat	NACE 10.11 — Processing and preserving of meat | UK PRTR Annex I activity 8.(a)		reported in UK PRTR for 2024; operating status not asserted	ANGLO BEEF PROCESSORS UK		source industry classification only; pollutant and waste quantities excluded	https://www.gov.uk/government/publications/download-industrial-emissions-and-waste-transfer-uk-prtr-data	official UK pollutant-register facility and activity classification	2026-09-28	Open Government Licence v3.0	Selected systematically from the 2024 UK PRTR CSV by NACE prefix in 10, 11, 17, 19, 20, 21, 22. This facility-level discovery record does not establish a process-reactor inventory, reactor design, capacity, or current operating state.
uk-prtr:EW_EA-16600	Wilton Olefins Installation EPR/BS3590IE	United Kingdom	54.582661	-1.101029	UK PRTR-published facility point; positional accuracy not independently verified	NACE 20.14 — Manufacture of other organic basic chemicals	NACE 20.14 — Manufacture of other organic basic chemicals | UK PRTR Annex I activity 4.(a)		reported in UK PRTR for 2024; operating status not asserted	SABIC UK PETROCHEMICALS LIMITED		source industry classification only; pollutant and waste quantities excluded	https://www.gov.uk/government/publications/download-industrial-emissions-and-waste-transfer-uk-prtr-data	official UK pollutant-register facility and activity classification	2026-09-28	Open Government Licence v3.0	Selected systematically from the 2024 UK PRTR CSV by NACE prefix in 10, 11, 17, 19, 20, 21, 22. This facility-level discovery record does not establish a process-reactor inventory, reactor design, capacity, or current operating state.
uk-prtr:EW_EA-16623	Sandwich Pharmaceuticals Pilot Plant EPR/RP3734QE	United Kingdom	51.287647	1.347042	UK PRTR-published facility point; positional accuracy not independently verified	NACE 21.20 — Manufacture of pharmaceutical preparations	NACE 21.20 — Manufacture of pharmaceutical preparations | UK PRTR Annex I activity 4.(e)		reported in UK PRTR for 2024; operating status not asserted	ASYMCHEM LIMITED		source industry classification only; pollutant and waste quantities excluded	https://www.gov.uk/government/publications/download-industrial-emissions-and-waste-transfer-uk-prtr-data	official UK pollutant-register facility and activity classification	2026-09-28	Open Government Licence v3.0	Selected systematically from the 2024 UK PRTR CSV by NACE prefix in 10, 11, 17, 19, 20, 21, 22. This facility-level discovery record does not establish a process-reactor inventory, reactor design, capacity, or current operating state.
uk-prtr:EW_EA-16649	Selby Flour Mill	United Kingdom	53.791364	-1.040612	UK PRTR-published facility point; positional accuracy not independently verified	NACE 10.61 — Manufacture of grain mill products	NACE 10.61 — Manufacture of grain mill products | UK PRTR Annex I activity 8.(b)		reported in UK PRTR for 2024; operating status not asserted	WHITWORTH BROS.LIMITED		source industry classification only; pollutant and waste quantities excluded	https://www.gov.uk/government/publications/download-industrial-emissions-and-waste-transfer-uk-prtr-data	official UK pollutant-register facility and activity classification	2026-09-28	Open Government Licence v3.0	Selected systematically from the 2024 UK PRTR CSV by NACE prefix in 10, 11, 17, 19, 20, 21, 22. This facility-level discovery record does not establish a process-reactor inventory, reactor design, capacity, or current operating state.
uk-prtr:EW_EA-1670	Fine Organics Seal Sands Facility EPR/PP3439GG	United Kingdom	54.611142	-1.175651	UK PRTR-published facility point; positional accuracy not independently verified	NACE 20.14 — Manufacture of other organic basic chemicals	NACE 20.14 — Manufacture of other organic basic chemicals | UK PRTR Annex I activity 4.(a)		reported in UK PRTR for 2024; operating status not asserted	FINE ORGANICS LIMITED		source industry classification only; pollutant and waste quantities excluded	https://www.gov.uk/government/publications/download-industrial-emissions-and-waste-transfer-uk-prtr-data	official UK pollutant-register facility and activity classification	2026-09-28	Open Government Licence v3.0	Selected systematically from the 2024 UK PRTR CSV by NACE prefix in 10, 11, 17, 19, 20, 21, 22. This facility-level discovery record does not establish a process-reactor inventory, reactor design, capacity, or current operating state.
uk-prtr:EW_EA-16779	Hibernia Way - EPR/BL9640IM	United Kingdom	53.462907	-2.326957	UK PRTR-published facility point; positional accuracy not independently verified	NACE 20.59 — Manufacture of other chemical products n.e.c.	NACE 20.59 — Manufacture of other chemical products n.e.c. | UK PRTR Annex I activity 4.(a)		reported in UK PRTR for 2024; operating status not asserted	Midel & Mivolt Fluids Limited		source industry classification only; pollutant and waste quantities excluded	https://www.gov.uk/government/publications/download-industrial-emissions-and-waste-transfer-uk-prtr-data	official UK pollutant-register facility and activity classification	2026-09-28	Open Government Licence v3.0	Selected systematically from the 2024 UK PRTR CSV by NACE prefix in 10, 11, 17, 19, 20, 21, 22. This facility-level discovery record does not establish a process-reactor inventory, reactor design, capacity, or current operating state.
uk-prtr:EW_EA-16868	Widnes Ferric Sulphate Production - EPR/BS5452IE	United Kingdom	53.364635	-2.706549	UK PRTR-published facility point; positional accuracy not independently verified	NACE 20.13 — Manufacture of other inorganic basic chemicals	NACE 20.13 — Manufacture of other inorganic basic chemicals | UK PRTR Annex I activity 4.(b)		reported in UK PRTR for 2024; operating status not asserted	INDUSTRIAL CHEMICALS LIMITED		source industry classification only; pollutant and waste quantities excluded	https://www.gov.uk/government/publications/download-industrial-emissions-and-waste-transfer-uk-prtr-data	official UK pollutant-register facility and activity classification	2026-09-28	Open Government Licence v3.0	Selected systematically from the 2024 UK PRTR CSV by NACE prefix in 10, 11, 17, 19, 20, 21, 22. This facility-level discovery record does not establish a process-reactor inventory, reactor design, capacity, or current operating state.
uk-prtr:EW_EA-16869	Glossop foam plant EPR/BS2976IK	United Kingdom	53.450858	-1.972857	UK PRTR-published facility point; positional accuracy not independently verified	NACE 22.29 — Manufacture of other plastic products	NACE 22.29 — Manufacture of other plastic products | UK PRTR Annex I activity 4.(a)		reported in UK PRTR for 2024; operating status not asserted	CARPENTER LIMITED		source industry classification only; pollutant and waste quantities excluded	https://www.gov.uk/government/publications/download-industrial-emissions-and-waste-transfer-uk-prtr-data	official UK pollutant-register facility and activity classification	2026-09-28	Open Government Licence v3.0	Selected systematically from the 2024 UK PRTR CSV by NACE prefix in 10, 11, 17, 19, 20, 21, 22. This facility-level discovery record does not establish a process-reactor inventory, reactor design, capacity, or current operating state.
uk-prtr:EW_EA-16887	Redgrave Abattoir EPR/DP3334VJ	United Kingdom	52.001613	0.962633	UK PRTR-published facility point; positional accuracy not independently verified	NACE 10.12 — Processing and preserving of poultry meat	NACE 10.12 — Processing and preserving of poultry meat | UK PRTR Annex I activity 8.(a)		reported in UK PRTR for 2024; operating status not asserted	GREEN LABEL FOODS LIMITED		source industry classification only; pollutant and waste quantities excluded	https://www.gov.uk/government/publications/download-industrial-emissions-and-waste-transfer-uk-prtr-data	official UK pollutant-register facility and activity classification	2026-09-28	Open Government Licence v3.0	Selected systematically from the 2024 UK PRTR CSV by NACE prefix in 10, 11, 17, 19, 20, 21, 22. This facility-level discovery record does not establish a process-reactor inventory, reactor design, capacity, or current operating state.
uk-prtr:EW_EA-16920	Ledbury Cider Mill EPR/LP3031VA	United Kingdom	52.032013	-2.443226	UK PRTR-published facility point; positional accuracy not independently verified	NACE 11.03 — Manufacture of cider and other fruit wines	NACE 11.03 — Manufacture of cider and other fruit wines | UK PRTR Annex I activity 8.(b)		reported in UK PRTR for 2024; operating status not asserted	HEINEKEN UK LIMITED		source industry classification only; pollutant and waste quantities excluded	https://www.gov.uk/government/publications/download-industrial-emissions-and-waste-transfer-uk-prtr-data	official UK pollutant-register facility and activity classification	2026-09-28	Open Government Licence v3.0	Selected systematically from the 2024 UK PRTR CSV by NACE prefix in 10, 11, 17, 19, 20, 21, 22. This facility-level discovery record does not establish a process-reactor inventory, reactor design, capacity, or current operating state.
uk-prtr:EW_EA-16922	Dunbia (Treburley) EPR/LP3033WQ	United Kingdom	50.573929	-4.338082	UK PRTR-published facility point; positional accuracy not independently verified	NACE 10.11 — Processing and preserving of meat	NACE 10.11 — Processing and preserving of meat | UK PRTR Annex I activity 8.(a)		reported in UK PRTR for 2024; operating status not asserted	DUNBIA (UK)		source industry classification only; pollutant and waste quantities excluded	https://www.gov.uk/government/publications/download-industrial-emissions-and-waste-transfer-uk-prtr-data	official UK pollutant-register facility and activity classification	2026-09-28	Open Government Licence v3.0	Selected systematically from the 2024 UK PRTR CSV by NACE prefix in 10, 11, 17, 19, 20, 21, 22. This facility-level discovery record does not establish a process-reactor inventory, reactor design, capacity, or current operating state.
uk-prtr:EW_EA-16932	Minsterley Dairy	United Kingdom	52.641579	-2.921985	UK PRTR-published facility point; positional accuracy not independently verified	NACE 10.51 — Operation of dairies and cheese making	NACE 10.51 — Operation of dairies and cheese making | UK PRTR Annex I activity 8.(b)		reported in UK PRTR for 2024; operating status not asserted	MULLER UK & IRELAND GROUP LLP		source industry classification only; pollutant and waste quantities excluded	https://www.gov.uk/government/publications/download-industrial-emissions-and-waste-transfer-uk-prtr-data	official UK pollutant-register facility and activity classification	2026-09-28	Open Government Licence v3.0	Selected systematically from the 2024 UK PRTR CSV by NACE prefix in 10, 11, 17, 19, 20, 21, 22. This facility-level discovery record does not establish a process-reactor inventory, reactor design, capacity, or current operating state.
uk-prtr:EW_EA-16939	Taw Valley Creamery EPR/NP3638NN	United Kingdom	50.796739	-3.912395	UK PRTR-published facility point; positional accuracy not independently verified	NACE 10.51 — Operation of dairies and cheese making	NACE 10.51 — Operation of dairies and cheese making | UK PRTR Annex I activity 8.(c)		reported in UK PRTR for 2024; operating status not asserted	ARLA FOODS LIMITED		source industry classification only; pollutant and waste quantities excluded	https://www.gov.uk/government/publications/download-industrial-emissions-and-waste-transfer-uk-prtr-data	official UK pollutant-register facility and activity classification	2026-09-28	Open Government Licence v3.0	Selected systematically from the 2024 UK PRTR CSV by NACE prefix in 10, 11, 17, 19, 20, 21, 22. This facility-level discovery record does not establish a process-reactor inventory, reactor design, capacity, or current operating state.
uk-prtr:EW_EA-16940	Moy Park- Anwick EPR/NP3832ZA	United Kingdom	53.037699	-0.342571	UK PRTR-published facility point; positional accuracy not independently verified	NACE 10.13 — Production of meat and poultry meat products	NACE 10.13 — Production of meat and poultry meat products | UK PRTR Annex I activity 8.(a)		reported in UK PRTR for 2024; operating status not asserted	MOY PARK LIMITED		source industry classification only; pollutant and waste quantities excluded	https://www.gov.uk/government/publications/download-industrial-emissions-and-waste-transfer-uk-prtr-data	official UK pollutant-register facility and activity classification	2026-09-28	Open Government Licence v3.0	Selected systematically from the 2024 UK PRTR CSV by NACE prefix in 10, 11, 17, 19, 20, 21, 22. This facility-level discovery record does not establish a process-reactor inventory, reactor design, capacity, or current operating state.
uk-prtr:EW_EA-16951	Dunbia West Devon EPR/RP3938EE	United Kingdom	50.822895	-4.076320	UK PRTR-published facility point; positional accuracy not independently verified	NACE 10.11 — Processing and preserving of meat	NACE 10.11 — Processing and preserving of meat | UK PRTR Annex I activity 8.(c)		reported in UK PRTR for 2024; operating status not asserted	DUNBIA (UK)		source industry classification only; pollutant and waste quantities excluded	https://www.gov.uk/government/publications/download-industrial-emissions-and-waste-transfer-uk-prtr-data	official UK pollutant-register facility and activity classification	2026-09-28	Open Government Licence v3.0	Selected systematically from the 2024 UK PRTR CSV by NACE prefix in 10, 11, 17, 19, 20, 21, 22. This facility-level discovery record does not establish a process-reactor inventory, reactor design, capacity, or current operating state.
uk-prtr:EW_EA-16966	Lancaster (North) Paper Mill EPR/UP3237ES	United Kingdom	54.067090	-2.789936	UK PRTR-published facility point; positional accuracy not independently verified	NACE 17.12 — Manufacture of paper and paperboard	NACE 17.12 — Manufacture of paper and paperboard | UK PRTR Annex I activity 6.(b)		reported in UK PRTR for 2024; operating status not asserted	SOFIDEL UK LIMITED		source industry classification only; pollutant and waste quantities excluded	https://www.gov.uk/government/publications/download-industrial-emissions-and-waste-transfer-uk-prtr-data	official UK pollutant-register facility and activity classification	2026-09-28	Open Government Licence v3.0	Selected systematically from the 2024 UK PRTR CSV by NACE prefix in 10, 11, 17, 19, 20, 21, 22. This facility-level discovery record does not establish a process-reactor inventory, reactor design, capacity, or current operating state.
uk-prtr:EW_EA-16969	Kirkby Creamery - EPR/VP3234NX	United Kingdom	53.466894	-2.874551	UK PRTR-published facility point; positional accuracy not independently verified	NACE 10.42 — Manufacture of margarine and similar edible fats	NACE 10.42 — Manufacture of margarine and similar edible fats | UK PRTR Annex I activity 8.(b)		reported in UK PRTR for 2024; operating status not asserted	DAIRY CREST LIMITED		source industry classification only; pollutant and waste quantities excluded	https://www.gov.uk/government/publications/download-industrial-emissions-and-waste-transfer-uk-prtr-data	official UK pollutant-register facility and activity classification	2026-09-28	Open Government Licence v3.0	Selected systematically from the 2024 UK PRTR CSV by NACE prefix in 10, 11, 17, 19, 20, 21, 22. This facility-level discovery record does not establish a process-reactor inventory, reactor design, capacity, or current operating state.
uk-prtr:EW_EA-16984	Thermoset Resins EPR/XP3635ET	United Kingdom	54.598141	-1.585777	UK PRTR-published facility point; positional accuracy not independently verified	NACE 20.16 — Manufacture of plastics in primary forms	NACE 20.16 — Manufacture of plastics in primary forms | UK PRTR Annex I activity 4.(a)		reported in UK PRTR for 2024; operating status not asserted	PREFERE RESINS UK LIMITED		source industry classification only; pollutant and waste quantities excluded	https://www.gov.uk/government/publications/download-industrial-emissions-and-waste-transfer-uk-prtr-data	official UK pollutant-register facility and activity classification	2026-09-28	Open Government Licence v3.0	Selected systematically from the 2024 UK PRTR CSV by NACE prefix in 10, 11, 17, 19, 20, 21, 22. This facility-level discovery record does not establish a process-reactor inventory, reactor design, capacity, or current operating state.
uk-prtr:EW_EA-16992	Tutbury Site - EPR/BJ9576IZ	United Kingdom	52.863902	-1.679563	UK PRTR-published facility point; positional accuracy not independently verified	NACE 10.83 — Processing of tea and coffee	NACE 10.83 — Processing of tea and coffee | UK PRTR Annex I activity 1.(c)		reported in UK PRTR for 2024; operating status not asserted	NESTLE UK LTD.		source industry classification only; pollutant and waste quantities excluded	https://www.gov.uk/government/publications/download-industrial-emissions-and-waste-transfer-uk-prtr-data	official UK pollutant-register facility and activity classification	2026-09-28	Open Government Licence v3.0	Selected systematically from the 2024 UK PRTR CSV by NACE prefix in 10, 11, 17, 19, 20, 21, 22. This facility-level discovery record does not establish a process-reactor inventory, reactor design, capacity, or current operating state.
uk-prtr:EW_EA-17016	Four Ashes Chemical Works EPR/BS4707IB	United Kingdom	52.678456	-2.123460	UK PRTR-published facility point; positional accuracy not independently verified	NACE 20.59 — Manufacture of other chemical products n.e.c.	NACE 20.59 — Manufacture of other chemical products n.e.c. | UK PRTR Annex I activity 4.(a)		reported in UK PRTR for 2024; operating status not asserted	SI GROUP-UK LTD		source industry classification only; pollutant and waste quantities excluded	https://www.gov.uk/government/publications/download-industrial-emissions-and-waste-transfer-uk-prtr-data	official UK pollutant-register facility and activity classification	2026-09-28	Open Government Licence v3.0	Selected systematically from the 2024 UK PRTR CSV by NACE prefix in 10, 11, 17, 19, 20, 21, 22. This facility-level discovery record does not establish a process-reactor inventory, reactor design, capacity, or current operating state.
uk-prtr:EW_EA-17028	Huncoat Polyurethane Works EPR/BU5569IC	United Kingdom	53.765007	-2.357063	UK PRTR-published facility point; positional accuracy not independently verified	NACE 20.30 — Manufacture of paints, varnishes and similar coatings, printing ink and mastics	NACE 20.30 — Manufacture of paints, varnishes and similar coatings, printing ink and mastics | UK PRTR Annex I activity 4.(a)		reported in UK PRTR for 2024; operating status not asserted	ISOTHANE LIMITED		source industry classification only; pollutant and waste quantities excluded	https://www.gov.uk/government/publications/download-industrial-emissions-and-waste-transfer-uk-prtr-data	official UK pollutant-register facility and activity classification	2026-09-28	Open Government Licence v3.0	Selected systematically from the 2024 UK PRTR CSV by NACE prefix in 10, 11, 17, 19, 20, 21, 22. This facility-level discovery record does not establish a process-reactor inventory, reactor design, capacity, or current operating state.
uk-prtr:EW_EA-17117	Rother Valley Abattoir - EPR/RP3935FH	United Kingdom	53.334281	-1.328863	UK PRTR-published facility point; positional accuracy not independently verified	NACE 10.11 — Processing and preserving of meat	NACE 10.11 — Processing and preserving of meat | UK PRTR Annex I activity 8.(a)		reported in UK PRTR for 2024; operating status not asserted	WOOLLEY BROS. (WHOLESALE MEATS) LIMITED		source industry classification only; pollutant and waste quantities excluded	https://www.gov.uk/government/publications/download-industrial-emissions-and-waste-transfer-uk-prtr-data	official UK pollutant-register facility and activity classification	2026-09-28	Open Government Licence v3.0	Selected systematically from the 2024 UK PRTR CSV by NACE prefix in 10, 11, 17, 19, 20, 21, 22. This facility-level discovery record does not establish a process-reactor inventory, reactor design, capacity, or current operating state.
uk-prtr:EW_EA-17126	Boehringer Ingelheim Animal Health - EPR/UP3034TG	United Kingdom	51.279443	-0.635895	UK PRTR-published facility point; positional accuracy not independently verified	NACE 21.20 — Manufacture of pharmaceutical preparations	NACE 21.20 — Manufacture of pharmaceutical preparations | UK PRTR Annex I activity 4.(e)		reported in UK PRTR for 2024; operating status not asserted	BOEHRINGER INGELHEIM ANIMAL HEALTH UK LIMITED		source industry classification only; pollutant and waste quantities excluded	https://www.gov.uk/government/publications/download-industrial-emissions-and-waste-transfer-uk-prtr-data	official UK pollutant-register facility and activity classification	2026-09-28	Open Government Licence v3.0	Selected systematically from the 2024 UK PRTR CSV by NACE prefix in 10, 11, 17, 19, 20, 21, 22. This facility-level discovery record does not establish a process-reactor inventory, reactor design, capacity, or current operating state.
uk-prtr:EW_EA-1713	Leicester Tissue Mill	United Kingdom	52.664220	-1.075678	UK PRTR-published facility point; positional accuracy not independently verified	NACE 17.12 — Manufacture of paper and paperboard	NACE 17.12 — Manufacture of paper and paperboard | UK PRTR Annex I activity 6.(b)		reported in UK PRTR for 2024; operating status not asserted	SOFIDEL UK LIMITED		source industry classification only; pollutant and waste quantities excluded	https://www.gov.uk/government/publications/download-industrial-emissions-and-waste-transfer-uk-prtr-data	official UK pollutant-register facility and activity classification	2026-09-28	Open Government Licence v3.0	Selected systematically from the 2024 UK PRTR CSV by NACE prefix in 10, 11, 17, 19, 20, 21, 22. This facility-level discovery record does not establish a process-reactor inventory, reactor design, capacity, or current operating state.
uk-prtr:EW_EA-17131	Caw House EPR/UP3937FW	United Kingdom	54.305369	-1.567666	UK PRTR-published facility point; positional accuracy not independently verified	NACE 11.07 — Manufacture of soft drinks; production of mineral waters and other bottled waters	NACE 11.07 — Manufacture of soft drinks; production of mineral waters and other bottled waters | UK PRTR Annex I activity 8.(b)		reported in UK PRTR for 2024; operating status not asserted	CAWINGREDIENTS LIMITED		source industry classification only; pollutant and waste quantities excluded	https://www.gov.uk/government/publications/download-industrial-emissions-and-waste-transfer-uk-prtr-data	official UK pollutant-register facility and activity classification	2026-09-28	Open Government Licence v3.0	Selected systematically from the 2024 UK PRTR CSV by NACE prefix in 10, 11, 17, 19, 20, 21, 22. This facility-level discovery record does not establish a process-reactor inventory, reactor design, capacity, or current operating state.
uk-prtr:EW_EA-1715	Specialty Polymers & Resins - EPR/CP3335LZ	United Kingdom	54.611333	-1.580379	UK PRTR-published facility point; positional accuracy not independently verified	NACE 22.29 — Manufacture of other plastic products	NACE 22.29 — Manufacture of other plastic products | UK PRTR Annex I activity 4.(a)		reported in UK PRTR for 2024; operating status not asserted	MITSUBISHI CHEMICAL UK LIMITED		source industry classification only; pollutant and waste quantities excluded	https://www.gov.uk/government/publications/download-industrial-emissions-and-waste-transfer-uk-prtr-data	official UK pollutant-register facility and activity classification	2026-09-28	Open Government Licence v3.0	Selected systematically from the 2024 UK PRTR CSV by NACE prefix in 10, 11, 17, 19, 20, 21, 22. This facility-level discovery record does not establish a process-reactor inventory, reactor design, capacity, or current operating state.
uk-prtr:EW_EA-17156	Hatherton Cheese Production - EPR/YP3731PE	United Kingdom	53.021087	-2.467017	UK PRTR-published facility point; positional accuracy not independently verified	NACE 10.51 — Operation of dairies and cheese making	NACE 10.51 — Operation of dairies and cheese making | UK PRTR Annex I activity 8.(c)		reported in UK PRTR for 2024; operating status not asserted	JOSEPH HELER LIMITED		source industry classification only; pollutant and waste quantities excluded	https://www.gov.uk/government/publications/download-industrial-emissions-and-waste-transfer-uk-prtr-data	official UK pollutant-register facility and activity classification	2026-09-28	Open Government Licence v3.0	Selected systematically from the 2024 UK PRTR CSV by NACE prefix in 10, 11, 17, 19, 20, 21, 22. This facility-level discovery record does not establish a process-reactor inventory, reactor design, capacity, or current operating state.
uk-prtr:EW_EA-1716	Cassel Works EPR/BR7992IU	United Kingdom	54.586979	-1.275948	UK PRTR-published facility point; positional accuracy not independently verified	NACE 20.59 — Manufacture of other chemical products n.e.c.	NACE 20.59 — Manufacture of other chemical products n.e.c. | UK PRTR Annex I activity 4.(a)		reported in UK PRTR for 2024; operating status not asserted	MITSUBISHI CHEMICAL UK LIMITED		source industry classification only; pollutant and waste quantities excluded	https://www.gov.uk/government/publications/download-industrial-emissions-and-waste-transfer-uk-prtr-data	official UK pollutant-register facility and activity classification	2026-09-28	Open Government Licence v3.0	Selected systematically from the 2024 UK PRTR CSV by NACE prefix in 10, 11, 17, 19, 20, 21, 22. This facility-level discovery record does not establish a process-reactor inventory, reactor design, capacity, or current operating state.
uk-prtr:EW_EA-1718	Chapels Park	United Kingdom	53.704758	-2.469407	UK PRTR-published facility point; positional accuracy not independently verified	NACE 20.16 — Manufacture of plastics in primary forms	NACE 20.16 — Manufacture of plastics in primary forms | UK PRTR Annex I activity 4.(a)		reported in UK PRTR for 2024; operating status not asserted	PERSPEX INTERNATIONAL LIMITED		source industry classification only; pollutant and waste quantities excluded	https://www.gov.uk/government/publications/download-industrial-emissions-and-waste-transfer-uk-prtr-data	official UK pollutant-register facility and activity classification	2026-09-28	Open Government Licence v3.0	Selected systematically from the 2024 UK PRTR CSV by NACE prefix in 10, 11, 17, 19, 20, 21, 22. This facility-level discovery record does not establish a process-reactor inventory, reactor design, capacity, or current operating state.
uk-prtr:EW_EA-1739	Swinton Speciality Chemicals Plant - EPR/BU1580IV.	United Kingdom	53.512608	-2.359761	UK PRTR-published facility point; positional accuracy not independently verified	NACE 20.13 — Manufacture of other inorganic basic chemicals	NACE 20.13 — Manufacture of other inorganic basic chemicals | UK PRTR Annex I activity 4.(b)		reported in UK PRTR for 2024; operating status not asserted	MAGNESIUM ELEKTRON LIMITED		source industry classification only; pollutant and waste quantities excluded	https://www.gov.uk/government/publications/download-industrial-emissions-and-waste-transfer-uk-prtr-data	official UK pollutant-register facility and activity classification	2026-09-28	Open Government Licence v3.0	Selected systematically from the 2024 UK PRTR CSV by NACE prefix in 10, 11, 17, 19, 20, 21, 22. This facility-level discovery record does not establish a process-reactor inventory, reactor design, capacity, or current operating state.
uk-prtr:EW_EA-1750	Makevale Acrylic Works - EPR/LP3331SY	United Kingdom	51.805285	-0.021616	UK PRTR-published facility point; positional accuracy not independently verified	NACE 20.16 — Manufacture of plastics in primary forms	NACE 20.16 — Manufacture of plastics in primary forms | UK PRTR Annex I activity 4.(a)		reported in UK PRTR for 2024; operating status not asserted	MAKEVALE LIMITED		source industry classification only; pollutant and waste quantities excluded	https://www.gov.uk/government/publications/download-industrial-emissions-and-waste-transfer-uk-prtr-data	official UK pollutant-register facility and activity classification	2026-09-28	Open Government Licence v3.0	Selected systematically from the 2024 UK PRTR CSV by NACE prefix in 10, 11, 17, 19, 20, 21, 22. This facility-level discovery record does not establish a process-reactor inventory, reactor design, capacity, or current operating state.
uk-prtr:EW_EA-1756	Belasis East Site - EPR/BW9247IK	United Kingdom	54.601784	-1.257264	UK PRTR-published facility point; positional accuracy not independently verified	NACE 10.89 — Manufacture of other food products n.e.c.	NACE 10.89 — Manufacture of other food products n.e.c. | UK PRTR Annex I activity 5.(c)		reported in UK PRTR for 2024; operating status not asserted	MARLOW FOODS LIMITED		source industry classification only; pollutant and waste quantities excluded	https://www.gov.uk/government/publications/download-industrial-emissions-and-waste-transfer-uk-prtr-data	official UK pollutant-register facility and activity classification	2026-09-28	Open Government Licence v3.0	Selected systematically from the 2024 UK PRTR CSV by NACE prefix in 10, 11, 17, 19, 20, 21, 22. This facility-level discovery record does not establish a process-reactor inventory, reactor design, capacity, or current operating state.
uk-prtr:EW_EA-17705	Jacobs Bakery EPR/DP3033AW	United Kingdom	53.457236	-2.950408	UK PRTR-published facility point; positional accuracy not independently verified	NACE 10.72 — Manufacture of rusks and biscuits; manufacture of preserved pastry goods and cakes	NACE 10.72 — Manufacture of rusks and biscuits; manufacture of preserved pastry goods and cakes | UK PRTR Annex I activity 8.(b)		reported in UK PRTR for 2024; operating status not asserted	PLADIS (UK) LIMITED		source industry classification only; pollutant and waste quantities excluded	https://www.gov.uk/government/publications/download-industrial-emissions-and-waste-transfer-uk-prtr-data	official UK pollutant-register facility and activity classification	2026-09-28	Open Government Licence v3.0	Selected systematically from the 2024 UK PRTR CSV by NACE prefix in 10, 11, 17, 19, 20, 21, 22. This facility-level discovery record does not establish a process-reactor inventory, reactor design, capacity, or current operating state.
uk-prtr:EW_EA-17711	Cranswick Country Foods (Lazenby's) EPR/FP3131WE	United Kingdom	53.774845	-0.335823	UK PRTR-published facility point; positional accuracy not independently verified	NACE 10.11 — Processing and preserving of meat	NACE 10.11 — Processing and preserving of meat | UK PRTR Annex I activity 8.(b)		reported in UK PRTR for 2024; operating status not asserted	CRANSWICK COUNTRY FOODS PLC		source industry classification only; pollutant and waste quantities excluded	https://www.gov.uk/government/publications/download-industrial-emissions-and-waste-transfer-uk-prtr-data	official UK pollutant-register facility and activity classification	2026-09-28	Open Government Licence v3.0	Selected systematically from the 2024 UK PRTR CSV by NACE prefix in 10, 11, 17, 19, 20, 21, 22. This facility-level discovery record does not establish a process-reactor inventory, reactor design, capacity, or current operating state.
uk-prtr:EW_EA-17735	Swale Pharmaceuticals EPR/LP3637VA	United Kingdom	51.310716	0.724875	UK PRTR-published facility point; positional accuracy not independently verified	NACE 21.10 — Manufacture of basic pharmaceutical products	NACE 21.10 — Manufacture of basic pharmaceutical products | UK PRTR Annex I activity 4.(e)		reported in UK PRTR for 2024; operating status not asserted	Jazz Pharmaceuticals Operations UK Limited		source industry classification only; pollutant and waste quantities excluded	https://www.gov.uk/government/publications/download-industrial-emissions-and-waste-transfer-uk-prtr-data	official UK pollutant-register facility and activity classification	2026-09-28	Open Government Licence v3.0	Selected systematically from the 2024 UK PRTR CSV by NACE prefix in 10, 11, 17, 19, 20, 21, 22. This facility-level discovery record does not establish a process-reactor inventory, reactor design, capacity, or current operating state.
uk-prtr:EW_EA-17748	The Abattoir, Oak Lane EPR/PP3836WB	United Kingdom	52.510481	-2.160855	UK PRTR-published facility point; positional accuracy not independently verified	NACE 10.11 — Processing and preserving of meat	NACE 10.11 — Processing and preserving of meat | UK PRTR Annex I activity 8.(a)		reported in UK PRTR for 2024; operating status not asserted	ANGLO BEEF PROCESSORS UK		source industry classification only; pollutant and waste quantities excluded	https://www.gov.uk/government/publications/download-industrial-emissions-and-waste-transfer-uk-prtr-data	official UK pollutant-register facility and activity classification	2026-09-28	Open Government Licence v3.0	Selected systematically from the 2024 UK PRTR CSV by NACE prefix in 10, 11, 17, 19, 20, 21, 22. This facility-level discovery record does not establish a process-reactor inventory, reactor design, capacity, or current operating state.
uk-prtr:EW_EA-17759	Roth Hill Lane Anaerobic Digestion Facility EPR/UP3434WA	United Kingdom	53.860623	-0.991741	UK PRTR-published facility point; positional accuracy not independently verified	NACE 10.39 — Other processing and preserving of fruit and vegetables	NACE 10.39 — Other processing and preserving of fruit and vegetables | UK PRTR Annex I activity 5.(c)		reported in UK PRTR for 2024; operating status not asserted	J.E.HARTLEY LIMITED		source industry classification only; pollutant and waste quantities excluded	https://www.gov.uk/government/publications/download-industrial-emissions-and-waste-transfer-uk-prtr-data	official UK pollutant-register facility and activity classification	2026-09-28	Open Government Licence v3.0	Selected systematically from the 2024 UK PRTR CSV by NACE prefix in 10, 11, 17, 19, 20, 21, 22. This facility-level discovery record does not establish a process-reactor inventory, reactor design, capacity, or current operating state.
uk-prtr:EW_EA-17772	Linden Foods Burradon EPR/ZP3934WT	United Kingdom	55.050395	-1.575334	UK PRTR-published facility point; positional accuracy not independently verified	NACE 10.11 — Processing and preserving of meat	NACE 10.11 — Processing and preserving of meat | UK PRTR Annex I activity 8.(a)		reported in UK PRTR for 2024; operating status not asserted	ANGLO BEEF PROCESSORS UK		source industry classification only; pollutant and waste quantities excluded	https://www.gov.uk/government/publications/download-industrial-emissions-and-waste-transfer-uk-prtr-data	official UK pollutant-register facility and activity classification	2026-09-28	Open Government Licence v3.0	Selected systematically from the 2024 UK PRTR CSV by NACE prefix in 10, 11, 17, 19, 20, 21, 22. This facility-level discovery record does not establish a process-reactor inventory, reactor design, capacity, or current operating state.
uk-prtr:EW_EA-17782	Estate Road 2 Fish Processing Site	United Kingdom	53.576846	-0.108280	UK PRTR-published facility point; positional accuracy not independently verified	NACE 10.20 — Processing and preserving of fish, crustaceans and molluscs	NACE 10.20 — Processing and preserving of fish, crustaceans and molluscs | UK PRTR Annex I activity 8.(b)		reported in UK PRTR for 2024; operating status not asserted	SEACHILL UK LIMITED		source industry classification only; pollutant and waste quantities excluded	https://www.gov.uk/government/publications/download-industrial-emissions-and-waste-transfer-uk-prtr-data	official UK pollutant-register facility and activity classification	2026-09-28	Open Government Licence v3.0	Selected systematically from the 2024 UK PRTR CSV by NACE prefix in 10, 11, 17, 19, 20, 21, 22. This facility-level discovery record does not establish a process-reactor inventory, reactor design, capacity, or current operating state.
uk-prtr:EW_EA-17784	Cranswick Convenience Foods - Sutton Fields EPR/KP3733AN	United Kingdom	54.143097	-0.321244	UK PRTR-published facility point; positional accuracy not independently verified	NACE 10.13 — Production of meat and poultry meat products	NACE 10.13 — Production of meat and poultry meat products | UK PRTR Annex I activity 8.(b)		reported in UK PRTR for 2024; operating status not asserted	CRANSWICK CONVENIENCE FOODS LIMITED		source industry classification only; pollutant and waste quantities excluded	https://www.gov.uk/government/publications/download-industrial-emissions-and-waste-transfer-uk-prtr-data	official UK pollutant-register facility and activity classification	2026-09-28	Open Government Licence v3.0	Selected systematically from the 2024 UK PRTR CSV by NACE prefix in 10, 11, 17, 19, 20, 21, 22. This facility-level discovery record does not establish a process-reactor inventory, reactor design, capacity, or current operating state.
uk-prtr:EW_EA-17785	Kettering Site EPR/MP3031WD	United Kingdom	52.372049	-0.687244	UK PRTR-published facility point; positional accuracy not independently verified	NACE 10.32 — Manufacture of fruit and vegetable juice	NACE 10.32 — Manufacture of fruit and vegetable juice | UK PRTR Annex I activity 8.(b)		reported in UK PRTR for 2024; operating status not asserted	ALPRO (UK) LIMITED		source industry classification only; pollutant and waste quantities excluded	https://www.gov.uk/government/publications/download-industrial-emissions-and-waste-transfer-uk-prtr-data	official UK pollutant-register facility and activity classification	2026-09-28	Open Government Licence v3.0	Selected systematically from the 2024 UK PRTR CSV by NACE prefix in 10, 11, 17, 19, 20, 21, 22. This facility-level discovery record does not establish a process-reactor inventory, reactor design, capacity, or current operating state.
uk-prtr:EW_EA-17787	Riverside Bakery EPR/QP3433AN	United Kingdom	52.938336	-1.162996	UK PRTR-published facility point; positional accuracy not independently verified	NACE 10.89 — Manufacture of other food products n.e.c.	NACE 10.89 — Manufacture of other food products n.e.c. | UK PRTR Annex I activity 8.(b)		reported in UK PRTR for 2024; operating status not asserted	PORK FARMS LIMITED		source industry classification only; pollutant and waste quantities excluded	https://www.gov.uk/government/publications/download-industrial-emissions-and-waste-transfer-uk-prtr-data	official UK pollutant-register facility and activity classification	2026-09-28	Open Government Licence v3.0	Selected systematically from the 2024 UK PRTR CSV by NACE prefix in 10, 11, 17, 19, 20, 21, 22. This facility-level discovery record does not establish a process-reactor inventory, reactor design, capacity, or current operating state.
uk-prtr:EW_EA-17825	Farmers Boy Winsford EPR/ZP3935CE	United Kingdom	53.204942	-2.504198	UK PRTR-published facility point; positional accuracy not independently verified	NACE 10.13 — Production of meat and poultry meat products	NACE 10.13 — Production of meat and poultry meat products | UK PRTR Annex I activity 8.(b)		reported in UK PRTR for 2024; operating status not asserted	FARMERS BOY LIMITED		source industry classification only; pollutant and waste quantities excluded	https://www.gov.uk/government/publications/download-industrial-emissions-and-waste-transfer-uk-prtr-data	official UK pollutant-register facility and activity classification	2026-09-28	Open Government Licence v3.0	Selected systematically from the 2024 UK PRTR CSV by NACE prefix in 10, 11, 17, 19, 20, 21, 22. This facility-level discovery record does not establish a process-reactor inventory, reactor design, capacity, or current operating state.
uk-prtr:EW_EA-17829	Runcorn Halochemicals EPR/RP3736WB	United Kingdom	53.319072	-2.749030	UK PRTR-published facility point; positional accuracy not independently verified	NACE 20.13 — Manufacture of other inorganic basic chemicals	NACE 20.13 — Manufacture of other inorganic basic chemicals | UK PRTR Annex I activity 4.(b)		reported in UK PRTR for 2024; operating status not asserted	RUNCORN MCP LIMITED		source industry classification only; pollutant and waste quantities excluded	https://www.gov.uk/government/publications/download-industrial-emissions-and-waste-transfer-uk-prtr-data	official UK pollutant-register facility and activity classification	2026-09-28	Open Government Licence v3.0	Selected systematically from the 2024 UK PRTR CSV by NACE prefix in 10, 11, 17, 19, 20, 21, 22. This facility-level discovery record does not establish a process-reactor inventory, reactor design, capacity, or current operating state.
uk-prtr:EW_EA-180	STATION ROAD CHEMICAL WORKS EA/EPR/BT8147IQ/V003	United Kingdom	53.069911	-2.036226	UK PRTR-published facility point; positional accuracy not independently verified	NACE 20.14 — Manufacture of other organic basic chemicals	NACE 20.14 — Manufacture of other organic basic chemicals | UK PRTR Annex I activity 4.(a)		reported in UK PRTR for 2024; operating status not asserted	POLYNT UK LIMITED		source industry classification only; pollutant and waste quantities excluded	https://www.gov.uk/government/publications/download-industrial-emissions-and-waste-transfer-uk-prtr-data	official UK pollutant-register facility and activity classification	2026-09-28	Open Government Licence v3.0	Selected systematically from the 2024 UK PRTR CSV by NACE prefix in 10, 11, 17, 19, 20, 21, 22. This facility-level discovery record does not establish a process-reactor inventory, reactor design, capacity, or current operating state.
uk-prtr:EW_EA-1814	Stallingborough Titanium Dioxide Site EA/EPR/UP3537SJ/V003	United Kingdom	53.614694	-0.160258	UK PRTR-published facility point; positional accuracy not independently verified	NACE 20.13 — Manufacture of other inorganic basic chemicals	NACE 20.13 — Manufacture of other inorganic basic chemicals | UK PRTR Annex I activity 4.(b)		reported in UK PRTR for 2024; operating status not asserted	TRONOX PIGMENT UK LIMITED		source industry classification only; pollutant and waste quantities excluded	https://www.gov.uk/government/publications/download-industrial-emissions-and-waste-transfer-uk-prtr-data	official UK pollutant-register facility and activity classification	2026-09-28	Open Government Licence v3.0	Selected systematically from the 2024 UK PRTR CSV by NACE prefix in 10, 11, 17, 19, 20, 21, 22. This facility-level discovery record does not establish a process-reactor inventory, reactor design, capacity, or current operating state.
uk-prtr:EW_EA-18348	Polytech Liquid Polymers Limited EPR/QP3207LS	United Kingdom	53.311231	-2.093314	UK PRTR-published facility point; positional accuracy not independently verified	NACE 20.14 — Manufacture of other organic basic chemicals	NACE 20.14 — Manufacture of other organic basic chemicals | UK PRTR Annex I activity 4.(a)		reported in UK PRTR for 2024; operating status not asserted	POLYTECH LIQUID POLYMERS LIMITED		source industry classification only; pollutant and waste quantities excluded	https://www.gov.uk/government/publications/download-industrial-emissions-and-waste-transfer-uk-prtr-data	official UK pollutant-register facility and activity classification	2026-09-28	Open Government Licence v3.0	Selected systematically from the 2024 UK PRTR CSV by NACE prefix in 10, 11, 17, 19, 20, 21, 22. This facility-level discovery record does not establish a process-reactor inventory, reactor design, capacity, or current operating state.
uk-prtr:EW_EA-18360	Shepshed Feed Mill EPR/GP3133TW	United Kingdom	52.760475	-1.279329	UK PRTR-published facility point; positional accuracy not independently verified	NACE 10.91 — Manufacture of prepared feeds for farm animals	NACE 10.91 — Manufacture of prepared feeds for farm animals | UK PRTR Annex I activity 8.(b)		reported in UK PRTR for 2024; operating status not asserted	GLW FEEDS LIMITED		source industry classification only; pollutant and waste quantities excluded	https://www.gov.uk/government/publications/download-industrial-emissions-and-waste-transfer-uk-prtr-data	official UK pollutant-register facility and activity classification	2026-09-28	Open Government Licence v3.0	Selected systematically from the 2024 UK PRTR CSV by NACE prefix in 10, 11, 17, 19, 20, 21, 22. This facility-level discovery record does not establish a process-reactor inventory, reactor design, capacity, or current operating state.
uk-prtr:EW_EA-18436	Gretton Bio-Diesel EPR/MP3738LZ	United Kingdom	52.512595	-0.689249	UK PRTR-published facility point; positional accuracy not independently verified	NACE 20.14 — Manufacture of other organic basic chemicals	NACE 20.14 — Manufacture of other organic basic chemicals | UK PRTR Annex I activity 5.(c)		reported in UK PRTR for 2024; operating status not asserted	STOREFIELD PLANT RUSHTON LIMITED		source industry classification only; pollutant and waste quantities excluded	https://www.gov.uk/government/publications/download-industrial-emissions-and-waste-transfer-uk-prtr-data	official UK pollutant-register facility and activity classification	2026-09-28	Open Government Licence v3.0	Selected systematically from the 2024 UK PRTR CSV by NACE prefix in 10, 11, 17, 19, 20, 21, 22. This facility-level discovery record does not establish a process-reactor inventory, reactor design, capacity, or current operating state.
uk-prtr:EW_EA-18539	Acetylene Production Plant - EPR/PP3538FX	United Kingdom	53.606562	-0.157589	UK PRTR-published facility point; positional accuracy not independently verified	NACE 20.11 — Manufacture of industrial gases	NACE 20.11 — Manufacture of industrial gases | UK PRTR Annex I activity 4.(a)		reported in UK PRTR for 2024; operating status not asserted	BOC LIMITED		source industry classification only; pollutant and waste quantities excluded	https://www.gov.uk/government/publications/download-industrial-emissions-and-waste-transfer-uk-prtr-data	official UK pollutant-register facility and activity classification	2026-09-28	Open Government Licence v3.0	Selected systematically from the 2024 UK PRTR CSV by NACE prefix in 10, 11, 17, 19, 20, 21, 22. This facility-level discovery record does not establish a process-reactor inventory, reactor design, capacity, or current operating state.
uk-prtr:EW_EA-18543	Greencore Food Northampton EPR/PP3730VH	United Kingdom	52.276653	-0.869325	UK PRTR-published facility point; positional accuracy not independently verified	NACE 10.89 — Manufacture of other food products n.e.c.	NACE 10.89 — Manufacture of other food products n.e.c. | UK PRTR Annex I activity 8.(b)		reported in UK PRTR for 2024; operating status not asserted	GREENCORE FOOD TO GO LIMITED		source industry classification only; pollutant and waste quantities excluded	https://www.gov.uk/government/publications/download-industrial-emissions-and-waste-transfer-uk-prtr-data	official UK pollutant-register facility and activity classification	2026-09-28	Open Government Licence v3.0	Selected systematically from the 2024 UK PRTR CSV by NACE prefix in 10, 11, 17, 19, 20, 21, 22. This facility-level discovery record does not establish a process-reactor inventory, reactor design, capacity, or current operating state.
uk-prtr:EW_EA-18559	The Creamery - EPR/QP3638EK	United Kingdom	50.256117	-5.199678	UK PRTR-published facility point; positional accuracy not independently verified	NACE 10.51 — Operation of dairies and cheese making	NACE 10.51 — Operation of dairies and cheese making | UK PRTR Annex I activity 8.(c)		reported in UK PRTR for 2024; operating status not asserted	A E RODDA & SON LIMITED		source industry classification only; pollutant and waste quantities excluded	https://www.gov.uk/government/publications/download-industrial-emissions-and-waste-transfer-uk-prtr-data	official UK pollutant-register facility and activity classification	2026-09-28	Open Government Licence v3.0	Selected systematically from the 2024 UK PRTR CSV by NACE prefix in 10, 11, 17, 19, 20, 21, 22. This facility-level discovery record does not establish a process-reactor inventory, reactor design, capacity, or current operating state.
uk-prtr:EW_EA-18577	Walker Lines Industrial Estate EPR/RP3131HC	United Kingdom	50.458086	-4.703068	UK PRTR-published facility point; positional accuracy not independently verified	NACE 10.52 — Manufacture of ice cream	NACE 10.52 — Manufacture of ice cream | UK PRTR Annex I activity 8.(b)		reported in UK PRTR for 2024; operating status not asserted	Froneri Ice Cream UK Limited		source industry classification only; pollutant and waste quantities excluded	https://www.gov.uk/government/publications/download-industrial-emissions-and-waste-transfer-uk-prtr-data	official UK pollutant-register facility and activity classification	2026-09-28	Open Government Licence v3.0	Selected systematically from the 2024 UK PRTR CSV by NACE prefix in 10, 11, 17, 19, 20, 21, 22. This facility-level discovery record does not establish a process-reactor inventory, reactor design, capacity, or current operating state.
uk-prtr:EW_EA-18589	Knowsley Stearate Plant EPR/RP3935WL	United Kingdom	53.485252	-2.859256	UK PRTR-published facility point; positional accuracy not independently verified	NACE 20.14 — Manufacture of other organic basic chemicals	NACE 20.14 — Manufacture of other organic basic chemicals | UK PRTR Annex I activity 4.(a)		reported in UK PRTR for 2024; operating status not asserted	FACI UK CHEMICALS LIMITED		source industry classification only; pollutant and waste quantities excluded	https://www.gov.uk/government/publications/download-industrial-emissions-and-waste-transfer-uk-prtr-data	official UK pollutant-register facility and activity classification	2026-09-28	Open Government Licence v3.0	Selected systematically from the 2024 UK PRTR CSV by NACE prefix in 10, 11, 17, 19, 20, 21, 22. This facility-level discovery record does not establish a process-reactor inventory, reactor design, capacity, or current operating state.
uk-prtr:EW_EA-1860	MV Plastics Ltd - EPR/BU5615IB	United Kingdom	53.797188	-3.004993	UK PRTR-published facility point; positional accuracy not independently verified	NACE 20.16 — Manufacture of plastics in primary forms	NACE 20.16 — Manufacture of plastics in primary forms | UK PRTR Annex I activity 4.(a)		reported in UK PRTR for 2024; operating status not asserted	MV PLASTICS LIMITED		source industry classification only; pollutant and waste quantities excluded	https://www.gov.uk/government/publications/download-industrial-emissions-and-waste-transfer-uk-prtr-data	official UK pollutant-register facility and activity classification	2026-09-28	Open Government Licence v3.0	Selected systematically from the 2024 UK PRTR CSV by NACE prefix in 10, 11, 17, 19, 20, 21, 22. This facility-level discovery record does not establish a process-reactor inventory, reactor design, capacity, or current operating state.
uk-prtr:EW_EA-18743	Ferral Plant EPR/WP3630WV	United Kingdom	53.357253	-2.752554	UK PRTR-published facility point; positional accuracy not independently verified	NACE 20.14 — Manufacture of other organic basic chemicals	NACE 20.14 — Manufacture of other organic basic chemicals | UK PRTR Annex I activity 4.(b)		reported in UK PRTR for 2024; operating status not asserted	FERALCO (UK) LIMITED		source industry classification only; pollutant and waste quantities excluded	https://www.gov.uk/government/publications/download-industrial-emissions-and-waste-transfer-uk-prtr-data	official UK pollutant-register facility and activity classification	2026-09-28	Open Government Licence v3.0	Selected systematically from the 2024 UK PRTR CSV by NACE prefix in 10, 11, 17, 19, 20, 21, 22. This facility-level discovery record does not establish a process-reactor inventory, reactor design, capacity, or current operating state.
uk-prtr:EW_EA-18778	BASF plc	United Kingdom	53.086003	-1.378417	UK PRTR-published facility point; positional accuracy not independently verified	NACE 20.16 — Manufacture of plastics in primary forms	NACE 20.16 — Manufacture of plastics in primary forms | UK PRTR Annex I activity 4.(a)		reported in UK PRTR for 2024; operating status not asserted	BASF PUBLIC LIMITED COMPANY		source industry classification only; pollutant and waste quantities excluded	https://www.gov.uk/government/publications/download-industrial-emissions-and-waste-transfer-uk-prtr-data	official UK pollutant-register facility and activity classification	2026-09-28	Open Government Licence v3.0	Selected systematically from the 2024 UK PRTR CSV by NACE prefix in 10, 11, 17, 19, 20, 21, 22. This facility-level discovery record does not establish a process-reactor inventory, reactor design, capacity, or current operating state.
uk-prtr:EW_EA-1880	Nestle UK - Dalston - EPR/BO9310IB	United Kingdom	54.848072	-2.976439	UK PRTR-published facility point; positional accuracy not independently verified	NACE 10.86 — Manufacture of homogenised food preparations and dietetic food	NACE 10.86 — Manufacture of homogenised food preparations and dietetic food | UK PRTR Annex I activity 8.(b)		reported in UK PRTR for 2024; operating status not asserted	NESTLE UK LTD.		source industry classification only; pollutant and waste quantities excluded	https://www.gov.uk/government/publications/download-industrial-emissions-and-waste-transfer-uk-prtr-data	official UK pollutant-register facility and activity classification	2026-09-28	Open Government Licence v3.0	Selected systematically from the 2024 UK PRTR CSV by NACE prefix in 10, 11, 17, 19, 20, 21, 22. This facility-level discovery record does not establish a process-reactor inventory, reactor design, capacity, or current operating state.
uk-prtr:EW_EA-1890	Saltend EVOH Plant - EPR/KP3706LM	United Kingdom	53.737144	-0.238912	UK PRTR-published facility point; positional accuracy not independently verified	NACE 22.29 — Manufacture of other plastic products	NACE 22.29 — Manufacture of other plastic products | UK PRTR Annex I activity 4.(a)		reported in UK PRTR for 2024; operating status not asserted	MITSUBISHI CHEMICAL UK LIMITED		source industry classification only; pollutant and waste quantities excluded	https://www.gov.uk/government/publications/download-industrial-emissions-and-waste-transfer-uk-prtr-data	official UK pollutant-register facility and activity classification	2026-09-28	Open Government Licence v3.0	Selected systematically from the 2024 UK PRTR CSV by NACE prefix in 10, 11, 17, 19, 20, 21, 22. This facility-level discovery record does not establish a process-reactor inventory, reactor design, capacity, or current operating state.
uk-prtr:EW_EA-1922	Coventry Di-isocynate - EPR/QP3139LG	United Kingdom	51.723635	-1.937990	UK PRTR-published facility point; positional accuracy not independently verified	NACE 20.17 — Manufacture of synthetic rubber in primary forms	NACE 20.17 — Manufacture of synthetic rubber in primary forms | UK PRTR Annex I activity 4.(a)		reported in UK PRTR for 2024; operating status not asserted	NOTEDOME LIMITED		source industry classification only; pollutant and waste quantities excluded	https://www.gov.uk/government/publications/download-industrial-emissions-and-waste-transfer-uk-prtr-data	official UK pollutant-register facility and activity classification	2026-09-28	Open Government Licence v3.0	Selected systematically from the 2024 UK PRTR CSV by NACE prefix in 10, 11, 17, 19, 20, 21, 22. This facility-level discovery record does not establish a process-reactor inventory, reactor design, capacity, or current operating state.
uk-prtr:EW_EA-19356	Dial Lane Meat Packing Facility EPR/JP3433WU	United Kingdom	52.533064	-2.018974	UK PRTR-published facility point; positional accuracy not independently verified	NACE 10.13 — Production of meat and poultry meat products	NACE 10.13 — Production of meat and poultry meat products | UK PRTR Annex I activity 8.(b)		reported in UK PRTR for 2024; operating status not asserted	2 SISTERS FOOD GROUP LIMITED		source industry classification only; pollutant and waste quantities excluded	https://www.gov.uk/government/publications/download-industrial-emissions-and-waste-transfer-uk-prtr-data	official UK pollutant-register facility and activity classification	2026-09-28	Open Government Licence v3.0	Selected systematically from the 2024 UK PRTR CSV by NACE prefix in 10, 11, 17, 19, 20, 21, 22. This facility-level discovery record does not establish a process-reactor inventory, reactor design, capacity, or current operating state.
uk-prtr:EW_EA-19361	Pontefract Confectionery Production Plant - EPR/LP3232EG	United Kingdom	53.691956	-1.316527	UK PRTR-published facility point; positional accuracy not independently verified	NACE 10.82 — Manufacture of cocoa, chocolate and sugar confectionery	NACE 10.82 — Manufacture of cocoa, chocolate and sugar confectionery | UK PRTR Annex I activity 8.(b)		reported in UK PRTR for 2024; operating status not asserted	DUNHILLS (PONTEFRACT) PLC		source industry classification only; pollutant and waste quantities excluded	https://www.gov.uk/government/publications/download-industrial-emissions-and-waste-transfer-uk-prtr-data	official UK pollutant-register facility and activity classification	2026-09-28	Open Government Licence v3.0	Selected systematically from the 2024 UK PRTR CSV by NACE prefix in 10, 11, 17, 19, 20, 21, 22. This facility-level discovery record does not establish a process-reactor inventory, reactor design, capacity, or current operating state.
uk-prtr:EW_EA-19363	Sabic North Tees Storage - EPR/LP3335RM	United Kingdom	54.600634	-1.189950	UK PRTR-published facility point; positional accuracy not independently verified	NACE 20.14 — Manufacture of other organic basic chemicals	NACE 20.14 — Manufacture of other organic basic chemicals | UK PRTR Annex I activity 1.(c)		reported in UK PRTR for 2024; operating status not asserted	SABIC UK PETROCHEMICALS LIMITED		source industry classification only; pollutant and waste quantities excluded	https://www.gov.uk/government/publications/download-industrial-emissions-and-waste-transfer-uk-prtr-data	official UK pollutant-register facility and activity classification	2026-09-28	Open Government Licence v3.0	Selected systematically from the 2024 UK PRTR CSV by NACE prefix in 10, 11, 17, 19, 20, 21, 22. This facility-level discovery record does not establish a process-reactor inventory, reactor design, capacity, or current operating state.
uk-prtr:EW_EA-19383	Port Causeway EPR/QP3836AM	United Kingdom	53.346253	-2.979933	UK PRTR-published facility point; positional accuracy not independently verified	NACE 10.61 — Manufacture of grain mill products	NACE 10.61 — Manufacture of grain mill products | UK PRTR Annex I activity 8.(b)		reported in UK PRTR for 2024; operating status not asserted	NESTLE UK LTD.		source industry classification only; pollutant and waste quantities excluded	https://www.gov.uk/government/publications/download-industrial-emissions-and-waste-transfer-uk-prtr-data	official UK pollutant-register facility and activity classification	2026-09-28	Open Government Licence v3.0	Selected systematically from the 2024 UK PRTR CSV by NACE prefix in 10, 11, 17, 19, 20, 21, 22. This facility-level discovery record does not establish a process-reactor inventory, reactor design, capacity, or current operating state.
uk-prtr:EW_EA-194	Stourton Dairy EPR/BU0591IA	United Kingdom	53.778896	-1.526505	UK PRTR-published facility point; positional accuracy not independently verified	NACE 10.51 — Operation of dairies and cheese making	NACE 10.51 — Operation of dairies and cheese making | UK PRTR Annex I activity 8.(c)		reported in UK PRTR for 2024; operating status not asserted	ARLA FOODS LIMITED		source industry classification only; pollutant and waste quantities excluded	https://www.gov.uk/government/publications/download-industrial-emissions-and-waste-transfer-uk-prtr-data	official UK pollutant-register facility and activity classification	2026-09-28	Open Government Licence v3.0	Selected systematically from the 2024 UK PRTR CSV by NACE prefix in 10, 11, 17, 19, 20, 21, 22. This facility-level discovery record does not establish a process-reactor inventory, reactor design, capacity, or current operating state.
uk-prtr:EW_EA-19409	Premier Foods Carlton EPR/YP3336VQ	United Kingdom	53.582967	-1.445922	UK PRTR-published facility point; positional accuracy not independently verified	NACE 10.71 — Manufacture of bread; manufacture of fresh pastry goods and cakes	NACE 10.71 — Manufacture of bread; manufacture of fresh pastry goods and cakes | UK PRTR Annex I activity 8.(b)		reported in UK PRTR for 2024; operating status not asserted	PREMIER FOODS GROUP LIMITED		source industry classification only; pollutant and waste quantities excluded	https://www.gov.uk/government/publications/download-industrial-emissions-and-waste-transfer-uk-prtr-data	official UK pollutant-register facility and activity classification	2026-09-28	Open Government Licence v3.0	Selected systematically from the 2024 UK PRTR CSV by NACE prefix in 10, 11, 17, 19, 20, 21, 22. This facility-level discovery record does not establish a process-reactor inventory, reactor design, capacity, or current operating state.
uk-prtr:EW_EA-19423	Wigton Cellophane Plant EPR/UP3939DR	United Kingdom	54.823392	-3.166046	UK PRTR-published facility point; positional accuracy not independently verified	NACE 22.29 — Manufacture of other plastic products	NACE 22.29 — Manufacture of other plastic products | UK PRTR Annex I activity 4.(a)		reported in UK PRTR for 2024; operating status not asserted	FUTAMURA CHEMICAL UK LIMITED		source industry classification only; pollutant and waste quantities excluded	https://www.gov.uk/government/publications/download-industrial-emissions-and-waste-transfer-uk-prtr-data	official UK pollutant-register facility and activity classification	2026-09-28	Open Government Licence v3.0	Selected systematically from the 2024 UK PRTR CSV by NACE prefix in 10, 11, 17, 19, 20, 21, 22. This facility-level discovery record does not establish a process-reactor inventory, reactor design, capacity, or current operating state.
uk-prtr:EW_EA-1966	Champion Technologies Limited	United Kingdom	50.840296	-1.384996	UK PRTR-published facility point; positional accuracy not independently verified	NACE 20.14 — Manufacture of other organic basic chemicals	NACE 20.14 — Manufacture of other organic basic chemicals | UK PRTR Annex I activity 4.(a)		reported in UK PRTR for 2024; operating status not asserted	CHAMPION TECHNOLOGIES LIMITED		source industry classification only; pollutant and waste quantities excluded	https://www.gov.uk/government/publications/download-industrial-emissions-and-waste-transfer-uk-prtr-data	official UK pollutant-register facility and activity classification	2026-09-28	Open Government Licence v3.0	Selected systematically from the 2024 UK PRTR CSV by NACE prefix in 10, 11, 17, 19, 20, 21, 22. This facility-level discovery record does not establish a process-reactor inventory, reactor design, capacity, or current operating state.
uk-prtr:EW_EA-197	Widnes Aromachem EPR/BS3751IW/V006	United Kingdom	53.376182	-2.699525	UK PRTR-published facility point; positional accuracy not independently verified	NACE 20.14 — Manufacture of other organic basic chemicals	NACE 20.14 — Manufacture of other organic basic chemicals | UK PRTR Annex I activity 4.(a)		reported in UK PRTR for 2024; operating status not asserted	Lanxess Chemical Ltd		source industry classification only; pollutant and waste quantities excluded	https://www.gov.uk/government/publications/download-industrial-emissions-and-waste-transfer-uk-prtr-data	official UK pollutant-register facility and activity classification	2026-09-28	Open Government Licence v3.0	Selected systematically from the 2024 UK PRTR CSV by NACE prefix in 10, 11, 17, 19, 20, 21, 22. This facility-level discovery record does not establish a process-reactor inventory, reactor design, capacity, or current operating state.
uk-prtr:EW_EA-198	AG Fluoropolymers, Hillhouse - EPR/BU5453IY	United Kingdom	53.878664	-2.999949	UK PRTR-published facility point; positional accuracy not independently verified	NACE 20.14 — Manufacture of other organic basic chemicals	NACE 20.14 — Manufacture of other organic basic chemicals | UK PRTR Annex I activity 4.(a)		reported in UK PRTR for 2024; operating status not asserted	AGC CHEMICALS EUROPE LIMITED		source industry classification only; pollutant and waste quantities excluded	https://www.gov.uk/government/publications/download-industrial-emissions-and-waste-transfer-uk-prtr-data	official UK pollutant-register facility and activity classification	2026-09-28	Open Government Licence v3.0	Selected systematically from the 2024 UK PRTR CSV by NACE prefix in 10, 11, 17, 19, 20, 21, 22. This facility-level discovery record does not establish a process-reactor inventory, reactor design, capacity, or current operating state.
uk-prtr:EW_EA-20110	Walkers Deli & Sausage Co - EPR/CP3830WP	United Kingdom	52.644500	-1.118659	UK PRTR-published facility point; positional accuracy not independently verified	NACE 10.89 — Manufacture of other food products n.e.c.	NACE 10.89 — Manufacture of other food products n.e.c. | UK PRTR Annex I activity 8.(b)		reported in UK PRTR for 2024; operating status not asserted	SAMWORTH BROTHERS LIMITED		source industry classification only; pollutant and waste quantities excluded	https://www.gov.uk/government/publications/download-industrial-emissions-and-waste-transfer-uk-prtr-data	official UK pollutant-register facility and activity classification	2026-09-28	Open Government Licence v3.0	Selected systematically from the 2024 UK PRTR CSV by NACE prefix in 10, 11, 17, 19, 20, 21, 22. This facility-level discovery record does not establish a process-reactor inventory, reactor design, capacity, or current operating state.
uk-prtr:EW_EA-20116	Greencore Prepared Meals Wisbech EPR/NP3038DV	United Kingdom	52.652908	0.159845	UK PRTR-published facility point; positional accuracy not independently verified	NACE 10.85 — Manufacture of prepared meals and dishes	NACE 10.85 — Manufacture of prepared meals and dishes | UK PRTR Annex I activity 8.(b)		reported in UK PRTR for 2024; operating status not asserted	GREENCORE PREPARED MEALS LIMITED		source industry classification only; pollutant and waste quantities excluded	https://www.gov.uk/government/publications/download-industrial-emissions-and-waste-transfer-uk-prtr-data	official UK pollutant-register facility and activity classification	2026-09-28	Open Government Licence v3.0	Selected systematically from the 2024 UK PRTR CSV by NACE prefix in 10, 11, 17, 19, 20, 21, 22. This facility-level discovery record does not establish a process-reactor inventory, reactor design, capacity, or current operating state.
uk-prtr:EW_EA-20117	Cotteswold Dairy - EPR/MP3334DZ	United Kingdom	51.998243	-2.137744	UK PRTR-published facility point; positional accuracy not independently verified	NACE 10.51 — Operation of dairies and cheese making	NACE 10.51 — Operation of dairies and cheese making | UK PRTR Annex I activity 8.(c)		reported in UK PRTR for 2024; operating status not asserted	COTTESWOLD DAIRY LIMITED		source industry classification only; pollutant and waste quantities excluded	https://www.gov.uk/government/publications/download-industrial-emissions-and-waste-transfer-uk-prtr-data	official UK pollutant-register facility and activity classification	2026-09-28	Open Government Licence v3.0	Selected systematically from the 2024 UK PRTR CSV by NACE prefix in 10, 11, 17, 19, 20, 21, 22. This facility-level discovery record does not establish a process-reactor inventory, reactor design, capacity, or current operating state.
uk-prtr:EW_EA-20119	Southall Ready Meals Factory - EPR/AP3139AM	United Kingdom	51.507223	-0.356043	UK PRTR-published facility point; positional accuracy not independently verified	NACE 10.85 — Manufacture of prepared meals and dishes	NACE 10.85 — Manufacture of prepared meals and dishes | UK PRTR Annex I activity 8.(b)		reported in UK PRTR for 2024; operating status not asserted	PILGRIM'S FOOD MASTERS UK LIMITED		source industry classification only; pollutant and waste quantities excluded	https://www.gov.uk/government/publications/download-industrial-emissions-and-waste-transfer-uk-prtr-data	official UK pollutant-register facility and activity classification	2026-09-28	Open Government Licence v3.0	Selected systematically from the 2024 UK PRTR CSV by NACE prefix in 10, 11, 17, 19, 20, 21, 22. This facility-level discovery record does not establish a process-reactor inventory, reactor design, capacity, or current operating state.
uk-prtr:EW_EA-20120	Samworth Brothers, Madeline Road - EPR/CP3430WV	United Kingdom	52.674241	-1.153557	UK PRTR-published facility point; positional accuracy not independently verified	NACE 10.85 — Manufacture of prepared meals and dishes	NACE 10.85 — Manufacture of prepared meals and dishes | UK PRTR Annex I activity 8.(b)		reported in UK PRTR for 2024; operating status not asserted	SAMWORTH BROTHERS LIMITED		source industry classification only; pollutant and waste quantities excluded	https://www.gov.uk/government/publications/download-industrial-emissions-and-waste-transfer-uk-prtr-data	official UK pollutant-register facility and activity classification	2026-09-28	Open Government Licence v3.0	Selected systematically from the 2024 UK PRTR CSV by NACE prefix in 10, 11, 17, 19, 20, 21, 22. This facility-level discovery record does not establish a process-reactor inventory, reactor design, capacity, or current operating state.
uk-prtr:EW_EA-20122	Kettleby Foods & Melton Foods - EPR/CP3630WD	United Kingdom	52.754763	-0.917886	UK PRTR-published facility point; positional accuracy not independently verified	NACE 10.89 — Manufacture of other food products n.e.c.	NACE 10.89 — Manufacture of other food products n.e.c. | UK PRTR Annex I activity 8.(b)		reported in UK PRTR for 2024; operating status not asserted	SAMWORTH BROTHERS LIMITED		source industry classification only; pollutant and waste quantities excluded	https://www.gov.uk/government/publications/download-industrial-emissions-and-waste-transfer-uk-prtr-data	official UK pollutant-register facility and activity classification	2026-09-28	Open Government Licence v3.0	Selected systematically from the 2024 UK PRTR CSV by NACE prefix in 10, 11, 17, 19, 20, 21, 22. This facility-level discovery record does not establish a process-reactor inventory, reactor design, capacity, or current operating state.
uk-prtr:EW_EA-20123	Walkers and Son EPR/ZP3039WB	United Kingdom	52.672738	-1.157135	UK PRTR-published facility point; positional accuracy not independently verified	NACE 10.89 — Manufacture of other food products n.e.c.	NACE 10.89 — Manufacture of other food products n.e.c. | UK PRTR Annex I activity 8.(b)		reported in UK PRTR for 2024; operating status not asserted	SAMWORTH BROTHERS LIMITED		source industry classification only; pollutant and waste quantities excluded	https://www.gov.uk/government/publications/download-industrial-emissions-and-waste-transfer-uk-prtr-data	official UK pollutant-register facility and activity classification	2026-09-28	Open Government Licence v3.0	Selected systematically from the 2024 UK PRTR CSV by NACE prefix in 10, 11, 17, 19, 20, 21, 22. This facility-level discovery record does not establish a process-reactor inventory, reactor design, capacity, or current operating state.
uk-prtr:EW_EA-20128	JG Pears Newark Animal Rendering - EPR/AP3436DG	United Kingdom	53.215200	-0.798100	UK PRTR-published facility point; positional accuracy not independently verified	NACE 10.13 — Production of meat and poultry meat products	NACE 10.13 — Production of meat and poultry meat products | UK PRTR Annex I activity 5.(e)		reported in UK PRTR for 2024; operating status not asserted	J G PEARS (NEWARK) LIMITED		source industry classification only; pollutant and waste quantities excluded	https://www.gov.uk/government/publications/download-industrial-emissions-and-waste-transfer-uk-prtr-data	official UK pollutant-register facility and activity classification	2026-09-28	Open Government Licence v3.0	Selected systematically from the 2024 UK PRTR CSV by NACE prefix in 10, 11, 17, 19, 20, 21, 22. This facility-level discovery record does not establish a process-reactor inventory, reactor design, capacity, or current operating state.
uk-prtr:EW_EA-2013	SEATON CAREW SPECIALITY CHEMICALS EA/EPR/DP3034GB/T001	United Kingdom	54.638088	-1.173402	UK PRTR-published facility point; positional accuracy not independently verified	NACE 20.59 — Manufacture of other chemical products n.e.c.	NACE 20.59 — Manufacture of other chemical products n.e.c. | UK PRTR Annex I activity 4.(a)		reported in UK PRTR for 2024; operating status not asserted	Natara Global Limited		source industry classification only; pollutant and waste quantities excluded	https://www.gov.uk/government/publications/download-industrial-emissions-and-waste-transfer-uk-prtr-data	official UK pollutant-register facility and activity classification	2026-09-28	Open Government Licence v3.0	Selected systematically from the 2024 UK PRTR CSV by NACE prefix in 10, 11, 17, 19, 20, 21, 22. This facility-level discovery record does not establish a process-reactor inventory, reactor design, capacity, or current operating state.
uk-prtr:EW_EA-20138	The Winery EPR/VP3434YY	United Kingdom	53.439617	-2.416499	UK PRTR-published facility point; positional accuracy not independently verified	NACE 11.02 — Manufacture of wine from grape	NACE 11.02 — Manufacture of wine from grape | UK PRTR Annex I activity 8.(b)		reported in UK PRTR for 2024; operating status not asserted	KINGSLAND DRINKS LIMITED		source industry classification only; pollutant and waste quantities excluded	https://www.gov.uk/government/publications/download-industrial-emissions-and-waste-transfer-uk-prtr-data	official UK pollutant-register facility and activity classification	2026-09-28	Open Government Licence v3.0	Selected systematically from the 2024 UK PRTR CSV by NACE prefix in 10, 11, 17, 19, 20, 21, 22. This facility-level discovery record does not establish a process-reactor inventory, reactor design, capacity, or current operating state.
uk-prtr:EW_EA-20141	Mizkan Bury St Edmunds EPR/NP3731AZ	United Kingdom	52.266536	0.705292	UK PRTR-published facility point; positional accuracy not independently verified	NACE 10.39 — Other processing and preserving of fruit and vegetables	NACE 10.39 — Other processing and preserving of fruit and vegetables | UK PRTR Annex I activity 8.(b)		reported in UK PRTR for 2024; operating status not asserted	MIZKAN EURO LIMITED		source industry classification only; pollutant and waste quantities excluded	https://www.gov.uk/government/publications/download-industrial-emissions-and-waste-transfer-uk-prtr-data	official UK pollutant-register facility and activity classification	2026-09-28	Open Government Licence v3.0	Selected systematically from the 2024 UK PRTR CSV by NACE prefix in 10, 11, 17, 19, 20, 21, 22. This facility-level discovery record does not establish a process-reactor inventory, reactor design, capacity, or current operating state.
uk-prtr:EW_EA-20142	Stourport Cider Mill - EPR/CP3130AC	United Kingdom	52.325092	-2.267584	UK PRTR-published facility point; positional accuracy not independently verified	NACE 11.03 — Manufacture of cider and other fruit wines	NACE 11.03 — Manufacture of cider and other fruit wines | UK PRTR Annex I activity 8.(b)		reported in UK PRTR for 2024; operating status not asserted	ASTON MANOR LIMITED		source industry classification only; pollutant and waste quantities excluded	https://www.gov.uk/government/publications/download-industrial-emissions-and-waste-transfer-uk-prtr-data	official UK pollutant-register facility and activity classification	2026-09-28	Open Government Licence v3.0	Selected systematically from the 2024 UK PRTR CSV by NACE prefix in 10, 11, 17, 19, 20, 21, 22. This facility-level discovery record does not establish a process-reactor inventory, reactor design, capacity, or current operating state.
uk-prtr:EW_EA-20147	Wixland Mill EPR/UP3131RB	United Kingdom	50.979948	-4.002828	UK PRTR-published facility point; positional accuracy not independently verified	NACE 10.91 — Manufacture of prepared feeds for farm animals	NACE 10.91 — Manufacture of prepared feeds for farm animals | UK PRTR Annex I activity 8.(b)		reported in UK PRTR for 2024; operating status not asserted	NWF AGRICULTURE LIMITED		source industry classification only; pollutant and waste quantities excluded	https://www.gov.uk/government/publications/download-industrial-emissions-and-waste-transfer-uk-prtr-data	official UK pollutant-register facility and activity classification	2026-09-28	Open Government Licence v3.0	Selected systematically from the 2024 UK PRTR CSV by NACE prefix in 10, 11, 17, 19, 20, 21, 22. This facility-level discovery record does not establish a process-reactor inventory, reactor design, capacity, or current operating state.
uk-prtr:EW_EA-20150	Warburtons Enfield Bakery	United Kingdom	51.656626	-0.026073	UK PRTR-published facility point; positional accuracy not independently verified	NACE 10.71 — Manufacture of bread; manufacture of fresh pastry goods and cakes	NACE 10.71 — Manufacture of bread; manufacture of fresh pastry goods and cakes | UK PRTR Annex I activity 8.(b)		reported in UK PRTR for 2024; operating status not asserted	WARBURTONS LIMITED		source industry classification only; pollutant and waste quantities excluded	https://www.gov.uk/government/publications/download-industrial-emissions-and-waste-transfer-uk-prtr-data	official UK pollutant-register facility and activity classification	2026-09-28	Open Government Licence v3.0	Selected systematically from the 2024 UK PRTR CSV by NACE prefix in 10, 11, 17, 19, 20, 21, 22. This facility-level discovery record does not establish a process-reactor inventory, reactor design, capacity, or current operating state.
uk-prtr:EW_EA-20170	Castleford Production Facility EPR/SP3938DE	United Kingdom	53.710142	-1.388500	UK PRTR-published facility point; positional accuracy not independently verified	NACE 10.82 — Manufacture of cocoa, chocolate and sugar confectionery	NACE 10.82 — Manufacture of cocoa, chocolate and sugar confectionery | UK PRTR Annex I activity 8.(b)		reported in UK PRTR for 2024; operating status not asserted	DUNHILLS (PONTEFRACT) PLC		source industry classification only; pollutant and waste quantities excluded	https://www.gov.uk/government/publications/download-industrial-emissions-and-waste-transfer-uk-prtr-data	official UK pollutant-register facility and activity classification	2026-09-28	Open Government Licence v3.0	Selected systematically from the 2024 UK PRTR CSV by NACE prefix in 10, 11, 17, 19, 20, 21, 22. This facility-level discovery record does not establish a process-reactor inventory, reactor design, capacity, or current operating state.
uk-prtr:EW_EA-20174	Wakefield Bakery - EPR/DP3433WQ	United Kingdom	53.718066	-1.409448	UK PRTR-published facility point; positional accuracy not independently verified	NACE 10.71 — Manufacture of bread; manufacture of fresh pastry goods and cakes	NACE 10.71 — Manufacture of bread; manufacture of fresh pastry goods and cakes | UK PRTR Annex I activity 8.(b)		reported in UK PRTR for 2024; operating status not asserted	WARBURTONS LIMITED		source industry classification only; pollutant and waste quantities excluded	https://www.gov.uk/government/publications/download-industrial-emissions-and-waste-transfer-uk-prtr-data	official UK pollutant-register facility and activity classification	2026-09-28	Open Government Licence v3.0	Selected systematically from the 2024 UK PRTR CSV by NACE prefix in 10, 11, 17, 19, 20, 21, 22. This facility-level discovery record does not establish a process-reactor inventory, reactor design, capacity, or current operating state.
uk-prtr:EW_EA-20175	ABP Sturminster Newton EPR/PP3932EB	United Kingdom	50.937348	-2.280027	UK PRTR-published facility point; positional accuracy not independently verified	NACE 10.11 — Processing and preserving of meat	NACE 10.11 — Processing and preserving of meat | UK PRTR Annex I activity 8.(a)		reported in UK PRTR for 2024; operating status not asserted	ANGLO BEEF PROCESSORS UK		source industry classification only; pollutant and waste quantities excluded	https://www.gov.uk/government/publications/download-industrial-emissions-and-waste-transfer-uk-prtr-data	official UK pollutant-register facility and activity classification	2026-09-28	Open Government Licence v3.0	Selected systematically from the 2024 UK PRTR CSV by NACE prefix in 10, 11, 17, 19, 20, 21, 22. This facility-level discovery record does not establish a process-reactor inventory, reactor design, capacity, or current operating state.
uk-prtr:EW_EA-20178	EPR/BP3531RN - Forge Hill Lane, Kings Mill	United Kingdom	53.711170	-1.252733	UK PRTR-published facility point; positional accuracy not independently verified	NACE 10.61 — Manufacture of grain mill products	NACE 10.61 — Manufacture of grain mill products | UK PRTR Annex I activity 8.(b)		reported in UK PRTR for 2024; operating status not asserted	ADM MILLING LIMITED		source industry classification only; pollutant and waste quantities excluded	https://www.gov.uk/government/publications/download-industrial-emissions-and-waste-transfer-uk-prtr-data	official UK pollutant-register facility and activity classification	2026-09-28	Open Government Licence v3.0	Selected systematically from the 2024 UK PRTR CSV by NACE prefix in 10, 11, 17, 19, 20, 21, 22. This facility-level discovery record does not establish a process-reactor inventory, reactor design, capacity, or current operating state.
uk-prtr:EW_EA-204	Vale Industrial Estate EPR/BP3723PR	United Kingdom	52.368079	-2.261382	UK PRTR-published facility point; positional accuracy not independently verified	NACE 20.52 — Manufacture of glues	NACE 20.52 — Manufacture of glues | UK PRTR Annex I activity 4.(a)		reported in UK PRTR for 2024; operating status not asserted	BOSTIK LIMITED		source industry classification only; pollutant and waste quantities excluded	https://www.gov.uk/government/publications/download-industrial-emissions-and-waste-transfer-uk-prtr-data	official UK pollutant-register facility and activity classification	2026-09-28	Open Government Licence v3.0	Selected systematically from the 2024 UK PRTR CSV by NACE prefix in 10, 11, 17, 19, 20, 21, 22. This facility-level discovery record does not establish a process-reactor inventory, reactor design, capacity, or current operating state.
uk-prtr:EW_EA-2048	Northside Works EPR/EP3735RU	United Kingdom	54.653395	-3.554571	UK PRTR-published facility point; positional accuracy not independently verified	NACE 20.14 — Manufacture of other organic basic chemicals	NACE 20.14 — Manufacture of other organic basic chemicals | UK PRTR Annex I activity 4.(a)		reported in UK PRTR for 2024; operating status not asserted	Aurorium UK Limited		source industry classification only; pollutant and waste quantities excluded	https://www.gov.uk/government/publications/download-industrial-emissions-and-waste-transfer-uk-prtr-data	official UK pollutant-register facility and activity classification	2026-09-28	Open Government Licence v3.0	Selected systematically from the 2024 UK PRTR CSV by NACE prefix in 10, 11, 17, 19, 20, 21, 22. This facility-level discovery record does not establish a process-reactor inventory, reactor design, capacity, or current operating state.
uk-prtr:EW_EA-20546	Billingham Emulsion Plant EPR/VP3439YG	United Kingdom	54.598784	-1.270878	UK PRTR-published facility point; positional accuracy not independently verified	NACE 20.14 — Manufacture of other organic basic chemicals	NACE 20.14 — Manufacture of other organic basic chemicals | UK PRTR Annex I activity 4.(a)		reported in UK PRTR for 2024; operating status not asserted	SNF OIL AND GAS LTD		source industry classification only; pollutant and waste quantities excluded	https://www.gov.uk/government/publications/download-industrial-emissions-and-waste-transfer-uk-prtr-data	official UK pollutant-register facility and activity classification	2026-09-28	Open Government Licence v3.0	Selected systematically from the 2024 UK PRTR CSV by NACE prefix in 10, 11, 17, 19, 20, 21, 22. This facility-level discovery record does not establish a process-reactor inventory, reactor design, capacity, or current operating state.
uk-prtr:EW_EA-2068	Lancaster (South) Paper Mill EPR/LP3232ZM	United Kingdom	54.063866	-2.788194	UK PRTR-published facility point; positional accuracy not independently verified	NACE 17.12 — Manufacture of paper and paperboard	NACE 17.12 — Manufacture of paper and paperboard | UK PRTR Annex I activity 6.(b)		reported in UK PRTR for 2024; operating status not asserted	NORTHWOOD TISSUE (LANCASTER) LIMITED		source industry classification only; pollutant and waste quantities excluded	https://www.gov.uk/government/publications/download-industrial-emissions-and-waste-transfer-uk-prtr-data	official UK pollutant-register facility and activity classification	2026-09-28	Open Government Licence v3.0	Selected systematically from the 2024 UK PRTR CSV by NACE prefix in 10, 11, 17, 19, 20, 21, 22. This facility-level discovery record does not establish a process-reactor inventory, reactor design, capacity, or current operating state.
uk-prtr:EW_EA-2070	Harwich Refinery EPR/NP3139LM	United Kingdom	51.943500	1.246074	UK PRTR-published facility point; positional accuracy not independently verified	NACE 19.20 — Manufacture of refined petroleum products	NACE 19.20 — Manufacture of refined petroleum products | UK PRTR Annex I activity 1.(a)		reported in UK PRTR for 2024; operating status not asserted	HALTERMANN CARLESS UK LIMITED		source industry classification only; pollutant and waste quantities excluded	https://www.gov.uk/government/publications/download-industrial-emissions-and-waste-transfer-uk-prtr-data	official UK pollutant-register facility and activity classification	2026-09-28	Open Government Licence v3.0	Selected systematically from the 2024 UK PRTR CSV by NACE prefix in 10, 11, 17, 19, 20, 21, 22. This facility-level discovery record does not establish a process-reactor inventory, reactor design, capacity, or current operating state.
uk-prtr:EW_EA-2071	North Tees Oil Refinery & Road/Rail Terminal	United Kingdom	54.599271	-1.187810	UK PRTR-published facility point; positional accuracy not independently verified	NACE 19.20 — Manufacture of refined petroleum products	NACE 19.20 — Manufacture of refined petroleum products | UK PRTR Annex I activity 1.(a)		reported in UK PRTR for 2024; operating status not asserted	NAVIGATOR TERMINALS NORTH TEES LIMITED		source industry classification only; pollutant and waste quantities excluded	https://www.gov.uk/government/publications/download-industrial-emissions-and-waste-transfer-uk-prtr-data	official UK pollutant-register facility and activity classification	2026-09-28	Open Government Licence v3.0	Selected systematically from the 2024 UK PRTR CSV by NACE prefix in 10, 11, 17, 19, 20, 21, 22. This facility-level discovery record does not establish a process-reactor inventory, reactor design, capacity, or current operating state.
uk-prtr:EW_EA-209	Ellesmere Port Lead Alkyl - EPR/BM0508IG	United Kingdom	53.284786	-2.873527	UK PRTR-published facility point; positional accuracy not independently verified	NACE 20.59 — Manufacture of other chemical products n.e.c.	NACE 20.59 — Manufacture of other chemical products n.e.c. | UK PRTR Annex I activity 4.(a)		reported in UK PRTR for 2024; operating status not asserted	INNOSPEC LIMITED		source industry classification only; pollutant and waste quantities excluded	https://www.gov.uk/government/publications/download-industrial-emissions-and-waste-transfer-uk-prtr-data	official UK pollutant-register facility and activity classification	2026-09-28	Open Government Licence v3.0	Selected systematically from the 2024 UK PRTR CSV by NACE prefix in 10, 11, 17, 19, 20, 21, 22. This facility-level discovery record does not establish a process-reactor inventory, reactor design, capacity, or current operating state.
uk-prtr:EW_EA-2108	Trafford Park, Organic Chemicals - EPR/KP3930QM	United Kingdom	53.475551	-2.337450	UK PRTR-published facility point; positional accuracy not independently verified	NACE 20.59 — Manufacture of other chemical products n.e.c.	NACE 20.59 — Manufacture of other chemical products n.e.c. | UK PRTR Annex I activity 4.(a)		reported in UK PRTR for 2024; operating status not asserted	ITALMATCH CHEMICAL GB LIMITED		source industry classification only; pollutant and waste quantities excluded	https://www.gov.uk/government/publications/download-industrial-emissions-and-waste-transfer-uk-prtr-data	official UK pollutant-register facility and activity classification	2026-09-28	Open Government Licence v3.0	Selected systematically from the 2024 UK PRTR CSV by NACE prefix in 10, 11, 17, 19, 20, 21, 22. This facility-level discovery record does not establish a process-reactor inventory, reactor design, capacity, or current operating state.
uk-prtr:EW_EA-2143	Romiley Board Mill - EPR/BJ8995ID	United Kingdom	53.410832	-2.083603	UK PRTR-published facility point; positional accuracy not independently verified	NACE 17.12 — Manufacture of paper and paperboard	NACE 17.12 — Manufacture of paper and paperboard | UK PRTR Annex I activity 6.(b)		reported in UK PRTR for 2024; operating status not asserted	PRESTON BOARD & PACKAGING LIMITED		source industry classification only; pollutant and waste quantities excluded	https://www.gov.uk/government/publications/download-industrial-emissions-and-waste-transfer-uk-prtr-data	official UK pollutant-register facility and activity classification	2026-09-28	Open Government Licence v3.0	Selected systematically from the 2024 UK PRTR CSV by NACE prefix in 10, 11, 17, 19, 20, 21, 22. This facility-level discovery record does not establish a process-reactor inventory, reactor design, capacity, or current operating state.
uk-prtr:EW_EA-2147	Procter & Gamble Product Supply (U.K.) Limited - London Plant EPR/BT8864IT	United Kingdom	51.470799	0.292468	UK PRTR-published facility point; positional accuracy not independently verified	NACE 20.41 — Manufacture of soap and detergents, cleaning and polishing preparations	NACE 20.41 — Manufacture of soap and detergents, cleaning and polishing preparations | UK PRTR Annex I activity 4.(a)		reported in UK PRTR for 2024; operating status not asserted	PROCTER & GAMBLE PRODUCT SUPPLY (UK) LIMITED		source industry classification only; pollutant and waste quantities excluded	https://www.gov.uk/government/publications/download-industrial-emissions-and-waste-transfer-uk-prtr-data	official UK pollutant-register facility and activity classification	2026-09-28	Open Government Licence v3.0	Selected systematically from the 2024 UK PRTR CSV by NACE prefix in 10, 11, 17, 19, 20, 21, 22. This facility-level discovery record does not establish a process-reactor inventory, reactor design, capacity, or current operating state.
uk-prtr:EW_EA-2148	Trafford Park EPR/KP3433GN	United Kingdom	53.478290	-2.322103	UK PRTR-published facility point; positional accuracy not independently verified	NACE 17.12 — Manufacture of paper and paperboard	NACE 17.12 — Manufacture of paper and paperboard | UK PRTR Annex I activity 6.(b)		reported in UK PRTR for 2024; operating status not asserted	Essity Operations Manchester Ltd		source industry classification only; pollutant and waste quantities excluded	https://www.gov.uk/government/publications/download-industrial-emissions-and-waste-transfer-uk-prtr-data	official UK pollutant-register facility and activity classification	2026-09-28	Open Government Licence v3.0	Selected systematically from the 2024 UK PRTR CSV by NACE prefix in 10, 11, 17, 19, 20, 21, 22. This facility-level discovery record does not establish a process-reactor inventory, reactor design, capacity, or current operating state.
uk-prtr:EW_EA-2152	Bull Lane Industrial Estate EPR/ BV6196IM	United Kingdom	52.079246	0.746640	UK PRTR-published facility point; positional accuracy not independently verified	NACE 20.14 — Manufacture of other organic basic chemicals	NACE 20.14 — Manufacture of other organic basic chemicals | UK PRTR Annex I activity 4.(a)		reported in UK PRTR for 2024; operating status not asserted	PROSYNTH LIMITED		source industry classification only; pollutant and waste quantities excluded	https://www.gov.uk/government/publications/download-industrial-emissions-and-waste-transfer-uk-prtr-data	official UK pollutant-register facility and activity classification	2026-09-28	Open Government Licence v3.0	Selected systematically from the 2024 UK PRTR CSV by NACE prefix in 10, 11, 17, 19, 20, 21, 22. This facility-level discovery record does not establish a process-reactor inventory, reactor design, capacity, or current operating state.
uk-prtr:EW_EA-219	Astrazeneca Macclesfield EPR/BP3731SR	United Kingdom	53.273726	-2.118424	UK PRTR-published facility point; positional accuracy not independently verified	NACE 21.10 — Manufacture of basic pharmaceutical products	NACE 21.10 — Manufacture of basic pharmaceutical products | UK PRTR Annex I activity 4.(e)		reported in UK PRTR for 2024; operating status not asserted	ASTRAZENECA UK LIMITED		source industry classification only; pollutant and waste quantities excluded	https://www.gov.uk/government/publications/download-industrial-emissions-and-waste-transfer-uk-prtr-data	official UK pollutant-register facility and activity classification	2026-09-28	Open Government Licence v3.0	Selected systematically from the 2024 UK PRTR CSV by NACE prefix in 10, 11, 17, 19, 20, 21, 22. This facility-level discovery record does not establish a process-reactor inventory, reactor design, capacity, or current operating state.
uk-prtr:EW_EA-2196	Mitcham Polyester Resin EPR/YP3530LU	United Kingdom	51.393099	-0.167381	UK PRTR-published facility point; positional accuracy not independently verified	NACE 20.16 — Manufacture of plastics in primary forms	NACE 20.16 — Manufacture of plastics in primary forms | UK PRTR Annex I activity 4.(a)		reported in UK PRTR for 2024; operating status not asserted	Polynt Composites UK Limited		source industry classification only; pollutant and waste quantities excluded	https://www.gov.uk/government/publications/download-industrial-emissions-and-waste-transfer-uk-prtr-data	official UK pollutant-register facility and activity classification	2026-09-28	Open Government Licence v3.0	Selected systematically from the 2024 UK PRTR CSV by NACE prefix in 10, 11, 17, 19, 20, 21, 22. This facility-level discovery record does not establish a process-reactor inventory, reactor design, capacity, or current operating state.
uk-prtr:EW_EA-22027	Johnson Matthey Fuel Cells - EPR/MP3532JR	United Kingdom	51.547695	-1.856605	UK PRTR-published facility point; positional accuracy not independently verified	NACE 20.14 — Manufacture of other organic basic chemicals	NACE 20.14 — Manufacture of other organic basic chemicals | UK PRTR Annex I activity 4.(b)		reported in UK PRTR for 2024; operating status not asserted	JOHNSON MATTHEY FUEL CELLS LIMITED		source industry classification only; pollutant and waste quantities excluded	https://www.gov.uk/government/publications/download-industrial-emissions-and-waste-transfer-uk-prtr-data	official UK pollutant-register facility and activity classification	2026-09-28	Open Government Licence v3.0	Selected systematically from the 2024 UK PRTR CSV by NACE prefix in 10, 11, 17, 19, 20, 21, 22. This facility-level discovery record does not establish a process-reactor inventory, reactor design, capacity, or current operating state.
uk-prtr:EW_EA-22114	Cambridge Science Park - EPR/JP3739JH	United Kingdom	52.231866	0.143006	UK PRTR-published facility point; positional accuracy not independently verified	NACE 20.14 — Manufacture of other organic basic chemicals	NACE 20.14 — Manufacture of other organic basic chemicals | UK PRTR Annex I activity 4.(a)		reported in UK PRTR for 2024; operating status not asserted	JOHNSON MATTHEY PLC		source industry classification only; pollutant and waste quantities excluded	https://www.gov.uk/government/publications/download-industrial-emissions-and-waste-transfer-uk-prtr-data	official UK pollutant-register facility and activity classification	2026-09-28	Open Government Licence v3.0	Selected systematically from the 2024 UK PRTR CSV by NACE prefix in 10, 11, 17, 19, 20, 21, 22. This facility-level discovery record does not establish a process-reactor inventory, reactor design, capacity, or current operating state.
uk-prtr:EW_EA-22123	Huntworth Mill - EPR/AP3930WP	United Kingdom	50.917062	-2.953630	UK PRTR-published facility point; positional accuracy not independently verified	NACE 10.91 — Manufacture of prepared feeds for farm animals	NACE 10.91 — Manufacture of prepared feeds for farm animals | UK PRTR Annex I activity 8.(b)		reported in UK PRTR for 2024; operating status not asserted	MOLE VALLEY FEED SOLUTIONS LTD		source industry classification only; pollutant and waste quantities excluded	https://www.gov.uk/government/publications/download-industrial-emissions-and-waste-transfer-uk-prtr-data	official UK pollutant-register facility and activity classification	2026-09-28	Open Government Licence v3.0	Selected systematically from the 2024 UK PRTR CSV by NACE prefix in 10, 11, 17, 19, 20, 21, 22. This facility-level discovery record does not establish a process-reactor inventory, reactor design, capacity, or current operating state.
uk-prtr:EW_EA-22124	Seamer Mill EPR/CP3137RR	United Kingdom	54.479987	-1.219437	UK PRTR-published facility point; positional accuracy not independently verified	NACE 10.91 — Manufacture of prepared feeds for farm animals	NACE 10.91 — Manufacture of prepared feeds for farm animals | UK PRTR Annex I activity 8.(b)		reported in UK PRTR for 2024; operating status not asserted	NOBLE FOODS CO		source industry classification only; pollutant and waste quantities excluded	https://www.gov.uk/government/publications/download-industrial-emissions-and-waste-transfer-uk-prtr-data	official UK pollutant-register facility and activity classification	2026-09-28	Open Government Licence v3.0	Selected systematically from the 2024 UK PRTR CSV by NACE prefix in 10, 11, 17, 19, 20, 21, 22. This facility-level discovery record does not establish a process-reactor inventory, reactor design, capacity, or current operating state.
uk-prtr:EW_EA-22126	Finmere Mill EPR/FP3237RP	United Kingdom	51.982023	-1.053235	UK PRTR-published facility point; positional accuracy not independently verified	NACE 10.91 — Manufacture of prepared feeds for farm animals	NACE 10.91 — Manufacture of prepared feeds for farm animals | UK PRTR Annex I activity 8.(b)		reported in UK PRTR for 2024; operating status not asserted	NOBLE FOODS CO		source industry classification only; pollutant and waste quantities excluded	https://www.gov.uk/government/publications/download-industrial-emissions-and-waste-transfer-uk-prtr-data	official UK pollutant-register facility and activity classification	2026-09-28	Open Government Licence v3.0	Selected systematically from the 2024 UK PRTR CSV by NACE prefix in 10, 11, 17, 19, 20, 21, 22. This facility-level discovery record does not establish a process-reactor inventory, reactor design, capacity, or current operating state.
uk-prtr:EW_EA-22127	Clearwell Mill - EPR/FP3437RM	United Kingdom	51.775622	-2.616085	UK PRTR-published facility point; positional accuracy not independently verified	NACE 10.91 — Manufacture of prepared feeds for farm animals	NACE 10.91 — Manufacture of prepared feeds for farm animals | UK PRTR Annex I activity 8.(b)		reported in UK PRTR for 2024; operating status not asserted	NOBLE FOODS CO		source industry classification only; pollutant and waste quantities excluded	https://www.gov.uk/government/publications/download-industrial-emissions-and-waste-transfer-uk-prtr-data	official UK pollutant-register facility and activity classification	2026-09-28	Open Government Licence v3.0	Selected systematically from the 2024 UK PRTR CSV by NACE prefix in 10, 11, 17, 19, 20, 21, 22. This facility-level discovery record does not establish a process-reactor inventory, reactor design, capacity, or current operating state.
uk-prtr:EW_EA-22128	Dorchester Mill - EPR/GP3535AH	United Kingdom	50.777132	-2.394234	UK PRTR-published facility point; positional accuracy not independently verified	NACE 10.91 — Manufacture of prepared feeds for farm animals	NACE 10.91 — Manufacture of prepared feeds for farm animals | UK PRTR Annex I activity 8.(b)		reported in UK PRTR for 2024; operating status not asserted	MOLE VALLEY FEED SOLUTIONS LTD		source industry classification only; pollutant and waste quantities excluded	https://www.gov.uk/government/publications/download-industrial-emissions-and-waste-transfer-uk-prtr-data	official UK pollutant-register facility and activity classification	2026-09-28	Open Government Licence v3.0	Selected systematically from the 2024 UK PRTR CSV by NACE prefix in 10, 11, 17, 19, 20, 21, 22. This facility-level discovery record does not establish a process-reactor inventory, reactor design, capacity, or current operating state.
uk-prtr:EW_EA-22130	Paynes Dairies - EPR/KP3739JF	United Kingdom	54.088315	-1.416741	UK PRTR-published facility point; positional accuracy not independently verified	NACE 10.51 — Operation of dairies and cheese making	NACE 10.51 — Operation of dairies and cheese making | UK PRTR Annex I activity 8.(c)		reported in UK PRTR for 2024; operating status not asserted	PAYNES DAIRIES LIMITED		source industry classification only; pollutant and waste quantities excluded	https://www.gov.uk/government/publications/download-industrial-emissions-and-waste-transfer-uk-prtr-data	official UK pollutant-register facility and activity classification	2026-09-28	Open Government Licence v3.0	Selected systematically from the 2024 UK PRTR CSV by NACE prefix in 10, 11, 17, 19, 20, 21, 22. This facility-level discovery record does not establish a process-reactor inventory, reactor design, capacity, or current operating state.
uk-prtr:EW_EA-22132	Greencore Food To Go Spalding EPR/SP3936AK	United Kingdom	52.808838	-0.144316	UK PRTR-published facility point; positional accuracy not independently verified	NACE 10.89 — Manufacture of other food products n.e.c.	NACE 10.89 — Manufacture of other food products n.e.c. | UK PRTR Annex I activity 8.(b)		reported in UK PRTR for 2024; operating status not asserted	GREENCORE FOOD TO GO LIMITED		source industry classification only; pollutant and waste quantities excluded	https://www.gov.uk/government/publications/download-industrial-emissions-and-waste-transfer-uk-prtr-data	official UK pollutant-register facility and activity classification	2026-09-28	Open Government Licence v3.0	Selected systematically from the 2024 UK PRTR CSV by NACE prefix in 10, 11, 17, 19, 20, 21, 22. This facility-level discovery record does not establish a process-reactor inventory, reactor design, capacity, or current operating state.
uk-prtr:EW_EA-2215	Solvay Solutions UK Ltd - EPR/SP3339BL	United Kingdom	52.503938	-2.009090	UK PRTR-published facility point; positional accuracy not independently verified	NACE 20.13 — Manufacture of other inorganic basic chemicals	NACE 20.13 — Manufacture of other inorganic basic chemicals | UK PRTR Annex I activity 4.(a)		reported in UK PRTR for 2024; operating status not asserted	SOLVAY SOLUTIONS UK LIMITED		source industry classification only; pollutant and waste quantities excluded	https://www.gov.uk/government/publications/download-industrial-emissions-and-waste-transfer-uk-prtr-data	official UK pollutant-register facility and activity classification	2026-09-28	Open Government Licence v3.0	Selected systematically from the 2024 UK PRTR CSV by NACE prefix in 10, 11, 17, 19, 20, 21, 22. This facility-level discovery record does not establish a process-reactor inventory, reactor design, capacity, or current operating state.
uk-prtr:EW_EA-22412	Surface Transforms Liverpool	United Kingdom	53.482731	-2.847300	UK PRTR-published facility point; positional accuracy not independently verified	NACE 20.13 — Manufacture of other inorganic basic chemicals	NACE 20.13 — Manufacture of other inorganic basic chemicals | UK PRTR Annex I activity 4.(a)		reported in UK PRTR for 2024; operating status not asserted	SURFACE TRANSFORMS PLC		source industry classification only; pollutant and waste quantities excluded	https://www.gov.uk/government/publications/download-industrial-emissions-and-waste-transfer-uk-prtr-data	official UK pollutant-register facility and activity classification	2026-09-28	Open Government Licence v3.0	Selected systematically from the 2024 UK PRTR CSV by NACE prefix in 10, 11, 17, 19, 20, 21, 22. This facility-level discovery record does not establish a process-reactor inventory, reactor design, capacity, or current operating state.
uk-prtr:EW_EA-22417	URENCO ChemPlants Ltd	United Kingdom	53.261269	-2.951304	UK PRTR-published facility point; positional accuracy not independently verified	NACE 20.13 — Manufacture of other inorganic basic chemicals	NACE 20.13 — Manufacture of other inorganic basic chemicals | UK PRTR Annex I activity 4.(b)		reported in UK PRTR for 2024; operating status not asserted	URENCO CHEMPLANTS LIMITED		source industry classification only; pollutant and waste quantities excluded	https://www.gov.uk/government/publications/download-industrial-emissions-and-waste-transfer-uk-prtr-data	official UK pollutant-register facility and activity classification	2026-09-28	Open Government Licence v3.0	Selected systematically from the 2024 UK PRTR CSV by NACE prefix in 10, 11, 17, 19, 20, 21, 22. This facility-level discovery record does not establish a process-reactor inventory, reactor design, capacity, or current operating state.
uk-prtr:EW_EA-22422	Pharmaron UK Hoddesdon Site	United Kingdom	51.767890	-0.022382	UK PRTR-published facility point; positional accuracy not independently verified	NACE 21.10 — Manufacture of basic pharmaceutical products	NACE 21.10 — Manufacture of basic pharmaceutical products | UK PRTR Annex I activity 4.(e)		reported in UK PRTR for 2024; operating status not asserted	PHARMARON UK LIMITED		source industry classification only; pollutant and waste quantities excluded	https://www.gov.uk/government/publications/download-industrial-emissions-and-waste-transfer-uk-prtr-data	official UK pollutant-register facility and activity classification	2026-09-28	Open Government Licence v3.0	Selected systematically from the 2024 UK PRTR CSV by NACE prefix in 10, 11, 17, 19, 20, 21, 22. This facility-level discovery record does not establish a process-reactor inventory, reactor design, capacity, or current operating state.
uk-prtr:EW_EA-22464	Cullingworth Poultry Processing - EPR/YP3837JQ	United Kingdom	53.826079	-1.903646	UK PRTR-published facility point; positional accuracy not independently verified	NACE 10.11 — Processing and preserving of meat	NACE 10.11 — Processing and preserving of meat | UK PRTR Annex I activity 8.(a)		reported in UK PRTR for 2024; operating status not asserted	HCF POULTRY LIMITED		source industry classification only; pollutant and waste quantities excluded	https://www.gov.uk/government/publications/download-industrial-emissions-and-waste-transfer-uk-prtr-data	official UK pollutant-register facility and activity classification	2026-09-28	Open Government Licence v3.0	Selected systematically from the 2024 UK PRTR CSV by NACE prefix in 10, 11, 17, 19, 20, 21, 22. This facility-level discovery record does not establish a process-reactor inventory, reactor design, capacity, or current operating state.
uk-prtr:EW_EA-22465	Wildmere Industrial Estate - EPR/KP3333QJ	United Kingdom	52.074675	-1.320476	UK PRTR-published facility point; positional accuracy not independently verified	NACE 10.82 — Manufacture of cocoa, chocolate and sugar confectionery	NACE 10.82 — Manufacture of cocoa, chocolate and sugar confectionery | UK PRTR Annex I activity 8.(b)		reported in UK PRTR for 2024; operating status not asserted	BARRY CALLEBAUT MANUFACTURING (UK) LIMITED		source industry classification only; pollutant and waste quantities excluded	https://www.gov.uk/government/publications/download-industrial-emissions-and-waste-transfer-uk-prtr-data	official UK pollutant-register facility and activity classification	2026-09-28	Open Government Licence v3.0	Selected systematically from the 2024 UK PRTR CSV by NACE prefix in 10, 11, 17, 19, 20, 21, 22. This facility-level discovery record does not establish a process-reactor inventory, reactor design, capacity, or current operating state.
uk-prtr:EW_EA-22469	Rathbones Bakeries Limited - EPR/TP3230RP	United Kingdom	53.712692	-1.513764	UK PRTR-published facility point; positional accuracy not independently verified	NACE 10.71 — Manufacture of bread; manufacture of fresh pastry goods and cakes	NACE 10.71 — Manufacture of bread; manufacture of fresh pastry goods and cakes | UK PRTR Annex I activity 8.(b)		reported in UK PRTR for 2024; operating status not asserted	RATHBONES BAKERIES LIMITED		source industry classification only; pollutant and waste quantities excluded	https://www.gov.uk/government/publications/download-industrial-emissions-and-waste-transfer-uk-prtr-data	official UK pollutant-register facility and activity classification	2026-09-28	Open Government Licence v3.0	Selected systematically from the 2024 UK PRTR CSV by NACE prefix in 10, 11, 17, 19, 20, 21, 22. This facility-level discovery record does not establish a process-reactor inventory, reactor design, capacity, or current operating state.
uk-prtr:EW_EA-2247	Droitwich Dairy EPR/EP3836NU/T001	United Kingdom	52.284624	-2.179091	UK PRTR-published facility point; positional accuracy not independently verified	NACE 10.51 — Operation of dairies and cheese making	NACE 10.51 — Operation of dairies and cheese making | UK PRTR Annex I activity 8.(c)		reported in UK PRTR for 2024; operating status not asserted	MULLER UK & IRELAND GROUP LLP		source industry classification only; pollutant and waste quantities excluded	https://www.gov.uk/government/publications/download-industrial-emissions-and-waste-transfer-uk-prtr-data	official UK pollutant-register facility and activity classification	2026-09-28	Open Government Licence v3.0	Selected systematically from the 2024 UK PRTR CSV by NACE prefix in 10, 11, 17, 19, 20, 21, 22. This facility-level discovery record does not establish a process-reactor inventory, reactor design, capacity, or current operating state.
uk-prtr:EW_EA-22470	Greencore Food To Go Park Royal	United Kingdom	51.535221	-0.270685	UK PRTR-published facility point; positional accuracy not independently verified	NACE 10.13 — Production of meat and poultry meat products	NACE 10.13 — Production of meat and poultry meat products | UK PRTR Annex I activity 8.(b)		reported in UK PRTR for 2024; operating status not asserted	GREENCORE FOOD TO GO LIMITED		source industry classification only; pollutant and waste quantities excluded	https://www.gov.uk/government/publications/download-industrial-emissions-and-waste-transfer-uk-prtr-data	official UK pollutant-register facility and activity classification	2026-09-28	Open Government Licence v3.0	Selected systematically from the 2024 UK PRTR CSV by NACE prefix in 10, 11, 17, 19, 20, 21, 22. This facility-level discovery record does not establish a process-reactor inventory, reactor design, capacity, or current operating state.
uk-prtr:EW_EA-22471	Atherstone Oilseed Processing EPR/CP3030JR	United Kingdom	52.161273	-1.688869	UK PRTR-published facility point; positional accuracy not independently verified	NACE 10.41 — Manufacture of oils and fats	NACE 10.41 — Manufacture of oils and fats | UK PRTR Annex I activity 8.(b)		reported in UK PRTR for 2024; operating status not asserted	YELO ENTERPRISES LTD		source industry classification only; pollutant and waste quantities excluded	https://www.gov.uk/government/publications/download-industrial-emissions-and-waste-transfer-uk-prtr-data	official UK pollutant-register facility and activity classification	2026-09-28	Open Government Licence v3.0	Selected systematically from the 2024 UK PRTR CSV by NACE prefix in 10, 11, 17, 19, 20, 21, 22. This facility-level discovery record does not establish a process-reactor inventory, reactor design, capacity, or current operating state.
uk-prtr:EW_EA-22472	Aston Manor Brewery - Tiverton	United Kingdom	50.900206	-3.497095	UK PRTR-published facility point; positional accuracy not independently verified	NACE 11.05 — Manufacture of beer	NACE 11.05 — Manufacture of beer | UK PRTR Annex I activity 8.(b)		reported in UK PRTR for 2024; operating status not asserted	ASTON MANOR LIMITED		source industry classification only; pollutant and waste quantities excluded	https://www.gov.uk/government/publications/download-industrial-emissions-and-waste-transfer-uk-prtr-data	official UK pollutant-register facility and activity classification	2026-09-28	Open Government Licence v3.0	Selected systematically from the 2024 UK PRTR CSV by NACE prefix in 10, 11, 17, 19, 20, 21, 22. This facility-level discovery record does not establish a process-reactor inventory, reactor design, capacity, or current operating state.
uk-prtr:EW_EA-2251	Robinson Brothers - Phoenix Street - EPR/BS4316IV	United Kingdom	52.524344	-2.021475	UK PRTR-published facility point; positional accuracy not independently verified	NACE 20.14 — Manufacture of other organic basic chemicals	NACE 20.14 — Manufacture of other organic basic chemicals | UK PRTR Annex I activity 4.(a)		reported in UK PRTR for 2024; operating status not asserted	ROBINSON BROTHERS LIMITED		source industry classification only; pollutant and waste quantities excluded	https://www.gov.uk/government/publications/download-industrial-emissions-and-waste-transfer-uk-prtr-data	official UK pollutant-register facility and activity classification	2026-09-28	Open Government Licence v3.0	Selected systematically from the 2024 UK PRTR CSV by NACE prefix in 10, 11, 17, 19, 20, 21, 22. This facility-level discovery record does not establish a process-reactor inventory, reactor design, capacity, or current operating state.
uk-prtr:EW_EA-2259	Amber Business Centre - EPR/BU4180IF	United Kingdom	53.067196	-1.374658	UK PRTR-published facility point; positional accuracy not independently verified	NACE 20.59 — Manufacture of other chemical products n.e.c.	NACE 20.59 — Manufacture of other chemical products n.e.c. | UK PRTR Annex I activity 4.(b)		reported in UK PRTR for 2024; operating status not asserted	CMC MATERIALS UPC LIMITED		source industry classification only; pollutant and waste quantities excluded	https://www.gov.uk/government/publications/download-industrial-emissions-and-waste-transfer-uk-prtr-data	official UK pollutant-register facility and activity classification	2026-09-28	Open Government Licence v3.0	Selected systematically from the 2024 UK PRTR CSV by NACE prefix in 10, 11, 17, 19, 20, 21, 22. This facility-level discovery record does not establish a process-reactor inventory, reactor design, capacity, or current operating state.
uk-prtr:EW_EA-2265	Dewsbury Moor Chemical Site EPR/DP3432RV	United Kingdom	53.699365	-1.663715	UK PRTR-published facility point; positional accuracy not independently verified	NACE 20.14 — Manufacture of other organic basic chemicals	NACE 20.14 — Manufacture of other organic basic chemicals | UK PRTR Annex I activity 4.(a)		reported in UK PRTR for 2024; operating status not asserted	DOW CHEMICAL COMPANY LIMITED		source industry classification only; pollutant and waste quantities excluded	https://www.gov.uk/government/publications/download-industrial-emissions-and-waste-transfer-uk-prtr-data	official UK pollutant-register facility and activity classification	2026-09-28	Open Government Licence v3.0	Selected systematically from the 2024 UK PRTR CSV by NACE prefix in 10, 11, 17, 19, 20, 21, 22. This facility-level discovery record does not establish a process-reactor inventory, reactor design, capacity, or current operating state.
uk-prtr:EW_EA-22673	MSD Animal Health (Milton Keynes)	United Kingdom	52.019434	-0.704440	UK PRTR-published facility point; positional accuracy not independently verified	NACE 21.20 — Manufacture of pharmaceutical preparations	NACE 21.20 — Manufacture of pharmaceutical preparations | UK PRTR Annex I activity 4.(e)		reported in UK PRTR for 2024; operating status not asserted	MSD ANIMAL HEALTH UK LIMITED		source industry classification only; pollutant and waste quantities excluded	https://www.gov.uk/government/publications/download-industrial-emissions-and-waste-transfer-uk-prtr-data	official UK pollutant-register facility and activity classification	2026-09-28	Open Government Licence v3.0	Selected systematically from the 2024 UK PRTR CSV by NACE prefix in 10, 11, 17, 19, 20, 21, 22. This facility-level discovery record does not establish a process-reactor inventory, reactor design, capacity, or current operating state.
uk-prtr:EW_EA-22674	Thornton Park EPR/WP3639QM	United Kingdom	53.085872	-1.387825	UK PRTR-published facility point; positional accuracy not independently verified	NACE 10.82 — Manufacture of cocoa, chocolate and sugar confectionery	NACE 10.82 — Manufacture of cocoa, chocolate and sugar confectionery | UK PRTR Annex I activity 8.(b)		reported in UK PRTR for 2024; operating status not asserted	THORNTONS LIMITED		source industry classification only; pollutant and waste quantities excluded	https://www.gov.uk/government/publications/download-industrial-emissions-and-waste-transfer-uk-prtr-data	official UK pollutant-register facility and activity classification	2026-09-28	Open Government Licence v3.0	Selected systematically from the 2024 UK PRTR CSV by NACE prefix in 10, 11, 17, 19, 20, 21, 22. This facility-level discovery record does not establish a process-reactor inventory, reactor design, capacity, or current operating state.
uk-prtr:EW_EA-22677	David Jack Centre - EPR/CP3947QF	United Kingdom	51.812349	-0.046115	UK PRTR-published facility point; positional accuracy not independently verified	NACE 21.10 — Manufacture of basic pharmaceutical products	NACE 21.10 — Manufacture of basic pharmaceutical products | UK PRTR Annex I activity 1.(c)		reported in UK PRTR for 2024; operating status not asserted	GLAXO OPERATIONS UK LIMITED		source industry classification only; pollutant and waste quantities excluded	https://www.gov.uk/government/publications/download-industrial-emissions-and-waste-transfer-uk-prtr-data	official UK pollutant-register facility and activity classification	2026-09-28	Open Government Licence v3.0	Selected systematically from the 2024 UK PRTR CSV by NACE prefix in 10, 11, 17, 19, 20, 21, 22. This facility-level discovery record does not establish a process-reactor inventory, reactor design, capacity, or current operating state.
uk-prtr:EW_EA-22713	Mizkan Euro Limited Middleton	United Kingdom	53.549251	-2.170659	UK PRTR-published facility point; positional accuracy not independently verified	NACE 10.84 — Manufacture of condiments and seasonings	NACE 10.84 — Manufacture of condiments and seasonings | UK PRTR Annex I activity 8.(b)		reported in UK PRTR for 2024; operating status not asserted	MIZKAN EURO LIMITED		source industry classification only; pollutant and waste quantities excluded	https://www.gov.uk/government/publications/download-industrial-emissions-and-waste-transfer-uk-prtr-data	official UK pollutant-register facility and activity classification	2026-09-28	Open Government Licence v3.0	Selected systematically from the 2024 UK PRTR CSV by NACE prefix in 10, 11, 17, 19, 20, 21, 22. This facility-level discovery record does not establish a process-reactor inventory, reactor design, capacity, or current operating state.
uk-prtr:EW_EA-22728	Yaxley Poultry Processing Plant	United Kingdom	52.327878	1.120323	UK PRTR-published facility point; positional accuracy not independently verified	NACE 10.12 — Processing and preserving of poultry meat	NACE 10.12 — Processing and preserving of poultry meat | UK PRTR Annex I activity 8.(a)		reported in UK PRTR for 2024; operating status not asserted	CRANSWICK COUNTRY FOODS PLC		source industry classification only; pollutant and waste quantities excluded	https://www.gov.uk/government/publications/download-industrial-emissions-and-waste-transfer-uk-prtr-data	official UK pollutant-register facility and activity classification	2026-09-28	Open Government Licence v3.0	Selected systematically from the 2024 UK PRTR CSV by NACE prefix in 10, 11, 17, 19, 20, 21, 22. This facility-level discovery record does not establish a process-reactor inventory, reactor design, capacity, or current operating state.
uk-prtr:EW_EA-22729	Wisbech Potato Products Plant	United Kingdom	52.603512	0.281468	UK PRTR-published facility point; positional accuracy not independently verified	NACE 10.31 — Processing and preserving of potatoes	NACE 10.31 — Processing and preserving of potatoes | UK PRTR Annex I activity 8.(b)		reported in UK PRTR for 2024; operating status not asserted	LAMB-WESTON/MEIJER UK LIMITED		source industry classification only; pollutant and waste quantities excluded	https://www.gov.uk/government/publications/download-industrial-emissions-and-waste-transfer-uk-prtr-data	official UK pollutant-register facility and activity classification	2026-09-28	Open Government Licence v3.0	Selected systematically from the 2024 UK PRTR CSV by NACE prefix in 10, 11, 17, 19, 20, 21, 22. This facility-level discovery record does not establish a process-reactor inventory, reactor design, capacity, or current operating state.
uk-prtr:EW_EA-22984	Low Moor Chemical Works EPR/MP3739QD	United Kingdom	53.751360	-1.756110	UK PRTR-published facility point; positional accuracy not independently verified	NACE 20.14 — Manufacture of other organic basic chemicals	NACE 20.14 — Manufacture of other organic basic chemicals | UK PRTR Annex I activity 4.(a)		reported in UK PRTR for 2024; operating status not asserted	SOLENIS UK INDUSTRIES LIMITED		source industry classification only; pollutant and waste quantities excluded	https://www.gov.uk/government/publications/download-industrial-emissions-and-waste-transfer-uk-prtr-data	official UK pollutant-register facility and activity classification	2026-09-28	Open Government Licence v3.0	Selected systematically from the 2024 UK PRTR CSV by NACE prefix in 10, 11, 17, 19, 20, 21, 22. This facility-level discovery record does not establish a process-reactor inventory, reactor design, capacity, or current operating state.
uk-prtr:EW_EA-23013	Aspall Cyder Limited EPR/GP3432QA	United Kingdom	52.243391	1.178999	UK PRTR-published facility point; positional accuracy not independently verified	NACE 11.03 — Manufacture of cider and other fruit wines	NACE 11.03 — Manufacture of cider and other fruit wines | UK PRTR Annex I activity 8.(b)		reported in UK PRTR for 2024; operating status not asserted	ASPALL CYDER LIMITED		source industry classification only; pollutant and waste quantities excluded	https://www.gov.uk/government/publications/download-industrial-emissions-and-waste-transfer-uk-prtr-data	official UK pollutant-register facility and activity classification	2026-09-28	Open Government Licence v3.0	Selected systematically from the 2024 UK PRTR CSV by NACE prefix in 10, 11, 17, 19, 20, 21, 22. This facility-level discovery record does not establish a process-reactor inventory, reactor design, capacity, or current operating state.
uk-prtr:EW_EA-23036	Pen Mill - EPR/NP3107SM	United Kingdom	50.951859	-2.603844	UK PRTR-published facility point; positional accuracy not independently verified	NACE 10.91 — Manufacture of prepared feeds for farm animals	NACE 10.91 — Manufacture of prepared feeds for farm animals | UK PRTR Annex I activity 8.(b)		reported in UK PRTR for 2024; operating status not asserted	DUFFIELDS (SOUTH WEST) LIMITED		source industry classification only; pollutant and waste quantities excluded	https://www.gov.uk/government/publications/download-industrial-emissions-and-waste-transfer-uk-prtr-data	official UK pollutant-register facility and activity classification	2026-09-28	Open Government Licence v3.0	Selected systematically from the 2024 UK PRTR CSV by NACE prefix in 10, 11, 17, 19, 20, 21, 22. This facility-level discovery record does not establish a process-reactor inventory, reactor design, capacity, or current operating state.
uk-prtr:EW_EA-23038	Iceland Manufacturing Limited - EPR/NP3303PY	United Kingdom	53.467448	-2.177109	UK PRTR-published facility point; positional accuracy not independently verified	NACE 10.85 — Manufacture of prepared meals and dishes	NACE 10.85 — Manufacture of prepared meals and dishes | UK PRTR Annex I activity 8.(b)		reported in UK PRTR for 2024; operating status not asserted	Inspired Global Cuisine Ltd		source industry classification only; pollutant and waste quantities excluded	https://www.gov.uk/government/publications/download-industrial-emissions-and-waste-transfer-uk-prtr-data	official UK pollutant-register facility and activity classification	2026-09-28	Open Government Licence v3.0	Selected systematically from the 2024 UK PRTR CSV by NACE prefix in 10, 11, 17, 19, 20, 21, 22. This facility-level discovery record does not establish a process-reactor inventory, reactor design, capacity, or current operating state.
uk-prtr:EW_EA-23040	CMS (United Kingdom) Limited	United Kingdom	53.339328	-2.969411	UK PRTR-published facility point; positional accuracy not independently verified	NACE 10.71 — Manufacture of bread; manufacture of fresh pastry goods and cakes	NACE 10.71 — Manufacture of bread; manufacture of fresh pastry goods and cakes | UK PRTR Annex I activity 8.(b)		reported in UK PRTR for 2024; operating status not asserted	BAKER & BAKER PRODUCTS UK LIMITED		source industry classification only; pollutant and waste quantities excluded	https://www.gov.uk/government/publications/download-industrial-emissions-and-waste-transfer-uk-prtr-data	official UK pollutant-register facility and activity classification	2026-09-28	Open Government Licence v3.0	Selected systematically from the 2024 UK PRTR CSV by NACE prefix in 10, 11, 17, 19, 20, 21, 22. This facility-level discovery record does not establish a process-reactor inventory, reactor design, capacity, or current operating state.
uk-prtr:EW_EA-23041	Oxford Combined Heat and Power Plant	United Kingdom	51.713745	-1.214590	UK PRTR-published facility point; positional accuracy not independently verified	NACE 10.31 — Processing and preserving of potatoes	NACE 10.31 — Processing and preserving of potatoes | UK PRTR Annex I activity 5.(c)		reported in UK PRTR for 2024; operating status not asserted	THAMES WATER UTILITIES LIMITED		source industry classification only; pollutant and waste quantities excluded	https://www.gov.uk/government/publications/download-industrial-emissions-and-waste-transfer-uk-prtr-data	official UK pollutant-register facility and activity classification	2026-09-28	Open Government Licence v3.0	Selected systematically from the 2024 UK PRTR CSV by NACE prefix in 10, 11, 17, 19, 20, 21, 22. This facility-level discovery record does not establish a process-reactor inventory, reactor design, capacity, or current operating state.
uk-prtr:EW_EA-23058	Wrights Pies (Shelton) Limited - EPR/TP3903PE	United Kingdom	53.086505	-2.425323	UK PRTR-published facility point; positional accuracy not independently verified	NACE 10.89 — Manufacture of other food products n.e.c.	NACE 10.89 — Manufacture of other food products n.e.c. | UK PRTR Annex I activity 8.(b)		reported in UK PRTR for 2024; operating status not asserted	WRIGHTS PIES (SHELTON) LIMITED		source industry classification only; pollutant and waste quantities excluded	https://www.gov.uk/government/publications/download-industrial-emissions-and-waste-transfer-uk-prtr-data	official UK pollutant-register facility and activity classification	2026-09-28	Open Government Licence v3.0	Selected systematically from the 2024 UK PRTR CSV by NACE prefix in 10, 11, 17, 19, 20, 21, 22. This facility-level discovery record does not establish a process-reactor inventory, reactor design, capacity, or current operating state.
uk-prtr:EW_EA-23061	Pilgrim's Pride Redruth - EPR/UP3904BM	United Kingdom	50.226622	-5.260665	UK PRTR-published facility point; positional accuracy not independently verified	NACE 10.11 — Processing and preserving of meat	NACE 10.11 — Processing and preserving of meat | UK PRTR Annex I activity 8.(b)		reported in UK PRTR for 2024; operating status not asserted	PILGRIM'S PRIDE LTD.		source industry classification only; pollutant and waste quantities excluded	https://www.gov.uk/government/publications/download-industrial-emissions-and-waste-transfer-uk-prtr-data	official UK pollutant-register facility and activity classification	2026-09-28	Open Government Licence v3.0	Selected systematically from the 2024 UK PRTR CSV by NACE prefix in 10, 11, 17, 19, 20, 21, 22. This facility-level discovery record does not establish a process-reactor inventory, reactor design, capacity, or current operating state.
uk-prtr:EW_EA-23067	Duvelco Limited	United Kingdom	53.020815	-2.162302	UK PRTR-published facility point; positional accuracy not independently verified	NACE 20.16 — Manufacture of plastics in primary forms	NACE 20.16 — Manufacture of plastics in primary forms | UK PRTR Annex I activity 4.(a)		reported in UK PRTR for 2024; operating status not asserted	DUVELCO LIMITED		source industry classification only; pollutant and waste quantities excluded	https://www.gov.uk/government/publications/download-industrial-emissions-and-waste-transfer-uk-prtr-data	official UK pollutant-register facility and activity classification	2026-09-28	Open Government Licence v3.0	Selected systematically from the 2024 UK PRTR CSV by NACE prefix in 10, 11, 17, 19, 20, 21, 22. This facility-level discovery record does not establish a process-reactor inventory, reactor design, capacity, or current operating state.
uk-prtr:EW_EA-23068	Frank Roberts & Sons Ltd	United Kingdom	53.021585	-2.477309	UK PRTR-published facility point; positional accuracy not independently verified	NACE 10.71 — Manufacture of bread; manufacture of fresh pastry goods and cakes	NACE 10.71 — Manufacture of bread; manufacture of fresh pastry goods and cakes | UK PRTR Annex I activity 8.(b)		reported in UK PRTR for 2024; operating status not asserted	FRANK ROBERTS & SONS LIMITED		source industry classification only; pollutant and waste quantities excluded	https://www.gov.uk/government/publications/download-industrial-emissions-and-waste-transfer-uk-prtr-data	official UK pollutant-register facility and activity classification	2026-09-28	Open Government Licence v3.0	Selected systematically from the 2024 UK PRTR CSV by NACE prefix in 10, 11, 17, 19, 20, 21, 22. This facility-level discovery record does not establish a process-reactor inventory, reactor design, capacity, or current operating state.
uk-prtr:EW_EA-23312	PETERBOROUGH AND CAMBRIDGE BUSINESS DEVELOPMENT COMPANY LTD	United Kingdom	52.170866	0.169468	UK PRTR-published facility point; positional accuracy not independently verified	NACE 20.59 — Manufacture of other chemical products n.e.c.	NACE 20.59 — Manufacture of other chemical products n.e.c. | UK PRTR Annex I activity 4.(a)		reported in UK PRTR for 2024; operating status not asserted	PETERBOROUGH AND CAMBRIDGE BUSINESS DEVELOPMENT COMPANY LIMITED		source industry classification only; pollutant and waste quantities excluded	https://www.gov.uk/government/publications/download-industrial-emissions-and-waste-transfer-uk-prtr-data	official UK pollutant-register facility and activity classification	2026-09-28	Open Government Licence v3.0	Selected systematically from the 2024 UK PRTR CSV by NACE prefix in 10, 11, 17, 19, 20, 21, 22. This facility-level discovery record does not establish a process-reactor inventory, reactor design, capacity, or current operating state.
uk-prtr:EW_EA-23332	Bernard Matthews Foods (Derby) Limited	United Kingdom	52.902831	-1.467940	UK PRTR-published facility point; positional accuracy not independently verified	NACE 10.89 — Manufacture of other food products n.e.c.	NACE 10.89 — Manufacture of other food products n.e.c. | UK PRTR Annex I activity 8.(b)		reported in UK PRTR for 2024; operating status not asserted	BERNARD MATTHEWS FOODS (DERBY) LIMITED		source industry classification only; pollutant and waste quantities excluded	https://www.gov.uk/government/publications/download-industrial-emissions-and-waste-transfer-uk-prtr-data	official UK pollutant-register facility and activity classification	2026-09-28	Open Government Licence v3.0	Selected systematically from the 2024 UK PRTR CSV by NACE prefix in 10, 11, 17, 19, 20, 21, 22. This facility-level discovery record does not establish a process-reactor inventory, reactor design, capacity, or current operating state.
uk-prtr:EW_EA-23333	Bakkavor Pizza Holbeach	United Kingdom	52.864301	0.002392	UK PRTR-published facility point; positional accuracy not independently verified	NACE 10.89 — Manufacture of other food products n.e.c.	NACE 10.89 — Manufacture of other food products n.e.c. | UK PRTR Annex I activity 8.(b)		reported in UK PRTR for 2024; operating status not asserted	BAKKAVOR FOODS LIMITED		source industry classification only; pollutant and waste quantities excluded	https://www.gov.uk/government/publications/download-industrial-emissions-and-waste-transfer-uk-prtr-data	official UK pollutant-register facility and activity classification	2026-09-28	Open Government Licence v3.0	Selected systematically from the 2024 UK PRTR CSV by NACE prefix in 10, 11, 17, 19, 20, 21, 22. This facility-level discovery record does not establish a process-reactor inventory, reactor design, capacity, or current operating state.
uk-prtr:EW_EA-23336	Aunt Bessies EPR/JP3100MM	United Kingdom	53.729954	-0.379133	UK PRTR-published facility point; positional accuracy not independently verified	NACE 10.89 — Manufacture of other food products n.e.c.	NACE 10.89 — Manufacture of other food products n.e.c. | UK PRTR Annex I activity 8.(b)		reported in UK PRTR for 2024; operating status not asserted	BIRDS EYE LIMITED		source industry classification only; pollutant and waste quantities excluded	https://www.gov.uk/government/publications/download-industrial-emissions-and-waste-transfer-uk-prtr-data	official UK pollutant-register facility and activity classification	2026-09-28	Open Government Licence v3.0	Selected systematically from the 2024 UK PRTR CSV by NACE prefix in 10, 11, 17, 19, 20, 21, 22. This facility-level discovery record does not establish a process-reactor inventory, reactor design, capacity, or current operating state.
uk-prtr:EW_EA-23337	Konings Juices and Drinks UK Ltd GP3005LK	United Kingdom	52.010186	0.856314	UK PRTR-published facility point; positional accuracy not independently verified	NACE 11.07 — Manufacture of soft drinks; production of mineral waters and other bottled waters	NACE 11.07 — Manufacture of soft drinks; production of mineral waters and other bottled waters | UK PRTR Annex I activity 8.(b)		reported in UK PRTR for 2024; operating status not asserted	KONINGS JUICES & DRINKS UK LIMITED		source industry classification only; pollutant and waste quantities excluded	https://www.gov.uk/government/publications/download-industrial-emissions-and-waste-transfer-uk-prtr-data	official UK pollutant-register facility and activity classification	2026-09-28	Open Government Licence v3.0	Selected systematically from the 2024 UK PRTR CSV by NACE prefix in 10, 11, 17, 19, 20, 21, 22. This facility-level discovery record does not establish a process-reactor inventory, reactor design, capacity, or current operating state.
uk-prtr:EW_EA-23338	Bakkavor Spalding - EPR/XP3806PQ	United Kingdom	52.798362	-0.141350	UK PRTR-published facility point; positional accuracy not independently verified	NACE 10.85 — Manufacture of prepared meals and dishes	NACE 10.85 — Manufacture of prepared meals and dishes | UK PRTR Annex I activity 8.(b)		reported in UK PRTR for 2024; operating status not asserted	BAKKAVOR FOODS LIMITED		source industry classification only; pollutant and waste quantities excluded	https://www.gov.uk/government/publications/download-industrial-emissions-and-waste-transfer-uk-prtr-data	official UK pollutant-register facility and activity classification	2026-09-28	Open Government Licence v3.0	Selected systematically from the 2024 UK PRTR CSV by NACE prefix in 10, 11, 17, 19, 20, 21, 22. This facility-level discovery record does not establish a process-reactor inventory, reactor design, capacity, or current operating state.
uk-prtr:EW_EA-23339	Cranswick Gourmet Bacon Co - EPR/FP3608BE	United Kingdom	53.791596	-1.221553	UK PRTR-published facility point; positional accuracy not independently verified	NACE 10.11 — Processing and preserving of meat	NACE 10.11 — Processing and preserving of meat | UK PRTR Annex I activity 8.(b)		reported in UK PRTR for 2024; operating status not asserted	CRANSWICK COUNTRY FOODS PLC		source industry classification only; pollutant and waste quantities excluded	https://www.gov.uk/government/publications/download-industrial-emissions-and-waste-transfer-uk-prtr-data	official UK pollutant-register facility and activity classification	2026-09-28	Open Government Licence v3.0	Selected systematically from the 2024 UK PRTR CSV by NACE prefix in 10, 11, 17, 19, 20, 21, 22. This facility-level discovery record does not establish a process-reactor inventory, reactor design, capacity, or current operating state.
uk-prtr:EW_EA-23340	Saladworks	United Kingdom	52.629959	-1.211294	UK PRTR-published facility point; positional accuracy not independently verified	NACE 10.89 — Manufacture of other food products n.e.c.	NACE 10.89 — Manufacture of other food products n.e.c. | UK PRTR Annex I activity 8.(b)		reported in UK PRTR for 2024; operating status not asserted	SAMWORTH BROTHERS LIMITED		source industry classification only; pollutant and waste quantities excluded	https://www.gov.uk/government/publications/download-industrial-emissions-and-waste-transfer-uk-prtr-data	official UK pollutant-register facility and activity classification	2026-09-28	Open Government Licence v3.0	Selected systematically from the 2024 UK PRTR CSV by NACE prefix in 10, 11, 17, 19, 20, 21, 22. This facility-level discovery record does not establish a process-reactor inventory, reactor design, capacity, or current operating state.
uk-prtr:EW_EA-23535	Plots 5 and P2 - 01 - EPR/RP3904MC	United Kingdom	52.890388	-1.701811	UK PRTR-published facility point; positional accuracy not independently verified	NACE 11.07 — Manufacture of soft drinks; production of mineral waters and other bottled waters	NACE 11.07 — Manufacture of soft drinks; production of mineral waters and other bottled waters | UK PRTR Annex I activity 8.(b)		reported in UK PRTR for 2024; operating status not asserted	MEG DERBY LIMITED		source industry classification only; pollutant and waste quantities excluded	https://www.gov.uk/government/publications/download-industrial-emissions-and-waste-transfer-uk-prtr-data	official UK pollutant-register facility and activity classification	2026-09-28	Open Government Licence v3.0	Selected systematically from the 2024 UK PRTR CSV by NACE prefix in 10, 11, 17, 19, 20, 21, 22. This facility-level discovery record does not establish a process-reactor inventory, reactor design, capacity, or current operating state.
uk-prtr:EW_EA-23536	Thatchers (Myrtle Farm) - EPR/LP3004MC	United Kingdom	51.677118	-2.841809	UK PRTR-published facility point; positional accuracy not independently verified	NACE 11.03 — Manufacture of cider and other fruit wines	NACE 11.03 — Manufacture of cider and other fruit wines | UK PRTR Annex I activity 8.(b)		reported in UK PRTR for 2024; operating status not asserted	THATCHERS (MYRTLE FARM) LIMITED		source industry classification only; pollutant and waste quantities excluded	https://www.gov.uk/government/publications/download-industrial-emissions-and-waste-transfer-uk-prtr-data	official UK pollutant-register facility and activity classification	2026-09-28	Open Government Licence v3.0	Selected systematically from the 2024 UK PRTR CSV by NACE prefix in 10, 11, 17, 19, 20, 21, 22. This facility-level discovery record does not establish a process-reactor inventory, reactor design, capacity, or current operating state.
uk-prtr:EW_EA-23537	Melton Foods - EPR/GP3548QT	United Kingdom	52.754763	-0.917886	UK PRTR-published facility point; positional accuracy not independently verified	NACE 10.89 — Manufacture of other food products n.e.c.	NACE 10.89 — Manufacture of other food products n.e.c. | UK PRTR Annex I activity 8.(b)		reported in UK PRTR for 2024; operating status not asserted	SAMWORTH BROTHERS LIMITED		source industry classification only; pollutant and waste quantities excluded	https://www.gov.uk/government/publications/download-industrial-emissions-and-waste-transfer-uk-prtr-data	official UK pollutant-register facility and activity classification	2026-09-28	Open Government Licence v3.0	Selected systematically from the 2024 UK PRTR CSV by NACE prefix in 10, 11, 17, 19, 20, 21, 22. This facility-level discovery record does not establish a process-reactor inventory, reactor design, capacity, or current operating state.
uk-prtr:EW_EA-23538	Greencore Boston	United Kingdom	52.963386	-0.018925	UK PRTR-published facility point; positional accuracy not independently verified	NACE 10.39 — Other processing and preserving of fruit and vegetables	NACE 10.39 — Other processing and preserving of fruit and vegetables | UK PRTR Annex I activity 8.(b)		reported in UK PRTR for 2024; operating status not asserted	GREENCORE FOOD TO GO LIMITED		source industry classification only; pollutant and waste quantities excluded	https://www.gov.uk/government/publications/download-industrial-emissions-and-waste-transfer-uk-prtr-data	official UK pollutant-register facility and activity classification	2026-09-28	Open Government Licence v3.0	Selected systematically from the 2024 UK PRTR CSV by NACE prefix in 10, 11, 17, 19, 20, 21, 22. This facility-level discovery record does not establish a process-reactor inventory, reactor design, capacity, or current operating state.
uk-prtr:EW_EA-23539	Rudie's Kitchen	United Kingdom	53.391930	-1.065706	UK PRTR-published facility point; positional accuracy not independently verified	NACE 10.92 — Manufacture of prepared pet foods	NACE 10.92 — Manufacture of prepared pet foods | UK PRTR Annex I activity 8.(b)		reported in UK PRTR for 2024; operating status not asserted	DOGMATES LIMITED		source industry classification only; pollutant and waste quantities excluded	https://www.gov.uk/government/publications/download-industrial-emissions-and-waste-transfer-uk-prtr-data	official UK pollutant-register facility and activity classification	2026-09-28	Open Government Licence v3.0	Selected systematically from the 2024 UK PRTR CSV by NACE prefix in 10, 11, 17, 19, 20, 21, 22. This facility-level discovery record does not establish a process-reactor inventory, reactor design, capacity, or current operating state.
uk-prtr:EW_EA-236	Avocado Research Chemicals Ltd BL7329IC	United Kingdom	54.038494	-2.906666	UK PRTR-published facility point; positional accuracy not independently verified	NACE 20.14 — Manufacture of other organic basic chemicals	NACE 20.14 — Manufacture of other organic basic chemicals | UK PRTR Annex I activity 4.(a)		reported in UK PRTR for 2024; operating status not asserted	AVOCADO RESEARCH CHEMICALS LIMITED		source industry classification only; pollutant and waste quantities excluded	https://www.gov.uk/government/publications/download-industrial-emissions-and-waste-transfer-uk-prtr-data	official UK pollutant-register facility and activity classification	2026-09-28	Open Government Licence v3.0	Selected systematically from the 2024 UK PRTR CSV by NACE prefix in 10, 11, 17, 19, 20, 21, 22. This facility-level discovery record does not establish a process-reactor inventory, reactor design, capacity, or current operating state.
uk-prtr:EW_EA-2364	Ginsters Callington - EPR/BO0649IR	United Kingdom	50.504718	-4.304197	UK PRTR-published facility point; positional accuracy not independently verified	NACE 10.71 — Manufacture of bread; manufacture of fresh pastry goods and cakes	NACE 10.71 — Manufacture of bread; manufacture of fresh pastry goods and cakes | UK PRTR Annex I activity 8.(b)		reported in UK PRTR for 2024; operating status not asserted	SAMWORTH BROTHERS LIMITED		source industry classification only; pollutant and waste quantities excluded	https://www.gov.uk/government/publications/download-industrial-emissions-and-waste-transfer-uk-prtr-data	official UK pollutant-register facility and activity classification	2026-09-28	Open Government Licence v3.0	Selected systematically from the 2024 UK PRTR CSV by NACE prefix in 10, 11, 17, 19, 20, 21, 22. This facility-level discovery record does not establish a process-reactor inventory, reactor design, capacity, or current operating state.
uk-prtr:EW_EA-23737	Pukka Pies Limited - EPR/FP3908MK	United Kingdom	52.694763	-1.084355	UK PRTR-published facility point; positional accuracy not independently verified	NACE 10.91 — Manufacture of prepared feeds for farm animals	NACE 10.91 — Manufacture of prepared feeds for farm animals | UK PRTR Annex I activity 8.(b)		reported in UK PRTR for 2024; operating status not asserted	PUKKA PIES LIMITED		source industry classification only; pollutant and waste quantities excluded	https://www.gov.uk/government/publications/download-industrial-emissions-and-waste-transfer-uk-prtr-data	official UK pollutant-register facility and activity classification	2026-09-28	Open Government Licence v3.0	Selected systematically from the 2024 UK PRTR CSV by NACE prefix in 10, 11, 17, 19, 20, 21, 22. This facility-level discovery record does not establish a process-reactor inventory, reactor design, capacity, or current operating state.
uk-prtr:EW_EA-23738	TM Telford Dairy Limited	United Kingdom	52.706153	-2.428125	UK PRTR-published facility point; positional accuracy not independently verified	NACE 10.51 — Operation of dairies and cheese making	NACE 10.51 — Operation of dairies and cheese making | UK PRTR Annex I activity 8.(c)		reported in UK PRTR for 2024; operating status not asserted	TM TELFORD DAIRY LIMITED		source industry classification only; pollutant and waste quantities excluded	https://www.gov.uk/government/publications/download-industrial-emissions-and-waste-transfer-uk-prtr-data	official UK pollutant-register facility and activity classification	2026-09-28	Open Government Licence v3.0	Selected systematically from the 2024 UK PRTR CSV by NACE prefix in 10, 11, 17, 19, 20, 21, 22. This facility-level discovery record does not establish a process-reactor inventory, reactor design, capacity, or current operating state.
uk-prtr:EW_EA-2374	Prudhoe Mill EPR/BK0205IE	United Kingdom	54.968375	-1.853611	UK PRTR-published facility point; positional accuracy not independently verified	NACE 17.12 — Manufacture of paper and paperboard	NACE 17.12 — Manufacture of paper and paperboard | UK PRTR Annex I activity 6.(b)		reported in UK PRTR for 2024; operating status not asserted	ESSITY UK LIMITED		source industry classification only; pollutant and waste quantities excluded	https://www.gov.uk/government/publications/download-industrial-emissions-and-waste-transfer-uk-prtr-data	official UK pollutant-register facility and activity classification	2026-09-28	Open Government Licence v3.0	Selected systematically from the 2024 UK PRTR CSV by NACE prefix in 10, 11, 17, 19, 20, 21, 22. This facility-level discovery record does not establish a process-reactor inventory, reactor design, capacity, or current operating state.
uk-prtr:EW_EA-2393	John Smiths Brewery Tadcaster EPR/BT2815IP	United Kingdom	53.882643	-1.263828	UK PRTR-published facility point; positional accuracy not independently verified	NACE 11.05 — Manufacture of beer	NACE 11.05 — Manufacture of beer | UK PRTR Annex I activity 8.(b)		reported in UK PRTR for 2024; operating status not asserted	HEINEKEN UK LIMITED		source industry classification only; pollutant and waste quantities excluded	https://www.gov.uk/government/publications/download-industrial-emissions-and-waste-transfer-uk-prtr-data	official UK pollutant-register facility and activity classification	2026-09-28	Open Government Licence v3.0	Selected systematically from the 2024 UK PRTR CSV by NACE prefix in 10, 11, 17, 19, 20, 21, 22. This facility-level discovery record does not establish a process-reactor inventory, reactor design, capacity, or current operating state.
uk-prtr:EW_EA-2410	Oldmedow Colour Plant - EPR/MP3737LF	United Kingdom	52.745577	0.417641	UK PRTR-published facility point; positional accuracy not independently verified	NACE 20.59 — Manufacture of other chemical products n.e.c.	NACE 20.59 — Manufacture of other chemical products n.e.c. | UK PRTR Annex I activity 4.(a)		reported in UK PRTR for 2024; operating status not asserted	SENSIENT COLORS UK LIMITED		source industry classification only; pollutant and waste quantities excluded	https://www.gov.uk/government/publications/download-industrial-emissions-and-waste-transfer-uk-prtr-data	official UK pollutant-register facility and activity classification	2026-09-28	Open Government Licence v3.0	Selected systematically from the 2024 UK PRTR CSV by NACE prefix in 10, 11, 17, 19, 20, 21, 22. This facility-level discovery record does not establish a process-reactor inventory, reactor design, capacity, or current operating state.
uk-prtr:EW_EA-2453	Moss Bank Road - EPR/FP3032RH	United Kingdom	53.363370	-2.707731	UK PRTR-published facility point; positional accuracy not independently verified	NACE 20.13 — Manufacture of other inorganic basic chemicals	NACE 20.13 — Manufacture of other inorganic basic chemicals | UK PRTR Annex I activity 4.(b)		reported in UK PRTR for 2024; operating status not asserted	ICONICHEM WIDNES LIMITED		source industry classification only; pollutant and waste quantities excluded	https://www.gov.uk/government/publications/download-industrial-emissions-and-waste-transfer-uk-prtr-data	official UK pollutant-register facility and activity classification	2026-09-28	Open Government Licence v3.0	Selected systematically from the 2024 UK PRTR CSV by NACE prefix in 10, 11, 17, 19, 20, 21, 22. This facility-level discovery record does not establish a process-reactor inventory, reactor design, capacity, or current operating state.
uk-prtr:EW_EA-2498	Medical Manufacturing Plant Hull EPR/CP3338LR	United Kingdom	53.744063	-0.326576	UK PRTR-published facility point; positional accuracy not independently verified	NACE 20.14 — Manufacture of other organic basic chemicals	NACE 20.14 — Manufacture of other organic basic chemicals | UK PRTR Annex I activity 4.(a)		reported in UK PRTR for 2024; operating status not asserted	SMITH & NEPHEW MEDICAL LIMITED		source industry classification only; pollutant and waste quantities excluded	https://www.gov.uk/government/publications/download-industrial-emissions-and-waste-transfer-uk-prtr-data	official UK pollutant-register facility and activity classification	2026-09-28	Open Government Licence v3.0	Selected systematically from the 2024 UK PRTR CSV by NACE prefix in 10, 11, 17, 19, 20, 21, 22. This facility-level discovery record does not establish a process-reactor inventory, reactor design, capacity, or current operating state.
uk-prtr:EW_EA-2500	Snodland Paper Mill EPR/BJ7433IQ	United Kingdom	51.327857	0.449837	UK PRTR-published facility point; positional accuracy not independently verified	NACE 17.12 — Manufacture of paper and paperboard	NACE 17.12 — Manufacture of paper and paperboard | UK PRTR Annex I activity 6.(b)		reported in UK PRTR for 2024; operating status not asserted	Smurfit Kappa UK Ltd		source industry classification only; pollutant and waste quantities excluded	https://www.gov.uk/government/publications/download-industrial-emissions-and-waste-transfer-uk-prtr-data	official UK pollutant-register facility and activity classification	2026-09-28	Open Government Licence v3.0	Selected systematically from the 2024 UK PRTR CSV by NACE prefix in 10, 11, 17, 19, 20, 21, 22. This facility-level discovery record does not establish a process-reactor inventory, reactor design, capacity, or current operating state.
uk-prtr:EW_EA-2505	Baronet Road Chemicals EPR/PP3139XA	United Kingdom	53.370504	-2.603543	UK PRTR-published facility point; positional accuracy not independently verified	NACE 20.14 — Manufacture of other organic basic chemicals	NACE 20.14 — Manufacture of other organic basic chemicals | UK PRTR Annex I activity 4.(a)		reported in UK PRTR for 2024; operating status not asserted	INGEVITY UK LTD		source industry classification only; pollutant and waste quantities excluded	https://www.gov.uk/government/publications/download-industrial-emissions-and-waste-transfer-uk-prtr-data	official UK pollutant-register facility and activity classification	2026-09-28	Open Government Licence v3.0	Selected systematically from the 2024 UK PRTR CSV by NACE prefix in 10, 11, 17, 19, 20, 21, 22. This facility-level discovery record does not establish a process-reactor inventory, reactor design, capacity, or current operating state.
uk-prtr:EW_EA-2516	Stainland Board Mill	United Kingdom	53.667974	-1.896893	UK PRTR-published facility point; positional accuracy not independently verified	NACE 17.12 — Manufacture of paper and paperboard	NACE 17.12 — Manufacture of paper and paperboard | UK PRTR Annex I activity 6.(b)		reported in UK PRTR for 2024; operating status not asserted	SONOCO CORES AND PAPER LIMITED		source industry classification only; pollutant and waste quantities excluded	https://www.gov.uk/government/publications/download-industrial-emissions-and-waste-transfer-uk-prtr-data	official UK pollutant-register facility and activity classification	2026-09-28	Open Government Licence v3.0	Selected systematically from the 2024 UK PRTR CSV by NACE prefix in 10, 11, 17, 19, 20, 21, 22. This facility-level discovery record does not establish a process-reactor inventory, reactor design, capacity, or current operating state.
uk-prtr:EW_EA-2562	Higher Kings Mill - EPR/EP3431FL	United Kingdom	50.865068	-3.378306	UK PRTR-published facility point; positional accuracy not independently verified	NACE 17.12 — Manufacture of paper and paperboard	NACE 17.12 — Manufacture of paper and paperboard | UK PRTR Annex I activity 6.(b)		reported in UK PRTR for 2024; operating status not asserted	HIGHER KINGS MILL LIMITED		source industry classification only; pollutant and waste quantities excluded	https://www.gov.uk/government/publications/download-industrial-emissions-and-waste-transfer-uk-prtr-data	official UK pollutant-register facility and activity classification	2026-09-28	Open Government Licence v3.0	Selected systematically from the 2024 UK PRTR CSV by NACE prefix in 10, 11, 17, 19, 20, 21, 22. This facility-level discovery record does not establish a process-reactor inventory, reactor design, capacity, or current operating state.
uk-prtr:EW_EA-2564	Kemsley Paper Mill EPR/BJ7468IC	United Kingdom	51.362175	0.751203	UK PRTR-published facility point; positional accuracy not independently verified	NACE 17.12 — Manufacture of paper and paperboard	NACE 17.12 — Manufacture of paper and paperboard | UK PRTR Annex I activity 6.(a)		reported in UK PRTR for 2024; operating status not asserted	DS SMITH PAPER LIMITED		source industry classification only; pollutant and waste quantities excluded	https://www.gov.uk/government/publications/download-industrial-emissions-and-waste-transfer-uk-prtr-data	official UK pollutant-register facility and activity classification	2026-09-28	Open Government Licence v3.0	Selected systematically from the 2024 UK PRTR CSV by NACE prefix in 10, 11, 17, 19, 20, 21, 22. This facility-level discovery record does not establish a process-reactor inventory, reactor design, capacity, or current operating state.
uk-prtr:EW_EA-2590	Stalybridge Organic Chemicals - EPR/BS3000ID	United Kingdom	53.481134	-2.065358	UK PRTR-published facility point; positional accuracy not independently verified	NACE 20.14 — Manufacture of other organic basic chemicals	NACE 20.14 — Manufacture of other organic basic chemicals | UK PRTR Annex I activity 4.(a)		reported in UK PRTR for 2024; operating status not asserted	STEPAN UK LIMITED		source industry classification only; pollutant and waste quantities excluded	https://www.gov.uk/government/publications/download-industrial-emissions-and-waste-transfer-uk-prtr-data	official UK pollutant-register facility and activity classification	2026-09-28	Open Government Licence v3.0	Selected systematically from the 2024 UK PRTR CSV by NACE prefix in 10, 11, 17, 19, 20, 21, 22. This facility-level discovery record does not establish a process-reactor inventory, reactor design, capacity, or current operating state.
uk-prtr:EW_EA-2613	Surcotech Newent - EPR/BV1305IV	United Kingdom	51.929962	-2.394372	UK PRTR-published facility point; positional accuracy not independently verified	NACE 20.30 — Manufacture of paints, varnishes and similar coatings, printing ink and mastics	NACE 20.30 — Manufacture of paints, varnishes and similar coatings, printing ink and mastics | UK PRTR Annex I activity 4.(a)		reported in UK PRTR for 2024; operating status not asserted	SURCOTECH INTERNATIONAL LIMITED		source industry classification only; pollutant and waste quantities excluded	https://www.gov.uk/government/publications/download-industrial-emissions-and-waste-transfer-uk-prtr-data	official UK pollutant-register facility and activity classification	2026-09-28	Open Government Licence v3.0	Selected systematically from the 2024 UK PRTR CSV by NACE prefix in 10, 11, 17, 19, 20, 21, 22. This facility-level discovery record does not establish a process-reactor inventory, reactor design, capacity, or current operating state.
uk-prtr:EW_EA-2627	303 Clayton Road EPR/PP3236ST	United Kingdom	53.481728	-2.184552	UK PRTR-published facility point; positional accuracy not independently verified	NACE 20.14 — Manufacture of other organic basic chemicals	NACE 20.14 — Manufacture of other organic basic chemicals | UK PRTR Annex I activity 4.(a)		reported in UK PRTR for 2024; operating status not asserted	CARBOGEN AMCIS LIMITED		source industry classification only; pollutant and waste quantities excluded	https://www.gov.uk/government/publications/download-industrial-emissions-and-waste-transfer-uk-prtr-data	official UK pollutant-register facility and activity classification	2026-09-28	Open Government Licence v3.0	Selected systematically from the 2024 UK PRTR CSV by NACE prefix in 10, 11, 17, 19, 20, 21, 22. This facility-level discovery record does not establish a process-reactor inventory, reactor design, capacity, or current operating state.
uk-prtr:EW_EA-2631	The Harlow Polymer Factory EPR/ZP3532SW	United Kingdom	51.784934	0.119292	UK PRTR-published facility point; positional accuracy not independently verified	NACE 20.16 — Manufacture of plastics in primary forms	NACE 20.16 — Manufacture of plastics in primary forms | UK PRTR Annex I activity 4.(a)		reported in UK PRTR for 2024; operating status not asserted	SYNTHOMER (UK) LIMITED		source industry classification only; pollutant and waste quantities excluded	https://www.gov.uk/government/publications/download-industrial-emissions-and-waste-transfer-uk-prtr-data	official UK pollutant-register facility and activity classification	2026-09-28	Open Government Licence v3.0	Selected systematically from the 2024 UK PRTR CSV by NACE prefix in 10, 11, 17, 19, 20, 21, 22. This facility-level discovery record does not establish a process-reactor inventory, reactor design, capacity, or current operating state.
uk-prtr:EW_EA-2632	Latex, Lithene and Dispersions plant, Stallingborough EPR/XP3438LA	United Kingdom	53.605407	-0.141013	UK PRTR-published facility point; positional accuracy not independently verified	NACE 20.17 — Manufacture of synthetic rubber in primary forms	NACE 20.17 — Manufacture of synthetic rubber in primary forms | UK PRTR Annex I activity 4.(a)		reported in UK PRTR for 2024; operating status not asserted	SYNTHOMER (UK) LIMITED		source industry classification only; pollutant and waste quantities excluded	https://www.gov.uk/government/publications/download-industrial-emissions-and-waste-transfer-uk-prtr-data	official UK pollutant-register facility and activity classification	2026-09-28	Open Government Licence v3.0	Selected systematically from the 2024 UK PRTR CSV by NACE prefix in 10, 11, 17, 19, 20, 21, 22. This facility-level discovery record does not establish a process-reactor inventory, reactor design, capacity, or current operating state.
uk-prtr:EW_EA-2646	Selby Wheat Processing Facility EPR/KP3030TZ	United Kingdom	53.777351	-1.041539	UK PRTR-published facility point; positional accuracy not independently verified	NACE 11.01 — Distilling, rectifying and blending of spirits	NACE 11.01 — Distilling, rectifying and blending of spirits | UK PRTR Annex I activity 4.(a)		reported in UK PRTR for 2024; operating status not asserted	SEDAMYL UK LIMITED		source industry classification only; pollutant and waste quantities excluded	https://www.gov.uk/government/publications/download-industrial-emissions-and-waste-transfer-uk-prtr-data	official UK pollutant-register facility and activity classification	2026-09-28	Open Government Licence v3.0	Selected systematically from the 2024 UK PRTR CSV by NACE prefix in 10, 11, 17, 19, 20, 21, 22. This facility-level discovery record does not establish a process-reactor inventory, reactor design, capacity, or current operating state.
uk-prtr:EW_EA-2648	Thames Refinery EPR/MP3530HZ	United Kingdom	51.501508	0.047184	UK PRTR-published facility point; positional accuracy not independently verified	NACE 10.81 — Manufacture of sugar	NACE 10.81 — Manufacture of sugar | UK PRTR Annex I activity 8.(b)		reported in UK PRTR for 2024; operating status not asserted	T & L SUGARS LIMITED		source industry classification only; pollutant and waste quantities excluded	https://www.gov.uk/government/publications/download-industrial-emissions-and-waste-transfer-uk-prtr-data	official UK pollutant-register facility and activity classification	2026-09-28	Open Government Licence v3.0	Selected systematically from the 2024 UK PRTR CSV by NACE prefix in 10, 11, 17, 19, 20, 21, 22. This facility-level discovery record does not establish a process-reactor inventory, reactor design, capacity, or current operating state.
uk-prtr:EW_EA-2651	Grimsby Superabsorbents Fibres Factory - EPR/RP3632NX	United Kingdom	53.592180	-0.128750	UK PRTR-published facility point; positional accuracy not independently verified	NACE 20.60 — Manufacture of man-made fibres	NACE 20.60 — Manufacture of man-made fibres | UK PRTR Annex I activity 4.(a)		reported in UK PRTR for 2024; operating status not asserted	TECHNICAL ABSORBENTS LIMITED		source industry classification only; pollutant and waste quantities excluded	https://www.gov.uk/government/publications/download-industrial-emissions-and-waste-transfer-uk-prtr-data	official UK pollutant-register facility and activity classification	2026-09-28	Open Government Licence v3.0	Selected systematically from the 2024 UK PRTR CSV by NACE prefix in 10, 11, 17, 19, 20, 21, 22. This facility-level discovery record does not establish a process-reactor inventory, reactor design, capacity, or current operating state.
uk-prtr:EW_EA-2654	Grimsby Lyocell Fibers Factory - EPR/SP3936HE	United Kingdom	53.596116	-0.139003	UK PRTR-published facility point; positional accuracy not independently verified	NACE 20.60 — Manufacture of man-made fibres	NACE 20.60 — Manufacture of man-made fibres | UK PRTR Annex I activity 4.(a)		reported in UK PRTR for 2024; operating status not asserted	LENZING FIBERS GRIMSBY LIMITED		source industry classification only; pollutant and waste quantities excluded	https://www.gov.uk/government/publications/download-industrial-emissions-and-waste-transfer-uk-prtr-data	official UK pollutant-register facility and activity classification	2026-09-28	Open Government Licence v3.0	Selected systematically from the 2024 UK PRTR CSV by NACE prefix in 10, 11, 17, 19, 20, 21, 22. This facility-level discovery record does not establish a process-reactor inventory, reactor design, capacity, or current operating state.
uk-prtr:EW_EA-2660	Billingham Fertiliser Works EPR/BX3287IK	United Kingdom	54.581893	-1.267064	UK PRTR-published facility point; positional accuracy not independently verified	NACE 20.15 — Manufacture of fertilisers and nitrogen compounds	NACE 20.15 — Manufacture of fertilisers and nitrogen compounds | UK PRTR Annex I activity 4.(b)		reported in UK PRTR for 2024; operating status not asserted	CF FERTILISERS UK LIMITED		source industry classification only; pollutant and waste quantities excluded	https://www.gov.uk/government/publications/download-industrial-emissions-and-waste-transfer-uk-prtr-data	official UK pollutant-register facility and activity classification	2026-09-28	Open Government Licence v3.0	Selected systematically from the 2024 UK PRTR CSV by NACE prefix in 10, 11, 17, 19, 20, 21, 22. This facility-level discovery record does not establish a process-reactor inventory, reactor design, capacity, or current operating state.
uk-prtr:EW_EA-2663	Bridge End Chemical Works, Leek EPR/BT8171IN	United Kingdom	53.110631	-2.038949	UK PRTR-published facility point; positional accuracy not independently verified	NACE 20.59 — Manufacture of other chemical products n.e.c.	NACE 20.59 — Manufacture of other chemical products n.e.c. | UK PRTR Annex I activity 4.(a)		reported in UK PRTR for 2024; operating status not asserted	ETERNIS FINE CHEMICALS UK LIMITED		source industry classification only; pollutant and waste quantities excluded	https://www.gov.uk/government/publications/download-industrial-emissions-and-waste-transfer-uk-prtr-data	official UK pollutant-register facility and activity classification	2026-09-28	Open Government Licence v3.0	Selected systematically from the 2024 UK PRTR CSV by NACE prefix in 10, 11, 17, 19, 20, 21, 22. This facility-level discovery record does not establish a process-reactor inventory, reactor design, capacity, or current operating state.
uk-prtr:EW_EA-2689	Thomas Swan & Co Limited EPR/BT0561IZ	United Kingdom	54.855100	-1.818507	UK PRTR-published facility point; positional accuracy not independently verified	NACE 20.59 — Manufacture of other chemical products n.e.c.	NACE 20.59 — Manufacture of other chemical products n.e.c. | UK PRTR Annex I activity 4.(a)		reported in UK PRTR for 2024; operating status not asserted	THOMAS SWAN & CO.LIMITED		source industry classification only; pollutant and waste quantities excluded	https://www.gov.uk/government/publications/download-industrial-emissions-and-waste-transfer-uk-prtr-data	official UK pollutant-register facility and activity classification	2026-09-28	Open Government Licence v3.0	Selected systematically from the 2024 UK PRTR CSV by NACE prefix in 10, 11, 17, 19, 20, 21, 22. This facility-level discovery record does not establish a process-reactor inventory, reactor design, capacity, or current operating state.
uk-prtr:EW_EA-2693	Wincham Organic Specialities EPR/BL6403IQ	United Kingdom	53.270754	-2.479181	UK PRTR-published facility point; positional accuracy not independently verified	NACE 20.59 — Manufacture of other chemical products n.e.c.	NACE 20.59 — Manufacture of other chemical products n.e.c. | UK PRTR Annex I activity 4.(b)		reported in UK PRTR for 2024; operating status not asserted	THOR SPECIALITIES (UK) LIMITED		source industry classification only; pollutant and waste quantities excluded	https://www.gov.uk/government/publications/download-industrial-emissions-and-waste-transfer-uk-prtr-data	official UK pollutant-register facility and activity classification	2026-09-28	Open Government Licence v3.0	Selected systematically from the 2024 UK PRTR CSV by NACE prefix in 10, 11, 17, 19, 20, 21, 22. This facility-level discovery record does not establish a process-reactor inventory, reactor design, capacity, or current operating state.
uk-prtr:EW_EA-2700	Greatham Works EPR/TP3532PK	United Kingdom	54.631729	-1.203584	UK PRTR-published facility point; positional accuracy not independently verified	NACE 20.12 — Manufacture of dyes and pigments	NACE 20.12 — Manufacture of dyes and pigments | UK PRTR Annex I activity 4.(b)		reported in UK PRTR for 2024; operating status not asserted	VENATOR MATERIALS UK LIMITED		source industry classification only; pollutant and waste quantities excluded	https://www.gov.uk/government/publications/download-industrial-emissions-and-waste-transfer-uk-prtr-data	official UK pollutant-register facility and activity classification	2026-09-28	Open Government Licence v3.0	Selected systematically from the 2024 UK PRTR CSV by NACE prefix in 10, 11, 17, 19, 20, 21, 22. This facility-level discovery record does not establish a process-reactor inventory, reactor design, capacity, or current operating state.
uk-prtr:EW_EA-274	Carrington Polyolefins Plant EPR/KP3536SH	United Kingdom	53.430424	-2.397295	UK PRTR-published facility point; positional accuracy not independently verified	NACE 20.16 — Manufacture of plastics in primary forms	NACE 20.16 — Manufacture of plastics in primary forms | UK PRTR Annex I activity 4.(a)		reported in UK PRTR for 2024; operating status not asserted	BASELL POLYOLEFINS UK LIMITED		source industry classification only; pollutant and waste quantities excluded	https://www.gov.uk/government/publications/download-industrial-emissions-and-waste-transfer-uk-prtr-data	official UK pollutant-register facility and activity classification	2026-09-28	Open Government Licence v3.0	Selected systematically from the 2024 UK PRTR CSV by NACE prefix in 10, 11, 17, 19, 20, 21, 22. This facility-level discovery record does not establish a process-reactor inventory, reactor design, capacity, or current operating state.
uk-prtr:EW_EA-2753	Cooked Meat Plant, Kings Lynn - EPR/BX2043IE	United Kingdom	52.733085	0.408506	UK PRTR-published facility point; positional accuracy not independently verified	NACE 10.11 — Processing and preserving of meat	NACE 10.11 — Processing and preserving of meat | UK PRTR Annex I activity 8.(b)		reported in UK PRTR for 2024; operating status not asserted	PILGRIM'S PRIDE LTD.		source industry classification only; pollutant and waste quantities excluded	https://www.gov.uk/government/publications/download-industrial-emissions-and-waste-transfer-uk-prtr-data	official UK pollutant-register facility and activity classification	2026-09-28	Open Government Licence v3.0	Selected systematically from the 2024 UK PRTR CSV by NACE prefix in 10, 11, 17, 19, 20, 21, 22. This facility-level discovery record does not establish a process-reactor inventory, reactor design, capacity, or current operating state.
uk-prtr:EW_EA-2781	Rainford Insulation Plant EPR/BR8352IN	United Kingdom	53.488008	-2.771597	UK PRTR-published facility point; positional accuracy not independently verified	NACE 20.60 — Manufacture of man-made fibres	NACE 20.60 — Manufacture of man-made fibres | UK PRTR Annex I activity 3.(f)		reported in UK PRTR for 2024; operating status not asserted	UNIFRAX LIMITED		source industry classification only; pollutant and waste quantities excluded	https://www.gov.uk/government/publications/download-industrial-emissions-and-waste-transfer-uk-prtr-data	official UK pollutant-register facility and activity classification	2026-09-28	Open Government Licence v3.0	Selected systematically from the 2024 UK PRTR CSV by NACE prefix in 10, 11, 17, 19, 20, 21, 22. This facility-level discovery record does not establish a process-reactor inventory, reactor design, capacity, or current operating state.
uk-prtr:EW_EA-2832	Vantico- Duxford EPR/BS9148IP	United Kingdom	52.088220	0.160202	UK PRTR-published facility point; positional accuracy not independently verified	NACE 20.52 — Manufacture of glues	NACE 20.52 — Manufacture of glues | UK PRTR Annex I activity 4.(a)		reported in UK PRTR for 2024; operating status not asserted	HUNTSMAN ADVANCED MATERIALS (UK) LIMITED		source industry classification only; pollutant and waste quantities excluded	https://www.gov.uk/government/publications/download-industrial-emissions-and-waste-transfer-uk-prtr-data	official UK pollutant-register facility and activity classification	2026-09-28	Open Government Licence v3.0	Selected systematically from the 2024 UK PRTR CSV by NACE prefix in 10, 11, 17, 19, 20, 21, 22. This facility-level discovery record does not establish a process-reactor inventory, reactor design, capacity, or current operating state.
uk-prtr:EW_EA-2844	Spring Road Chemicals - EPR/BP3432UW	United Kingdom	52.505106	-1.986550	UK PRTR-published facility point; positional accuracy not independently verified	NACE 20.41 — Manufacture of soap and detergents, cleaning and polishing preparations	NACE 20.41 — Manufacture of soap and detergents, cleaning and polishing preparations | UK PRTR Annex I activity 4.(a)		reported in UK PRTR for 2024; operating status not asserted	ORAPI APPLIED LIMITED		source industry classification only; pollutant and waste quantities excluded	https://www.gov.uk/government/publications/download-industrial-emissions-and-waste-transfer-uk-prtr-data	official UK pollutant-register facility and activity classification	2026-09-28	Open Government Licence v3.0	Selected systematically from the 2024 UK PRTR CSV by NACE prefix in 10, 11, 17, 19, 20, 21, 22. This facility-level discovery record does not establish a process-reactor inventory, reactor design, capacity, or current operating state.
uk-prtr:EW_EA-2846	Hillhouse International- Victrex Manufacturing Limited EPR/BU5640IA	United Kingdom	53.885355	-2.995240	UK PRTR-published facility point; positional accuracy not independently verified	NACE 20.16 — Manufacture of plastics in primary forms	NACE 20.16 — Manufacture of plastics in primary forms | UK PRTR Annex I activity 4.(a)		reported in UK PRTR for 2024; operating status not asserted	VICTREX MANUFACTURING LIMITED		source industry classification only; pollutant and waste quantities excluded	https://www.gov.uk/government/publications/download-industrial-emissions-and-waste-transfer-uk-prtr-data	official UK pollutant-register facility and activity classification	2026-09-28	Open Government Licence v3.0	Selected systematically from the 2024 UK PRTR CSV by NACE prefix in 10, 11, 17, 19, 20, 21, 22. This facility-level discovery record does not establish a process-reactor inventory, reactor design, capacity, or current operating state.
uk-prtr:EW_EA-287	Paragon Works - EPR/BL8562IG	United Kingdom	53.726144	-2.337636	UK PRTR-published facility point; positional accuracy not independently verified	NACE 20.59 — Manufacture of other chemical products n.e.c.	NACE 20.59 — Manufacture of other chemical products n.e.c. | UK PRTR Annex I activity 4.(a)		reported in UK PRTR for 2024; operating status not asserted	LANXESS URETHANES UK LTD		source industry classification only; pollutant and waste quantities excluded	https://www.gov.uk/government/publications/download-industrial-emissions-and-waste-transfer-uk-prtr-data	official UK pollutant-register facility and activity classification	2026-09-28	Open Government Licence v3.0	Selected systematically from the 2024 UK PRTR CSV by NACE prefix in 10, 11, 17, 19, 20, 21, 22. This facility-level discovery record does not establish a process-reactor inventory, reactor design, capacity, or current operating state.
uk-prtr:EW_EA-291	Briar Chemicals Limited - Norwich Site EPR/KP3736CJ	United Kingdom	52.645138	1.258202	UK PRTR-published facility point; positional accuracy not independently verified	NACE 20.20 — Manufacture of pesticides and other agrochemical products	NACE 20.20 — Manufacture of pesticides and other agrochemical products | UK PRTR Annex I activity 4.(d)		reported in UK PRTR for 2024; operating status not asserted	BRIAR CHEMICALS LIMITED		source industry classification only; pollutant and waste quantities excluded	https://www.gov.uk/government/publications/download-industrial-emissions-and-waste-transfer-uk-prtr-data	official UK pollutant-register facility and activity classification	2026-09-28	Open Government Licence v3.0	Selected systematically from the 2024 UK PRTR CSV by NACE prefix in 10, 11, 17, 19, 20, 21, 22. This facility-level discovery record does not establish a process-reactor inventory, reactor design, capacity, or current operating state.
uk-prtr:EW_EA-2954	Westbury Dairies EPR/QP3930JL	United Kingdom	51.270210	-2.206076	UK PRTR-published facility point; positional accuracy not independently verified	NACE 10.51 — Operation of dairies and cheese making	NACE 10.51 — Operation of dairies and cheese making | UK PRTR Annex I activity 8.(c)		reported in UK PRTR for 2024; operating status not asserted	ARLA FOODS LIMITED		source industry classification only; pollutant and waste quantities excluded	https://www.gov.uk/government/publications/download-industrial-emissions-and-waste-transfer-uk-prtr-data	official UK pollutant-register facility and activity classification	2026-09-28	Open Government Licence v3.0	Selected systematically from the 2024 UK PRTR CSV by NACE prefix in 10, 11, 17, 19, 20, 21, 22. This facility-level discovery record does not establish a process-reactor inventory, reactor design, capacity, or current operating state.
uk-prtr:EW_EA-2973	Pool Paper Mill EPR/BJ8294IM	United Kingdom	53.904137	-1.641526	UK PRTR-published facility point; positional accuracy not independently verified	NACE 17.12 — Manufacture of paper and paperboard	NACE 17.12 — Manufacture of paper and paperboard | UK PRTR Annex I activity 6.(b)		reported in UK PRTR for 2024; operating status not asserted	WEIDMANN WHITELEY LIMITED		source industry classification only; pollutant and waste quantities excluded	https://www.gov.uk/government/publications/download-industrial-emissions-and-waste-transfer-uk-prtr-data	official UK pollutant-register facility and activity classification	2026-09-28	Open Government Licence v3.0	Selected systematically from the 2024 UK PRTR CSV by NACE prefix in 10, 11, 17, 19, 20, 21, 22. This facility-level discovery record does not establish a process-reactor inventory, reactor design, capacity, or current operating state.
uk-prtr:EW_EA-2980	Church Chemical Works EPR/DP3539ST	United Kingdom	53.753292	-2.395332	UK PRTR-published facility point; positional accuracy not independently verified	NACE 20.13 — Manufacture of other inorganic basic chemicals	NACE 20.13 — Manufacture of other inorganic basic chemicals | UK PRTR Annex I activity 4.(b)		reported in UK PRTR for 2024; operating status not asserted	WILLIAM BLYTHE LIMITED		source industry classification only; pollutant and waste quantities excluded	https://www.gov.uk/government/publications/download-industrial-emissions-and-waste-transfer-uk-prtr-data	official UK pollutant-register facility and activity classification	2026-09-28	Open Government Licence v3.0	Selected systematically from the 2024 UK PRTR CSV by NACE prefix in 10, 11, 17, 19, 20, 21, 22. This facility-level discovery record does not establish a process-reactor inventory, reactor design, capacity, or current operating state.
uk-prtr:EW_EA-2988	Witton Chemical -Hampstead Avenue EPR/BV3120IX	United Kingdom	52.355687	0.508208	UK PRTR-published facility point; positional accuracy not independently verified	NACE 20.59 — Manufacture of other chemical products n.e.c.	NACE 20.59 — Manufacture of other chemical products n.e.c. | UK PRTR Annex I activity 4.(a)		reported in UK PRTR for 2024; operating status not asserted	WITTON CHEMICAL CO LIMITED		source industry classification only; pollutant and waste quantities excluded	https://www.gov.uk/government/publications/download-industrial-emissions-and-waste-transfer-uk-prtr-data	official UK pollutant-register facility and activity classification	2026-09-28	Open Government Licence v3.0	Selected systematically from the 2024 UK PRTR CSV by NACE prefix in 10, 11, 17, 19, 20, 21, 22. This facility-level discovery record does not establish a process-reactor inventory, reactor design, capacity, or current operating state.
uk-prtr:EW_EA-3008	Wychem Limited- Bury Road EPR/BU3434IR	United Kingdom	52.139107	0.501718	UK PRTR-published facility point; positional accuracy not independently verified	NACE 20.14 — Manufacture of other organic basic chemicals	NACE 20.14 — Manufacture of other organic basic chemicals | UK PRTR Annex I activity 4.(a)		reported in UK PRTR for 2024; operating status not asserted	WYCHEM LIMITED		source industry classification only; pollutant and waste quantities excluded	https://www.gov.uk/government/publications/download-industrial-emissions-and-waste-transfer-uk-prtr-data	official UK pollutant-register facility and activity classification	2026-09-28	Open Government Licence v3.0	Selected systematically from the 2024 UK PRTR CSV by NACE prefix in 10, 11, 17, 19, 20, 21, 22. This facility-level discovery record does not establish a process-reactor inventory, reactor design, capacity, or current operating state.
uk-prtr:EW_EA-3053	Greggs Balliol Park Longbenton - EPR/GP3532PR	United Kingdom	55.020786	-1.588629	UK PRTR-published facility point; positional accuracy not independently verified	NACE 10.13 — Production of meat and poultry meat products	NACE 10.13 — Production of meat and poultry meat products | UK PRTR Annex I activity 8.(b)		reported in UK PRTR for 2024; operating status not asserted	GREGGS PLC		source industry classification only; pollutant and waste quantities excluded	https://www.gov.uk/government/publications/download-industrial-emissions-and-waste-transfer-uk-prtr-data	official UK pollutant-register facility and activity classification	2026-09-28	Open Government Licence v3.0	Selected systematically from the 2024 UK PRTR CSV by NACE prefix in 10, 11, 17, 19, 20, 21, 22. This facility-level discovery record does not establish a process-reactor inventory, reactor design, capacity, or current operating state.
uk-prtr:EW_EA-3061	Grimsby Chemical Works - EPR/KP3639QV	United Kingdom	53.590632	-0.127458	UK PRTR-published facility point; positional accuracy not independently verified	NACE 20.59 — Manufacture of other chemical products n.e.c.	NACE 20.59 — Manufacture of other chemical products n.e.c. | UK PRTR Annex I activity 4.(a)		reported in UK PRTR for 2024; operating status not asserted	SOLENIS UK INDUSTRIES LIMITED		source industry classification only; pollutant and waste quantities excluded	https://www.gov.uk/government/publications/download-industrial-emissions-and-waste-transfer-uk-prtr-data	official UK pollutant-register facility and activity classification	2026-09-28	Open Government Licence v3.0	Selected systematically from the 2024 UK PRTR CSV by NACE prefix in 10, 11, 17, 19, 20, 21, 22. This facility-level discovery record does not establish a process-reactor inventory, reactor design, capacity, or current operating state.
uk-prtr:EW_EA-3070	Huddersfield Chemical Industry - EPR/UP3138LT	United Kingdom	53.648046	-1.781516	UK PRTR-published facility point; positional accuracy not independently verified	NACE 20.20 — Manufacture of pesticides and other agrochemical products	NACE 20.20 — Manufacture of pesticides and other agrochemical products | UK PRTR Annex I activity 4.(a)		reported in UK PRTR for 2024; operating status not asserted	SYNGENTA LIMITED		source industry classification only; pollutant and waste quantities excluded	https://www.gov.uk/government/publications/download-industrial-emissions-and-waste-transfer-uk-prtr-data	official UK pollutant-register facility and activity classification	2026-09-28	Open Government Licence v3.0	Selected systematically from the 2024 UK PRTR CSV by NACE prefix in 10, 11, 17, 19, 20, 21, 22. This facility-level discovery record does not establish a process-reactor inventory, reactor design, capacity, or current operating state.
uk-prtr:EW_EA-3099	Exeter Feed Mill EPR/AP3734SP	United Kingdom	50.721136	-3.470130	UK PRTR-published facility point; positional accuracy not independently verified	NACE 10.91 — Manufacture of prepared feeds for farm animals	NACE 10.91 — Manufacture of prepared feeds for farm animals | UK PRTR Annex I activity 8.(b)		reported in UK PRTR for 2024; operating status not asserted	FORFARMERS UK LIMITED		source industry classification only; pollutant and waste quantities excluded	https://www.gov.uk/government/publications/download-industrial-emissions-and-waste-transfer-uk-prtr-data	official UK pollutant-register facility and activity classification	2026-09-28	Open Government Licence v3.0	Selected systematically from the 2024 UK PRTR CSV by NACE prefix in 10, 11, 17, 19, 20, 21, 22. This facility-level discovery record does not establish a process-reactor inventory, reactor design, capacity, or current operating state.
uk-prtr:EW_EA-3103	Winchcombe Paper Mill EPR/BJ4302IZ	United Kingdom	51.942401	-1.988316	UK PRTR-published facility point; positional accuracy not independently verified	NACE 17.29 — Manufacture of other articles of paper and paperboard	NACE 17.29 — Manufacture of other articles of paper and paperboard | UK PRTR Annex I activity 6.(b)		reported in UK PRTR for 2024; operating status not asserted	HOLLINGSWORTH & VOSE COMPANY LIMITED		source industry classification only; pollutant and waste quantities excluded	https://www.gov.uk/government/publications/download-industrial-emissions-and-waste-transfer-uk-prtr-data	official UK pollutant-register facility and activity classification	2026-09-28	Open Government Licence v3.0	Selected systematically from the 2024 UK PRTR CSV by NACE prefix in 10, 11, 17, 19, 20, 21, 22. This facility-level discovery record does not establish a process-reactor inventory, reactor design, capacity, or current operating state.
uk-prtr:EW_EA-3104	Royal Forest Factory EPR/EP3137EK	United Kingdom	51.786478	-2.620582	UK PRTR-published facility point; positional accuracy not independently verified	NACE 11.07 — Manufacture of soft drinks; production of mineral waters and other bottled waters	NACE 11.07 — Manufacture of soft drinks; production of mineral waters and other bottled waters | UK PRTR Annex I activity 8.(b)		reported in UK PRTR for 2024; operating status not asserted	LUCOZADE RIBENA SUNTORY LIMITED		source industry classification only; pollutant and waste quantities excluded	https://www.gov.uk/government/publications/download-industrial-emissions-and-waste-transfer-uk-prtr-data	official UK pollutant-register facility and activity classification	2026-09-28	Open Government Licence v3.0	Selected systematically from the 2024 UK PRTR CSV by NACE prefix in 10, 11, 17, 19, 20, 21, 22. This facility-level discovery record does not establish a process-reactor inventory, reactor design, capacity, or current operating state.
uk-prtr:EW_EA-3110	Hosegood Flour Mill - EPR/BM8916ID	United Kingdom	51.496673	-2.702636	UK PRTR-published facility point; positional accuracy not independently verified	NACE 10.61 — Manufacture of grain mill products	NACE 10.61 — Manufacture of grain mill products | UK PRTR Annex I activity 8.(b)		reported in UK PRTR for 2024; operating status not asserted	ADM MILLING LIMITED		source industry classification only; pollutant and waste quantities excluded	https://www.gov.uk/government/publications/download-industrial-emissions-and-waste-transfer-uk-prtr-data	official UK pollutant-register facility and activity classification	2026-09-28	Open Government Licence v3.0	Selected systematically from the 2024 UK PRTR CSV by NACE prefix in 10, 11, 17, 19, 20, 21, 22. This facility-level discovery record does not establish a process-reactor inventory, reactor design, capacity, or current operating state.
uk-prtr:EW_EA-3113	Coronet Flour Mill EPR/RP3332DN	United Kingdom	53.481074	-2.322878	UK PRTR-published facility point; positional accuracy not independently verified	NACE 10.61 — Manufacture of grain mill products	NACE 10.61 — Manufacture of grain mill products | UK PRTR Annex I activity 8.(b)		reported in UK PRTR for 2024; operating status not asserted	ALLIED MILLS LIMITED		source industry classification only; pollutant and waste quantities excluded	https://www.gov.uk/government/publications/download-industrial-emissions-and-waste-transfer-uk-prtr-data	official UK pollutant-register facility and activity classification	2026-09-28	Open Government Licence v3.0	Selected systematically from the 2024 UK PRTR CSV by NACE prefix in 10, 11, 17, 19, 20, 21, 22. This facility-level discovery record does not establish a process-reactor inventory, reactor design, capacity, or current operating state.
uk-prtr:EW_EA-3114	Corby Flour Mill - EPR/BM9661IH	United Kingdom	52.509495	-0.685363	UK PRTR-published facility point; positional accuracy not independently verified	NACE 10.61 — Manufacture of grain mill products	NACE 10.61 — Manufacture of grain mill products | UK PRTR Annex I activity 8.(b)		reported in UK PRTR for 2024; operating status not asserted	ADM MILLING LIMITED		source industry classification only; pollutant and waste quantities excluded	https://www.gov.uk/government/publications/download-industrial-emissions-and-waste-transfer-uk-prtr-data	official UK pollutant-register facility and activity classification	2026-09-28	Open Government Licence v3.0	Selected systematically from the 2024 UK PRTR CSV by NACE prefix in 10, 11, 17, 19, 20, 21, 22. This facility-level discovery record does not establish a process-reactor inventory, reactor design, capacity, or current operating state.
uk-prtr:EW_EA-3115	Tilbury Flour Mill - EPR/UP3806LV	United Kingdom	51.469236	0.330692	UK PRTR-published facility point; positional accuracy not independently verified	NACE 10.61 — Manufacture of grain mill products	NACE 10.61 — Manufacture of grain mill products | UK PRTR Annex I activity 8.(b)		reported in UK PRTR for 2024; operating status not asserted	ALLIED MILLS LIMITED		source industry classification only; pollutant and waste quantities excluded	https://www.gov.uk/government/publications/download-industrial-emissions-and-waste-transfer-uk-prtr-data	official UK pollutant-register facility and activity classification	2026-09-28	Open Government Licence v3.0	Selected systematically from the 2024 UK PRTR CSV by NACE prefix in 10, 11, 17, 19, 20, 21, 22. This facility-level discovery record does not establish a process-reactor inventory, reactor design, capacity, or current operating state.
uk-prtr:EW_EA-3117	Settle Creamery - EPR/BN0473IM	United Kingdom	54.067190	-2.285239	UK PRTR-published facility point; positional accuracy not independently verified	NACE 10.51 — Operation of dairies and cheese making	NACE 10.51 — Operation of dairies and cheese making | UK PRTR Annex I activity 8.(c)		reported in UK PRTR for 2024; operating status not asserted	ARLA FOODS LIMITED		source industry classification only; pollutant and waste quantities excluded	https://www.gov.uk/government/publications/download-industrial-emissions-and-waste-transfer-uk-prtr-data	official UK pollutant-register facility and activity classification	2026-09-28	Open Government Licence v3.0	Selected systematically from the 2024 UK PRTR CSV by NACE prefix in 10, 11, 17, 19, 20, 21, 22. This facility-level discovery record does not establish a process-reactor inventory, reactor design, capacity, or current operating state.
uk-prtr:EW_EA-3122	Beckton Soft Drinks Factory EPR/BN2832IK	United Kingdom	51.517734	0.070541	UK PRTR-published facility point; positional accuracy not independently verified	NACE 11.07 — Manufacture of soft drinks; production of mineral waters and other bottled waters	NACE 11.07 — Manufacture of soft drinks; production of mineral waters and other bottled waters | UK PRTR Annex I activity 8.(b)		reported in UK PRTR for 2024; operating status not asserted	BRITVIC SOFT DRINKS LIMITED		source industry classification only; pollutant and waste quantities excluded	https://www.gov.uk/government/publications/download-industrial-emissions-and-waste-transfer-uk-prtr-data	official UK pollutant-register facility and activity classification	2026-09-28	Open Government Licence v3.0	Selected systematically from the 2024 UK PRTR CSV by NACE prefix in 10, 11, 17, 19, 20, 21, 22. This facility-level discovery record does not establish a process-reactor inventory, reactor design, capacity, or current operating state.
uk-prtr:EW_EA-3123	Britvic Soft Drinks Leeds - EPR/BN2859IP	United Kingdom	53.806371	-1.649193	UK PRTR-published facility point; positional accuracy not independently verified	NACE 11.07 — Manufacture of soft drinks; production of mineral waters and other bottled waters	NACE 11.07 — Manufacture of soft drinks; production of mineral waters and other bottled waters | UK PRTR Annex I activity 8.(b)		reported in UK PRTR for 2024; operating status not asserted	BRITVIC SOFT DRINKS LIMITED		source industry classification only; pollutant and waste quantities excluded	https://www.gov.uk/government/publications/download-industrial-emissions-and-waste-transfer-uk-prtr-data	official UK pollutant-register facility and activity classification	2026-09-28	Open Government Licence v3.0	Selected systematically from the 2024 UK PRTR CSV by NACE prefix in 10, 11, 17, 19, 20, 21, 22. This facility-level discovery record does not establish a process-reactor inventory, reactor design, capacity, or current operating state.
uk-prtr:EW_EA-3124	Bulmer Cider Mills EPR/BN3138IG	United Kingdom	52.059550	-2.727628	UK PRTR-published facility point; positional accuracy not independently verified	NACE 11.03 — Manufacture of cider and other fruit wines	NACE 11.03 — Manufacture of cider and other fruit wines | UK PRTR Annex I activity 8.(b)		reported in UK PRTR for 2024; operating status not asserted	HEINEKEN UK LIMITED		source industry classification only; pollutant and waste quantities excluded	https://www.gov.uk/government/publications/download-industrial-emissions-and-waste-transfer-uk-prtr-data	official UK pollutant-register facility and activity classification	2026-09-28	Open Government Licence v3.0	Selected systematically from the 2024 UK PRTR CSV by NACE prefix in 10, 11, 17, 19, 20, 21, 22. This facility-level discovery record does not establish a process-reactor inventory, reactor design, capacity, or current operating state.
uk-prtr:EW_EA-3126	Crick Pet Food - EPR/BN3316IU	United Kingdom	51.723274	-1.935096	UK PRTR-published facility point; positional accuracy not independently verified	NACE 10.92 — Manufacture of prepared pet foods	NACE 10.92 — Manufacture of prepared pet foods | UK PRTR Annex I activity 8.(b)		reported in UK PRTR for 2024; operating status not asserted	BUTCHER'S PET CARE LIMITED		source industry classification only; pollutant and waste quantities excluded	https://www.gov.uk/government/publications/download-industrial-emissions-and-waste-transfer-uk-prtr-data	official UK pollutant-register facility and activity classification	2026-09-28	Open Government Licence v3.0	Selected systematically from the 2024 UK PRTR CSV by NACE prefix in 10, 11, 17, 19, 20, 21, 22. This facility-level discovery record does not establish a process-reactor inventory, reactor design, capacity, or current operating state.
uk-prtr:EW_EA-3127	Bournville Chocolate Works EPR/LP3734FJ	United Kingdom	52.417165	-1.930263	UK PRTR-published facility point; positional accuracy not independently verified	NACE 10.82 — Manufacture of cocoa, chocolate and sugar confectionery	NACE 10.82 — Manufacture of cocoa, chocolate and sugar confectionery | UK PRTR Annex I activity 8.(b)		reported in UK PRTR for 2024; operating status not asserted	MONDELEZ UK CONFECTIONERY PRODUCTION LIMITED		source industry classification only; pollutant and waste quantities excluded	https://www.gov.uk/government/publications/download-industrial-emissions-and-waste-transfer-uk-prtr-data	official UK pollutant-register facility and activity classification	2026-09-28	Open Government Licence v3.0	Selected systematically from the 2024 UK PRTR CSV by NACE prefix in 10, 11, 17, 19, 20, 21, 22. This facility-level discovery record does not establish a process-reactor inventory, reactor design, capacity, or current operating state.
uk-prtr:EW_EA-3129	Brocklebank Oilseed Processing Plant EPR/BN4142IY	United Kingdom	53.441891	-3.002157	UK PRTR-published facility point; positional accuracy not independently verified	NACE 10.41 — Manufacture of oils and fats	NACE 10.41 — Manufacture of oils and fats | UK PRTR Annex I activity 8.(b)		reported in UK PRTR for 2024; operating status not asserted	CARGILL PLC		source industry classification only; pollutant and waste quantities excluded	https://www.gov.uk/government/publications/download-industrial-emissions-and-waste-transfer-uk-prtr-data	official UK pollutant-register facility and activity classification	2026-09-28	Open Government Licence v3.0	Selected systematically from the 2024 UK PRTR CSV by NACE prefix in 10, 11, 17, 19, 20, 21, 22. This facility-level discovery record does not establish a process-reactor inventory, reactor design, capacity, or current operating state.
uk-prtr:EW_EA-3131	Bridge Street Brewery - EPR/JP3337WF	United Kingdom	52.232342	-0.899297	UK PRTR-published facility point; positional accuracy not independently verified	NACE 11.05 — Manufacture of beer	NACE 11.05 — Manufacture of beer | UK PRTR Annex I activity 8.(b)		reported in UK PRTR for 2024; operating status not asserted	CMBC SUPPLY LIMITED		source industry classification only; pollutant and waste quantities excluded	https://www.gov.uk/government/publications/download-industrial-emissions-and-waste-transfer-uk-prtr-data	official UK pollutant-register facility and activity classification	2026-09-28	Open Government Licence v3.0	Selected systematically from the 2024 UK PRTR CSV by NACE prefix in 10, 11, 17, 19, 20, 21, 22. This facility-level discovery record does not establish a process-reactor inventory, reactor design, capacity, or current operating state.
uk-prtr:EW_EA-3132	The Eagle Brewery - EPR/EP3831YX	United Kingdom	52.130420	-0.481348	UK PRTR-published facility point; positional accuracy not independently verified	NACE 11.05 — Manufacture of beer	NACE 11.05 — Manufacture of beer | UK PRTR Annex I activity 8.(b)		reported in UK PRTR for 2024; operating status not asserted	Damm 1876 Ltd		source industry classification only; pollutant and waste quantities excluded	https://www.gov.uk/government/publications/download-industrial-emissions-and-waste-transfer-uk-prtr-data	official UK pollutant-register facility and activity classification	2026-09-28	Open Government Licence v3.0	Selected systematically from the 2024 UK PRTR CSV by NACE prefix in 10, 11, 17, 19, 20, 21, 22. This facility-level discovery record does not establish a process-reactor inventory, reactor design, capacity, or current operating state.
uk-prtr:EW_EA-3135	Bondgate Beverage Manufacturer - EPR/BN5637IW	United Kingdom	53.698026	-1.293709	UK PRTR-published facility point; positional accuracy not independently verified	NACE 11.07 — Manufacture of soft drinks; production of mineral waters and other bottled waters	NACE 11.07 — Manufacture of soft drinks; production of mineral waters and other bottled waters | UK PRTR Annex I activity 8.(b)		reported in UK PRTR for 2024; operating status not asserted	REFRESCO DRINKS UK LIMITED		source industry classification only; pollutant and waste quantities excluded	https://www.gov.uk/government/publications/download-industrial-emissions-and-waste-transfer-uk-prtr-data	official UK pollutant-register facility and activity classification	2026-09-28	Open Government Licence v3.0	Selected systematically from the 2024 UK PRTR CSV by NACE prefix in 10, 11, 17, 19, 20, 21, 22. This facility-level discovery record does not establish a process-reactor inventory, reactor design, capacity, or current operating state.
uk-prtr:EW_EA-3136	Preston Abattoir	United Kingdom	53.755596	-0.204163	UK PRTR-published facility point; positional accuracy not independently verified	NACE 10.11 — Processing and preserving of meat	NACE 10.11 — Processing and preserving of meat | UK PRTR Annex I activity 8.(a)		reported in UK PRTR for 2024; operating status not asserted	CRANSWICK COUNTRY FOODS PLC		source industry classification only; pollutant and waste quantities excluded	https://www.gov.uk/government/publications/download-industrial-emissions-and-waste-transfer-uk-prtr-data	official UK pollutant-register facility and activity classification	2026-09-28	Open Government Licence v3.0	Selected systematically from the 2024 UK PRTR CSV by NACE prefix in 10, 11, 17, 19, 20, 21, 22. This facility-level discovery record does not establish a process-reactor inventory, reactor design, capacity, or current operating state.
uk-prtr:EW_EA-3140	Leeming Bar Meat Processing Unit - EPR/VP3638HV	United Kingdom	54.304102	-1.565067	UK PRTR-published facility point; positional accuracy not independently verified	NACE 10.13 — Production of meat and poultry meat products	NACE 10.13 — Production of meat and poultry meat products | UK PRTR Annex I activity 8.(b)		reported in UK PRTR for 2024; operating status not asserted	ANGLO BEEF PROCESSORS UK		source industry classification only; pollutant and waste quantities excluded	https://www.gov.uk/government/publications/download-industrial-emissions-and-waste-transfer-uk-prtr-data	official UK pollutant-register facility and activity classification	2026-09-28	Open Government Licence v3.0	Selected systematically from the 2024 UK PRTR CSV by NACE prefix in 10, 11, 17, 19, 20, 21, 22. This facility-level discovery record does not establish a process-reactor inventory, reactor design, capacity, or current operating state.
uk-prtr:EW_EA-3142	Dunbia (Cumbria) - EPR/PP3337FP	United Kingdom	54.174571	-3.158133	UK PRTR-published facility point; positional accuracy not independently verified	NACE 10.11 — Processing and preserving of meat	NACE 10.11 — Processing and preserving of meat | UK PRTR Annex I activity 8.(a)		reported in UK PRTR for 2024; operating status not asserted	DUNBIA (UK)		source industry classification only; pollutant and waste quantities excluded	https://www.gov.uk/government/publications/download-industrial-emissions-and-waste-transfer-uk-prtr-data	official UK pollutant-register facility and activity classification	2026-09-28	Open Government Licence v3.0	Selected systematically from the 2024 UK PRTR CSV by NACE prefix in 10, 11, 17, 19, 20, 21, 22. This facility-level discovery record does not establish a process-reactor inventory, reactor design, capacity, or current operating state.
uk-prtr:EW_EA-3146	Cemetery Road Pizza and Pies WM EPR/BN8814IV/V003	United Kingdom	53.795828	-1.791983	UK PRTR-published facility point; positional accuracy not independently verified	NACE 10.13 — Production of meat and poultry meat products	NACE 10.13 — Production of meat and poultry meat products | UK PRTR Annex I activity 8.(b)		reported in UK PRTR for 2024; operating status not asserted	FARMERS BOY LIMITED		source industry classification only; pollutant and waste quantities excluded	https://www.gov.uk/government/publications/download-industrial-emissions-and-waste-transfer-uk-prtr-data	official UK pollutant-register facility and activity classification	2026-09-28	Open Government Licence v3.0	Selected systematically from the 2024 UK PRTR CSV by NACE prefix in 10, 11, 17, 19, 20, 21, 22. This facility-level discovery record does not establish a process-reactor inventory, reactor design, capacity, or current operating state.
uk-prtr:EW_EA-3148	Greenyard Frozen UK EPR/BN9241IS	United Kingdom	52.739048	0.415946	UK PRTR-published facility point; positional accuracy not independently verified	NACE 10.39 — Other processing and preserving of fruit and vegetables	NACE 10.39 — Other processing and preserving of fruit and vegetables | UK PRTR Annex I activity 8.(b)		reported in UK PRTR for 2024; operating status not asserted	GREENYARD FROZEN UK LIMITED		source industry classification only; pollutant and waste quantities excluded	https://www.gov.uk/government/publications/download-industrial-emissions-and-waste-transfer-uk-prtr-data	official UK pollutant-register facility and activity classification	2026-09-28	Open Government Licence v3.0	Selected systematically from the 2024 UK PRTR CSV by NACE prefix in 10, 11, 17, 19, 20, 21, 22. This facility-level discovery record does not establish a process-reactor inventory, reactor design, capacity, or current operating state.
uk-prtr:EW_EA-3150	Shepton Mallet Egg Processors and Contract Packers EPR/BN9551IT	United Kingdom	51.186718	-2.533507	UK PRTR-published facility point; positional accuracy not independently verified	NACE 10.89 — Manufacture of other food products n.e.c.	NACE 10.89 — Manufacture of other food products n.e.c. | UK PRTR Annex I activity 8.(b)		reported in UK PRTR for 2024; operating status not asserted	FRAMPTONS LIMITED		source industry classification only; pollutant and waste quantities excluded	https://www.gov.uk/government/publications/download-industrial-emissions-and-waste-transfer-uk-prtr-data	official UK pollutant-register facility and activity classification	2026-09-28	Open Government Licence v3.0	Selected systematically from the 2024 UK PRTR CSV by NACE prefix in 10, 11, 17, 19, 20, 21, 22. This facility-level discovery record does not establish a process-reactor inventory, reactor design, capacity, or current operating state.
uk-prtr:EW_EA-3152	Abbot House Westgate Brewery EPR/BO1122IA	United Kingdom	52.240899	0.717356	UK PRTR-published facility point; positional accuracy not independently verified	NACE 11.05 — Manufacture of beer	NACE 11.05 — Manufacture of beer | UK PRTR Annex I activity 8.(b)		reported in UK PRTR for 2024; operating status not asserted	GREENE KING LIMITED		source industry classification only; pollutant and waste quantities excluded	https://www.gov.uk/government/publications/download-industrial-emissions-and-waste-transfer-uk-prtr-data	official UK pollutant-register facility and activity classification	2026-09-28	Open Government Licence v3.0	Selected systematically from the 2024 UK PRTR CSV by NACE prefix in 10, 11, 17, 19, 20, 21, 22. This facility-level discovery record does not establish a process-reactor inventory, reactor design, capacity, or current operating state.
uk-prtr:EW_EA-3153	Felthorpe Meat Processors EPR/BO1505IX	United Kingdom	52.748832	1.205470	UK PRTR-published facility point; positional accuracy not independently verified	NACE 10.11 — Processing and preserving of meat	NACE 10.11 — Processing and preserving of meat | UK PRTR Annex I activity 8.(a)		reported in UK PRTR for 2024; operating status not asserted	HG BLAKE (COSTESSEY) LIMITED		source industry classification only; pollutant and waste quantities excluded	https://www.gov.uk/government/publications/download-industrial-emissions-and-waste-transfer-uk-prtr-data	official UK pollutant-register facility and activity classification	2026-09-28	Open Government Licence v3.0	Selected systematically from the 2024 UK PRTR CSV by NACE prefix in 10, 11, 17, 19, 20, 21, 22. This facility-level discovery record does not establish a process-reactor inventory, reactor design, capacity, or current operating state.
uk-prtr:EW_EA-3154	H R Jasper Abattoir - South Petherwin - EPR/BO1637IE	United Kingdom	50.610380	-4.411837	UK PRTR-published facility point; positional accuracy not independently verified	NACE 10.11 — Processing and preserving of meat	NACE 10.11 — Processing and preserving of meat | UK PRTR Annex I activity 8.(a)		reported in UK PRTR for 2024; operating status not asserted	DUNBIA (UK)		source industry classification only; pollutant and waste quantities excluded	https://www.gov.uk/government/publications/download-industrial-emissions-and-waste-transfer-uk-prtr-data	official UK pollutant-register facility and activity classification	2026-09-28	Open Government Licence v3.0	Selected systematically from the 2024 UK PRTR CSV by NACE prefix in 10, 11, 17, 19, 20, 21, 22. This facility-level discovery record does not establish a process-reactor inventory, reactor design, capacity, or current operating state.
uk-prtr:EW_EA-3155	Little Wratting Pork Processing EPR/AP3333HL	United Kingdom	52.101348	0.475656	UK PRTR-published facility point; positional accuracy not independently verified	NACE 10.11 — Processing and preserving of meat	NACE 10.11 — Processing and preserving of meat | UK PRTR Annex I activity 8.(b)		reported in UK PRTR for 2024; operating status not asserted	KARRO FOOD LIMITED		source industry classification only; pollutant and waste quantities excluded	https://www.gov.uk/government/publications/download-industrial-emissions-and-waste-transfer-uk-prtr-data	official UK pollutant-register facility and activity classification	2026-09-28	Open Government Licence v3.0	Selected systematically from the 2024 UK PRTR CSV by NACE prefix in 10, 11, 17, 19, 20, 21, 22. This facility-level discovery record does not establish a process-reactor inventory, reactor design, capacity, or current operating state.
uk-prtr:EW_EA-3162	Dunbia (Preston) - EPR/WP3338UP	United Kingdom	53.719685	-2.658844	UK PRTR-published facility point; positional accuracy not independently verified	NACE 10.11 — Processing and preserving of meat	NACE 10.11 — Processing and preserving of meat | UK PRTR Annex I activity 8.(a)		reported in UK PRTR for 2024; operating status not asserted	DUNBIA (UK)		source industry classification only; pollutant and waste quantities excluded	https://www.gov.uk/government/publications/download-industrial-emissions-and-waste-transfer-uk-prtr-data	official UK pollutant-register facility and activity classification	2026-09-28	Open Government Licence v3.0	Selected systematically from the 2024 UK PRTR CSV by NACE prefix in 10, 11, 17, 19, 20, 21, 22. This facility-level discovery record does not establish a process-reactor inventory, reactor design, capacity, or current operating state.
uk-prtr:EW_EA-3163	Meat Processing Plant, Hyde - EPR/BO5357IE	United Kingdom	53.450760	-2.051007	UK PRTR-published facility point; positional accuracy not independently verified	NACE 10.13 — Production of meat and poultry meat products	NACE 10.13 — Production of meat and poultry meat products | UK PRTR Annex I activity 8.(b)		reported in UK PRTR for 2024; operating status not asserted	PILGRIM'S FOOD MASTERS UK LIMITED		source industry classification only; pollutant and waste quantities excluded	https://www.gov.uk/government/publications/download-industrial-emissions-and-waste-transfer-uk-prtr-data	official UK pollutant-register facility and activity classification	2026-09-28	Open Government Licence v3.0	Selected systematically from the 2024 UK PRTR CSV by NACE prefix in 10, 11, 17, 19, 20, 21, 22. This facility-level discovery record does not establish a process-reactor inventory, reactor design, capacity, or current operating state.
uk-prtr:EW_EA-3166	Malton Bacon Factory EPR/BO7236IF	United Kingdom	54.132278	-0.772882	UK PRTR-published facility point; positional accuracy not independently verified	NACE 10.11 — Processing and preserving of meat	NACE 10.11 — Processing and preserving of meat | UK PRTR Annex I activity 8.(a)		reported in UK PRTR for 2024; operating status not asserted	KARRO FOOD LIMITED		source industry classification only; pollutant and waste quantities excluded	https://www.gov.uk/government/publications/download-industrial-emissions-and-waste-transfer-uk-prtr-data	official UK pollutant-register facility and activity classification	2026-09-28	Open Government Licence v3.0	Selected systematically from the 2024 UK PRTR CSV by NACE prefix in 10, 11, 17, 19, 20, 21, 22. This facility-level discovery record does not establish a process-reactor inventory, reactor design, capacity, or current operating state.
uk-prtr:EW_EA-3167	Slough Chocolate Factory EPR/VP3239GT/V002	United Kingdom	51.524867	-0.630592	UK PRTR-published facility point; positional accuracy not independently verified	NACE 10.82 — Manufacture of cocoa, chocolate and sugar confectionery	NACE 10.82 — Manufacture of cocoa, chocolate and sugar confectionery | UK PRTR Annex I activity 8.(b)		reported in UK PRTR for 2024; operating status not asserted	MARS CHOCOLATE UK LIMITED.		source industry classification only; pollutant and waste quantities excluded	https://www.gov.uk/government/publications/download-industrial-emissions-and-waste-transfer-uk-prtr-data	official UK pollutant-register facility and activity classification	2026-09-28	Open Government Licence v3.0	Selected systematically from the 2024 UK PRTR CSV by NACE prefix in 10, 11, 17, 19, 20, 21, 22. This facility-level discovery record does not establish a process-reactor inventory, reactor design, capacity, or current operating state.
uk-prtr:EW_EA-3168	Whittlesey Food Factory - EPR/BO7724IV	United Kingdom	52.558999	-0.174350	UK PRTR-published facility point; positional accuracy not independently verified	NACE 10.31 — Processing and preserving of potatoes	NACE 10.31 — Processing and preserving of potatoes | UK PRTR Annex I activity 8.(b)		reported in UK PRTR for 2024; operating status not asserted	MCCAIN FOODS (G.B.) LIMITED		source industry classification only; pollutant and waste quantities excluded	https://www.gov.uk/government/publications/download-industrial-emissions-and-waste-transfer-uk-prtr-data	official UK pollutant-register facility and activity classification	2026-09-28	Open Government Licence v3.0	Selected systematically from the 2024 UK PRTR CSV by NACE prefix in 10, 11, 17, 19, 20, 21, 22. This facility-level discovery record does not establish a process-reactor inventory, reactor design, capacity, or current operating state.
uk-prtr:EW_EA-3169	McCain Scarborough Manufacturing Site	United Kingdom	54.237781	-0.389677	UK PRTR-published facility point; positional accuracy not independently verified	NACE 10.31 — Processing and preserving of potatoes	NACE 10.31 — Processing and preserving of potatoes | UK PRTR Annex I activity 8.(b)		reported in UK PRTR for 2024; operating status not asserted	MCCAIN FOODS (G.B.) LIMITED		source industry classification only; pollutant and waste quantities excluded	https://www.gov.uk/government/publications/download-industrial-emissions-and-waste-transfer-uk-prtr-data	official UK pollutant-register facility and activity classification	2026-09-28	Open Government Licence v3.0	Selected systematically from the 2024 UK PRTR CSV by NACE prefix in 10, 11, 17, 19, 20, 21, 22. This facility-level discovery record does not establish a process-reactor inventory, reactor design, capacity, or current operating state.
uk-prtr:EW_EA-3173	Muller UK & Ireland Group LLP YP3633WP	United Kingdom	52.896203	-2.515767	UK PRTR-published facility point; positional accuracy not independently verified	NACE 10.51 — Operation of dairies and cheese making	NACE 10.51 — Operation of dairies and cheese making | UK PRTR Annex I activity 8.(c)		reported in UK PRTR for 2024; operating status not asserted	MULLER UK & IRELAND GROUP LLP		source industry classification only; pollutant and waste quantities excluded	https://www.gov.uk/government/publications/download-industrial-emissions-and-waste-transfer-uk-prtr-data	official UK pollutant-register facility and activity classification	2026-09-28	Open Government Licence v3.0	Selected systematically from the 2024 UK PRTR CSV by NACE prefix in 10, 11, 17, 19, 20, 21, 22. This facility-level discovery record does not establish a process-reactor inventory, reactor design, capacity, or current operating state.
uk-prtr:EW_EA-3177	Easton Food Processors EPR/ZP3737YZ	United Kingdom	52.830455	-0.607119	UK PRTR-published facility point; positional accuracy not independently verified	NACE 10.31 — Processing and preserving of potatoes	NACE 10.31 — Processing and preserving of potatoes | UK PRTR Annex I activity 8.(b)		reported in UK PRTR for 2024; operating status not asserted	McCain Foods (G.B.) Limited		source industry classification only; pollutant and waste quantities excluded	https://www.gov.uk/government/publications/download-industrial-emissions-and-waste-transfer-uk-prtr-data	official UK pollutant-register facility and activity classification	2026-09-28	Open Government Licence v3.0	Selected systematically from the 2024 UK PRTR CSV by NACE prefix in 10, 11, 17, 19, 20, 21, 22. This facility-level discovery record does not establish a process-reactor inventory, reactor design, capacity, or current operating state.
uk-prtr:EW_EA-3185	Maryland Farm EPR/BP3232SF	United Kingdom	51.121598	-2.537329	UK PRTR-published facility point; positional accuracy not independently verified	NACE 10.51 — Operation of dairies and cheese making	NACE 10.51 — Operation of dairies and cheese making | UK PRTR Annex I activity 8.(c)		reported in UK PRTR for 2024; operating status not asserted	A J & R G BARBER LIMITED		source industry classification only; pollutant and waste quantities excluded	https://www.gov.uk/government/publications/download-industrial-emissions-and-waste-transfer-uk-prtr-data	official UK pollutant-register facility and activity classification	2026-09-28	Open Government Licence v3.0	Selected systematically from the 2024 UK PRTR CSV by NACE prefix in 10, 11, 17, 19, 20, 21, 22. This facility-level discovery record does not establish a process-reactor inventory, reactor design, capacity, or current operating state.
uk-prtr:EW_EA-3192	ABP Doncaster - EPR/BP3530BD	United Kingdom	53.537720	-1.030964	UK PRTR-published facility point; positional accuracy not independently verified	NACE 10.11 — Processing and preserving of meat	NACE 10.11 — Processing and preserving of meat | UK PRTR Annex I activity 8.(b)		reported in UK PRTR for 2024; operating status not asserted	ANGLO BEEF PROCESSORS UK		source industry classification only; pollutant and waste quantities excluded	https://www.gov.uk/government/publications/download-industrial-emissions-and-waste-transfer-uk-prtr-data	official UK pollutant-register facility and activity classification	2026-09-28	Open Government Licence v3.0	Selected systematically from the 2024 UK PRTR CSV by NACE prefix in 10, 11, 17, 19, 20, 21, 22. This facility-level discovery record does not establish a process-reactor inventory, reactor design, capacity, or current operating state.
uk-prtr:EW_EA-3193	Severnside Dairies EPR/TP3838RM	United Kingdom	51.750519	-2.296910	UK PRTR-published facility point; positional accuracy not independently verified	NACE 10.51 — Operation of dairies and cheese making	NACE 10.51 — Operation of dairies and cheese making | UK PRTR Annex I activity 8.(c)		reported in UK PRTR for 2024; operating status not asserted	MULLER UK & IRELAND GROUP LLP		source industry classification only; pollutant and waste quantities excluded	https://www.gov.uk/government/publications/download-industrial-emissions-and-waste-transfer-uk-prtr-data	official UK pollutant-register facility and activity classification	2026-09-28	Open Government Licence v3.0	Selected systematically from the 2024 UK PRTR CSV by NACE prefix in 10, 11, 17, 19, 20, 21, 22. This facility-level discovery record does not establish a process-reactor inventory, reactor design, capacity, or current operating state.
uk-prtr:EW_EA-3201	Dovecote Park Ltd	United Kingdom	53.673038	-1.235092	UK PRTR-published facility point; positional accuracy not independently verified	NACE 10.11 — Processing and preserving of meat	NACE 10.11 — Processing and preserving of meat | UK PRTR Annex I activity 8.(a)		reported in UK PRTR for 2024; operating status not asserted	DOVECOTE PARK LIMITED		source industry classification only; pollutant and waste quantities excluded	https://www.gov.uk/government/publications/download-industrial-emissions-and-waste-transfer-uk-prtr-data	official UK pollutant-register facility and activity classification	2026-09-28	Open Government Licence v3.0	Selected systematically from the 2024 UK PRTR CSV by NACE prefix in 10, 11, 17, 19, 20, 21, 22. This facility-level discovery record does not establish a process-reactor inventory, reactor design, capacity, or current operating state.
uk-prtr:EW_EA-3204	Leeming Bar Ice Cream Factory EPR/BP4062IB/V011	United Kingdom	54.304460	-1.564756	UK PRTR-published facility point; positional accuracy not independently verified	NACE 10.52 — Manufacture of ice cream	NACE 10.52 — Manufacture of ice cream | UK PRTR Annex I activity 8.(b)		reported in UK PRTR for 2024; operating status not asserted	Froneri Ice Cream UK Limited		source industry classification only; pollutant and waste quantities excluded	https://www.gov.uk/government/publications/download-industrial-emissions-and-waste-transfer-uk-prtr-data	official UK pollutant-register facility and activity classification	2026-09-28	Open Government Licence v3.0	Selected systematically from the 2024 UK PRTR CSV by NACE prefix in 10, 11, 17, 19, 20, 21, 22. This facility-level discovery record does not establish a process-reactor inventory, reactor design, capacity, or current operating state.
uk-prtr:EW_EA-3205	ABP Langport - EPR/HP3330CQ	United Kingdom	51.032398	-2.816238	UK PRTR-published facility point; positional accuracy not independently verified	NACE 10.11 — Processing and preserving of meat	NACE 10.11 — Processing and preserving of meat | UK PRTR Annex I activity 8.(a)		reported in UK PRTR for 2024; operating status not asserted	ANGLO BEEF PROCESSORS UK		source industry classification only; pollutant and waste quantities excluded	https://www.gov.uk/government/publications/download-industrial-emissions-and-waste-transfer-uk-prtr-data	official UK pollutant-register facility and activity classification	2026-09-28	Open Government Licence v3.0	Selected systematically from the 2024 UK PRTR CSV by NACE prefix in 10, 11, 17, 19, 20, 21, 22. This facility-level discovery record does not establish a process-reactor inventory, reactor design, capacity, or current operating state.
uk-prtr:EW_EA-3206	Shepton Mallet Cider Mill EPR/HP3833YZ	United Kingdom	51.190389	-2.536984	UK PRTR-published facility point; positional accuracy not independently verified	NACE 11.03 — Manufacture of cider and other fruit wines	NACE 11.03 — Manufacture of cider and other fruit wines | UK PRTR Annex I activity 8.(b)		reported in UK PRTR for 2024; operating status not asserted	BROTHERS DRINKS CO. LIMITED		source industry classification only; pollutant and waste quantities excluded	https://www.gov.uk/government/publications/download-industrial-emissions-and-waste-transfer-uk-prtr-data	official UK pollutant-register facility and activity classification	2026-09-28	Open Government Licence v3.0	Selected systematically from the 2024 UK PRTR CSV by NACE prefix in 10, 11, 17, 19, 20, 21, 22. This facility-level discovery record does not establish a process-reactor inventory, reactor design, capacity, or current operating state.
uk-prtr:EW_EA-3210	St Merryn Bodmin EPR/EP3632EK	United Kingdom	50.474098	-4.702994	UK PRTR-published facility point; positional accuracy not independently verified	NACE 10.13 — Production of meat and poultry meat products	NACE 10.13 — Production of meat and poultry meat products | UK PRTR Annex I activity 8.(a)		reported in UK PRTR for 2024; operating status not asserted	KEPAK GROUP LIMITED		source industry classification only; pollutant and waste quantities excluded	https://www.gov.uk/government/publications/download-industrial-emissions-and-waste-transfer-uk-prtr-data	official UK pollutant-register facility and activity classification	2026-09-28	Open Government Licence v3.0	Selected systematically from the 2024 UK PRTR CSV by NACE prefix in 10, 11, 17, 19, 20, 21, 22. This facility-level discovery record does not establish a process-reactor inventory, reactor design, capacity, or current operating state.
uk-prtr:EW_EA-3216	Olympia Mills EPR/BP9811IE	United Kingdom	53.787863	-1.052532	UK PRTR-published facility point; positional accuracy not independently verified	NACE 10.91 — Manufacture of prepared feeds for farm animals	NACE 10.91 — Manufacture of prepared feeds for farm animals | UK PRTR Annex I activity 8.(b)		reported in UK PRTR for 2024; operating status not asserted	FORFARMERS UK LIMITED		source industry classification only; pollutant and waste quantities excluded	https://www.gov.uk/government/publications/download-industrial-emissions-and-waste-transfer-uk-prtr-data	official UK pollutant-register facility and activity classification	2026-09-28	Open Government Licence v3.0	Selected systematically from the 2024 UK PRTR CSV by NACE prefix in 10, 11, 17, 19, 20, 21, 22. This facility-level discovery record does not establish a process-reactor inventory, reactor design, capacity, or current operating state.
uk-prtr:EW_EA-3217	Dalton Pet Foods Manufacturer	United Kingdom	54.171711	-1.361801	UK PRTR-published facility point; positional accuracy not independently verified	NACE 10.92 — Manufacture of prepared pet foods	NACE 10.92 — Manufacture of prepared pet foods | UK PRTR Annex I activity 8.(b)		reported in UK PRTR for 2024; operating status not asserted	INSPIRED PET NUTRITION LIMITED		source industry classification only; pollutant and waste quantities excluded	https://www.gov.uk/government/publications/download-industrial-emissions-and-waste-transfer-uk-prtr-data	official UK pollutant-register facility and activity classification	2026-09-28	Open Government Licence v3.0	Selected systematically from the 2024 UK PRTR CSV by NACE prefix in 10, 11, 17, 19, 20, 21, 22. This facility-level discovery record does not establish a process-reactor inventory, reactor design, capacity, or current operating state.
uk-prtr:EW_EA-3219	Colne Meat EPR/BQ1719IQ	United Kingdom	53.848513	-2.198324	UK PRTR-published facility point; positional accuracy not independently verified	NACE 10.13 — Production of meat and poultry meat products	NACE 10.13 — Production of meat and poultry meat products | UK PRTR Annex I activity 8.(b)		reported in UK PRTR for 2024; operating status not asserted	NEEROCK LIMITED		source industry classification only; pollutant and waste quantities excluded	https://www.gov.uk/government/publications/download-industrial-emissions-and-waste-transfer-uk-prtr-data	official UK pollutant-register facility and activity classification	2026-09-28	Open Government Licence v3.0	Selected systematically from the 2024 UK PRTR CSV by NACE prefix in 10, 11, 17, 19, 20, 21, 22. This facility-level discovery record does not establish a process-reactor inventory, reactor design, capacity, or current operating state.
uk-prtr:EW_EA-3220	Humberstone Road - EPR/BQ1972IR	United Kingdom	53.559470	-0.061797	UK PRTR-published facility point; positional accuracy not independently verified	NACE 10.20 — Processing and preserving of fish, crustaceans and molluscs	NACE 10.20 — Processing and preserving of fish, crustaceans and molluscs | UK PRTR Annex I activity 8.(b)		reported in UK PRTR for 2024; operating status not asserted	YOUNG'S SEAFOOD LIMITED		source industry classification only; pollutant and waste quantities excluded	https://www.gov.uk/government/publications/download-industrial-emissions-and-waste-transfer-uk-prtr-data	official UK pollutant-register facility and activity classification	2026-09-28	Open Government Licence v3.0	Selected systematically from the 2024 UK PRTR CSV by NACE prefix in 10, 11, 17, 19, 20, 21, 22. This facility-level discovery record does not establish a process-reactor inventory, reactor design, capacity, or current operating state.
uk-prtr:EW_EA-3222	Lake Road, Trafford Park - EPR/SP3835EK	United Kingdom	53.475436	-2.313946	UK PRTR-published facility point; positional accuracy not independently verified	NACE 10.51 — Operation of dairies and cheese making	NACE 10.51 — Operation of dairies and cheese making | UK PRTR Annex I activity 8.(c)		reported in UK PRTR for 2024; operating status not asserted	MULLER UK & IRELAND GROUP LLP		source industry classification only; pollutant and waste quantities excluded	https://www.gov.uk/government/publications/download-industrial-emissions-and-waste-transfer-uk-prtr-data	official UK pollutant-register facility and activity classification	2026-09-28	Open Government Licence v3.0	Selected systematically from the 2024 UK PRTR CSV by NACE prefix in 10, 11, 17, 19, 20, 21, 22. This facility-level discovery record does not establish a process-reactor inventory, reactor design, capacity, or current operating state.
uk-prtr:EW_EA-3244	Finedon Mill, Wellingborough EPR/RP3931VA	United Kingdom	52.316934	-0.678899	UK PRTR-published facility point; positional accuracy not independently verified	NACE 10.61 — Manufacture of grain mill products	NACE 10.61 — Manufacture of grain mill products | UK PRTR Annex I activity 8.(b)		reported in UK PRTR for 2024; operating status not asserted	HOVIS LIMITED		source industry classification only; pollutant and waste quantities excluded	https://www.gov.uk/government/publications/download-industrial-emissions-and-waste-transfer-uk-prtr-data	official UK pollutant-register facility and activity classification	2026-09-28	Open Government Licence v3.0	Selected systematically from the 2024 UK PRTR CSV by NACE prefix in 10, 11, 17, 19, 20, 21, 22. This facility-level discovery record does not establish a process-reactor inventory, reactor design, capacity, or current operating state.
uk-prtr:EW_EA-3246	Dalehead Foods	United Kingdom	52.795604	-0.126042	UK PRTR-published facility point; positional accuracy not independently verified	NACE 10.11 — Processing and preserving of meat	NACE 10.11 — Processing and preserving of meat | UK PRTR Annex I activity 8.(a)		reported in UK PRTR for 2024; operating status not asserted	PILGRIM'S PRIDE LTD.		source industry classification only; pollutant and waste quantities excluded	https://www.gov.uk/government/publications/download-industrial-emissions-and-waste-transfer-uk-prtr-data	official UK pollutant-register facility and activity classification	2026-09-28	Open Government Licence v3.0	Selected systematically from the 2024 UK PRTR CSV by NACE prefix in 10, 11, 17, 19, 20, 21, 22. This facility-level discovery record does not establish a process-reactor inventory, reactor design, capacity, or current operating state.
uk-prtr:EW_EA-3248	Southbrink Factory EPR/BT3714IY	United Kingdom	52.662717	0.154413	UK PRTR-published facility point; positional accuracy not independently verified	NACE 10.92 — Manufacture of prepared pet foods	NACE 10.92 — Manufacture of prepared pet foods | UK PRTR Annex I activity 8.(b)		reported in UK PRTR for 2024; operating status not asserted	NESTLE PURINA UK MANUFACTURING OPERATIONS LIMITED		source industry classification only; pollutant and waste quantities excluded	https://www.gov.uk/government/publications/download-industrial-emissions-and-waste-transfer-uk-prtr-data	official UK pollutant-register facility and activity classification	2026-09-28	Open Government Licence v3.0	Selected systematically from the 2024 UK PRTR CSV by NACE prefix in 10, 11, 17, 19, 20, 21, 22. This facility-level discovery record does not establish a process-reactor inventory, reactor design, capacity, or current operating state.
uk-prtr:EW_EA-3249	Walkers Snack Foods - EPR/BT5890IB	United Kingdom	52.671220	-1.158495	UK PRTR-published facility point; positional accuracy not independently verified	NACE 10.31 — Processing and preserving of potatoes	NACE 10.31 — Processing and preserving of potatoes | UK PRTR Annex I activity 8.(b)		reported in UK PRTR for 2024; operating status not asserted	WALKERS SNACK FOODS LIMITED		source industry classification only; pollutant and waste quantities excluded	https://www.gov.uk/government/publications/download-industrial-emissions-and-waste-transfer-uk-prtr-data	official UK pollutant-register facility and activity classification	2026-09-28	Open Government Licence v3.0	Selected systematically from the 2024 UK PRTR CSV by NACE prefix in 10, 11, 17, 19, 20, 21, 22. This facility-level discovery record does not establish a process-reactor inventory, reactor design, capacity, or current operating state.
uk-prtr:EW_EA-3252	Greenergy Biofuels Teesside - EPR/EP3334AS	United Kingdom	54.612822	-1.171592	UK PRTR-published facility point; positional accuracy not independently verified	NACE 20.14 — Manufacture of other organic basic chemicals	NACE 20.14 — Manufacture of other organic basic chemicals | UK PRTR Annex I activity 4.(a)		reported in UK PRTR for 2024; operating status not asserted	GREENERGY BIOFUELS TEESSIDE LIMITED		source industry classification only; pollutant and waste quantities excluded	https://www.gov.uk/government/publications/download-industrial-emissions-and-waste-transfer-uk-prtr-data	official UK pollutant-register facility and activity classification	2026-09-28	Open Government Licence v3.0	Selected systematically from the 2024 UK PRTR CSV by NACE prefix in 10, 11, 17, 19, 20, 21, 22. This facility-level discovery record does not establish a process-reactor inventory, reactor design, capacity, or current operating state.
uk-prtr:EW_EA-3263	Purfleet Vegetable Oil Refinery EPR/BU7677IZ	United Kingdom	51.475166	0.257405	UK PRTR-published facility point; positional accuracy not independently verified	NACE 10.41 — Manufacture of oils and fats	NACE 10.41 — Manufacture of oils and fats | UK PRTR Annex I activity 8.(b)		reported in UK PRTR for 2024; operating status not asserted	PURA FOODS LIMITED		source industry classification only; pollutant and waste quantities excluded	https://www.gov.uk/government/publications/download-industrial-emissions-and-waste-transfer-uk-prtr-data	official UK pollutant-register facility and activity classification	2026-09-28	Open Government Licence v3.0	Selected systematically from the 2024 UK PRTR CSV by NACE prefix in 10, 11, 17, 19, 20, 21, 22. This facility-level discovery record does not establish a process-reactor inventory, reactor design, capacity, or current operating state.
uk-prtr:EW_EA-3278	Langwathby Meat Processing Site EPR/BV3529IK	United Kingdom	54.693285	-2.662270	UK PRTR-published facility point; positional accuracy not independently verified	NACE 10.12 — Processing and preserving of poultry meat	NACE 10.12 — Processing and preserving of poultry meat | UK PRTR Annex I activity 8.(a)		reported in UK PRTR for 2024; operating status not asserted	FRANK BIRD (POULTRY) LIMITED		source industry classification only; pollutant and waste quantities excluded	https://www.gov.uk/government/publications/download-industrial-emissions-and-waste-transfer-uk-prtr-data	official UK pollutant-register facility and activity classification	2026-09-28	Open Government Licence v3.0	Selected systematically from the 2024 UK PRTR CSV by NACE prefix in 10, 11, 17, 19, 20, 21, 22. This facility-level discovery record does not establish a process-reactor inventory, reactor design, capacity, or current operating state.
uk-prtr:EW_EA-3305	Hereford Poultry Processing Facility - EPR/HP3238JD	United Kingdom	52.064754	-2.729608	UK PRTR-published facility point; positional accuracy not independently verified	NACE 10.13 — Production of meat and poultry meat products	NACE 10.13 — Production of meat and poultry meat products | UK PRTR Annex I activity 8.(a)		reported in UK PRTR for 2024; operating status not asserted	FREEMANS OF NEWENT LIMITED		source industry classification only; pollutant and waste quantities excluded	https://www.gov.uk/government/publications/download-industrial-emissions-and-waste-transfer-uk-prtr-data	official UK pollutant-register facility and activity classification	2026-09-28	Open Government Licence v3.0	Selected systematically from the 2024 UK PRTR CSV by NACE prefix in 10, 11, 17, 19, 20, 21, 22. This facility-level discovery record does not establish a process-reactor inventory, reactor design, capacity, or current operating state.
uk-prtr:EW_EA-3308	Royal Brewery, Manchester - EPR/BV7796IW	United Kingdom	53.459600	-2.243947	UK PRTR-published facility point; positional accuracy not independently verified	NACE 11.05 — Manufacture of beer	NACE 11.05 — Manufacture of beer | UK PRTR Annex I activity 8.(b)		reported in UK PRTR for 2024; operating status not asserted	HEINEKEN UK LIMITED		source industry classification only; pollutant and waste quantities excluded	https://www.gov.uk/government/publications/download-industrial-emissions-and-waste-transfer-uk-prtr-data	official UK pollutant-register facility and activity classification	2026-09-28	Open Government Licence v3.0	Selected systematically from the 2024 UK PRTR CSV by NACE prefix in 10, 11, 17, 19, 20, 21, 22. This facility-level discovery record does not establish a process-reactor inventory, reactor design, capacity, or current operating state.
uk-prtr:EW_EA-3351	Carlisle Feed Mill EPR/BW3303IV	United Kingdom	54.924494	-2.949423	UK PRTR-published facility point; positional accuracy not independently verified	NACE 10.91 — Manufacture of prepared feeds for farm animals	NACE 10.91 — Manufacture of prepared feeds for farm animals | UK PRTR Annex I activity 8.(b)		reported in UK PRTR for 2024; operating status not asserted	CARRS BILLINGTON AGRICULTURE (OPERATIONS) LIMITED		source industry classification only; pollutant and waste quantities excluded	https://www.gov.uk/government/publications/download-industrial-emissions-and-waste-transfer-uk-prtr-data	official UK pollutant-register facility and activity classification	2026-09-28	Open Government Licence v3.0	Selected systematically from the 2024 UK PRTR CSV by NACE prefix in 10, 11, 17, 19, 20, 21, 22. This facility-level discovery record does not establish a process-reactor inventory, reactor design, capacity, or current operating state.
uk-prtr:EW_EA-3352	Eastern Way Food Factory EPR/BW9255IU	United Kingdom	54.881686	-2.906486	UK PRTR-published facility point; positional accuracy not independently verified	NACE 10.85 — Manufacture of prepared meals and dishes	NACE 10.85 — Manufacture of prepared meals and dishes | UK PRTR Annex I activity 8.(b)		reported in UK PRTR for 2024; operating status not asserted	CAVAGHAN & GRAY LIMITED		source industry classification only; pollutant and waste quantities excluded	https://www.gov.uk/government/publications/download-industrial-emissions-and-waste-transfer-uk-prtr-data	official UK pollutant-register facility and activity classification	2026-09-28	Open Government Licence v3.0	Selected systematically from the 2024 UK PRTR CSV by NACE prefix in 10, 11, 17, 19, 20, 21, 22. This facility-level discovery record does not establish a process-reactor inventory, reactor design, capacity, or current operating state.
uk-prtr:EW_EA-3355	Kenninghall Feed Mill EPR/BW9654IF	United Kingdom	52.422720	1.003894	UK PRTR-published facility point; positional accuracy not independently verified	NACE 10.91 — Manufacture of prepared feeds for farm animals	NACE 10.91 — Manufacture of prepared feeds for farm animals | UK PRTR Annex I activity 8.(b)		reported in UK PRTR for 2024; operating status not asserted	CROWN CHICKEN LIMITED		source industry classification only; pollutant and waste quantities excluded	https://www.gov.uk/government/publications/download-industrial-emissions-and-waste-transfer-uk-prtr-data	official UK pollutant-register facility and activity classification	2026-09-28	Open Government Licence v3.0	Selected systematically from the 2024 UK PRTR CSV by NACE prefix in 10, 11, 17, 19, 20, 21, 22. This facility-level discovery record does not establish a process-reactor inventory, reactor design, capacity, or current operating state.
uk-prtr:EW_EA-3356	ABN - Bury St Edmunds EPR/BW9689IP	United Kingdom	52.251130	0.726040	UK PRTR-published facility point; positional accuracy not independently verified	NACE 10.91 — Manufacture of prepared feeds for farm animals	NACE 10.91 — Manufacture of prepared feeds for farm animals | UK PRTR Annex I activity 8.(b)		reported in UK PRTR for 2024; operating status not asserted	AB AGRI LIMITED		source industry classification only; pollutant and waste quantities excluded	https://www.gov.uk/government/publications/download-industrial-emissions-and-waste-transfer-uk-prtr-data	official UK pollutant-register facility and activity classification	2026-09-28	Open Government Licence v3.0	Selected systematically from the 2024 UK PRTR CSV by NACE prefix in 10, 11, 17, 19, 20, 21, 22. This facility-level discovery record does not establish a process-reactor inventory, reactor design, capacity, or current operating state.
uk-prtr:EW_EA-3357	Cranswick Country Foods PLC (Norfolk) EPR/CP3507PJ	United Kingdom	52.568866	0.805779	UK PRTR-published facility point; positional accuracy not independently verified	NACE 10.11 — Processing and preserving of meat	NACE 10.11 — Processing and preserving of meat | UK PRTR Annex I activity 8.(a)		reported in UK PRTR for 2024; operating status not asserted	CRANSWICK COUNTRY FOODS PLC		source industry classification only; pollutant and waste quantities excluded	https://www.gov.uk/government/publications/download-industrial-emissions-and-waste-transfer-uk-prtr-data	official UK pollutant-register facility and activity classification	2026-09-28	Open Government Licence v3.0	Selected systematically from the 2024 UK PRTR CSV by NACE prefix in 10, 11, 17, 19, 20, 21, 22. This facility-level discovery record does not establish a process-reactor inventory, reactor design, capacity, or current operating state.
uk-prtr:EW_EA-3358	Bawsey Mill EPR/KP3738YP	United Kingdom	52.750478	0.472149	UK PRTR-published facility point; positional accuracy not independently verified	NACE 10.91 — Manufacture of prepared feeds for farm animals	NACE 10.91 — Manufacture of prepared feeds for farm animals | UK PRTR Annex I activity 8.(b)		reported in UK PRTR for 2024; operating status not asserted	2 AGRICULTURE LIMITED		source industry classification only; pollutant and waste quantities excluded	https://www.gov.uk/government/publications/download-industrial-emissions-and-waste-transfer-uk-prtr-data	official UK pollutant-register facility and activity classification	2026-09-28	Open Government Licence v3.0	Selected systematically from the 2024 UK PRTR CSV by NACE prefix in 10, 11, 17, 19, 20, 21, 22. This facility-level discovery record does not establish a process-reactor inventory, reactor design, capacity, or current operating state.
uk-prtr:EW_EA-3362	Sherburn in Elmet Animal Feed Mill - EPR/BW9824IC	United Kingdom	53.795773	-1.228155	UK PRTR-published facility point; positional accuracy not independently verified	NACE 10.91 — Manufacture of prepared feeds for farm animals	NACE 10.91 — Manufacture of prepared feeds for farm animals | UK PRTR Annex I activity 8.(b)		reported in UK PRTR for 2024; operating status not asserted	AB AGRI LIMITED		source industry classification only; pollutant and waste quantities excluded	https://www.gov.uk/government/publications/download-industrial-emissions-and-waste-transfer-uk-prtr-data	official UK pollutant-register facility and activity classification	2026-09-28	Open Government Licence v3.0	Selected systematically from the 2024 UK PRTR CSV by NACE prefix in 10, 11, 17, 19, 20, 21, 22. This facility-level discovery record does not establish a process-reactor inventory, reactor design, capacity, or current operating state.
uk-prtr:EW_EA-3363	Northallerton Feed Mill - EPR/BW9832IT	United Kingdom	54.347804	-1.439996	UK PRTR-published facility point; positional accuracy not independently verified	NACE 10.91 — Manufacture of prepared feeds for farm animals	NACE 10.91 — Manufacture of prepared feeds for farm animals | UK PRTR Annex I activity 8.(b)		reported in UK PRTR for 2024; operating status not asserted	AB AGRI LIMITED		source industry classification only; pollutant and waste quantities excluded	https://www.gov.uk/government/publications/download-industrial-emissions-and-waste-transfer-uk-prtr-data	official UK pollutant-register facility and activity classification	2026-09-28	Open Government Licence v3.0	Selected systematically from the 2024 UK PRTR CSV by NACE prefix in 10, 11, 17, 19, 20, 21, 22. This facility-level discovery record does not establish a process-reactor inventory, reactor design, capacity, or current operating state.
uk-prtr:EW_EA-3368	Dwan Mill EPR/BX0806IG	United Kingdom	53.725121	-2.650896	UK PRTR-published facility point; positional accuracy not independently verified	NACE 10.91 — Manufacture of prepared feeds for farm animals	NACE 10.91 — Manufacture of prepared feeds for farm animals | UK PRTR Annex I activity 8.(b)		reported in UK PRTR for 2024; operating status not asserted	FORFARMERS UK LIMITED		source industry classification only; pollutant and waste quantities excluded	https://www.gov.uk/government/publications/download-industrial-emissions-and-waste-transfer-uk-prtr-data	official UK pollutant-register facility and activity classification	2026-09-28	Open Government Licence v3.0	Selected systematically from the 2024 UK PRTR CSV by NACE prefix in 10, 11, 17, 19, 20, 21, 22. This facility-level discovery record does not establish a process-reactor inventory, reactor design, capacity, or current operating state.
uk-prtr:EW_EA-3369	Aintree Petfood Plant - EPR/RP3604PT	United Kingdom	53.466138	-2.950005	UK PRTR-published facility point; positional accuracy not independently verified	NACE 10.92 — Manufacture of prepared pet foods	NACE 10.92 — Manufacture of prepared pet foods | UK PRTR Annex I activity 8.(b)		reported in UK PRTR for 2024; operating status not asserted	FOLD HILL FOODS (LIVERPOOL) LIMITED		source industry classification only; pollutant and waste quantities excluded	https://www.gov.uk/government/publications/download-industrial-emissions-and-waste-transfer-uk-prtr-data	official UK pollutant-register facility and activity classification	2026-09-28	Open Government Licence v3.0	Selected systematically from the 2024 UK PRTR CSV by NACE prefix in 10, 11, 17, 19, 20, 21, 22. This facility-level discovery record does not establish a process-reactor inventory, reactor design, capacity, or current operating state.
uk-prtr:EW_EA-3371	Kirkham Food Processing Facility - EPR/BX0865IF	United Kingdom	53.786327	-2.889379	UK PRTR-published facility point; positional accuracy not independently verified	NACE 10.13 — Production of meat and poultry meat products	NACE 10.13 — Production of meat and poultry meat products | UK PRTR Annex I activity 8.(b)		reported in UK PRTR for 2024; operating status not asserted	KEPAK KIRKHAM LIMITED		source industry classification only; pollutant and waste quantities excluded	https://www.gov.uk/government/publications/download-industrial-emissions-and-waste-transfer-uk-prtr-data	official UK pollutant-register facility and activity classification	2026-09-28	Open Government Licence v3.0	Selected systematically from the 2024 UK PRTR CSV by NACE prefix in 10, 11, 17, 19, 20, 21, 22. This facility-level discovery record does not establish a process-reactor inventory, reactor design, capacity, or current operating state.
uk-prtr:EW_EA-3377	Dunbia (Cardington) EPR/BX2086IB	United Kingdom	52.128879	-0.412152	UK PRTR-published facility point; positional accuracy not independently verified	NACE 10.11 — Processing and preserving of meat	NACE 10.11 — Processing and preserving of meat | UK PRTR Annex I activity 8.(a)		reported in UK PRTR for 2024; operating status not asserted	DUNBIA (UK)		source industry classification only; pollutant and waste quantities excluded	https://www.gov.uk/government/publications/download-industrial-emissions-and-waste-transfer-uk-prtr-data	official UK pollutant-register facility and activity classification	2026-09-28	Open Government Licence v3.0	Selected systematically from the 2024 UK PRTR CSV by NACE prefix in 10, 11, 17, 19, 20, 21, 22. This facility-level discovery record does not establish a process-reactor inventory, reactor design, capacity, or current operating state.
uk-prtr:EW_EA-3387	Millennium Way	United Kingdom	54.588647	-1.569316	UK PRTR-published facility point; positional accuracy not independently verified	NACE 20.13 — Manufacture of other inorganic basic chemicals	NACE 20.13 — Manufacture of other inorganic basic chemicals | UK PRTR Annex I activity 5.(a)		reported in UK PRTR for 2024; operating status not asserted	Octric Semiconductors Limited		source industry classification only; pollutant and waste quantities excluded	https://www.gov.uk/government/publications/download-industrial-emissions-and-waste-transfer-uk-prtr-data	official UK pollutant-register facility and activity classification	2026-09-28	Open Government Licence v3.0	Selected systematically from the 2024 UK PRTR CSV by NACE prefix in 10, 11, 17, 19, 20, 21, 22. This facility-level discovery record does not establish a process-reactor inventory, reactor design, capacity, or current operating state.
uk-prtr:EW_EA-3388	Scunthorpe Meat Processing Facility - EPR/BX3848IA	United Kingdom	53.604432	-0.676092	UK PRTR-published facility point; positional accuracy not independently verified	NACE 10.13 — Production of meat and poultry meat products	NACE 10.13 — Production of meat and poultry meat products | UK PRTR Annex I activity 8.(b)		reported in UK PRTR for 2024; operating status not asserted	OSI FOOD SOLUTIONS UK LIMITED		source industry classification only; pollutant and waste quantities excluded	https://www.gov.uk/government/publications/download-industrial-emissions-and-waste-transfer-uk-prtr-data	official UK pollutant-register facility and activity classification	2026-09-28	Open Government Licence v3.0	Selected systematically from the 2024 UK PRTR CSV by NACE prefix in 10, 11, 17, 19, 20, 21, 22. This facility-level discovery record does not establish a process-reactor inventory, reactor design, capacity, or current operating state.
uk-prtr:EW_EA-3392	Chesterfield Poultry Slaughterhouse EPR/XP3036AR	United Kingdom	53.594200	-0.949442	UK PRTR-published facility point; positional accuracy not independently verified	NACE 10.12 — Processing and preserving of poultry meat	NACE 10.12 — Processing and preserving of poultry meat | UK PRTR Annex I activity 8.(a)		reported in UK PRTR for 2024; operating status not asserted	CHESTERFIELD POULTRY LIMITED		source industry classification only; pollutant and waste quantities excluded	https://www.gov.uk/government/publications/download-industrial-emissions-and-waste-transfer-uk-prtr-data	official UK pollutant-register facility and activity classification	2026-09-28	Open Government Licence v3.0	Selected systematically from the 2024 UK PRTR CSV by NACE prefix in 10, 11, 17, 19, 20, 21, 22. This facility-level discovery record does not establish a process-reactor inventory, reactor design, capacity, or current operating state.
uk-prtr:EW_EA-3394	Gainsborough Food Factory Noble Foods Co EPR/BP3930RD	United Kingdom	53.405277	-0.755390	UK PRTR-published facility point; positional accuracy not independently verified	NACE 10.12 — Processing and preserving of poultry meat	NACE 10.12 — Processing and preserving of poultry meat | UK PRTR Annex I activity 8.(a)		reported in UK PRTR for 2024; operating status not asserted	NOBLE FOODS CO		source industry classification only; pollutant and waste quantities excluded	https://www.gov.uk/government/publications/download-industrial-emissions-and-waste-transfer-uk-prtr-data	official UK pollutant-register facility and activity classification	2026-09-28	Open Government Licence v3.0	Selected systematically from the 2024 UK PRTR CSV by NACE prefix in 10, 11, 17, 19, 20, 21, 22. This facility-level discovery record does not establish a process-reactor inventory, reactor design, capacity, or current operating state.
uk-prtr:EW_EA-3395	Bury St Edmunds Feed Mill EPR/BX4674IH	United Kingdom	52.242223	0.772519	UK PRTR-published facility point; positional accuracy not independently verified	NACE 10.91 — Manufacture of prepared feeds for farm animals	NACE 10.91 — Manufacture of prepared feeds for farm animals | UK PRTR Annex I activity 8.(b)		reported in UK PRTR for 2024; operating status not asserted	FORFARMERS UK LIMITED		source industry classification only; pollutant and waste quantities excluded	https://www.gov.uk/government/publications/download-industrial-emissions-and-waste-transfer-uk-prtr-data	official UK pollutant-register facility and activity classification	2026-09-28	Open Government Licence v3.0	Selected systematically from the 2024 UK PRTR CSV by NACE prefix in 10, 11, 17, 19, 20, 21, 22. This facility-level discovery record does not establish a process-reactor inventory, reactor design, capacity, or current operating state.
uk-prtr:EW_EA-3400	Shazan Foods Limited - Eye - EPR/ZP3237AL	United Kingdom	52.320547	1.142408	UK PRTR-published facility point; positional accuracy not independently verified	NACE 10.12 — Processing and preserving of poultry meat	NACE 10.12 — Processing and preserving of poultry meat | UK PRTR Annex I activity 8.(a)		reported in UK PRTR for 2024; operating status not asserted	SHAZAN FOODS LIMITED		source industry classification only; pollutant and waste quantities excluded	https://www.gov.uk/government/publications/download-industrial-emissions-and-waste-transfer-uk-prtr-data	official UK pollutant-register facility and activity classification	2026-09-28	Open Government Licence v3.0	Selected systematically from the 2024 UK PRTR CSV by NACE prefix in 10, 11, 17, 19, 20, 21, 22. This facility-level discovery record does not establish a process-reactor inventory, reactor design, capacity, or current operating state.
uk-prtr:EW_EA-342	Oldbury Chemical Works No. 2	United Kingdom	52.498904	-2.004375	UK PRTR-published facility point; positional accuracy not independently verified	NACE 20.16 — Manufacture of plastics in primary forms	NACE 20.16 — Manufacture of plastics in primary forms | UK PRTR Annex I activity 4.(a)		reported in UK PRTR for 2024; operating status not asserted	BIP (OLDBURY) LIMITED		source industry classification only; pollutant and waste quantities excluded	https://www.gov.uk/government/publications/download-industrial-emissions-and-waste-transfer-uk-prtr-data	official UK pollutant-register facility and activity classification	2026-09-28	Open Government Licence v3.0	Selected systematically from the 2024 UK PRTR CSV by NACE prefix in 10, 11, 17, 19, 20, 21, 22. This facility-level discovery record does not establish a process-reactor inventory, reactor design, capacity, or current operating state.
uk-prtr:EW_EA-343	Brooks Lane Organics EPR/RP3531LP	United Kingdom	53.188851	-2.436064	UK PRTR-published facility point; positional accuracy not independently verified	NACE 20.14 — Manufacture of other organic basic chemicals	NACE 20.14 — Manufacture of other organic basic chemicals | UK PRTR Annex I activity 5.(a)		reported in UK PRTR for 2024; operating status not asserted	BIP ORGANICS LIMITED		source industry classification only; pollutant and waste quantities excluded	https://www.gov.uk/government/publications/download-industrial-emissions-and-waste-transfer-uk-prtr-data	official UK pollutant-register facility and activity classification	2026-09-28	Open Government Licence v3.0	Selected systematically from the 2024 UK PRTR CSV by NACE prefix in 10, 11, 17, 19, 20, 21, 22. This facility-level discovery record does not establish a process-reactor inventory, reactor design, capacity, or current operating state.
uk-prtr:EW_EA-3431	Heasandford Surface Treatments - EPR/CP3034PT	United Kingdom	53.802735	-2.215417	UK PRTR-published facility point; positional accuracy not independently verified	NACE 20.30 — Manufacture of paints, varnishes and similar coatings, printing ink and mastics	NACE 20.30 — Manufacture of paints, varnishes and similar coatings, printing ink and mastics | UK PRTR Annex I activity 2.(f)		reported in UK PRTR for 2024; operating status not asserted	HYCAERO LIMITED		source industry classification only; pollutant and waste quantities excluded	https://www.gov.uk/government/publications/download-industrial-emissions-and-waste-transfer-uk-prtr-data	official UK pollutant-register facility and activity classification	2026-09-28	Open Government Licence v3.0	Selected systematically from the 2024 UK PRTR CSV by NACE prefix in 10, 11, 17, 19, 20, 21, 22. This facility-level discovery record does not establish a process-reactor inventory, reactor design, capacity, or current operating state.
uk-prtr:EW_EA-347	Standish Polymers - EPR/BU5461IA	United Kingdom	53.593555	-2.646757	UK PRTR-published facility point; positional accuracy not independently verified	NACE 20.59 — Manufacture of other chemical products n.e.c.	NACE 20.59 — Manufacture of other chemical products n.e.c. | UK PRTR Annex I activity 4.(a)		reported in UK PRTR for 2024; operating status not asserted	BITREZ LIMITED		source industry classification only; pollutant and waste quantities excluded	https://www.gov.uk/government/publications/download-industrial-emissions-and-waste-transfer-uk-prtr-data	official UK pollutant-register facility and activity classification	2026-09-28	Open Government Licence v3.0	Selected systematically from the 2024 UK PRTR CSV by NACE prefix in 10, 11, 17, 19, 20, 21, 22. This facility-level discovery record does not establish a process-reactor inventory, reactor design, capacity, or current operating state.
uk-prtr:EW_EA-3476	Cedar Maltings EPR/FP3132PH	United Kingdom	52.175487	1.018211	UK PRTR-published facility point; positional accuracy not independently verified	NACE 11.06 — Manufacture of malt	NACE 11.06 — Manufacture of malt | UK PRTR Annex I activity 8.(b)		reported in UK PRTR for 2024; operating status not asserted	MUNTONS PLC		source industry classification only; pollutant and waste quantities excluded	https://www.gov.uk/government/publications/download-industrial-emissions-and-waste-transfer-uk-prtr-data	official UK pollutant-register facility and activity classification	2026-09-28	Open Government Licence v3.0	Selected systematically from the 2024 UK PRTR CSV by NACE prefix in 10, 11, 17, 19, 20, 21, 22. This facility-level discovery record does not establish a process-reactor inventory, reactor design, capacity, or current operating state.
uk-prtr:EW_EA-3487	Batley Pet Foods - EPR/DP3339GW	United Kingdom	53.743370	-1.650476	UK PRTR-published facility point; positional accuracy not independently verified	NACE 10.92 — Manufacture of prepared pet foods	NACE 10.92 — Manufacture of prepared pet foods | UK PRTR Annex I activity 8.(b)		reported in UK PRTR for 2024; operating status not asserted	MARS PETCARE UK		source industry classification only; pollutant and waste quantities excluded	https://www.gov.uk/government/publications/download-industrial-emissions-and-waste-transfer-uk-prtr-data	official UK pollutant-register facility and activity classification	2026-09-28	Open Government Licence v3.0	Selected systematically from the 2024 UK PRTR CSV by NACE prefix in 10, 11, 17, 19, 20, 21, 22. This facility-level discovery record does not establish a process-reactor inventory, reactor design, capacity, or current operating state.
uk-prtr:EW_EA-3495	Victoria Flour Mill, Wellingborough - EPR/FP3638SF	United Kingdom	52.289788	-0.679560	UK PRTR-published facility point; positional accuracy not independently verified	NACE 10.61 — Manufacture of grain mill products	NACE 10.61 — Manufacture of grain mill products | UK PRTR Annex I activity 8.(b)		reported in UK PRTR for 2024; operating status not asserted	WHITWORTH BROS.LIMITED		source industry classification only; pollutant and waste quantities excluded	https://www.gov.uk/government/publications/download-industrial-emissions-and-waste-transfer-uk-prtr-data	official UK pollutant-register facility and activity classification	2026-09-28	Open Government Licence v3.0	Selected systematically from the 2024 UK PRTR CSV by NACE prefix in 10, 11, 17, 19, 20, 21, 22. This facility-level discovery record does not establish a process-reactor inventory, reactor design, capacity, or current operating state.
uk-prtr:EW_EA-3498	Balliol Food Processing Plant EPR/FP3930PJ	United Kingdom	52.625098	-2.163196	UK PRTR-published facility point; positional accuracy not independently verified	NACE 10.12 — Processing and preserving of poultry meat	NACE 10.12 — Processing and preserving of poultry meat | UK PRTR Annex I activity 8.(b)		reported in UK PRTR for 2024; operating status not asserted	SUN VALLEY FOODS LIMITED		source industry classification only; pollutant and waste quantities excluded	https://www.gov.uk/government/publications/download-industrial-emissions-and-waste-transfer-uk-prtr-data	official UK pollutant-register facility and activity classification	2026-09-28	Open Government Licence v3.0	Selected systematically from the 2024 UK PRTR CSV by NACE prefix in 10, 11, 17, 19, 20, 21, 22. This facility-level discovery record does not establish a process-reactor inventory, reactor design, capacity, or current operating state.
uk-prtr:EW_EA-3502	Chilled Food Manufacturing Unit, Market Drayton - EPR/GP3130BW	United Kingdom	52.905323	-2.484802	UK PRTR-published facility point; positional accuracy not independently verified	NACE 10.89 — Manufacture of other food products n.e.c.	NACE 10.89 — Manufacture of other food products n.e.c. | UK PRTR Annex I activity 8.(b)		reported in UK PRTR for 2024; operating status not asserted	PORK FARMS LIMITED		source industry classification only; pollutant and waste quantities excluded	https://www.gov.uk/government/publications/download-industrial-emissions-and-waste-transfer-uk-prtr-data	official UK pollutant-register facility and activity classification	2026-09-28	Open Government Licence v3.0	Selected systematically from the 2024 UK PRTR CSV by NACE prefix in 10, 11, 17, 19, 20, 21, 22. This facility-level discovery record does not establish a process-reactor inventory, reactor design, capacity, or current operating state.
uk-prtr:EW_EA-3503	Newcastle-Under-Lyme Animal Feed Mill EPR/GP3134SA	United Kingdom	53.051332	-2.242229	UK PRTR-published facility point; positional accuracy not independently verified	NACE 10.91 — Manufacture of prepared feeds for farm animals	NACE 10.91 — Manufacture of prepared feeds for farm animals | UK PRTR Annex I activity 8.(b)		reported in UK PRTR for 2024; operating status not asserted	FORFARMERS UK LIMITED		source industry classification only; pollutant and waste quantities excluded	https://www.gov.uk/government/publications/download-industrial-emissions-and-waste-transfer-uk-prtr-data	official UK pollutant-register facility and activity classification	2026-09-28	Open Government Licence v3.0	Selected systematically from the 2024 UK PRTR CSV by NACE prefix in 10, 11, 17, 19, 20, 21, 22. This facility-level discovery record does not establish a process-reactor inventory, reactor design, capacity, or current operating state.
uk-prtr:EW_EA-3509	Tweed Valley Maltings EPR/GP3932PL	United Kingdom	55.760632	-2.021646	UK PRTR-published facility point; positional accuracy not independently verified	NACE 11.06 — Manufacture of malt	NACE 11.06 — Manufacture of malt | UK PRTR Annex I activity 8.(b)		reported in UK PRTR for 2024; operating status not asserted	SIMPSONS MALT LIMITED		source industry classification only; pollutant and waste quantities excluded	https://www.gov.uk/government/publications/download-industrial-emissions-and-waste-transfer-uk-prtr-data	official UK pollutant-register facility and activity classification	2026-09-28	Open Government Licence v3.0	Selected systematically from the 2024 UK PRTR CSV by NACE prefix in 10, 11, 17, 19, 20, 21, 22. This facility-level discovery record does not establish a process-reactor inventory, reactor design, capacity, or current operating state.
uk-prtr:EW_EA-3513	ABP Ellesmere - EPR/HP3037PD	United Kingdom	52.851593	-2.897176	UK PRTR-published facility point; positional accuracy not independently verified	NACE 10.11 — Processing and preserving of meat	NACE 10.11 — Processing and preserving of meat | UK PRTR Annex I activity 8.(a)		reported in UK PRTR for 2024; operating status not asserted	ANGLO BEEF PROCESSORS UK		source industry classification only; pollutant and waste quantities excluded	https://www.gov.uk/government/publications/download-industrial-emissions-and-waste-transfer-uk-prtr-data	official UK pollutant-register facility and activity classification	2026-09-28	Open Government Licence v3.0	Selected systematically from the 2024 UK PRTR CSV by NACE prefix in 10, 11, 17, 19, 20, 21, 22. This facility-level discovery record does not establish a process-reactor inventory, reactor design, capacity, or current operating state.
uk-prtr:EW_EA-3522	Manton Wood Sandwiches EPR/BP3133WE	United Kingdom	53.298254	-1.076154	UK PRTR-published facility point; positional accuracy not independently verified	NACE 10.85 — Manufacture of prepared meals and dishes	NACE 10.85 — Manufacture of prepared meals and dishes | UK PRTR Annex I activity 8.(b)		reported in UK PRTR for 2024; operating status not asserted	GREENCORE FOOD TO GO LIMITED		source industry classification only; pollutant and waste quantities excluded	https://www.gov.uk/government/publications/download-industrial-emissions-and-waste-transfer-uk-prtr-data	official UK pollutant-register facility and activity classification	2026-09-28	Open Government Licence v3.0	Selected systematically from the 2024 UK PRTR CSV by NACE prefix in 10, 11, 17, 19, 20, 21, 22. This facility-level discovery record does not establish a process-reactor inventory, reactor design, capacity, or current operating state.
uk-prtr:EW_EA-3534	Belle Eau Park Mill EPR/WP3534RW	United Kingdom	53.127156	-1.015713	UK PRTR-published facility point; positional accuracy not independently verified	NACE 10.91 — Manufacture of prepared feeds for farm animals	NACE 10.91 — Manufacture of prepared feeds for farm animals | UK PRTR Annex I activity 8.(b)		reported in UK PRTR for 2024; operating status not asserted	NOBLE FOODS CO		source industry classification only; pollutant and waste quantities excluded	https://www.gov.uk/government/publications/download-industrial-emissions-and-waste-transfer-uk-prtr-data	official UK pollutant-register facility and activity classification	2026-09-28	Open Government Licence v3.0	Selected systematically from the 2024 UK PRTR CSV by NACE prefix in 10, 11, 17, 19, 20, 21, 22. This facility-level discovery record does not establish a process-reactor inventory, reactor design, capacity, or current operating state.
uk-prtr:EW_EA-3536	Portbury Mill - EPR/JP3738SW	United Kingdom	51.483093	-2.717981	UK PRTR-published facility point; positional accuracy not independently verified	NACE 10.91 — Manufacture of prepared feeds for farm animals	NACE 10.91 — Manufacture of prepared feeds for farm animals | UK PRTR Annex I activity 8.(b)		reported in UK PRTR for 2024; operating status not asserted	FORFARMERS UK LIMITED		source industry classification only; pollutant and waste quantities excluded	https://www.gov.uk/government/publications/download-industrial-emissions-and-waste-transfer-uk-prtr-data	official UK pollutant-register facility and activity classification	2026-09-28	Open Government Licence v3.0	Selected systematically from the 2024 UK PRTR CSV by NACE prefix in 10, 11, 17, 19, 20, 21, 22. This facility-level discovery record does not establish a process-reactor inventory, reactor design, capacity, or current operating state.
uk-prtr:EW_EA-3538	Faccenda Westbury - EPR/JP3934SZ	United Kingdom	51.275767	-2.215563	UK PRTR-published facility point; positional accuracy not independently verified	NACE 10.91 — Manufacture of prepared feeds for farm animals	NACE 10.91 — Manufacture of prepared feeds for farm animals | UK PRTR Annex I activity 8.(b)		reported in UK PRTR for 2024; operating status not asserted	FACCENDA FOODS LIMITED		source industry classification only; pollutant and waste quantities excluded	https://www.gov.uk/government/publications/download-industrial-emissions-and-waste-transfer-uk-prtr-data	official UK pollutant-register facility and activity classification	2026-09-28	Open Government Licence v3.0	Selected systematically from the 2024 UK PRTR CSV by NACE prefix in 10, 11, 17, 19, 20, 21, 22. This facility-level discovery record does not establish a process-reactor inventory, reactor design, capacity, or current operating state.
uk-prtr:EW_EA-3543	Station Lane Dairy EPR/KP3437PG	United Kingdom	53.840776	-0.789475	UK PRTR-published facility point; positional accuracy not independently verified	NACE 10.51 — Operation of dairies and cheese making	NACE 10.51 — Operation of dairies and cheese making | UK PRTR Annex I activity 8.(c)		reported in UK PRTR for 2024; operating status not asserted	MEADOW FOODS LIMITED		source industry classification only; pollutant and waste quantities excluded	https://www.gov.uk/government/publications/download-industrial-emissions-and-waste-transfer-uk-prtr-data	official UK pollutant-register facility and activity classification	2026-09-28	Open Government Licence v3.0	Selected systematically from the 2024 UK PRTR CSV by NACE prefix in 10, 11, 17, 19, 20, 21, 22. This facility-level discovery record does not establish a process-reactor inventory, reactor design, capacity, or current operating state.
uk-prtr:EW_EA-3547	Holton Poultry Processing - EPR/CP3831DG	United Kingdom	52.355557	1.526808	UK PRTR-published facility point; positional accuracy not independently verified	NACE 10.13 — Production of meat and poultry meat products	NACE 10.13 — Production of meat and poultry meat products | UK PRTR Annex I activity 8.(a)		reported in UK PRTR for 2024; operating status not asserted	BERNARD MATTHEWS FOODS LIMITED		source industry classification only; pollutant and waste quantities excluded	https://www.gov.uk/government/publications/download-industrial-emissions-and-waste-transfer-uk-prtr-data	official UK pollutant-register facility and activity classification	2026-09-28	Open Government Licence v3.0	Selected systematically from the 2024 UK PRTR CSV by NACE prefix in 10, 11, 17, 19, 20, 21, 22. This facility-level discovery record does not establish a process-reactor inventory, reactor design, capacity, or current operating state.
uk-prtr:EW_EA-3548	Castill Laithe Abattoir - EPR/KP3538PF	United Kingdom	53.920093	-2.308748	UK PRTR-published facility point; positional accuracy not independently verified	NACE 10.11 — Processing and preserving of meat	NACE 10.11 — Processing and preserving of meat | UK PRTR Annex I activity 8.(a)		reported in UK PRTR for 2024; operating status not asserted	DUNBIA (UK)		source industry classification only; pollutant and waste quantities excluded	https://www.gov.uk/government/publications/download-industrial-emissions-and-waste-transfer-uk-prtr-data	official UK pollutant-register facility and activity classification	2026-09-28	Open Government Licence v3.0	Selected systematically from the 2024 UK PRTR CSV by NACE prefix in 10, 11, 17, 19, 20, 21, 22. This facility-level discovery record does not establish a process-reactor inventory, reactor design, capacity, or current operating state.
uk-prtr:EW_EA-3560	Faccenda Willow EPR/LP3430BM	United Kingdom	52.036363	-1.139849	UK PRTR-published facility point; positional accuracy not independently verified	NACE 10.12 — Processing and preserving of poultry meat	NACE 10.12 — Processing and preserving of poultry meat | UK PRTR Annex I activity 8.(a)		reported in UK PRTR for 2024; operating status not asserted	FACCENDA FOODS LIMITED		source industry classification only; pollutant and waste quantities excluded	https://www.gov.uk/government/publications/download-industrial-emissions-and-waste-transfer-uk-prtr-data	official UK pollutant-register facility and activity classification	2026-09-28	Open Government Licence v3.0	Selected systematically from the 2024 UK PRTR CSV by NACE prefix in 10, 11, 17, 19, 20, 21, 22. This facility-level discovery record does not establish a process-reactor inventory, reactor design, capacity, or current operating state.
uk-prtr:EW_EA-3563	Willand Abattoir EPR/QP3633GP	United Kingdom	50.891396	-3.380079	UK PRTR-published facility point; positional accuracy not independently verified	NACE 10.12 — Processing and preserving of poultry meat	NACE 10.12 — Processing and preserving of poultry meat | UK PRTR Annex I activity 8.(a)		reported in UK PRTR for 2024; operating status not asserted	2 SISTERS FOOD GROUP LIMITED		source industry classification only; pollutant and waste quantities excluded	https://www.gov.uk/government/publications/download-industrial-emissions-and-waste-transfer-uk-prtr-data	official UK pollutant-register facility and activity classification	2026-09-28	Open Government Licence v3.0	Selected systematically from the 2024 UK PRTR CSV by NACE prefix in 10, 11, 17, 19, 20, 21, 22. This facility-level discovery record does not establish a process-reactor inventory, reactor design, capacity, or current operating state.
uk-prtr:EW_EA-3572	Holly Bank EPR/SP3531ZE	United Kingdom	52.867116	-1.705832	UK PRTR-published facility point; positional accuracy not independently verified	NACE 10.13 — Production of meat and poultry meat products	NACE 10.13 — Production of meat and poultry meat products | UK PRTR Annex I activity 8.(a)		reported in UK PRTR for 2024; operating status not asserted	FACCENDA FOODS LIMITED		source industry classification only; pollutant and waste quantities excluded	https://www.gov.uk/government/publications/download-industrial-emissions-and-waste-transfer-uk-prtr-data	official UK pollutant-register facility and activity classification	2026-09-28	Open Government Licence v3.0	Selected systematically from the 2024 UK PRTR CSV by NACE prefix in 10, 11, 17, 19, 20, 21, 22. This facility-level discovery record does not establish a process-reactor inventory, reactor design, capacity, or current operating state.
uk-prtr:EW_EA-3576	Moor Farm Road Feed Mill - EPR/MP3732SK	United Kingdom	53.006009	-1.709361	UK PRTR-published facility point; positional accuracy not independently verified	NACE 10.91 — Manufacture of prepared feeds for farm animals	NACE 10.91 — Manufacture of prepared feeds for farm animals | UK PRTR Annex I activity 8.(b)		reported in UK PRTR for 2024; operating status not asserted	MOY PARK LIMITED		source industry classification only; pollutant and waste quantities excluded	https://www.gov.uk/government/publications/download-industrial-emissions-and-waste-transfer-uk-prtr-data	official UK pollutant-register facility and activity classification	2026-09-28	Open Government Licence v3.0	Selected systematically from the 2024 UK PRTR CSV by NACE prefix in 10, 11, 17, 19, 20, 21, 22. This facility-level discovery record does not establish a process-reactor inventory, reactor design, capacity, or current operating state.
uk-prtr:EW_EA-3577	Cott Beverages - EPR/MP3735SN	United Kingdom	52.841337	-1.286750	UK PRTR-published facility point; positional accuracy not independently verified	NACE 11.07 — Manufacture of soft drinks; production of mineral waters and other bottled waters	NACE 11.07 — Manufacture of soft drinks; production of mineral waters and other bottled waters | UK PRTR Annex I activity 8.(b)		reported in UK PRTR for 2024; operating status not asserted	REFRESCO DRINKS UK LIMITED		source industry classification only; pollutant and waste quantities excluded	https://www.gov.uk/government/publications/download-industrial-emissions-and-waste-transfer-uk-prtr-data	official UK pollutant-register facility and activity classification	2026-09-28	Open Government Licence v3.0	Selected systematically from the 2024 UK PRTR CSV by NACE prefix in 10, 11, 17, 19, 20, 21, 22. This facility-level discovery record does not establish a process-reactor inventory, reactor design, capacity, or current operating state.
uk-prtr:EW_EA-3585	Egmere Mill EPR/NP3232SQ	United Kingdom	52.911156	0.830688	UK PRTR-published facility point; positional accuracy not independently verified	NACE 10.91 — Manufacture of prepared feeds for farm animals	NACE 10.91 — Manufacture of prepared feeds for farm animals | UK PRTR Annex I activity 8.(b)		reported in UK PRTR for 2024; operating status not asserted	AB AGRI LIMITED		source industry classification only; pollutant and waste quantities excluded	https://www.gov.uk/government/publications/download-industrial-emissions-and-waste-transfer-uk-prtr-data	official UK pollutant-register facility and activity classification	2026-09-28	Open Government Licence v3.0	Selected systematically from the 2024 UK PRTR CSV by NACE prefix in 10, 11, 17, 19, 20, 21, 22. This facility-level discovery record does not establish a process-reactor inventory, reactor design, capacity, or current operating state.
uk-prtr:EW_EA-3588	Kerry Ingredients Ltd, Gainsborough EPR/NP3332PJ	United Kingdom	53.385864	-0.781817	UK PRTR-published facility point; positional accuracy not independently verified	NACE 10.61 — Manufacture of grain mill products	NACE 10.61 — Manufacture of grain mill products | UK PRTR Annex I activity 8.(b)		reported in UK PRTR for 2024; operating status not asserted	KERRY INGREDIENTS (UK) LIMITED		source industry classification only; pollutant and waste quantities excluded	https://www.gov.uk/government/publications/download-industrial-emissions-and-waste-transfer-uk-prtr-data	official UK pollutant-register facility and activity classification	2026-09-28	Open Government Licence v3.0	Selected systematically from the 2024 UK PRTR CSV by NACE prefix in 10, 11, 17, 19, 20, 21, 22. This facility-level discovery record does not establish a process-reactor inventory, reactor design, capacity, or current operating state.
uk-prtr:EW_EA-3596	Worksop Flour Mills - EPR/CP3036NF	United Kingdom	53.304808	-1.122683	UK PRTR-published facility point; positional accuracy not independently verified	NACE 10.61 — Manufacture of grain mill products	NACE 10.61 — Manufacture of grain mill products | UK PRTR Annex I activity 8.(b)		reported in UK PRTR for 2024; operating status not asserted	WHITWORTH BROS.LIMITED		source industry classification only; pollutant and waste quantities excluded	https://www.gov.uk/government/publications/download-industrial-emissions-and-waste-transfer-uk-prtr-data	official UK pollutant-register facility and activity classification	2026-09-28	Open Government Licence v3.0	Selected systematically from the 2024 UK PRTR CSV by NACE prefix in 10, 11, 17, 19, 20, 21, 22. This facility-level discovery record does not establish a process-reactor inventory, reactor design, capacity, or current operating state.
uk-prtr:EW_EA-3601	Gipping Road Poultry Processors Great Blakenham EA/EPR/NP3930BV/V002	United Kingdom	52.109755	1.104330	UK PRTR-published facility point; positional accuracy not independently verified	NACE 10.12 — Processing and preserving of poultry meat	NACE 10.12 — Processing and preserving of poultry meat | UK PRTR Annex I activity 8.(a)		reported in UK PRTR for 2024; operating status not asserted	JACK BRAND LIMITED		source industry classification only; pollutant and waste quantities excluded	https://www.gov.uk/government/publications/download-industrial-emissions-and-waste-transfer-uk-prtr-data	official UK pollutant-register facility and activity classification	2026-09-28	Open Government Licence v3.0	Selected systematically from the 2024 UK PRTR CSV by NACE prefix in 10, 11, 17, 19, 20, 21, 22. This facility-level discovery record does not establish a process-reactor inventory, reactor design, capacity, or current operating state.
uk-prtr:EW_EA-3620	Erith Oil Works EPR/QP3331PQ	United Kingdom	51.492593	0.167939	UK PRTR-published facility point; positional accuracy not independently verified	NACE 10.41 — Manufacture of oils and fats	NACE 10.41 — Manufacture of oils and fats | UK PRTR Annex I activity 8.(b)		reported in UK PRTR for 2024; operating status not asserted	ARCHER DANIELS MIDLAND ERITH LIMITED		source industry classification only; pollutant and waste quantities excluded	https://www.gov.uk/government/publications/download-industrial-emissions-and-waste-transfer-uk-prtr-data	official UK pollutant-register facility and activity classification	2026-09-28	Open Government Licence v3.0	Selected systematically from the 2024 UK PRTR CSV by NACE prefix in 10, 11, 17, 19, 20, 21, 22. This facility-level discovery record does not establish a process-reactor inventory, reactor design, capacity, or current operating state.
uk-prtr:EW_EA-3621	ForFarmers UK Ltd- Mill Road, Bath EPR/QP3338SV	United Kingdom	51.294492	-2.434506	UK PRTR-published facility point; positional accuracy not independently verified	NACE 10.91 — Manufacture of prepared feeds for farm animals	NACE 10.91 — Manufacture of prepared feeds for farm animals | UK PRTR Annex I activity 8.(b)		reported in UK PRTR for 2024; operating status not asserted	FORFARMERS UK LIMITED		source industry classification only; pollutant and waste quantities excluded	https://www.gov.uk/government/publications/download-industrial-emissions-and-waste-transfer-uk-prtr-data	official UK pollutant-register facility and activity classification	2026-09-28	Open Government Licence v3.0	Selected systematically from the 2024 UK PRTR CSV by NACE prefix in 10, 11, 17, 19, 20, 21, 22. This facility-level discovery record does not establish a process-reactor inventory, reactor design, capacity, or current operating state.
uk-prtr:EW_EA-3622	Britvic Soft Drinks Rugby EPR/QP3434SH	United Kingdom	52.392265	-1.267852	UK PRTR-published facility point; positional accuracy not independently verified	NACE 11.07 — Manufacture of soft drinks; production of mineral waters and other bottled waters	NACE 11.07 — Manufacture of soft drinks; production of mineral waters and other bottled waters | UK PRTR Annex I activity 8.(b)		reported in UK PRTR for 2024; operating status not asserted	BRITVIC SOFT DRINKS LIMITED		source industry classification only; pollutant and waste quantities excluded	https://www.gov.uk/government/publications/download-industrial-emissions-and-waste-transfer-uk-prtr-data	official UK pollutant-register facility and activity classification	2026-09-28	Open Government Licence v3.0	Selected systematically from the 2024 UK PRTR CSV by NACE prefix in 10, 11, 17, 19, 20, 21, 22. This facility-level discovery record does not establish a process-reactor inventory, reactor design, capacity, or current operating state.
uk-prtr:EW_EA-3623	Marstons Brewery Burton - EPR/QP3435SC	United Kingdom	52.815572	-1.629323	UK PRTR-published facility point; positional accuracy not independently verified	NACE 11.05 — Manufacture of beer	NACE 11.05 — Manufacture of beer | UK PRTR Annex I activity 8.(b)		reported in UK PRTR for 2024; operating status not asserted	CMBC SUPPLY LIMITED		source industry classification only; pollutant and waste quantities excluded	https://www.gov.uk/government/publications/download-industrial-emissions-and-waste-transfer-uk-prtr-data	official UK pollutant-register facility and activity classification	2026-09-28	Open Government Licence v3.0	Selected systematically from the 2024 UK PRTR CSV by NACE prefix in 10, 11, 17, 19, 20, 21, 22. This facility-level discovery record does not establish a process-reactor inventory, reactor design, capacity, or current operating state.
uk-prtr:EW_EA-3627	Spry Mill EPR/QP3635SV	United Kingdom	50.643326	-4.267266	UK PRTR-published facility point; positional accuracy not independently verified	NACE 10.91 — Manufacture of prepared feeds for farm animals	NACE 10.91 — Manufacture of prepared feeds for farm animals | UK PRTR Annex I activity 8.(b)		reported in UK PRTR for 2024; operating status not asserted	MOLE VALLEY FEED SOLUTIONS LTD		source industry classification only; pollutant and waste quantities excluded	https://www.gov.uk/government/publications/download-industrial-emissions-and-waste-transfer-uk-prtr-data	official UK pollutant-register facility and activity classification	2026-09-28	Open Government Licence v3.0	Selected systematically from the 2024 UK PRTR CSV by NACE prefix in 10, 11, 17, 19, 20, 21, 22. This facility-level discovery record does not establish a process-reactor inventory, reactor design, capacity, or current operating state.
uk-prtr:EW_EA-3635	Express Park Facility - EPR/RP3430BH	United Kingdom	51.147559	-2.994401	UK PRTR-published facility point; positional accuracy not independently verified	NACE 11.07 — Manufacture of soft drinks; production of mineral waters and other bottled waters	NACE 11.07 — Manufacture of soft drinks; production of mineral waters and other bottled waters | UK PRTR Annex I activity 8.(b)		reported in UK PRTR for 2024; operating status not asserted	REFRESCO BEVERAGES UK LIMITED		source industry classification only; pollutant and waste quantities excluded	https://www.gov.uk/government/publications/download-industrial-emissions-and-waste-transfer-uk-prtr-data	official UK pollutant-register facility and activity classification	2026-09-28	Open Government Licence v3.0	Selected systematically from the 2024 UK PRTR CSV by NACE prefix in 10, 11, 17, 19, 20, 21, 22. This facility-level discovery record does not establish a process-reactor inventory, reactor design, capacity, or current operating state.
uk-prtr:EW_EA-3651	Aston Mill EPR/SP3237PF	United Kingdom	53.017084	-2.579965	UK PRTR-published facility point; positional accuracy not independently verified	NACE 10.91 — Manufacture of prepared feeds for farm animals	NACE 10.91 — Manufacture of prepared feeds for farm animals | UK PRTR Annex I activity 8.(b)		reported in UK PRTR for 2024; operating status not asserted	OAKES MILLERS LIMITED		source industry classification only; pollutant and waste quantities excluded	https://www.gov.uk/government/publications/download-industrial-emissions-and-waste-transfer-uk-prtr-data	official UK pollutant-register facility and activity classification	2026-09-28	Open Government Licence v3.0	Selected systematically from the 2024 UK PRTR CSV by NACE prefix in 10, 11, 17, 19, 20, 21, 22. This facility-level discovery record does not establish a process-reactor inventory, reactor design, capacity, or current operating state.
uk-prtr:EW_EA-3655	Albion Mills Confectionery Plant EPR/SP3437PE	United Kingdom	53.720239	-1.852365	UK PRTR-published facility point; positional accuracy not independently verified	NACE 10.82 — Manufacture of cocoa, chocolate and sugar confectionery	NACE 10.82 — Manufacture of cocoa, chocolate and sugar confectionery | UK PRTR Annex I activity 8.(b)		reported in UK PRTR for 2024; operating status not asserted	NESTLE UK LTD.		source industry classification only; pollutant and waste quantities excluded	https://www.gov.uk/government/publications/download-industrial-emissions-and-waste-transfer-uk-prtr-data	official UK pollutant-register facility and activity classification	2026-09-28	Open Government Licence v3.0	Selected systematically from the 2024 UK PRTR CSV by NACE prefix in 10, 11, 17, 19, 20, 21, 22. This facility-level discovery record does not establish a process-reactor inventory, reactor design, capacity, or current operating state.
uk-prtr:EW_EA-3656	Coca-Cola Europacific Partners Great Britain Ltd - EPR/SP3439BU	United Kingdom	53.718660	-1.522635	UK PRTR-published facility point; positional accuracy not independently verified	NACE 11.07 — Manufacture of soft drinks; production of mineral waters and other bottled waters	NACE 11.07 — Manufacture of soft drinks; production of mineral waters and other bottled waters | UK PRTR Annex I activity 8.(b)		reported in UK PRTR for 2024; operating status not asserted	COCA-COLA EUROPACIFIC PARTNERS GREAT BRITAIN LIMITED		source industry classification only; pollutant and waste quantities excluded	https://www.gov.uk/government/publications/download-industrial-emissions-and-waste-transfer-uk-prtr-data	official UK pollutant-register facility and activity classification	2026-09-28	Open Government Licence v3.0	Selected systematically from the 2024 UK PRTR CSV by NACE prefix in 10, 11, 17, 19, 20, 21, 22. This facility-level discovery record does not establish a process-reactor inventory, reactor design, capacity, or current operating state.
uk-prtr:EW_EA-3660	Gloucester Ice Cream Factory	United Kingdom	51.866699	-2.204728	UK PRTR-published facility point; positional accuracy not independently verified	NACE 10.52 — Manufacture of ice cream	NACE 10.52 — Manufacture of ice cream | UK PRTR Annex I activity 8.(b)		reported in UK PRTR for 2024; operating status not asserted	UNILEVER UK LIMITED		source industry classification only; pollutant and waste quantities excluded	https://www.gov.uk/government/publications/download-industrial-emissions-and-waste-transfer-uk-prtr-data	official UK pollutant-register facility and activity classification	2026-09-28	Open Government Licence v3.0	Selected systematically from the 2024 UK PRTR CSV by NACE prefix in 10, 11, 17, 19, 20, 21, 22. This facility-level discovery record does not establish a process-reactor inventory, reactor design, capacity, or current operating state.
uk-prtr:EW_EA-3664	Plocks Farm EPR/SP3937PB	United Kingdom	53.681754	-2.819042	UK PRTR-published facility point; positional accuracy not independently verified	NACE 10.92 — Manufacture of prepared pet foods	NACE 10.92 — Manufacture of prepared pet foods | UK PRTR Annex I activity 8.(b)		reported in UK PRTR for 2024; operating status not asserted	GA PET FOOD PARTNERS GROUP LIMITED		source industry classification only; pollutant and waste quantities excluded	https://www.gov.uk/government/publications/download-industrial-emissions-and-waste-transfer-uk-prtr-data	official UK pollutant-register facility and activity classification	2026-09-28	Open Government Licence v3.0	Selected systematically from the 2024 UK PRTR CSV by NACE prefix in 10, 11, 17, 19, 20, 21, 22. This facility-level discovery record does not establish a process-reactor inventory, reactor design, capacity, or current operating state.
uk-prtr:EW_EA-3678	United Biscuits. Waxlow Road EPR/TP3336SE	United Kingdom	51.536916	-0.263700	UK PRTR-published facility point; positional accuracy not independently verified	NACE 10.82 — Manufacture of cocoa, chocolate and sugar confectionery	NACE 10.82 — Manufacture of cocoa, chocolate and sugar confectionery | UK PRTR Annex I activity 8.(b)		reported in UK PRTR for 2024; operating status not asserted	PLADIS (UK) LIMITED		source industry classification only; pollutant and waste quantities excluded	https://www.gov.uk/government/publications/download-industrial-emissions-and-waste-transfer-uk-prtr-data	official UK pollutant-register facility and activity classification	2026-09-28	Open Government Licence v3.0	Selected systematically from the 2024 UK PRTR CSV by NACE prefix in 10, 11, 17, 19, 20, 21, 22. This facility-level discovery record does not establish a process-reactor inventory, reactor design, capacity, or current operating state.
uk-prtr:EW_EA-3681	Flixton Poultry Processors EPR/TP3530BN	United Kingdom	52.422482	1.394597	UK PRTR-published facility point; positional accuracy not independently verified	NACE 10.12 — Processing and preserving of poultry meat	NACE 10.12 — Processing and preserving of poultry meat | UK PRTR Annex I activity 8.(a)		reported in UK PRTR for 2024; operating status not asserted	2 SISTERS FOOD GROUP LIMITED		source industry classification only; pollutant and waste quantities excluded	https://www.gov.uk/government/publications/download-industrial-emissions-and-waste-transfer-uk-prtr-data	official UK pollutant-register facility and activity classification	2026-09-28	Open Government Licence v3.0	Selected systematically from the 2024 UK PRTR CSV by NACE prefix in 10, 11, 17, 19, 20, 21, 22. This facility-level discovery record does not establish a process-reactor inventory, reactor design, capacity, or current operating state.
uk-prtr:EW_EA-3693	Airfield Industrial Estate EPR/TP3835PD	United Kingdom	53.003850	-1.708630	UK PRTR-published facility point; positional accuracy not independently verified	NACE 10.13 — Production of meat and poultry meat products	NACE 10.13 — Production of meat and poultry meat products | UK PRTR Annex I activity 8.(a)		reported in UK PRTR for 2024; operating status not asserted	MOY PARK LIMITED		source industry classification only; pollutant and waste quantities excluded	https://www.gov.uk/government/publications/download-industrial-emissions-and-waste-transfer-uk-prtr-data	official UK pollutant-register facility and activity classification	2026-09-28	Open Government Licence v3.0	Selected systematically from the 2024 UK PRTR CSV by NACE prefix in 10, 11, 17, 19, 20, 21, 22. This facility-level discovery record does not establish a process-reactor inventory, reactor design, capacity, or current operating state.
uk-prtr:EW_EA-3694	Chilton Site EPR/TP3932PV	United Kingdom	52.042913	0.750536	UK PRTR-published facility point; positional accuracy not independently verified	NACE 10.92 — Manufacture of prepared pet foods	NACE 10.92 — Manufacture of prepared pet foods | UK PRTR Annex I activity 8.(b)		reported in UK PRTR for 2024; operating status not asserted	NESTLE PURINA UK MANUFACTURING OPERATIONS LIMITED		source industry classification only; pollutant and waste quantities excluded	https://www.gov.uk/government/publications/download-industrial-emissions-and-waste-transfer-uk-prtr-data	official UK pollutant-register facility and activity classification	2026-09-28	Open Government Licence v3.0	Selected systematically from the 2024 UK PRTR CSV by NACE prefix in 10, 11, 17, 19, 20, 21, 22. This facility-level discovery record does not establish a process-reactor inventory, reactor design, capacity, or current operating state.
uk-prtr:EW_EA-3702	SARIA Limited	United Kingdom	53.534765	-1.138156	UK PRTR-published facility point; positional accuracy not independently verified	NACE 10.92 — Manufacture of prepared pet foods	NACE 10.92 — Manufacture of prepared pet foods | UK PRTR Annex I activity 8.(b)		reported in UK PRTR for 2024; operating status not asserted	SARIA LIMITED		source industry classification only; pollutant and waste quantities excluded	https://www.gov.uk/government/publications/download-industrial-emissions-and-waste-transfer-uk-prtr-data	official UK pollutant-register facility and activity classification	2026-09-28	Open Government Licence v3.0	Selected systematically from the 2024 UK PRTR CSV by NACE prefix in 10, 11, 17, 19, 20, 21, 22. This facility-level discovery record does not establish a process-reactor inventory, reactor design, capacity, or current operating state.
uk-prtr:EW_EA-3704	Enstone Mill - EPR/UP3639BF	United Kingdom	51.926162	-1.424662	UK PRTR-published facility point; positional accuracy not independently verified	NACE 10.91 — Manufacture of prepared feeds for farm animals	NACE 10.91 — Manufacture of prepared feeds for farm animals | UK PRTR Annex I activity 8.(b)		reported in UK PRTR for 2024; operating status not asserted	AB AGRI LIMITED		source industry classification only; pollutant and waste quantities excluded	https://www.gov.uk/government/publications/download-industrial-emissions-and-waste-transfer-uk-prtr-data	official UK pollutant-register facility and activity classification	2026-09-28	Open Government Licence v3.0	Selected systematically from the 2024 UK PRTR CSV by NACE prefix in 10, 11, 17, 19, 20, 21, 22. This facility-level discovery record does not establish a process-reactor inventory, reactor design, capacity, or current operating state.
uk-prtr:EW_EA-3716	Billinghay Feed Mill - EPR/XP3900MH	United Kingdom	53.079743	-0.277207	UK PRTR-published facility point; positional accuracy not independently verified	NACE 10.91 — Manufacture of prepared feeds for farm animals	NACE 10.91 — Manufacture of prepared feeds for farm animals | UK PRTR Annex I activity 8.(b)		reported in UK PRTR for 2024; operating status not asserted	2 AGRICULTURE LIMITED		source industry classification only; pollutant and waste quantities excluded	https://www.gov.uk/government/publications/download-industrial-emissions-and-waste-transfer-uk-prtr-data	official UK pollutant-register facility and activity classification	2026-09-28	Open Government Licence v3.0	Selected systematically from the 2024 UK PRTR CSV by NACE prefix in 10, 11, 17, 19, 20, 21, 22. This facility-level discovery record does not establish a process-reactor inventory, reactor design, capacity, or current operating state.
uk-prtr:EW_EA-3725	Tucks Mill, Burston EPR/VP3939SF	United Kingdom	52.410875	1.137800	UK PRTR-published facility point; positional accuracy not independently verified	NACE 10.91 — Manufacture of prepared feeds for farm animals	NACE 10.91 — Manufacture of prepared feeds for farm animals | UK PRTR Annex I activity 8.(b)		reported in UK PRTR for 2024; operating status not asserted	FORFARMERS UK LIMITED		source industry classification only; pollutant and waste quantities excluded	https://www.gov.uk/government/publications/download-industrial-emissions-and-waste-transfer-uk-prtr-data	official UK pollutant-register facility and activity classification	2026-09-28	Open Government Licence v3.0	Selected systematically from the 2024 UK PRTR CSV by NACE prefix in 10, 11, 17, 19, 20, 21, 22. This facility-level discovery record does not establish a process-reactor inventory, reactor design, capacity, or current operating state.
uk-prtr:EW_EA-3726	Wombourne Food Factory EPR/WP3038SV	United Kingdom	52.523708	-2.210573	UK PRTR-published facility point; positional accuracy not independently verified	NACE 10.31 — Processing and preserving of potatoes	NACE 10.31 — Processing and preserving of potatoes | UK PRTR Annex I activity 8.(b)		reported in UK PRTR for 2024; operating status not asserted	MCCAIN FOODS (G.B.) LIMITED		source industry classification only; pollutant and waste quantities excluded	https://www.gov.uk/government/publications/download-industrial-emissions-and-waste-transfer-uk-prtr-data	official UK pollutant-register facility and activity classification	2026-09-28	Open Government Licence v3.0	Selected systematically from the 2024 UK PRTR CSV by NACE prefix in 10, 11, 17, 19, 20, 21, 22. This facility-level discovery record does not establish a process-reactor inventory, reactor design, capacity, or current operating state.
uk-prtr:EW_EA-3741	Greencore Grocery Leeds EPR/PP3738WL	United Kingdom	53.775833	-1.524719	UK PRTR-published facility point; positional accuracy not independently verified	NACE 10.89 — Manufacture of other food products n.e.c.	NACE 10.89 — Manufacture of other food products n.e.c. | UK PRTR Annex I activity 8.(b)		reported in UK PRTR for 2024; operating status not asserted	GREENCORE GROCERY LIMITED		source industry classification only; pollutant and waste quantities excluded	https://www.gov.uk/government/publications/download-industrial-emissions-and-waste-transfer-uk-prtr-data	official UK pollutant-register facility and activity classification	2026-09-28	Open Government Licence v3.0	Selected systematically from the 2024 UK PRTR CSV by NACE prefix in 10, 11, 17, 19, 20, 21, 22. This facility-level discovery record does not establish a process-reactor inventory, reactor design, capacity, or current operating state.
uk-prtr:EW_EA-3744	Westerleigh Pig Slaughtering and Processing EPR/XP3434SW	United Kingdom	51.507551	-2.446041	UK PRTR-published facility point; positional accuracy not independently verified	NACE 10.11 — Processing and preserving of meat	NACE 10.11 — Processing and preserving of meat | UK PRTR Annex I activity 8.(a)		reported in UK PRTR for 2024; operating status not asserted	PILGRIM'S PRIDE LTD.		source industry classification only; pollutant and waste quantities excluded	https://www.gov.uk/government/publications/download-industrial-emissions-and-waste-transfer-uk-prtr-data	official UK pollutant-register facility and activity classification	2026-09-28	Open Government Licence v3.0	Selected systematically from the 2024 UK PRTR CSV by NACE prefix in 10, 11, 17, 19, 20, 21, 22. This facility-level discovery record does not establish a process-reactor inventory, reactor design, capacity, or current operating state.
uk-prtr:EW_EA-3747	Waleswood Food Factory EPR/XP3537PJ	United Kingdom	53.344811	-1.299858	UK PRTR-published facility point; positional accuracy not independently verified	NACE 10.85 — Manufacture of prepared meals and dishes	NACE 10.85 — Manufacture of prepared meals and dishes | UK PRTR Annex I activity 8.(b)		reported in UK PRTR for 2024; operating status not asserted	GREENCORE PREPARED MEALS LIMITED		source industry classification only; pollutant and waste quantities excluded	https://www.gov.uk/government/publications/download-industrial-emissions-and-waste-transfer-uk-prtr-data	official UK pollutant-register facility and activity classification	2026-09-28	Open Government Licence v3.0	Selected systematically from the 2024 UK PRTR CSV by NACE prefix in 10, 11, 17, 19, 20, 21, 22. This facility-level discovery record does not establish a process-reactor inventory, reactor design, capacity, or current operating state.
uk-prtr:EW_EA-3766	Kenilworth Abattoir - EPR/ZP3030BH	United Kingdom	52.326553	-1.610531	UK PRTR-published facility point; positional accuracy not independently verified	NACE 10.13 — Production of meat and poultry meat products	NACE 10.13 — Production of meat and poultry meat products | UK PRTR Annex I activity 8.(a)		reported in UK PRTR for 2024; operating status not asserted	FARMERS FRESH LIMITED		source industry classification only; pollutant and waste quantities excluded	https://www.gov.uk/government/publications/download-industrial-emissions-and-waste-transfer-uk-prtr-data	official UK pollutant-register facility and activity classification	2026-09-28	Open Government Licence v3.0	Selected systematically from the 2024 UK PRTR CSV by NACE prefix in 10, 11, 17, 19, 20, 21, 22. This facility-level discovery record does not establish a process-reactor inventory, reactor design, capacity, or current operating state.
uk-prtr:EW_EA-3767	Manton Wood Limited - EPR/ZP3336QR	United Kingdom	53.298780	-1.074342	UK PRTR-published facility point; positional accuracy not independently verified	NACE 10.89 — Manufacture of other food products n.e.c.	NACE 10.89 — Manufacture of other food products n.e.c. | UK PRTR Annex I activity 8.(b)		reported in UK PRTR for 2024; operating status not asserted	MANTON WOOD LIMITED		source industry classification only; pollutant and waste quantities excluded	https://www.gov.uk/government/publications/download-industrial-emissions-and-waste-transfer-uk-prtr-data	official UK pollutant-register facility and activity classification	2026-09-28	Open Government Licence v3.0	Selected systematically from the 2024 UK PRTR CSV by NACE prefix in 10, 11, 17, 19, 20, 21, 22. This facility-level discovery record does not establish a process-reactor inventory, reactor design, capacity, or current operating state.
uk-prtr:EW_EA-377	BOC Hydrogen PLant - EPR/BJ7522IJ	United Kingdom	54.599271	-1.187810	UK PRTR-published facility point; positional accuracy not independently verified	NACE 20.11 — Manufacture of industrial gases	NACE 20.11 — Manufacture of industrial gases | UK PRTR Annex I activity 4.(b)		reported in UK PRTR for 2024; operating status not asserted	BOC LIMITED		source industry classification only; pollutant and waste quantities excluded	https://www.gov.uk/government/publications/download-industrial-emissions-and-waste-transfer-uk-prtr-data	official UK pollutant-register facility and activity classification	2026-09-28	Open Government Licence v3.0	Selected systematically from the 2024 UK PRTR CSV by NACE prefix in 10, 11, 17, 19, 20, 21, 22. This facility-level discovery record does not establish a process-reactor inventory, reactor design, capacity, or current operating state.
uk-prtr:EW_EA-3775	Fold Hill Foods	United Kingdom	53.065590	0.084764	UK PRTR-published facility point; positional accuracy not independently verified	NACE 10.92 — Manufacture of prepared pet foods	NACE 10.92 — Manufacture of prepared pet foods | UK PRTR Annex I activity 8.(b)		reported in UK PRTR for 2024; operating status not asserted	J W GRANT CO		source industry classification only; pollutant and waste quantities excluded	https://www.gov.uk/government/publications/download-industrial-emissions-and-waste-transfer-uk-prtr-data	official UK pollutant-register facility and activity classification	2026-09-28	Open Government Licence v3.0	Selected systematically from the 2024 UK PRTR CSV by NACE prefix in 10, 11, 17, 19, 20, 21, 22. This facility-level discovery record does not establish a process-reactor inventory, reactor design, capacity, or current operating state.
uk-prtr:EW_EA-3776	Mars Petcare UK EA/EPR/CP3939GM/T001	United Kingdom	52.763028	-0.878556	UK PRTR-published facility point; positional accuracy not independently verified	NACE 10.92 — Manufacture of prepared pet foods	NACE 10.92 — Manufacture of prepared pet foods | UK PRTR Annex I activity 8.(b)		reported in UK PRTR for 2024; operating status not asserted	MARS PETCARE UK		source industry classification only; pollutant and waste quantities excluded	https://www.gov.uk/government/publications/download-industrial-emissions-and-waste-transfer-uk-prtr-data	official UK pollutant-register facility and activity classification	2026-09-28	Open Government Licence v3.0	Selected systematically from the 2024 UK PRTR CSV by NACE prefix in 10, 11, 17, 19, 20, 21, 22. This facility-level discovery record does not establish a process-reactor inventory, reactor design, capacity, or current operating state.
uk-prtr:EW_EA-3778	Saxlingham Thorpe Mills EPR/ZP3432SE	United Kingdom	52.534034	1.259403	UK PRTR-published facility point; positional accuracy not independently verified	NACE 10.91 — Manufacture of prepared feeds for farm animals	NACE 10.91 — Manufacture of prepared feeds for farm animals | UK PRTR Annex I activity 8.(b)		reported in UK PRTR for 2024; operating status not asserted	WL DUFFIELD & SONS LIMITED		source industry classification only; pollutant and waste quantities excluded	https://www.gov.uk/government/publications/download-industrial-emissions-and-waste-transfer-uk-prtr-data	official UK pollutant-register facility and activity classification	2026-09-28	Open Government Licence v3.0	Selected systematically from the 2024 UK PRTR CSV by NACE prefix in 10, 11, 17, 19, 20, 21, 22. This facility-level discovery record does not establish a process-reactor inventory, reactor design, capacity, or current operating state.
uk-prtr:EW_EA-3781	Queens Drive Baked Products EPR/SP3336UV	United Kingdom	52.935904	-1.162299	UK PRTR-published facility point; positional accuracy not independently verified	NACE 10.11 — Processing and preserving of meat	NACE 10.11 — Processing and preserving of meat | UK PRTR Annex I activity 8.(b)		reported in UK PRTR for 2024; operating status not asserted	PORK FARMS LIMITED		source industry classification only; pollutant and waste quantities excluded	https://www.gov.uk/government/publications/download-industrial-emissions-and-waste-transfer-uk-prtr-data	official UK pollutant-register facility and activity classification	2026-09-28	Open Government Licence v3.0	Selected systematically from the 2024 UK PRTR CSV by NACE prefix in 10, 11, 17, 19, 20, 21, 22. This facility-level discovery record does not establish a process-reactor inventory, reactor design, capacity, or current operating state.
uk-prtr:EW_EA-3788	Scunthorpe Poultry Processors EPR/ZP3732PA	United Kingdom	53.611958	-0.665728	UK PRTR-published facility point; positional accuracy not independently verified	NACE 10.13 — Production of meat and poultry meat products	NACE 10.13 — Production of meat and poultry meat products | UK PRTR Annex I activity 8.(a)		reported in UK PRTR for 2024; operating status not asserted	2 SISTERS FOOD GROUP LIMITED		source industry classification only; pollutant and waste quantities excluded	https://www.gov.uk/government/publications/download-industrial-emissions-and-waste-transfer-uk-prtr-data	official UK pollutant-register facility and activity classification	2026-09-28	Open Government Licence v3.0	Selected systematically from the 2024 UK PRTR CSV by NACE prefix in 10, 11, 17, 19, 20, 21, 22. This facility-level discovery record does not establish a process-reactor inventory, reactor design, capacity, or current operating state.
uk-prtr:EW_EA-3790	Danish Crown Bugle EPR/DP3631RA	United Kingdom	50.408482	-4.765976	UK PRTR-published facility point; positional accuracy not independently verified	NACE 10.11 — Processing and preserving of meat	NACE 10.11 — Processing and preserving of meat | UK PRTR Annex I activity 8.(b)		reported in UK PRTR for 2024; operating status not asserted	DANISH CROWN UK LIMITED		source industry classification only; pollutant and waste quantities excluded	https://www.gov.uk/government/publications/download-industrial-emissions-and-waste-transfer-uk-prtr-data	official UK pollutant-register facility and activity classification	2026-09-28	Open Government Licence v3.0	Selected systematically from the 2024 UK PRTR CSV by NACE prefix in 10, 11, 17, 19, 20, 21, 22. This facility-level discovery record does not establish a process-reactor inventory, reactor design, capacity, or current operating state.
uk-prtr:EW_EA-4015	Hull Vegetable Oil Plant - EPR/BM9998IT	United Kingdom	53.745796	-0.271307	UK PRTR-published facility point; positional accuracy not independently verified	NACE 10.41 — Manufacture of oils and fats	NACE 10.41 — Manufacture of oils and fats | UK PRTR Annex I activity 8.(b)		reported in UK PRTR for 2024; operating status not asserted	AAK (UK) LIMITED		source industry classification only; pollutant and waste quantities excluded	https://www.gov.uk/government/publications/download-industrial-emissions-and-waste-transfer-uk-prtr-data	official UK pollutant-register facility and activity classification	2026-09-28	Open Government Licence v3.0	Selected systematically from the 2024 UK PRTR CSV by NACE prefix in 10, 11, 17, 19, 20, 21, 22. This facility-level discovery record does not establish a process-reactor inventory, reactor design, capacity, or current operating state.
uk-prtr:EW_EA-4031	Stone Feed Mill - EPR/TP3132SL/V002	United Kingdom	52.889109	-2.225717	UK PRTR-published facility point; positional accuracy not independently verified	NACE 10.91 — Manufacture of prepared feeds for farm animals	NACE 10.91 — Manufacture of prepared feeds for farm animals | UK PRTR Annex I activity 8.(b)		reported in UK PRTR for 2024; operating status not asserted	CARRS BILLINGTON AGRICULTURE (OPERATIONS) LIMITED		source industry classification only; pollutant and waste quantities excluded	https://www.gov.uk/government/publications/download-industrial-emissions-and-waste-transfer-uk-prtr-data	official UK pollutant-register facility and activity classification	2026-09-28	Open Government Licence v3.0	Selected systematically from the 2024 UK PRTR CSV by NACE prefix in 10, 11, 17, 19, 20, 21, 22. This facility-level discovery record does not establish a process-reactor inventory, reactor design, capacity, or current operating state.
uk-prtr:EW_EA-4035	Coca-Cola Europacific Partners Great Britain Ltd - EPR/BX5930IU	United Kingdom	51.615051	-0.045789	UK PRTR-published facility point; positional accuracy not independently verified	NACE 11.07 — Manufacture of soft drinks; production of mineral waters and other bottled waters	NACE 11.07 — Manufacture of soft drinks; production of mineral waters and other bottled waters | UK PRTR Annex I activity 8.(b)		reported in UK PRTR for 2024; operating status not asserted	COCA-COLA EUROPACIFIC PARTNERS GREAT BRITAIN LIMITED		source industry classification only; pollutant and waste quantities excluded	https://www.gov.uk/government/publications/download-industrial-emissions-and-waste-transfer-uk-prtr-data	official UK pollutant-register facility and activity classification	2026-09-28	Open Government Licence v3.0	Selected systematically from the 2024 UK PRTR CSV by NACE prefix in 10, 11, 17, 19, 20, 21, 22. This facility-level discovery record does not establish a process-reactor inventory, reactor design, capacity, or current operating state.
uk-prtr:EW_EA-4036	Coca-Cola Europacific Partners Great Britain Ltd - EPR/BX4291IJ	United Kingdom	51.415986	0.118002	UK PRTR-published facility point; positional accuracy not independently verified	NACE 11.07 — Manufacture of soft drinks; production of mineral waters and other bottled waters	NACE 11.07 — Manufacture of soft drinks; production of mineral waters and other bottled waters | UK PRTR Annex I activity 8.(b)		reported in UK PRTR for 2024; operating status not asserted	COCA-COLA EUROPACIFIC PARTNERS GREAT BRITAIN LIMITED		source industry classification only; pollutant and waste quantities excluded	https://www.gov.uk/government/publications/download-industrial-emissions-and-waste-transfer-uk-prtr-data	official UK pollutant-register facility and activity classification	2026-09-28	Open Government Licence v3.0	Selected systematically from the 2024 UK PRTR CSV by NACE prefix in 10, 11, 17, 19, 20, 21, 22. This facility-level discovery record does not establish a process-reactor inventory, reactor design, capacity, or current operating state.
uk-prtr:EW_EA-4037	Refresco Drinks UK Limited	United Kingdom	52.052199	-0.707868	UK PRTR-published facility point; positional accuracy not independently verified	NACE 11.07 — Manufacture of soft drinks; production of mineral waters and other bottled waters	NACE 11.07 — Manufacture of soft drinks; production of mineral waters and other bottled waters | UK PRTR Annex I activity 8.(b)		reported in UK PRTR for 2024; operating status not asserted	REFRESCO DRINKS UK LIMITED		source industry classification only; pollutant and waste quantities excluded	https://www.gov.uk/government/publications/download-industrial-emissions-and-waste-transfer-uk-prtr-data	official UK pollutant-register facility and activity classification	2026-09-28	Open Government Licence v3.0	Selected systematically from the 2024 UK PRTR CSV by NACE prefix in 10, 11, 17, 19, 20, 21, 22. This facility-level discovery record does not establish a process-reactor inventory, reactor design, capacity, or current operating state.
uk-prtr:EW_EA-4038	Shobnall Maltings EPR/QP3834AP	United Kingdom	52.815572	-1.629323	UK PRTR-published facility point; positional accuracy not independently verified	NACE 11.06 — Manufacture of malt	NACE 11.06 — Manufacture of malt | UK PRTR Annex I activity 8.(b)		reported in UK PRTR for 2024; operating status not asserted	Soufflet Bairds Malt Limited		source industry classification only; pollutant and waste quantities excluded	https://www.gov.uk/government/publications/download-industrial-emissions-and-waste-transfer-uk-prtr-data	official UK pollutant-register facility and activity classification	2026-09-28	Open Government Licence v3.0	Selected systematically from the 2024 UK PRTR CSV by NACE prefix in 10, 11, 17, 19, 20, 21, 22. This facility-level discovery record does not establish a process-reactor inventory, reactor design, capacity, or current operating state.
uk-prtr:EW_EA-4041	Crisp Maltings EPR/FP3037PA	United Kingdom	52.808289	0.901164	UK PRTR-published facility point; positional accuracy not independently verified	NACE 11.06 — Manufacture of malt	NACE 11.06 — Manufacture of malt | UK PRTR Annex I activity 8.(b)		reported in UK PRTR for 2024; operating status not asserted	CRISP MALTING GROUP LIMITED		source industry classification only; pollutant and waste quantities excluded	https://www.gov.uk/government/publications/download-industrial-emissions-and-waste-transfer-uk-prtr-data	official UK pollutant-register facility and activity classification	2026-09-28	Open Government Licence v3.0	Selected systematically from the 2024 UK PRTR CSV by NACE prefix in 10, 11, 17, 19, 20, 21, 22. This facility-level discovery record does not establish a process-reactor inventory, reactor design, capacity, or current operating state.
uk-prtr:EW_EA-4046	Runcorn Beverage Packaging Plant	United Kingdom	53.312067	-2.656451	UK PRTR-published facility point; positional accuracy not independently verified	NACE 11.05 — Manufacture of beer	NACE 11.05 — Manufacture of beer | UK PRTR Annex I activity 8.(b)		reported in UK PRTR for 2024; operating status not asserted	DIAGEO GREAT BRITAIN LIMITED		source industry classification only; pollutant and waste quantities excluded	https://www.gov.uk/government/publications/download-industrial-emissions-and-waste-transfer-uk-prtr-data	official UK pollutant-register facility and activity classification	2026-09-28	Open Government Licence v3.0	Selected systematically from the 2024 UK PRTR CSV by NACE prefix in 10, 11, 17, 19, 20, 21, 22. This facility-level discovery record does not establish a process-reactor inventory, reactor design, capacity, or current operating state.
uk-prtr:EW_EA-405	Saltend Chemical Park EPR/JP3707SC	United Kingdom	53.738822	-0.236871	UK PRTR-published facility point; positional accuracy not independently verified	NACE 20.14 — Manufacture of other organic basic chemicals	NACE 20.14 — Manufacture of other organic basic chemicals | UK PRTR Annex I activity 4.(a)		reported in UK PRTR for 2024; operating status not asserted	INEOS ACETYLS UK LIMITED		source industry classification only; pollutant and waste quantities excluded	https://www.gov.uk/government/publications/download-industrial-emissions-and-waste-transfer-uk-prtr-data	official UK pollutant-register facility and activity classification	2026-09-28	Open Government Licence v3.0	Selected systematically from the 2024 UK PRTR CSV by NACE prefix in 10, 11, 17, 19, 20, 21, 22. This facility-level discovery record does not establish a process-reactor inventory, reactor design, capacity, or current operating state.
uk-prtr:EW_EA-4052	Selby Sauces & Pickles EPR/BO2323IB	United Kingdom	53.790832	-1.041535	UK PRTR-published facility point; positional accuracy not independently verified	NACE 10.89 — Manufacture of other food products n.e.c.	NACE 10.89 — Manufacture of other food products n.e.c. | UK PRTR Annex I activity 8.(b)		reported in UK PRTR for 2024; operating status not asserted	GREENCORE GROCERY LIMITED		source industry classification only; pollutant and waste quantities excluded	https://www.gov.uk/government/publications/download-industrial-emissions-and-waste-transfer-uk-prtr-data	official UK pollutant-register facility and activity classification	2026-09-28	Open Government Licence v3.0	Selected systematically from the 2024 UK PRTR CSV by NACE prefix in 10, 11, 17, 19, 20, 21, 22. This facility-level discovery record does not establish a process-reactor inventory, reactor design, capacity, or current operating state.
uk-prtr:EW_EA-4053	Bury St Edmunds Maltings - EPR/BX2078IM	United Kingdom	52.252824	0.722774	UK PRTR-published facility point; positional accuracy not independently verified	NACE 11.06 — Manufacture of malt	NACE 11.06 — Manufacture of malt | UK PRTR Annex I activity 8.(b)		reported in UK PRTR for 2024; operating status not asserted	PAUL MALTS LIMITED		source industry classification only; pollutant and waste quantities excluded	https://www.gov.uk/government/publications/download-industrial-emissions-and-waste-transfer-uk-prtr-data	official UK pollutant-register facility and activity classification	2026-09-28	Open Government Licence v3.0	Selected systematically from the 2024 UK PRTR CSV by NACE prefix in 10, 11, 17, 19, 20, 21, 22. This facility-level discovery record does not establish a process-reactor inventory, reactor design, capacity, or current operating state.
uk-prtr:EW_EA-4057	Wagonway Works EPR/VP3931KF	United Kingdom	54.984920	-1.512425	UK PRTR-published facility point; positional accuracy not independently verified	NACE 20.13 — Manufacture of other inorganic basic chemicals	NACE 20.13 — Manufacture of other inorganic basic chemicals | UK PRTR Annex I activity 4.(b)		reported in UK PRTR for 2024; operating status not asserted	INDUSTRIAL CHEMICALS LIMITED		source industry classification only; pollutant and waste quantities excluded	https://www.gov.uk/government/publications/download-industrial-emissions-and-waste-transfer-uk-prtr-data	official UK pollutant-register facility and activity classification	2026-09-28	Open Government Licence v3.0	Selected systematically from the 2024 UK PRTR CSV by NACE prefix in 10, 11, 17, 19, 20, 21, 22. This facility-level discovery record does not establish a process-reactor inventory, reactor design, capacity, or current operating state.
uk-prtr:EW_EA-4060	Manchester Cereals & Biscuits EPR/BS3140IS	United Kingdom	53.457181	-2.317124	UK PRTR-published facility point; positional accuracy not independently verified	NACE 10.61 — Manufacture of grain mill products	NACE 10.61 — Manufacture of grain mill products | UK PRTR Annex I activity 8.(b)		reported in UK PRTR for 2024; operating status not asserted	KELLOGG COMPANY OF GREAT BRITAIN LIMITED		source industry classification only; pollutant and waste quantities excluded	https://www.gov.uk/government/publications/download-industrial-emissions-and-waste-transfer-uk-prtr-data	official UK pollutant-register facility and activity classification	2026-09-28	Open Government Licence v3.0	Selected systematically from the 2024 UK PRTR CSV by NACE prefix in 10, 11, 17, 19, 20, 21, 22. This facility-level discovery record does not establish a process-reactor inventory, reactor design, capacity, or current operating state.
uk-prtr:EW_EA-4061	Northfields Industrial Estate EPR/BO5187IN	United Kingdom	52.688771	-0.316311	UK PRTR-published facility point; positional accuracy not independently verified	NACE 10.13 — Production of meat and poultry meat products	NACE 10.13 — Production of meat and poultry meat products | UK PRTR Annex I activity 8.(b)		reported in UK PRTR for 2024; operating status not asserted	Pets Love Fresh Limited		source industry classification only; pollutant and waste quantities excluded	https://www.gov.uk/government/publications/download-industrial-emissions-and-waste-transfer-uk-prtr-data	official UK pollutant-register facility and activity classification	2026-09-28	Open Government Licence v3.0	Selected systematically from the 2024 UK PRTR CSV by NACE prefix in 10, 11, 17, 19, 20, 21, 22. This facility-level discovery record does not establish a process-reactor inventory, reactor design, capacity, or current operating state.
uk-prtr:EW_EA-4064	Sherrington Way Chemical Works - EPR/AP3838SH	United Kingdom	51.250423	-1.104440	UK PRTR-published facility point; positional accuracy not independently verified	NACE 20.13 — Manufacture of other inorganic basic chemicals	NACE 20.13 — Manufacture of other inorganic basic chemicals | UK PRTR Annex I activity 4.(b)		reported in UK PRTR for 2024; operating status not asserted	LEVERTONHELM LIMITED		source industry classification only; pollutant and waste quantities excluded	https://www.gov.uk/government/publications/download-industrial-emissions-and-waste-transfer-uk-prtr-data	official UK pollutant-register facility and activity classification	2026-09-28	Open Government Licence v3.0	Selected systematically from the 2024 UK PRTR CSV by NACE prefix in 10, 11, 17, 19, 20, 21, 22. This facility-level discovery record does not establish a process-reactor inventory, reactor design, capacity, or current operating state.
uk-prtr:EW_EA-4068	Cranage Mill - EPR/AP3133BW	United Kingdom	53.205450	-2.364817	UK PRTR-published facility point; positional accuracy not independently verified	NACE 10.91 — Manufacture of prepared feeds for farm animals	NACE 10.91 — Manufacture of prepared feeds for farm animals | UK PRTR Annex I activity 8.(b)		reported in UK PRTR for 2024; operating status not asserted	MASSEY BROS (FEEDS) LTD.		source industry classification only; pollutant and waste quantities excluded	https://www.gov.uk/government/publications/download-industrial-emissions-and-waste-transfer-uk-prtr-data	official UK pollutant-register facility and activity classification	2026-09-28	Open Government Licence v3.0	Selected systematically from the 2024 UK PRTR CSV by NACE prefix in 10, 11, 17, 19, 20, 21, 22. This facility-level discovery record does not establish a process-reactor inventory, reactor design, capacity, or current operating state.
uk-prtr:EW_EA-4069	Walton-le-Dale Mill EPR/RP3734PN	United Kingdom	53.746398	-2.671848	UK PRTR-published facility point; positional accuracy not independently verified	NACE 10.91 — Manufacture of prepared feeds for farm animals	NACE 10.91 — Manufacture of prepared feeds for farm animals | UK PRTR Annex I activity 8.(b)		reported in UK PRTR for 2024; operating status not asserted	MASSEY BROS (FEEDS) LTD.		source industry classification only; pollutant and waste quantities excluded	https://www.gov.uk/government/publications/download-industrial-emissions-and-waste-transfer-uk-prtr-data	official UK pollutant-register facility and activity classification	2026-09-28	Open Government Licence v3.0	Selected systematically from the 2024 UK PRTR CSV by NACE prefix in 10, 11, 17, 19, 20, 21, 22. This facility-level discovery record does not establish a process-reactor inventory, reactor design, capacity, or current operating state.
uk-prtr:EW_EA-4070	Milk Processing Facility, Chester	United Kingdom	53.154491	-2.926809	UK PRTR-published facility point; positional accuracy not independently verified	NACE 10.51 — Operation of dairies and cheese making	NACE 10.51 — Operation of dairies and cheese making | UK PRTR Annex I activity 8.(c)		reported in UK PRTR for 2024; operating status not asserted	MEADOW FOODS LIMITED		source industry classification only; pollutant and waste quantities excluded	https://www.gov.uk/government/publications/download-industrial-emissions-and-waste-transfer-uk-prtr-data	official UK pollutant-register facility and activity classification	2026-09-28	Open Government Licence v3.0	Selected systematically from the 2024 UK PRTR CSV by NACE prefix in 10, 11, 17, 19, 20, 21, 22. This facility-level discovery record does not establish a process-reactor inventory, reactor design, capacity, or current operating state.
uk-prtr:EW_EA-4071	Renaissance Way, Speke Pharmaceuticals EPR/BL6241IR	United Kingdom	53.348643	-2.843737	UK PRTR-published facility point; positional accuracy not independently verified	NACE 21.10 — Manufacture of basic pharmaceutical products	NACE 21.10 — Manufacture of basic pharmaceutical products | UK PRTR Annex I activity 4.(e)		reported in UK PRTR for 2024; operating status not asserted	MEDIMMUNE UK LIMITED		source industry classification only; pollutant and waste quantities excluded	https://www.gov.uk/government/publications/download-industrial-emissions-and-waste-transfer-uk-prtr-data	official UK pollutant-register facility and activity classification	2026-09-28	Open Government Licence v3.0	Selected systematically from the 2024 UK PRTR CSV by NACE prefix in 10, 11, 17, 19, 20, 21, 22. This facility-level discovery record does not establish a process-reactor inventory, reactor design, capacity, or current operating state.
uk-prtr:EW_EA-4073	Staplemead Creamery EPR/NP3839GZ	United Kingdom	51.255424	-2.306174	UK PRTR-published facility point; positional accuracy not independently verified	NACE 10.51 — Operation of dairies and cheese making	NACE 10.51 — Operation of dairies and cheese making | UK PRTR Annex I activity 8.(c)		reported in UK PRTR for 2024; operating status not asserted	ANDROS UK LIMITED		source industry classification only; pollutant and waste quantities excluded	https://www.gov.uk/government/publications/download-industrial-emissions-and-waste-transfer-uk-prtr-data	official UK pollutant-register facility and activity classification	2026-09-28	Open Government Licence v3.0	Selected systematically from the 2024 UK PRTR CSV by NACE prefix in 10, 11, 17, 19, 20, 21, 22. This facility-level discovery record does not establish a process-reactor inventory, reactor design, capacity, or current operating state.
uk-prtr:EW_EA-4075	North Western Mills EPR/JP3431PA	United Kingdom	53.080624	-2.435864	UK PRTR-published facility point; positional accuracy not independently verified	NACE 10.61 — Manufacture of grain mill products	NACE 10.61 — Manufacture of grain mill products | UK PRTR Annex I activity 8.(b)		reported in UK PRTR for 2024; operating status not asserted	MORNING FOODS LIMITED		source industry classification only; pollutant and waste quantities excluded	https://www.gov.uk/government/publications/download-industrial-emissions-and-waste-transfer-uk-prtr-data	official UK pollutant-register facility and activity classification	2026-09-28	Open Government Licence v3.0	Selected systematically from the 2024 UK PRTR CSV by NACE prefix in 10, 11, 17, 19, 20, 21, 22. This facility-level discovery record does not establish a process-reactor inventory, reactor design, capacity, or current operating state.
uk-prtr:EW_EA-4095	Howdendyke Fertiliser Plant - EPR/DP3135JK	United Kingdom	53.732795	-0.850487	UK PRTR-published facility point; positional accuracy not independently verified	NACE 20.15 — Manufacture of fertilisers and nitrogen compounds	NACE 20.15 — Manufacture of fertilisers and nitrogen compounds | UK PRTR Annex I activity 4.(c)		reported in UK PRTR for 2024; operating status not asserted	EVERGREEN GARDEN CARE UK LIMITED		source industry classification only; pollutant and waste quantities excluded	https://www.gov.uk/government/publications/download-industrial-emissions-and-waste-transfer-uk-prtr-data	official UK pollutant-register facility and activity classification	2026-09-28	Open Government Licence v3.0	Selected systematically from the 2024 UK PRTR CSV by NACE prefix in 10, 11, 17, 19, 20, 21, 22. This facility-level discovery record does not establish a process-reactor inventory, reactor design, capacity, or current operating state.
uk-prtr:EW_EA-4096	Banks Brewery Wolverhampton EPR/GP3939BL	United Kingdom	52.588297	-2.114792	UK PRTR-published facility point; positional accuracy not independently verified	NACE 11.05 — Manufacture of beer	NACE 11.05 — Manufacture of beer | UK PRTR Annex I activity 8.(b)		reported in UK PRTR for 2024; operating status not asserted	CMBC SUPPLY LIMITED		source industry classification only; pollutant and waste quantities excluded	https://www.gov.uk/government/publications/download-industrial-emissions-and-waste-transfer-uk-prtr-data	official UK pollutant-register facility and activity classification	2026-09-28	Open Government Licence v3.0	Selected systematically from the 2024 UK PRTR CSV by NACE prefix in 10, 11, 17, 19, 20, 21, 22. This facility-level discovery record does not establish a process-reactor inventory, reactor design, capacity, or current operating state.
uk-prtr:EW_EA-4097	Factory Services UK Limited trading as SugaRich	United Kingdom	52.023316	-1.090548	UK PRTR-published facility point; positional accuracy not independently verified	NACE 10.91 — Manufacture of prepared feeds for farm animals	NACE 10.91 — Manufacture of prepared feeds for farm animals | UK PRTR Annex I activity 8.(b)		reported in UK PRTR for 2024; operating status not asserted	FACTORY SERVICES UK LIMITED		source industry classification only; pollutant and waste quantities excluded	https://www.gov.uk/government/publications/download-industrial-emissions-and-waste-transfer-uk-prtr-data	official UK pollutant-register facility and activity classification	2026-09-28	Open Government Licence v3.0	Selected systematically from the 2024 UK PRTR CSV by NACE prefix in 10, 11, 17, 19, 20, 21, 22. This facility-level discovery record does not establish a process-reactor inventory, reactor design, capacity, or current operating state.
uk-prtr:EW_EA-413	Thames Enterprise Park - EPR/JP3734JP	United Kingdom	51.514957	0.524440	UK PRTR-published facility point; positional accuracy not independently verified	NACE 19.20 — Manufacture of refined petroleum products	NACE 19.20 — Manufacture of refined petroleum products | UK PRTR Annex I activity 1.(a)		reported in UK PRTR for 2024; operating status not asserted	CORYTON ASSET LIMITED		source industry classification only; pollutant and waste quantities excluded	https://www.gov.uk/government/publications/download-industrial-emissions-and-waste-transfer-uk-prtr-data	official UK pollutant-register facility and activity classification	2026-09-28	Open Government Licence v3.0	Selected systematically from the 2024 UK PRTR CSV by NACE prefix in 10, 11, 17, 19, 20, 21, 22. This facility-level discovery record does not establish a process-reactor inventory, reactor design, capacity, or current operating state.
uk-prtr:EW_EA-5010	Slough Biopharmaceuticals Plant EPR/YP3437SP	United Kingdom	51.516244	-0.623645	UK PRTR-published facility point; positional accuracy not independently verified	NACE 21.10 — Manufacture of basic pharmaceutical products	NACE 21.10 — Manufacture of basic pharmaceutical products | UK PRTR Annex I activity 4.(e)		reported in UK PRTR for 2024; operating status not asserted	LONZA BIOLOGICS PLC		source industry classification only; pollutant and waste quantities excluded	https://www.gov.uk/government/publications/download-industrial-emissions-and-waste-transfer-uk-prtr-data	official UK pollutant-register facility and activity classification	2026-09-28	Open Government Licence v3.0	Selected systematically from the 2024 UK PRTR CSV by NACE prefix in 10, 11, 17, 19, 20, 21, 22. This facility-level discovery record does not establish a process-reactor inventory, reactor design, capacity, or current operating state.
uk-prtr:EW_EA-5217	Wyke Farmhouse Cheese EPR/BQ1824IV	United Kingdom	51.110867	-2.482493	UK PRTR-published facility point; positional accuracy not independently verified	NACE 10.51 — Operation of dairies and cheese making	NACE 10.51 — Operation of dairies and cheese making | UK PRTR Annex I activity 8.(c)		reported in UK PRTR for 2024; operating status not asserted	WYKE FARMS LIMITED		source industry classification only; pollutant and waste quantities excluded	https://www.gov.uk/government/publications/download-industrial-emissions-and-waste-transfer-uk-prtr-data	official UK pollutant-register facility and activity classification	2026-09-28	Open Government Licence v3.0	Selected systematically from the 2024 UK PRTR CSV by NACE prefix in 10, 11, 17, 19, 20, 21, 22. This facility-level discovery record does not establish a process-reactor inventory, reactor design, capacity, or current operating state.
uk-prtr:EW_EA-5241	Blackburn Chemicals EPR/VP3330LJ	United Kingdom	53.767723	-2.457062	UK PRTR-published facility point; positional accuracy not independently verified	NACE 20.59 — Manufacture of other chemical products n.e.c.	NACE 20.59 — Manufacture of other chemical products n.e.c. | UK PRTR Annex I activity 4.(a)		reported in UK PRTR for 2024; operating status not asserted	BLACKBURN CHEMICALS LIMITED		source industry classification only; pollutant and waste quantities excluded	https://www.gov.uk/government/publications/download-industrial-emissions-and-waste-transfer-uk-prtr-data	official UK pollutant-register facility and activity classification	2026-09-28	Open Government Licence v3.0	Selected systematically from the 2024 UK PRTR CSV by NACE prefix in 10, 11, 17, 19, 20, 21, 22. This facility-level discovery record does not establish a process-reactor inventory, reactor design, capacity, or current operating state.
uk-prtr:EW_EA-5251	Wyke Lane Chemicals - EPR/QP3135KJ	United Kingdom	53.740839	-1.753745	UK PRTR-published facility point; positional accuracy not independently verified	NACE 20.20 — Manufacture of pesticides and other agrochemical products	NACE 20.20 — Manufacture of pesticides and other agrochemical products | UK PRTR Annex I activity 4.(d)		reported in UK PRTR for 2024; operating status not asserted	NUFARM LIMITED		source industry classification only; pollutant and waste quantities excluded	https://www.gov.uk/government/publications/download-industrial-emissions-and-waste-transfer-uk-prtr-data	official UK pollutant-register facility and activity classification	2026-09-28	Open Government Licence v3.0	Selected systematically from the 2024 UK PRTR CSV by NACE prefix in 10, 11, 17, 19, 20, 21, 22. This facility-level discovery record does not establish a process-reactor inventory, reactor design, capacity, or current operating state.
uk-prtr:EW_EA-5260	Bowling Park Drive Chemicals - EPR/TP3737SB	United Kingdom	53.779558	-1.744565	UK PRTR-published facility point; positional accuracy not independently verified	NACE 20.14 — Manufacture of other organic basic chemicals	NACE 20.14 — Manufacture of other organic basic chemicals | UK PRTR Annex I activity 4.(a)		reported in UK PRTR for 2024; operating status not asserted	KEMIRA CHEMICALS (UK) LIMITED		source industry classification only; pollutant and waste quantities excluded	https://www.gov.uk/government/publications/download-industrial-emissions-and-waste-transfer-uk-prtr-data	official UK pollutant-register facility and activity classification	2026-09-28	Open Government Licence v3.0	Selected systematically from the 2024 UK PRTR CSV by NACE prefix in 10, 11, 17, 19, 20, 21, 22. This facility-level discovery record does not establish a process-reactor inventory, reactor design, capacity, or current operating state.
uk-prtr:EW_EA-5326	Lag Farm Dairy EPR/NP3532SU	United Kingdom	51.324784	-2.697135	UK PRTR-published facility point; positional accuracy not independently verified	NACE 10.51 — Operation of dairies and cheese making	NACE 10.51 — Operation of dairies and cheese making | UK PRTR Annex I activity 8.(c)		reported in UK PRTR for 2024; operating status not asserted	YEO VALLEY FARMS (PRODUCTION) LIMITED		source industry classification only; pollutant and waste quantities excluded	https://www.gov.uk/government/publications/download-industrial-emissions-and-waste-transfer-uk-prtr-data	official UK pollutant-register facility and activity classification	2026-09-28	Open Government Licence v3.0	Selected systematically from the 2024 UK PRTR CSV by NACE prefix in 10, 11, 17, 19, 20, 21, 22. This facility-level discovery record does not establish a process-reactor inventory, reactor design, capacity, or current operating state.
uk-prtr:EW_EA-5343	Carlisle Biscuit Factory - EPR/BO7830IF	United Kingdom	54.894568	-2.949498	UK PRTR-published facility point; positional accuracy not independently verified	NACE 10.72 — Manufacture of rusks and biscuits; manufacture of preserved pastry goods and cakes	NACE 10.72 — Manufacture of rusks and biscuits; manufacture of preserved pastry goods and cakes | UK PRTR Annex I activity 8.(b)		reported in UK PRTR for 2024; operating status not asserted	PLADIS (UK) LIMITED		source industry classification only; pollutant and waste quantities excluded	https://www.gov.uk/government/publications/download-industrial-emissions-and-waste-transfer-uk-prtr-data	official UK pollutant-register facility and activity classification	2026-09-28	Open Government Licence v3.0	Selected systematically from the 2024 UK PRTR CSV by NACE prefix in 10, 11, 17, 19, 20, 21, 22. This facility-level discovery record does not establish a process-reactor inventory, reactor design, capacity, or current operating state.
uk-prtr:EW_EA-5345	Sellafield Installation - EPR/BM4317IX	United Kingdom	54.419130	-3.500841	UK PRTR-published facility point; positional accuracy not independently verified	NACE 20.59 — Manufacture of other chemical products n.e.c.	NACE 20.59 — Manufacture of other chemical products n.e.c. | UK PRTR Annex I activity 1.(c)		reported in UK PRTR for 2024; operating status not asserted	SELLAFIELD LIMITED		source industry classification only; pollutant and waste quantities excluded	https://www.gov.uk/government/publications/download-industrial-emissions-and-waste-transfer-uk-prtr-data	official UK pollutant-register facility and activity classification	2026-09-28	Open Government Licence v3.0	Selected systematically from the 2024 UK PRTR CSV by NACE prefix in 10, 11, 17, 19, 20, 21, 22. This facility-level discovery record does not establish a process-reactor inventory, reactor design, capacity, or current operating state.
uk-prtr:EW_EA-5407	Comelius Specialities Limited	United Kingdom	52.076267	0.436468	UK PRTR-published facility point; positional accuracy not independently verified	NACE 20.14 — Manufacture of other organic basic chemicals	NACE 20.14 — Manufacture of other organic basic chemicals | UK PRTR Annex I activity 4.(a)		reported in UK PRTR for 2024; operating status not asserted	CORNELIUS SPECIALTIES LIMITED		source industry classification only; pollutant and waste quantities excluded	https://www.gov.uk/government/publications/download-industrial-emissions-and-waste-transfer-uk-prtr-data	official UK pollutant-register facility and activity classification	2026-09-28	Open Government Licence v3.0	Selected systematically from the 2024 UK PRTR CSV by NACE prefix in 10, 11, 17, 19, 20, 21, 22. This facility-level discovery record does not establish a process-reactor inventory, reactor design, capacity, or current operating state.
uk-prtr:EW_EA-5450	Elton Beverages EPR/UP3935LR	United Kingdom	53.281519	-2.814516	UK PRTR-published facility point; positional accuracy not independently verified	NACE 11.05 — Manufacture of beer	NACE 11.05 — Manufacture of beer | UK PRTR Annex I activity 8.(b)		reported in UK PRTR for 2024; operating status not asserted	ENCIRC LIMITED		source industry classification only; pollutant and waste quantities excluded	https://www.gov.uk/government/publications/download-industrial-emissions-and-waste-transfer-uk-prtr-data	official UK pollutant-register facility and activity classification	2026-09-28	Open Government Licence v3.0	Selected systematically from the 2024 UK PRTR CSV by NACE prefix in 10, 11, 17, 19, 20, 21, 22. This facility-level discovery record does not establish a process-reactor inventory, reactor design, capacity, or current operating state.
uk-prtr:EW_EA-5458	Sulphonation Plant Port Sunlight EPR/NP3532UG	United Kingdom	53.361927	-2.997724	UK PRTR-published facility point; positional accuracy not independently verified	NACE 20.41 — Manufacture of soap and detergents, cleaning and polishing preparations	NACE 20.41 — Manufacture of soap and detergents, cleaning and polishing preparations | UK PRTR Annex I activity 4.(a)		reported in UK PRTR for 2024; operating status not asserted	UNILEVER UK LIMITED		source industry classification only; pollutant and waste quantities excluded	https://www.gov.uk/government/publications/download-industrial-emissions-and-waste-transfer-uk-prtr-data	official UK pollutant-register facility and activity classification	2026-09-28	Open Government Licence v3.0	Selected systematically from the 2024 UK PRTR CSV by NACE prefix in 10, 11, 17, 19, 20, 21, 22. This facility-level discovery record does not establish a process-reactor inventory, reactor design, capacity, or current operating state.
uk-prtr:EW_EA-5464	Stanlow Manufacturing Complex EPR/FP3139FN	United Kingdom	53.273513	-2.841206	UK PRTR-published facility point; positional accuracy not independently verified	NACE 19.20 — Manufacture of refined petroleum products	NACE 19.20 — Manufacture of refined petroleum products | UK PRTR Annex I activity 1.(a)		reported in UK PRTR for 2024; operating status not asserted	ESSAR OIL (UK) LIMITED		source industry classification only; pollutant and waste quantities excluded	https://www.gov.uk/government/publications/download-industrial-emissions-and-waste-transfer-uk-prtr-data	official UK pollutant-register facility and activity classification	2026-09-28	Open Government Licence v3.0	Selected systematically from the 2024 UK PRTR CSV by NACE prefix in 10, 11, 17, 19, 20, 21, 22. This facility-level discovery record does not establish a process-reactor inventory, reactor design, capacity, or current operating state.
uk-prtr:EW_EA-5559	Lostock Sodium Carbonate Manufacturing Site - EPR/BS5576IL	United Kingdom	53.264741	-2.476715	UK PRTR-published facility point; positional accuracy not independently verified	NACE 20.59 — Manufacture of other chemical products n.e.c.	NACE 20.59 — Manufacture of other chemical products n.e.c. | UK PRTR Annex I activity 4.(b)		reported in UK PRTR for 2024; operating status not asserted	IMERYS PCC UK LIMITED		source industry classification only; pollutant and waste quantities excluded	https://www.gov.uk/government/publications/download-industrial-emissions-and-waste-transfer-uk-prtr-data	official UK pollutant-register facility and activity classification	2026-09-28	Open Government Licence v3.0	Selected systematically from the 2024 UK PRTR CSV by NACE prefix in 10, 11, 17, 19, 20, 21, 22. This facility-level discovery record does not establish a process-reactor inventory, reactor design, capacity, or current operating state.
uk-prtr:EW_EA-557	Cantley Factory	United Kingdom	52.575665	1.520252	UK PRTR-published facility point; positional accuracy not independently verified	NACE 10.81 — Manufacture of sugar	NACE 10.81 — Manufacture of sugar | UK PRTR Annex I activity 8.(b)		reported in UK PRTR for 2024; operating status not asserted	BRITISH SUGAR PLC		source industry classification only; pollutant and waste quantities excluded	https://www.gov.uk/government/publications/download-industrial-emissions-and-waste-transfer-uk-prtr-data	official UK pollutant-register facility and activity classification	2026-09-28	Open Government Licence v3.0	Selected systematically from the 2024 UK PRTR CSV by NACE prefix in 10, 11, 17, 19, 20, 21, 22. This facility-level discovery record does not establish a process-reactor inventory, reactor design, capacity, or current operating state.
uk-prtr:EW_EA-5571	Pickstocks (Ashby) EPR/DP3832LA	United Kingdom	52.793722	-1.504492	UK PRTR-published facility point; positional accuracy not independently verified	NACE 10.13 — Production of meat and poultry meat products	NACE 10.13 — Production of meat and poultry meat products | UK PRTR Annex I activity 8.(a)		reported in UK PRTR for 2024; operating status not asserted	PICKSTOCK TELFORD LIMITED		source industry classification only; pollutant and waste quantities excluded	https://www.gov.uk/government/publications/download-industrial-emissions-and-waste-transfer-uk-prtr-data	official UK pollutant-register facility and activity classification	2026-09-28	Open Government Licence v3.0	Selected systematically from the 2024 UK PRTR CSV by NACE prefix in 10, 11, 17, 19, 20, 21, 22. This facility-level discovery record does not establish a process-reactor inventory, reactor design, capacity, or current operating state.
uk-prtr:EW_EA-558	Wissington Sugar Factory EPR/BX2108IQ	United Kingdom	52.551275	0.452083	UK PRTR-published facility point; positional accuracy not independently verified	NACE 10.81 — Manufacture of sugar	NACE 10.81 — Manufacture of sugar | UK PRTR Annex I activity 8.(b)		reported in UK PRTR for 2024; operating status not asserted	BRITISH SUGAR PLC		source industry classification only; pollutant and waste quantities excluded	https://www.gov.uk/government/publications/download-industrial-emissions-and-waste-transfer-uk-prtr-data	official UK pollutant-register facility and activity classification	2026-09-28	Open Government Licence v3.0	Selected systematically from the 2024 UK PRTR CSV by NACE prefix in 10, 11, 17, 19, 20, 21, 22. This facility-level discovery record does not establish a process-reactor inventory, reactor design, capacity, or current operating state.
uk-prtr:EW_EA-559	Bury St Edmunds Sugar Factory EPR/BX2094IJ	United Kingdom	52.253717	0.726931	UK PRTR-published facility point; positional accuracy not independently verified	NACE 10.81 — Manufacture of sugar	NACE 10.81 — Manufacture of sugar | UK PRTR Annex I activity 8.(b)		reported in UK PRTR for 2024; operating status not asserted	BRITISH SUGAR PLC		source industry classification only; pollutant and waste quantities excluded	https://www.gov.uk/government/publications/download-industrial-emissions-and-waste-transfer-uk-prtr-data	official UK pollutant-register facility and activity classification	2026-09-28	Open Government Licence v3.0	Selected systematically from the 2024 UK PRTR CSV by NACE prefix in 10, 11, 17, 19, 20, 21, 22. This facility-level discovery record does not establish a process-reactor inventory, reactor design, capacity, or current operating state.
uk-prtr:EW_EA-5610	Venator Pigments UK Limited EPR/JP3637UE	United Kingdom	54.899830	-1.588302	UK PRTR-published facility point; positional accuracy not independently verified	NACE 20.14 — Manufacture of other organic basic chemicals	NACE 20.14 — Manufacture of other organic basic chemicals | UK PRTR Annex I activity 4.(b)		reported in UK PRTR for 2024; operating status not asserted	VENATOR MATERIALS UK LIMITED		source industry classification only; pollutant and waste quantities excluded	https://www.gov.uk/government/publications/download-industrial-emissions-and-waste-transfer-uk-prtr-data	official UK pollutant-register facility and activity classification	2026-09-28	Open Government Licence v3.0	Selected systematically from the 2024 UK PRTR CSV by NACE prefix in 10, 11, 17, 19, 20, 21, 22. This facility-level discovery record does not establish a process-reactor inventory, reactor design, capacity, or current operating state.
uk-prtr:EW_EA-5616	Darlington Timber Treatment Products EPR/QP3638SJ	United Kingdom	54.521188	-1.507148	UK PRTR-published facility point; positional accuracy not independently verified	NACE 20.20 — Manufacture of pesticides and other agrochemical products	NACE 20.20 — Manufacture of pesticides and other agrochemical products | UK PRTR Annex I activity 4.(d)		reported in UK PRTR for 2024; operating status not asserted	PROTIM SOLIGNUM LIMITED		source industry classification only; pollutant and waste quantities excluded	https://www.gov.uk/government/publications/download-industrial-emissions-and-waste-transfer-uk-prtr-data	official UK pollutant-register facility and activity classification	2026-09-28	Open Government Licence v3.0	Selected systematically from the 2024 UK PRTR CSV by NACE prefix in 10, 11, 17, 19, 20, 21, 22. This facility-level discovery record does not establish a process-reactor inventory, reactor design, capacity, or current operating state.
uk-prtr:EW_EA-564	Newark Sugar Factory EPR/BK9385IH	United Kingdom	53.088135	-0.817416	UK PRTR-published facility point; positional accuracy not independently verified	NACE 10.81 — Manufacture of sugar	NACE 10.81 — Manufacture of sugar | UK PRTR Annex I activity 8.(b)		reported in UK PRTR for 2024; operating status not asserted	BRITISH SUGAR PLC		source industry classification only; pollutant and waste quantities excluded	https://www.gov.uk/government/publications/download-industrial-emissions-and-waste-transfer-uk-prtr-data	official UK pollutant-register facility and activity classification	2026-09-28	Open Government Licence v3.0	Selected systematically from the 2024 UK PRTR CSV by NACE prefix in 10, 11, 17, 19, 20, 21, 22. This facility-level discovery record does not establish a process-reactor inventory, reactor design, capacity, or current operating state.
uk-prtr:EW_EA-5643	Majestic Polymers Limited EPR/WP3930LF	United Kingdom	53.487222	-1.259990	UK PRTR-published facility point; positional accuracy not independently verified	NACE 20.14 — Manufacture of other organic basic chemicals	NACE 20.14 — Manufacture of other organic basic chemicals | UK PRTR Annex I activity 4.(a)		reported in UK PRTR for 2024; operating status not asserted	PALEUS CHEMICALS & POLYMERS LIMITED		source industry classification only; pollutant and waste quantities excluded	https://www.gov.uk/government/publications/download-industrial-emissions-and-waste-transfer-uk-prtr-data	official UK pollutant-register facility and activity classification	2026-09-28	Open Government Licence v3.0	Selected systematically from the 2024 UK PRTR CSV by NACE prefix in 10, 11, 17, 19, 20, 21, 22. This facility-level discovery record does not establish a process-reactor inventory, reactor design, capacity, or current operating state.
uk-prtr:EW_EA-5693	Crude Oil terminals Ltd, Tetney Oil Terminal	United Kingdom	53.499820	0.001069	UK PRTR-published facility point; positional accuracy not independently verified	NACE 19.20 — Manufacture of refined petroleum products	NACE 19.20 — Manufacture of refined petroleum products | UK PRTR Annex I activity 1.(a)		reported in UK PRTR for 2024; operating status not asserted	PHILLIPS 66 LIMITED		source industry classification only; pollutant and waste quantities excluded	https://www.gov.uk/government/publications/download-industrial-emissions-and-waste-transfer-uk-prtr-data	official UK pollutant-register facility and activity classification	2026-09-28	Open Government Licence v3.0	Selected systematically from the 2024 UK PRTR CSV by NACE prefix in 10, 11, 17, 19, 20, 21, 22. This facility-level discovery record does not establish a process-reactor inventory, reactor design, capacity, or current operating state.
uk-prtr:EW_EA-5695	La Forey Road Fish Processing Plant EPR/ZP3436LV	United Kingdom	53.582251	-0.120426	UK PRTR-published facility point; positional accuracy not independently verified	NACE 10.20 — Processing and preserving of fish, crustaceans and molluscs	NACE 10.20 — Processing and preserving of fish, crustaceans and molluscs | UK PRTR Annex I activity 8.(b)		reported in UK PRTR for 2024; operating status not asserted	SEACHILL UK LIMITED		source industry classification only; pollutant and waste quantities excluded	https://www.gov.uk/government/publications/download-industrial-emissions-and-waste-transfer-uk-prtr-data	official UK pollutant-register facility and activity classification	2026-09-28	Open Government Licence v3.0	Selected systematically from the 2024 UK PRTR CSV by NACE prefix in 10, 11, 17, 19, 20, 21, 22. This facility-level discovery record does not establish a process-reactor inventory, reactor design, capacity, or current operating state.
uk-prtr:EW_EA-5699	Biodiesel West Riverside Immingham Dock	United Kingdom	53.631802	-0.191578	UK PRTR-published facility point; positional accuracy not independently verified	NACE 20.59 — Manufacture of other chemical products n.e.c.	NACE 20.59 — Manufacture of other chemical products n.e.c. | UK PRTR Annex I activity 4.(a)		reported in UK PRTR for 2024; operating status not asserted	GREENERGY BIOFUELS LIMITED		source industry classification only; pollutant and waste quantities excluded	https://www.gov.uk/government/publications/download-industrial-emissions-and-waste-transfer-uk-prtr-data	official UK pollutant-register facility and activity classification	2026-09-28	Open Government Licence v3.0	Selected systematically from the 2024 UK PRTR CSV by NACE prefix in 10, 11, 17, 19, 20, 21, 22. This facility-level discovery record does not establish a process-reactor inventory, reactor design, capacity, or current operating state.
uk-prtr:EW_EA-5703	Immingham Briquetting Works EPR/DP3134LK	United Kingdom	53.627061	-0.205088	UK PRTR-published facility point; positional accuracy not independently verified	NACE 20.59 — Manufacture of other chemical products n.e.c.	NACE 20.59 — Manufacture of other chemical products n.e.c. | UK PRTR Annex I activity 1.(f)		reported in UK PRTR for 2024; operating status not asserted	CPL PRODUCTS LIMITED		source industry classification only; pollutant and waste quantities excluded	https://www.gov.uk/government/publications/download-industrial-emissions-and-waste-transfer-uk-prtr-data	official UK pollutant-register facility and activity classification	2026-09-28	Open Government Licence v3.0	Selected systematically from the 2024 UK PRTR CSV by NACE prefix in 10, 11, 17, 19, 20, 21, 22. This facility-level discovery record does not establish a process-reactor inventory, reactor design, capacity, or current operating state.
uk-prtr:EW_EA-5738	Yetminster Site EPR/HP3530CL	United Kingdom	50.886164	-2.578258	UK PRTR-published facility point; positional accuracy not independently verified	NACE 10.11 — Processing and preserving of meat	NACE 10.11 — Processing and preserving of meat | UK PRTR Annex I activity 8.(a)		reported in UK PRTR for 2024; operating status not asserted	ANGLO BEEF PROCESSORS UK		source industry classification only; pollutant and waste quantities excluded	https://www.gov.uk/government/publications/download-industrial-emissions-and-waste-transfer-uk-prtr-data	official UK pollutant-register facility and activity classification	2026-09-28	Open Government Licence v3.0	Selected systematically from the 2024 UK PRTR CSV by NACE prefix in 10, 11, 17, 19, 20, 21, 22. This facility-level discovery record does not establish a process-reactor inventory, reactor design, capacity, or current operating state.
uk-prtr:EW_EA-5744	Kidderminster Rockets EPR/BK2437IM	United Kingdom	52.357424	-2.241056	UK PRTR-published facility point; positional accuracy not independently verified	NACE 20.51 — Manufacture of explosives	NACE 20.51 — Manufacture of explosives | UK PRTR Annex I activity 4.(f)		reported in UK PRTR for 2024; operating status not asserted	ROXEL (UK ROCKET MOTORS) LIMITED		source industry classification only; pollutant and waste quantities excluded	https://www.gov.uk/government/publications/download-industrial-emissions-and-waste-transfer-uk-prtr-data	official UK pollutant-register facility and activity classification	2026-09-28	Open Government Licence v3.0	Selected systematically from the 2024 UK PRTR CSV by NACE prefix in 10, 11, 17, 19, 20, 21, 22. This facility-level discovery record does not establish a process-reactor inventory, reactor design, capacity, or current operating state.
uk-prtr:EW_EA-5799	Devon Valley Ltd - EPR/TP3935MR	United Kingdom	50.812464	-3.430128	UK PRTR-published facility point; positional accuracy not independently verified	NACE 17.12 — Manufacture of paper and paperboard	NACE 17.12 — Manufacture of paper and paperboard | UK PRTR Annex I activity 6.(b)		reported in UK PRTR for 2024; operating status not asserted	DEVON VALLEY LIMITED		source industry classification only; pollutant and waste quantities excluded	https://www.gov.uk/government/publications/download-industrial-emissions-and-waste-transfer-uk-prtr-data	official UK pollutant-register facility and activity classification	2026-09-28	Open Government Licence v3.0	Selected systematically from the 2024 UK PRTR CSV by NACE prefix in 10, 11, 17, 19, 20, 21, 22. This facility-level discovery record does not establish a process-reactor inventory, reactor design, capacity, or current operating state.
uk-prtr:EW_EA-5878	Huddersfield Chemical Industry EPR/XP3533WY	United Kingdom	53.648046	-1.781516	UK PRTR-published facility point; positional accuracy not independently verified	NACE 20.59 — Manufacture of other chemical products n.e.c.	NACE 20.59 — Manufacture of other chemical products n.e.c. | UK PRTR Annex I activity 4.(b)		reported in UK PRTR for 2024; operating status not asserted	ARCH TIMBER PROTECTION LIMITED		source industry classification only; pollutant and waste quantities excluded	https://www.gov.uk/government/publications/download-industrial-emissions-and-waste-transfer-uk-prtr-data	official UK pollutant-register facility and activity classification	2026-09-28	Open Government Licence v3.0	Selected systematically from the 2024 UK PRTR CSV by NACE prefix in 10, 11, 17, 19, 20, 21, 22. This facility-level discovery record does not establish a process-reactor inventory, reactor design, capacity, or current operating state.
uk-prtr:EW_EA-592	Lostock Sodium Carbonate Manufacturing Site EPR/SP3430BF	United Kingdom	53.264560	-2.453925	UK PRTR-published facility point; positional accuracy not independently verified	NACE 20.13 — Manufacture of other inorganic basic chemicals	NACE 20.13 — Manufacture of other inorganic basic chemicals | UK PRTR Annex I activity 4.(b)		reported in UK PRTR for 2024; operating status not asserted	TATA CHEMICALS EUROPE LIMITED		source industry classification only; pollutant and waste quantities excluded	https://www.gov.uk/government/publications/download-industrial-emissions-and-waste-transfer-uk-prtr-data	official UK pollutant-register facility and activity classification	2026-09-28	Open Government Licence v3.0	Selected systematically from the 2024 UK PRTR CSV by NACE prefix in 10, 11, 17, 19, 20, 21, 22. This facility-level discovery record does not establish a process-reactor inventory, reactor design, capacity, or current operating state.
uk-prtr:EW_EA-595	Winnington Sodium Carbonate Manufacturing Site EPR/SP3630BE	United Kingdom	53.269001	-2.532240	UK PRTR-published facility point; positional accuracy not independently verified	NACE 20.13 — Manufacture of other inorganic basic chemicals	NACE 20.13 — Manufacture of other inorganic basic chemicals | UK PRTR Annex I activity 4.(b)		reported in UK PRTR for 2024; operating status not asserted	TATA CHEMICALS EUROPE LIMITED		source industry classification only; pollutant and waste quantities excluded	https://www.gov.uk/government/publications/download-industrial-emissions-and-waste-transfer-uk-prtr-data	official UK pollutant-register facility and activity classification	2026-09-28	Open Government Licence v3.0	Selected systematically from the 2024 UK PRTR CSV by NACE prefix in 10, 11, 17, 19, 20, 21, 22. This facility-level discovery record does not establish a process-reactor inventory, reactor design, capacity, or current operating state.
uk-prtr:EW_EA-5978	North Cave FAME Plant EPR/JP3931SG	United Kingdom	53.778050	-0.663805	UK PRTR-published facility point; positional accuracy not independently verified	NACE 10.41 — Manufacture of oils and fats	NACE 10.41 — Manufacture of oils and fats | UK PRTR Annex I activity 4.(a)		reported in UK PRTR for 2024; operating status not asserted	BROCKLESBY LIMITED		source industry classification only; pollutant and waste quantities excluded	https://www.gov.uk/government/publications/download-industrial-emissions-and-waste-transfer-uk-prtr-data	official UK pollutant-register facility and activity classification	2026-09-28	Open Government Licence v3.0	Selected systematically from the 2024 UK PRTR CSV by NACE prefix in 10, 11, 17, 19, 20, 21, 22. This facility-level discovery record does not establish a process-reactor inventory, reactor design, capacity, or current operating state.
uk-prtr:EW_EA-5985	Dansom Lane Fine Chemical Plant	United Kingdom	53.753715	-0.322553	UK PRTR-published facility point; positional accuracy not independently verified	NACE 21.20 — Manufacture of pharmaceutical preparations	NACE 21.20 — Manufacture of pharmaceutical preparations | UK PRTR Annex I activity 4.(e)		reported in UK PRTR for 2024; operating status not asserted	INDIVIOR UK LIMITED		source industry classification only; pollutant and waste quantities excluded	https://www.gov.uk/government/publications/download-industrial-emissions-and-waste-transfer-uk-prtr-data	official UK pollutant-register facility and activity classification	2026-09-28	Open Government Licence v3.0	Selected systematically from the 2024 UK PRTR CSV by NACE prefix in 10, 11, 17, 19, 20, 21, 22. This facility-level discovery record does not establish a process-reactor inventory, reactor design, capacity, or current operating state.
uk-prtr:EW_EA-5987	McIntyre Group Ltd - EPR/PP3536KG	United Kingdom	53.674037	-1.972413	UK PRTR-published facility point; positional accuracy not independently verified	NACE 20.41 — Manufacture of soap and detergents, cleaning and polishing preparations	NACE 20.41 — Manufacture of soap and detergents, cleaning and polishing preparations | UK PRTR Annex I activity 4.(a)		reported in UK PRTR for 2024; operating status not asserted	Verdant Specialty Solutions Halifax Limited		source industry classification only; pollutant and waste quantities excluded	https://www.gov.uk/government/publications/download-industrial-emissions-and-waste-transfer-uk-prtr-data	official UK pollutant-register facility and activity classification	2026-09-28	Open Government Licence v3.0	Selected systematically from the 2024 UK PRTR CSV by NACE prefix in 10, 11, 17, 19, 20, 21, 22. This facility-level discovery record does not establish a process-reactor inventory, reactor design, capacity, or current operating state.
uk-prtr:EW_EA-6004	Stowmarket Resins Plant EPR/BR9758IF	United Kingdom	52.175902	1.012534	UK PRTR-published facility point; positional accuracy not independently verified	NACE 20.30 — Manufacture of paints, varnishes and similar coatings, printing ink and mastics	NACE 20.30 — Manufacture of paints, varnishes and similar coatings, printing ink and mastics | UK PRTR Annex I activity 4.(a)		reported in UK PRTR for 2024; operating status not asserted	PPG INDUSTRIES (UK) LIMITED		source industry classification only; pollutant and waste quantities excluded	https://www.gov.uk/government/publications/download-industrial-emissions-and-waste-transfer-uk-prtr-data	official UK pollutant-register facility and activity classification	2026-09-28	Open Government Licence v3.0	Selected systematically from the 2024 UK PRTR CSV by NACE prefix in 10, 11, 17, 19, 20, 21, 22. This facility-level discovery record does not establish a process-reactor inventory, reactor design, capacity, or current operating state.
uk-prtr:EW_EA-6108	Bootle Oil Recovery	United Kingdom	53.451226	-3.003732	UK PRTR-published facility point; positional accuracy not independently verified	NACE 19.20 — Manufacture of refined petroleum products	NACE 19.20 — Manufacture of refined petroleum products | UK PRTR Annex I activity 5.(a)		reported in UK PRTR for 2024; operating status not asserted	OIL SALVAGE LIMITED		source industry classification only; pollutant and waste quantities excluded	https://www.gov.uk/government/publications/download-industrial-emissions-and-waste-transfer-uk-prtr-data	official UK pollutant-register facility and activity classification	2026-09-28	Open Government Licence v3.0	Selected systematically from the 2024 UK PRTR CSV by NACE prefix in 10, 11, 17, 19, 20, 21, 22. This facility-level discovery record does not establish a process-reactor inventory, reactor design, capacity, or current operating state.
uk-prtr:EW_EA-6111	Seqirus Vaccines EPR/BS5401IK	United Kingdom	53.348802	-2.846594	UK PRTR-published facility point; positional accuracy not independently verified	NACE 21.10 — Manufacture of basic pharmaceutical products	NACE 21.10 — Manufacture of basic pharmaceutical products | UK PRTR Annex I activity 4.(e)		reported in UK PRTR for 2024; operating status not asserted	SEQIRUS VACCINES LIMITED		source industry classification only; pollutant and waste quantities excluded	https://www.gov.uk/government/publications/download-industrial-emissions-and-waste-transfer-uk-prtr-data	official UK pollutant-register facility and activity classification	2026-09-28	Open Government Licence v3.0	Selected systematically from the 2024 UK PRTR CSV by NACE prefix in 10, 11, 17, 19, 20, 21, 22. This facility-level discovery record does not establish a process-reactor inventory, reactor design, capacity, or current operating state.
uk-prtr:EW_EA-6128	Lancaster Feed Mill - EPR/UP3630LL	United Kingdom	54.065477	-2.789141	UK PRTR-published facility point; positional accuracy not independently verified	NACE 10.91 — Manufacture of prepared feeds for farm animals	NACE 10.91 — Manufacture of prepared feeds for farm animals | UK PRTR Annex I activity 8.(b)		reported in UK PRTR for 2024; operating status not asserted	CARRS BILLINGTON AGRICULTURE (OPERATIONS) LIMITED		source industry classification only; pollutant and waste quantities excluded	https://www.gov.uk/government/publications/download-industrial-emissions-and-waste-transfer-uk-prtr-data	official UK pollutant-register facility and activity classification	2026-09-28	Open Government Licence v3.0	Selected systematically from the 2024 UK PRTR CSV by NACE prefix in 10, 11, 17, 19, 20, 21, 22. This facility-level discovery record does not establish a process-reactor inventory, reactor design, capacity, or current operating state.
uk-prtr:EW_EA-6284	Tower Brewery EPR/BN1429IC	United Kingdom	53.885620	-1.265601	UK PRTR-published facility point; positional accuracy not independently verified	NACE 11.05 — Manufacture of beer	NACE 11.05 — Manufacture of beer | UK PRTR Annex I activity 8.(b)		reported in UK PRTR for 2024; operating status not asserted	MOLSON COORS BREWING COMPANY (UK) LIMITED		source industry classification only; pollutant and waste quantities excluded	https://www.gov.uk/government/publications/download-industrial-emissions-and-waste-transfer-uk-prtr-data	official UK pollutant-register facility and activity classification	2026-09-28	Open Government Licence v3.0	Selected systematically from the 2024 UK PRTR CSV by NACE prefix in 10, 11, 17, 19, 20, 21, 22. This facility-level discovery record does not establish a process-reactor inventory, reactor design, capacity, or current operating state.
uk-prtr:EW_EA-6310	Irlam Works - EPR/BM0290IA	United Kingdom	53.428602	-2.430237	UK PRTR-published facility point; positional accuracy not independently verified	NACE 20.14 — Manufacture of other organic basic chemicals	NACE 20.14 — Manufacture of other organic basic chemicals | UK PRTR Annex I activity 4.(a)		reported in UK PRTR for 2024; operating status not asserted	LIBRA SPECIALITY CHEMICALS LIMITED		source industry classification only; pollutant and waste quantities excluded	https://www.gov.uk/government/publications/download-industrial-emissions-and-waste-transfer-uk-prtr-data	official UK pollutant-register facility and activity classification	2026-09-28	Open Government Licence v3.0	Selected systematically from the 2024 UK PRTR CSV by NACE prefix in 10, 11, 17, 19, 20, 21, 22. This facility-level discovery record does not establish a process-reactor inventory, reactor design, capacity, or current operating state.
uk-prtr:EW_EA-6318	Maidstone Diagnostics Intermediates Manufacturing	United Kingdom	51.293738	0.498226	UK PRTR-published facility point; positional accuracy not independently verified	NACE 20.59 — Manufacture of other chemical products n.e.c.	NACE 20.59 — Manufacture of other chemical products n.e.c. | UK PRTR Annex I activity 4.(a)		reported in UK PRTR for 2024; operating status not asserted	SEKISUI DIAGNOSTICS (UK) LIMITED		source industry classification only; pollutant and waste quantities excluded	https://www.gov.uk/government/publications/download-industrial-emissions-and-waste-transfer-uk-prtr-data	official UK pollutant-register facility and activity classification	2026-09-28	Open Government Licence v3.0	Selected systematically from the 2024 UK PRTR CSV by NACE prefix in 10, 11, 17, 19, 20, 21, 22. This facility-level discovery record does not establish a process-reactor inventory, reactor design, capacity, or current operating state.
uk-prtr:EW_EA-6364	Dudley Pharmaceutical Site - EPR/AP3234LG	United Kingdom	55.062323	-1.594779	UK PRTR-published facility point; positional accuracy not independently verified	NACE 21.10 — Manufacture of basic pharmaceutical products	NACE 21.10 — Manufacture of basic pharmaceutical products | UK PRTR Annex I activity 4.(e)		reported in UK PRTR for 2024; operating status not asserted	STERLING PHARMA SOLUTIONS LIMITED		source industry classification only; pollutant and waste quantities excluded	https://www.gov.uk/government/publications/download-industrial-emissions-and-waste-transfer-uk-prtr-data	official UK pollutant-register facility and activity classification	2026-09-28	Open Government Licence v3.0	Selected systematically from the 2024 UK PRTR CSV by NACE prefix in 10, 11, 17, 19, 20, 21, 22. This facility-level discovery record does not establish a process-reactor inventory, reactor design, capacity, or current operating state.
uk-prtr:EW_EA-6377	Morpeth Pharmaceuticals EPR/BT0499IX	United Kingdom	55.151804	-1.714385	UK PRTR-published facility point; positional accuracy not independently verified	NACE 21.20 — Manufacture of pharmaceutical preparations	NACE 21.20 — Manufacture of pharmaceutical preparations | UK PRTR Annex I activity 4.(e)		reported in UK PRTR for 2024; operating status not asserted	PIRAMAL HEALTHCARE UK LIMITED		source industry classification only; pollutant and waste quantities excluded	https://www.gov.uk/government/publications/download-industrial-emissions-and-waste-transfer-uk-prtr-data	official UK pollutant-register facility and activity classification	2026-09-28	Open Government Licence v3.0	Selected systematically from the 2024 UK PRTR CSV by NACE prefix in 10, 11, 17, 19, 20, 21, 22. This facility-level discovery record does not establish a process-reactor inventory, reactor design, capacity, or current operating state.
uk-prtr:EW_EA-6457	Weetabix Burton Latimar Site - EPR/BQ1034IB	United Kingdom	52.364501	-0.695693	UK PRTR-published facility point; positional accuracy not independently verified	NACE 10.61 — Manufacture of grain mill products	NACE 10.61 — Manufacture of grain mill products | UK PRTR Annex I activity 8.(b)		reported in UK PRTR for 2024; operating status not asserted	WEETABIX LIMITED		source industry classification only; pollutant and waste quantities excluded	https://www.gov.uk/government/publications/download-industrial-emissions-and-waste-transfer-uk-prtr-data	official UK pollutant-register facility and activity classification	2026-09-28	Open Government Licence v3.0	Selected systematically from the 2024 UK PRTR CSV by NACE prefix in 10, 11, 17, 19, 20, 21, 22. This facility-level discovery record does not establish a process-reactor inventory, reactor design, capacity, or current operating state.
uk-prtr:EW_EA-646	Seaforth Site EPR/BN4169IZ	United Kingdom	53.457015	-3.020736	UK PRTR-published facility point; positional accuracy not independently verified	NACE 10.41 — Manufacture of oils and fats	NACE 10.41 — Manufacture of oils and fats | UK PRTR Annex I activity 8.(b)		reported in UK PRTR for 2024; operating status not asserted	CARGILL PLC		source industry classification only; pollutant and waste quantities excluded	https://www.gov.uk/government/publications/download-industrial-emissions-and-waste-transfer-uk-prtr-data	official UK pollutant-register facility and activity classification	2026-09-28	Open Government Licence v3.0	Selected systematically from the 2024 UK PRTR CSV by NACE prefix in 10, 11, 17, 19, 20, 21, 22. This facility-level discovery record does not establish a process-reactor inventory, reactor design, capacity, or current operating state.
uk-prtr:EW_EA-6461	Scott Bader Chemical Plant EPR/UP3933LE	United Kingdom	52.258647	-0.668618	UK PRTR-published facility point; positional accuracy not independently verified	NACE 20.16 — Manufacture of plastics in primary forms	NACE 20.16 — Manufacture of plastics in primary forms | UK PRTR Annex I activity 4.(a)		reported in UK PRTR for 2024; operating status not asserted	SCOTT BADER UK LIMITED		source industry classification only; pollutant and waste quantities excluded	https://www.gov.uk/government/publications/download-industrial-emissions-and-waste-transfer-uk-prtr-data	official UK pollutant-register facility and activity classification	2026-09-28	Open Government Licence v3.0	Selected systematically from the 2024 UK PRTR CSV by NACE prefix in 10, 11, 17, 19, 20, 21, 22. This facility-level discovery record does not establish a process-reactor inventory, reactor design, capacity, or current operating state.
uk-prtr:EW_EA-6561	Birdseye Lowestoft - EPR/NP3333UU	United Kingdom	52.482762	1.759448	UK PRTR-published facility point; positional accuracy not independently verified	NACE 10.13 — Production of meat and poultry meat products	NACE 10.13 — Production of meat and poultry meat products | UK PRTR Annex I activity 8.(b)		reported in UK PRTR for 2024; operating status not asserted	BIRDS EYE LIMITED		source industry classification only; pollutant and waste quantities excluded	https://www.gov.uk/government/publications/download-industrial-emissions-and-waste-transfer-uk-prtr-data	official UK pollutant-register facility and activity classification	2026-09-28	Open Government Licence v3.0	Selected systematically from the 2024 UK PRTR CSV by NACE prefix in 10, 11, 17, 19, 20, 21, 22. This facility-level discovery record does not establish a process-reactor inventory, reactor design, capacity, or current operating state.
uk-prtr:EW_EA-6619	150 Pilot Plant EPR/MP3632FW	United Kingdom	51.624666	-1.289224	UK PRTR-published facility point; positional accuracy not independently verified	NACE 21.10 — Manufacture of basic pharmaceutical products	NACE 21.10 — Manufacture of basic pharmaceutical products | UK PRTR Annex I activity 4.(e)		reported in UK PRTR for 2024; operating status not asserted	APTUIT (OXFORD) LIMITED		source industry classification only; pollutant and waste quantities excluded	https://www.gov.uk/government/publications/download-industrial-emissions-and-waste-transfer-uk-prtr-data	official UK pollutant-register facility and activity classification	2026-09-28	Open Government Licence v3.0	Selected systematically from the 2024 UK PRTR CSV by NACE prefix in 10, 11, 17, 19, 20, 21, 22. This facility-level discovery record does not establish a process-reactor inventory, reactor design, capacity, or current operating state.
uk-prtr:EW_EA-6620	Aptuit 117 Abingdon EPR/MP3832FY	United Kingdom	51.624508	-1.292694	UK PRTR-published facility point; positional accuracy not independently verified	NACE 21.10 — Manufacture of basic pharmaceutical products	NACE 21.10 — Manufacture of basic pharmaceutical products | UK PRTR Annex I activity 4.(e)		reported in UK PRTR for 2024; operating status not asserted	APTUIT (OXFORD) LIMITED		source industry classification only; pollutant and waste quantities excluded	https://www.gov.uk/government/publications/download-industrial-emissions-and-waste-transfer-uk-prtr-data	official UK pollutant-register facility and activity classification	2026-09-28	Open Government Licence v3.0	Selected systematically from the 2024 UK PRTR CSV by NACE prefix in 10, 11, 17, 19, 20, 21, 22. This facility-level discovery record does not establish a process-reactor inventory, reactor design, capacity, or current operating state.
uk-prtr:EW_EA-6628	Nitration Plant Carterton - EPR/BP3134SZ	United Kingdom	51.752713	-1.594332	UK PRTR-published facility point; positional accuracy not independently verified	NACE 20.13 — Manufacture of other inorganic basic chemicals	NACE 20.13 — Manufacture of other inorganic basic chemicals | UK PRTR Annex I activity 4.(b)		reported in UK PRTR for 2024; operating status not asserted	OQEMA LIMITED		source industry classification only; pollutant and waste quantities excluded	https://www.gov.uk/government/publications/download-industrial-emissions-and-waste-transfer-uk-prtr-data	official UK pollutant-register facility and activity classification	2026-09-28	Open Government Licence v3.0	Selected systematically from the 2024 UK PRTR CSV by NACE prefix in 10, 11, 17, 19, 20, 21, 22. This facility-level discovery record does not establish a process-reactor inventory, reactor design, capacity, or current operating state.
uk-prtr:EW_EA-6667	Bridge Road Food Factory -	United Kingdom	52.778034	0.146760	UK PRTR-published facility point; positional accuracy not independently verified	NACE 10.39 — Other processing and preserving of fruit and vegetables	NACE 10.39 — Other processing and preserving of fruit and vegetables | UK PRTR Annex I activity 8.(b)		reported in UK PRTR for 2024; operating status not asserted	PRINCES LIMITED		source industry classification only; pollutant and waste quantities excluded	https://www.gov.uk/government/publications/download-industrial-emissions-and-waste-transfer-uk-prtr-data	official UK pollutant-register facility and activity classification	2026-09-28	Open Government Licence v3.0	Selected systematically from the 2024 UK PRTR CSV by NACE prefix in 10, 11, 17, 19, 20, 21, 22. This facility-level discovery record does not establish a process-reactor inventory, reactor design, capacity, or current operating state.
uk-prtr:EW_EA-6668	Food Factory Lynn Road Wisbech - EPR/JP3132AQ	United Kingdom	52.672302	0.171155	UK PRTR-published facility point; positional accuracy not independently verified	NACE 10.39 — Other processing and preserving of fruit and vegetables	NACE 10.39 — Other processing and preserving of fruit and vegetables | UK PRTR Annex I activity 8.(b)		reported in UK PRTR for 2024; operating status not asserted	PRINCES LIMITED		source industry classification only; pollutant and waste quantities excluded	https://www.gov.uk/government/publications/download-industrial-emissions-and-waste-transfer-uk-prtr-data	official UK pollutant-register facility and activity classification	2026-09-28	Open Government Licence v3.0	Selected systematically from the 2024 UK PRTR CSV by NACE prefix in 10, 11, 17, 19, 20, 21, 22. This facility-level discovery record does not establish a process-reactor inventory, reactor design, capacity, or current operating state.
uk-prtr:EW_EA-6730	Davidstow Creamery EPR/BN6137IK	United Kingdom	50.649079	-4.634937	UK PRTR-published facility point; positional accuracy not independently verified	NACE 10.51 — Operation of dairies and cheese making	NACE 10.51 — Operation of dairies and cheese making | UK PRTR Annex I activity 8.(c)		reported in UK PRTR for 2024; operating status not asserted	DAIRY CREST LIMITED		source industry classification only; pollutant and waste quantities excluded	https://www.gov.uk/government/publications/download-industrial-emissions-and-waste-transfer-uk-prtr-data	official UK pollutant-register facility and activity classification	2026-09-28	Open Government Licence v3.0	Selected systematically from the 2024 UK PRTR CSV by NACE prefix in 10, 11, 17, 19, 20, 21, 22. This facility-level discovery record does not establish a process-reactor inventory, reactor design, capacity, or current operating state.
uk-prtr:EW_EA-674	BASF plc. EPR/ZP3435WB	United Kingdom	53.751360	-1.756110	UK PRTR-published facility point; positional accuracy not independently verified	NACE 20.14 — Manufacture of other organic basic chemicals	NACE 20.14 — Manufacture of other organic basic chemicals | UK PRTR Annex I activity 4.(a)		reported in UK PRTR for 2024; operating status not asserted	BASF PUBLIC LIMITED COMPANY		source industry classification only; pollutant and waste quantities excluded	https://www.gov.uk/government/publications/download-industrial-emissions-and-waste-transfer-uk-prtr-data	official UK pollutant-register facility and activity classification	2026-09-28	Open Government Licence v3.0	Selected systematically from the 2024 UK PRTR CSV by NACE prefix in 10, 11, 17, 19, 20, 21, 22. This facility-level discovery record does not establish a process-reactor inventory, reactor design, capacity, or current operating state.
uk-prtr:EW_EA-676	Trafford Park Wheat Milling Plant - EPR/BM0117IJ	United Kingdom	53.476834	-2.328872	UK PRTR-published facility point; positional accuracy not independently verified	NACE 10.62 — Manufacture of starches and starch products	NACE 10.62 — Manufacture of starches and starch products | UK PRTR Annex I activity 8.(b)		reported in UK PRTR for 2024; operating status not asserted	CARGILL PLC		source industry classification only; pollutant and waste quantities excluded	https://www.gov.uk/government/publications/download-industrial-emissions-and-waste-transfer-uk-prtr-data	official UK pollutant-register facility and activity classification	2026-09-28	Open Government Licence v3.0	Selected systematically from the 2024 UK PRTR CSV by NACE prefix in 10, 11, 17, 19, 20, 21, 22. This facility-level discovery record does not establish a process-reactor inventory, reactor design, capacity, or current operating state.
uk-prtr:EW_EA-6775	Ab Inbev UK - Samlesbury Brewery	United Kingdom	53.762069	-2.615820	UK PRTR-published facility point; positional accuracy not independently verified	NACE 11.05 — Manufacture of beer	NACE 11.05 — Manufacture of beer | UK PRTR Annex I activity 8.(b)		reported in UK PRTR for 2024; operating status not asserted	AB INBEV UK LIMITED		source industry classification only; pollutant and waste quantities excluded	https://www.gov.uk/government/publications/download-industrial-emissions-and-waste-transfer-uk-prtr-data	official UK pollutant-register facility and activity classification	2026-09-28	Open Government Licence v3.0	Selected systematically from the 2024 UK PRTR CSV by NACE prefix in 10, 11, 17, 19, 20, 21, 22. This facility-level discovery record does not establish a process-reactor inventory, reactor design, capacity, or current operating state.
uk-prtr:EW_EA-6791	Gillette U.K. Ltd	United Kingdom	51.429082	-0.971638	UK PRTR-published facility point; positional accuracy not independently verified	NACE 20.41 — Manufacture of soap and detergents, cleaning and polishing preparations	NACE 20.41 — Manufacture of soap and detergents, cleaning and polishing preparations | UK PRTR Annex I activity 4.(a)		reported in UK PRTR for 2024; operating status not asserted	GILLETTE U.K. LIMITED		source industry classification only; pollutant and waste quantities excluded	https://www.gov.uk/government/publications/download-industrial-emissions-and-waste-transfer-uk-prtr-data	official UK pollutant-register facility and activity classification	2026-09-28	Open Government Licence v3.0	Selected systematically from the 2024 UK PRTR CSV by NACE prefix in 10, 11, 17, 19, 20, 21, 22. This facility-level discovery record does not establish a process-reactor inventory, reactor design, capacity, or current operating state.
uk-prtr:EW_EA-683	Earlstres Industrial Estate EPR/BU9050IF	United Kingdom	52.510438	-0.705670	UK PRTR-published facility point; positional accuracy not independently verified	NACE 20.52 — Manufacture of glues	NACE 20.52 — Manufacture of glues | UK PRTR Annex I activity 4.(a)		reported in UK PRTR for 2024; operating status not asserted	CHEMENCE LIMITED		source industry classification only; pollutant and waste quantities excluded	https://www.gov.uk/government/publications/download-industrial-emissions-and-waste-transfer-uk-prtr-data	official UK pollutant-register facility and activity classification	2026-09-28	Open Government Licence v3.0	Selected systematically from the 2024 UK PRTR CSV by NACE prefix in 10, 11, 17, 19, 20, 21, 22. This facility-level discovery record does not establish a process-reactor inventory, reactor design, capacity, or current operating state.
uk-prtr:EW_EA-686	Kommerling UK Ltd (Preston Site) - EPR/MP3634RT	United Kingdom	53.722357	-2.646913	UK PRTR-published facility point; positional accuracy not independently verified	NACE 20.30 — Manufacture of paints, varnishes and similar coatings, printing ink and mastics	NACE 20.30 — Manufacture of paints, varnishes and similar coatings, printing ink and mastics | UK PRTR Annex I activity 4.(a)		reported in UK PRTR for 2024; operating status not asserted	KOMMERLING UK LIMITED		source industry classification only; pollutant and waste quantities excluded	https://www.gov.uk/government/publications/download-industrial-emissions-and-waste-transfer-uk-prtr-data	official UK pollutant-register facility and activity classification	2026-09-28	Open Government Licence v3.0	Selected systematically from the 2024 UK PRTR CSV by NACE prefix in 10, 11, 17, 19, 20, 21, 22. This facility-level discovery record does not establish a process-reactor inventory, reactor design, capacity, or current operating state.
uk-prtr:EW_EA-6871	Premier Foods Worksop (Batchelors Factory)	United Kingdom	53.318689	-1.140263	UK PRTR-published facility point; positional accuracy not independently verified	NACE 10.85 — Manufacture of prepared meals and dishes	NACE 10.85 — Manufacture of prepared meals and dishes | UK PRTR Annex I activity 8.(b)		reported in UK PRTR for 2024; operating status not asserted	PREMIER FOODS GROUP LIMITED		source industry classification only; pollutant and waste quantities excluded	https://www.gov.uk/government/publications/download-industrial-emissions-and-waste-transfer-uk-prtr-data	official UK pollutant-register facility and activity classification	2026-09-28	Open Government Licence v3.0	Selected systematically from the 2024 UK PRTR CSV by NACE prefix in 10, 11, 17, 19, 20, 21, 22. This facility-level discovery record does not establish a process-reactor inventory, reactor design, capacity, or current operating state.
uk-prtr:EW_EA-702	Selby Speciality Chemicals EPR/VP3335KG	United Kingdom	53.777075	-1.063700	UK PRTR-published facility point; positional accuracy not independently verified	NACE 20.13 — Manufacture of other inorganic basic chemicals	NACE 20.13 — Manufacture of other inorganic basic chemicals | UK PRTR Annex I activity 4.(a)		reported in UK PRTR for 2024; operating status not asserted	INDUSTRIAL CHEMICALS LIMITED		source industry classification only; pollutant and waste quantities excluded	https://www.gov.uk/government/publications/download-industrial-emissions-and-waste-transfer-uk-prtr-data	official UK pollutant-register facility and activity classification	2026-09-28	Open Government Licence v3.0	Selected systematically from the 2024 UK PRTR CSV by NACE prefix in 10, 11, 17, 19, 20, 21, 22. This facility-level discovery record does not establish a process-reactor inventory, reactor design, capacity, or current operating state.
uk-prtr:EW_EA-7040	Cheddleton Site EPR/HP3508BE	United Kingdom	53.052381	-2.041731	UK PRTR-published facility point; positional accuracy not independently verified	NACE 10.13 — Production of meat and poultry meat products	NACE 10.13 — Production of meat and poultry meat products | UK PRTR Annex I activity 5.(e)		reported in UK PRTR for 2024; operating status not asserted	ADVANCED PROTEINS UNLTD		source industry classification only; pollutant and waste quantities excluded	https://www.gov.uk/government/publications/download-industrial-emissions-and-waste-transfer-uk-prtr-data	official UK pollutant-register facility and activity classification	2026-09-28	Open Government Licence v3.0	Selected systematically from the 2024 UK PRTR CSV by NACE prefix in 10, 11, 17, 19, 20, 21, 22. This facility-level discovery record does not establish a process-reactor inventory, reactor design, capacity, or current operating state.
uk-prtr:EW_EA-7053	Duke Street Pigment Manufacturer	United Kingdom	52.992503	-2.159514	UK PRTR-published facility point; positional accuracy not independently verified	NACE 20.59 — Manufacture of other chemical products n.e.c.	NACE 20.59 — Manufacture of other chemical products n.e.c. | UK PRTR Annex I activity 4.(b)		reported in UK PRTR for 2024; operating status not asserted	Vibrantz Minerals Limited		source industry classification only; pollutant and waste quantities excluded	https://www.gov.uk/government/publications/download-industrial-emissions-and-waste-transfer-uk-prtr-data	official UK pollutant-register facility and activity classification	2026-09-28	Open Government Licence v3.0	Selected systematically from the 2024 UK PRTR CSV by NACE prefix in 10, 11, 17, 19, 20, 21, 22. This facility-level discovery record does not establish a process-reactor inventory, reactor design, capacity, or current operating state.
uk-prtr:EW_EA-7082	Morton Mill EPR/PP3536SE	United Kingdom	52.809293	-3.045848	UK PRTR-published facility point; positional accuracy not independently verified	NACE 10.91 — Manufacture of prepared feeds for farm animals	NACE 10.91 — Manufacture of prepared feeds for farm animals | UK PRTR Annex I activity 8.(b)		reported in UK PRTR for 2024; operating status not asserted	LLOYD'S (ANIMAL) FEEDS LIMITED		source industry classification only; pollutant and waste quantities excluded	https://www.gov.uk/government/publications/download-industrial-emissions-and-waste-transfer-uk-prtr-data	official UK pollutant-register facility and activity classification	2026-09-28	Open Government Licence v3.0	Selected systematically from the 2024 UK PRTR CSV by NACE prefix in 10, 11, 17, 19, 20, 21, 22. This facility-level discovery record does not establish a process-reactor inventory, reactor design, capacity, or current operating state.
uk-prtr:EW_EA-71	Aesica Pharmaceuticals Manufacturing Cramlington - EPR/WP3938LL	United Kingdom	55.098555	-1.628575	UK PRTR-published facility point; positional accuracy not independently verified	NACE 21.10 — Manufacture of basic pharmaceutical products	NACE 21.10 — Manufacture of basic pharmaceutical products | UK PRTR Annex I activity 4.(e)		reported in UK PRTR for 2024; operating status not asserted	PHARMARON MANUFACTURING SERVICES (UK) LTD		source industry classification only; pollutant and waste quantities excluded	https://www.gov.uk/government/publications/download-industrial-emissions-and-waste-transfer-uk-prtr-data	official UK pollutant-register facility and activity classification	2026-09-28	Open Government Licence v3.0	Selected systematically from the 2024 UK PRTR CSV by NACE prefix in 10, 11, 17, 19, 20, 21, 22. This facility-level discovery record does not establish a process-reactor inventory, reactor design, capacity, or current operating state.
uk-prtr:EW_EA-7143	Swallowfield Chemical Plant - EPR/FP3300BW	United Kingdom	50.983623	-3.239350	UK PRTR-published facility point; positional accuracy not independently verified	NACE 20.41 — Manufacture of soap and detergents, cleaning and polishing preparations	NACE 20.41 — Manufacture of soap and detergents, cleaning and polishing preparations | UK PRTR Annex I activity 4.(a)		reported in UK PRTR for 2024; operating status not asserted	KDC/ONE SWALLOWFIELD LIMITED		source industry classification only; pollutant and waste quantities excluded	https://www.gov.uk/government/publications/download-industrial-emissions-and-waste-transfer-uk-prtr-data	official UK pollutant-register facility and activity classification	2026-09-28	Open Government Licence v3.0	Selected systematically from the 2024 UK PRTR CSV by NACE prefix in 10, 11, 17, 19, 20, 21, 22. This facility-level discovery record does not establish a process-reactor inventory, reactor design, capacity, or current operating state.
uk-prtr:EW_EA-7220	Teesside Cavity Storage EPR/HP3230LX	United Kingdom	54.612540	-1.210152	UK PRTR-published facility point; positional accuracy not independently verified	NACE 19.20 — Manufacture of refined petroleum products	NACE 19.20 — Manufacture of refined petroleum products | UK PRTR Annex I activity 1.(a)		reported in UK PRTR for 2024; operating status not asserted	SABIC UK PETROCHEMICALS LIMITED		source industry classification only; pollutant and waste quantities excluded	https://www.gov.uk/government/publications/download-industrial-emissions-and-waste-transfer-uk-prtr-data	official UK pollutant-register facility and activity classification	2026-09-28	Open Government Licence v3.0	Selected systematically from the 2024 UK PRTR CSV by NACE prefix in 10, 11, 17, 19, 20, 21, 22. This facility-level discovery record does not establish a process-reactor inventory, reactor design, capacity, or current operating state.
uk-prtr:EW_EA-7222	Seal Sands BDF Manufacturing EPR/NP3339MT	United Kingdom	54.614088	-1.172805	UK PRTR-published facility point; positional accuracy not independently verified	NACE 20.14 — Manufacture of other organic basic chemicals	NACE 20.14 — Manufacture of other organic basic chemicals | UK PRTR Annex I activity 4.(a)		reported in UK PRTR for 2024; operating status not asserted	VICTREX MANUFACTURING LIMITED		source industry classification only; pollutant and waste quantities excluded	https://www.gov.uk/government/publications/download-industrial-emissions-and-waste-transfer-uk-prtr-data	official UK pollutant-register facility and activity classification	2026-09-28	Open Government Licence v3.0	Selected systematically from the 2024 UK PRTR CSV by NACE prefix in 10, 11, 17, 19, 20, 21, 22. This facility-level discovery record does not establish a process-reactor inventory, reactor design, capacity, or current operating state.
uk-prtr:EW_EA-7223	Seal Sands Pharmaceuticals EPR/AP3834FZ	United Kingdom	54.610710	-1.178138	UK PRTR-published facility point; positional accuracy not independently verified	NACE 21.10 — Manufacture of basic pharmaceutical products	NACE 21.10 — Manufacture of basic pharmaceutical products | UK PRTR Annex I activity 4.(e)		reported in UK PRTR for 2024; operating status not asserted	KD PHARMA UK LIMITED		source industry classification only; pollutant and waste quantities excluded	https://www.gov.uk/government/publications/download-industrial-emissions-and-waste-transfer-uk-prtr-data	official UK pollutant-register facility and activity classification	2026-09-28	Open Government Licence v3.0	Selected systematically from the 2024 UK PRTR CSV by NACE prefix in 10, 11, 17, 19, 20, 21, 22. This facility-level discovery record does not establish a process-reactor inventory, reactor design, capacity, or current operating state.
uk-prtr:EW_EA-7293	Mobberley Works - EPR/BV3413IW	United Kingdom	53.319168	-2.330811	UK PRTR-published facility point; positional accuracy not independently verified	NACE 17.29 — Manufacture of other articles of paper and paperboard	NACE 17.29 — Manufacture of other articles of paper and paperboard | UK PRTR Annex I activity 4.(b)		reported in UK PRTR for 2024; operating status not asserted	HARMAN TECHNOLOGY LIMITED		source industry classification only; pollutant and waste quantities excluded	https://www.gov.uk/government/publications/download-industrial-emissions-and-waste-transfer-uk-prtr-data	official UK pollutant-register facility and activity classification	2026-09-28	Open Government Licence v3.0	Selected systematically from the 2024 UK PRTR CSV by NACE prefix in 10, 11, 17, 19, 20, 21, 22. This facility-level discovery record does not establish a process-reactor inventory, reactor design, capacity, or current operating state.
uk-prtr:EW_EA-7309	Widnes Clay Products EPR/ZP3137SR	United Kingdom	53.384809	-2.715153	UK PRTR-published facility point; positional accuracy not independently verified	NACE 20.13 — Manufacture of other inorganic basic chemicals	NACE 20.13 — Manufacture of other inorganic basic chemicals | UK PRTR Annex I activity 4.(b)		reported in UK PRTR for 2024; operating status not asserted	BYK ADDITIVES LIMITED		source industry classification only; pollutant and waste quantities excluded	https://www.gov.uk/government/publications/download-industrial-emissions-and-waste-transfer-uk-prtr-data	official UK pollutant-register facility and activity classification	2026-09-28	Open Government Licence v3.0	Selected systematically from the 2024 UK PRTR CSV by NACE prefix in 10, 11, 17, 19, 20, 21, 22. This facility-level discovery record does not establish a process-reactor inventory, reactor design, capacity, or current operating state.
uk-prtr:EW_EA-7343	Mirfield Pharmaceutical Plant EA/EPR/YP3231XZ/V004	United Kingdom	53.671180	-1.677561	UK PRTR-published facility point; positional accuracy not independently verified	NACE 21.20 — Manufacture of pharmaceutical preparations	NACE 21.20 — Manufacture of pharmaceutical preparations | UK PRTR Annex I activity 4.(e)		reported in UK PRTR for 2024; operating status not asserted	Dr Reddy's Laboratories (EU) Limited		source industry classification only; pollutant and waste quantities excluded	https://www.gov.uk/government/publications/download-industrial-emissions-and-waste-transfer-uk-prtr-data	official UK pollutant-register facility and activity classification	2026-09-28	Open Government Licence v3.0	Selected systematically from the 2024 UK PRTR CSV by NACE prefix in 10, 11, 17, 19, 20, 21, 22. This facility-level discovery record does not establish a process-reactor inventory, reactor design, capacity, or current operating state.
uk-prtr:EW_EA-743	Fawley Organic Chemical Plant - EPR/SP3038FQ	United Kingdom	50.852330	-1.381997	UK PRTR-published facility point; positional accuracy not independently verified	NACE 20.14 — Manufacture of other organic basic chemicals	NACE 20.14 — Manufacture of other organic basic chemicals | UK PRTR Annex I activity 4.(a)		reported in UK PRTR for 2024; operating status not asserted	GEO SPECIALTY CHEMICALS UK LIMITED		source industry classification only; pollutant and waste quantities excluded	https://www.gov.uk/government/publications/download-industrial-emissions-and-waste-transfer-uk-prtr-data	official UK pollutant-register facility and activity classification	2026-09-28	Open Government Licence v3.0	Selected systematically from the 2024 UK PRTR CSV by NACE prefix in 10, 11, 17, 19, 20, 21, 22. This facility-level discovery record does not establish a process-reactor inventory, reactor design, capacity, or current operating state.
uk-prtr:EW_EA-7458	York Confectionary EPR/BO9298IQ	United Kingdom	53.978155	-1.065450	UK PRTR-published facility point; positional accuracy not independently verified	NACE 10.82 — Manufacture of cocoa, chocolate and sugar confectionery	NACE 10.82 — Manufacture of cocoa, chocolate and sugar confectionery | UK PRTR Annex I activity 8.(b)		reported in UK PRTR for 2024; operating status not asserted	NESTLE UK LTD.		source industry classification only; pollutant and waste quantities excluded	https://www.gov.uk/government/publications/download-industrial-emissions-and-waste-transfer-uk-prtr-data	official UK pollutant-register facility and activity classification	2026-09-28	Open Government Licence v3.0	Selected systematically from the 2024 UK PRTR CSV by NACE prefix in 10, 11, 17, 19, 20, 21, 22. This facility-level discovery record does not establish a process-reactor inventory, reactor design, capacity, or current operating state.
uk-prtr:EW_EA-754	Humber Refinery EPR/UP3230LR	United Kingdom	53.631684	-0.244064	UK PRTR-published facility point; positional accuracy not independently verified	NACE 19.20 — Manufacture of refined petroleum products	NACE 19.20 — Manufacture of refined petroleum products | UK PRTR Annex I activity 1.(b)		reported in UK PRTR for 2024; operating status not asserted	PHILLIPS 66 LIMITED		source industry classification only; pollutant and waste quantities excluded	https://www.gov.uk/government/publications/download-industrial-emissions-and-waste-transfer-uk-prtr-data	official UK pollutant-register facility and activity classification	2026-09-28	Open Government Licence v3.0	Selected systematically from the 2024 UK PRTR CSV by NACE prefix in 10, 11, 17, 19, 20, 21, 22. This facility-level discovery record does not establish a process-reactor inventory, reactor design, capacity, or current operating state.
uk-prtr:EW_EA-761	Teesside Crude Oil Stabilisation Terminal - EPR/NP3033LN	United Kingdom	54.620021	-1.172994	UK PRTR-published facility point; positional accuracy not independently verified	NACE 19.20 — Manufacture of refined petroleum products	NACE 19.20 — Manufacture of refined petroleum products | UK PRTR Annex I activity 1.(a)		reported in UK PRTR for 2024; operating status not asserted	CONOCOPHILLIPS (U.K.) TEESIDE OPERATOR LIMITED		source industry classification only; pollutant and waste quantities excluded	https://www.gov.uk/government/publications/download-industrial-emissions-and-waste-transfer-uk-prtr-data	official UK pollutant-register facility and activity classification	2026-09-28	Open Government Licence v3.0	Selected systematically from the 2024 UK PRTR CSV by NACE prefix in 10, 11, 17, 19, 20, 21, 22. This facility-level discovery record does not establish a process-reactor inventory, reactor design, capacity, or current operating state.
uk-prtr:EW_EA-771	Park Cakes Ltd - EPR/LP3238UF	United Kingdom	53.523527	-2.109618	UK PRTR-published facility point; positional accuracy not independently verified	NACE 10.71 — Manufacture of bread; manufacture of fresh pastry goods and cakes	NACE 10.71 — Manufacture of bread; manufacture of fresh pastry goods and cakes | UK PRTR Annex I activity 8.(b)		reported in UK PRTR for 2024; operating status not asserted	PARK CAKES LIMITED		source industry classification only; pollutant and waste quantities excluded	https://www.gov.uk/government/publications/download-industrial-emissions-and-waste-transfer-uk-prtr-data	official UK pollutant-register facility and activity classification	2026-09-28	Open Government Licence v3.0	Selected systematically from the 2024 UK PRTR CSV by NACE prefix in 10, 11, 17, 19, 20, 21, 22. This facility-level discovery record does not establish a process-reactor inventory, reactor design, capacity, or current operating state.
uk-prtr:EW_EA-774	Burton Brewery EPR/BN1437IT	United Kingdom	52.806781	-1.635480	UK PRTR-published facility point; positional accuracy not independently verified	NACE 11.05 — Manufacture of beer	NACE 11.05 — Manufacture of beer | UK PRTR Annex I activity 8.(b)		reported in UK PRTR for 2024; operating status not asserted	MOLSON COORS BREWING COMPANY (UK) LIMITED		source industry classification only; pollutant and waste quantities excluded	https://www.gov.uk/government/publications/download-industrial-emissions-and-waste-transfer-uk-prtr-data	official UK pollutant-register facility and activity classification	2026-09-28	Open Government Licence v3.0	Selected systematically from the 2024 UK PRTR CSV by NACE prefix in 10, 11, 17, 19, 20, 21, 22. This facility-level discovery record does not establish a process-reactor inventory, reactor design, capacity, or current operating state.
uk-prtr:EW_EA-845	Oak Road EPR/WP3030CK	United Kingdom	53.770161	-0.341623	UK PRTR-published facility point; positional accuracy not independently verified	NACE 20.14 — Manufacture of other organic basic chemicals	NACE 20.14 — Manufacture of other organic basic chemicals | UK PRTR Annex I activity 4.(a)		reported in UK PRTR for 2024; operating status not asserted	CARGILL BIOINDUSTRIAL UK LIMITED		source industry classification only; pollutant and waste quantities excluded	https://www.gov.uk/government/publications/download-industrial-emissions-and-waste-transfer-uk-prtr-data	official UK pollutant-register facility and activity classification	2026-09-28	Open Government Licence v3.0	Selected systematically from the 2024 UK PRTR CSV by NACE prefix in 10, 11, 17, 19, 20, 21, 22. This facility-level discovery record does not establish a process-reactor inventory, reactor design, capacity, or current operating state.
uk-prtr:EW_EA-848	Croda Europe Ltd - Barnfield Road - EPR/BT8155ID	United Kingdom	53.097149	-2.031619	UK PRTR-published facility point; positional accuracy not independently verified	NACE 20.14 — Manufacture of other organic basic chemicals	NACE 20.14 — Manufacture of other organic basic chemicals | UK PRTR Annex I activity 4.(a)		reported in UK PRTR for 2024; operating status not asserted	CRODA EUROPE LIMITED		source industry classification only; pollutant and waste quantities excluded	https://www.gov.uk/government/publications/download-industrial-emissions-and-waste-transfer-uk-prtr-data	official UK pollutant-register facility and activity classification	2026-09-28	Open Government Licence v3.0	Selected systematically from the 2024 UK PRTR CSV by NACE prefix in 10, 11, 17, 19, 20, 21, 22. This facility-level discovery record does not establish a process-reactor inventory, reactor design, capacity, or current operating state.
uk-prtr:EW_EA-849	Rawcliffe Bridge Chemical Works - EPR/JP3037SB	United Kingdom	53.681666	-0.939999	UK PRTR-published facility point; positional accuracy not independently verified	NACE 20.14 — Manufacture of other organic basic chemicals	NACE 20.14 — Manufacture of other organic basic chemicals | UK PRTR Annex I activity 4.(a)		reported in UK PRTR for 2024; operating status not asserted	CRODA EUROPE LIMITED		source industry classification only; pollutant and waste quantities excluded	https://www.gov.uk/government/publications/download-industrial-emissions-and-waste-transfer-uk-prtr-data	official UK pollutant-register facility and activity classification	2026-09-28	Open Government Licence v3.0	Selected systematically from the 2024 UK PRTR CSV by NACE prefix in 10, 11, 17, 19, 20, 21, 22. This facility-level discovery record does not establish a process-reactor inventory, reactor design, capacity, or current operating state.
uk-prtr:EW_EA-85	Evonik Chemicals Limited - EPR/BL9623IK	United Kingdom	53.481730	-2.183347	UK PRTR-published facility point; positional accuracy not independently verified	NACE 20.30 — Manufacture of paints, varnishes and similar coatings, printing ink and mastics	NACE 20.30 — Manufacture of paints, varnishes and similar coatings, printing ink and mastics | UK PRTR Annex I activity 4.(a)		reported in UK PRTR for 2024; operating status not asserted	EVONIK CHEMICALS LIMITED		source industry classification only; pollutant and waste quantities excluded	https://www.gov.uk/government/publications/download-industrial-emissions-and-waste-transfer-uk-prtr-data	official UK pollutant-register facility and activity classification	2026-09-28	Open Government Licence v3.0	Selected systematically from the 2024 UK PRTR CSV by NACE prefix in 10, 11, 17, 19, 20, 21, 22. This facility-level discovery record does not establish a process-reactor inventory, reactor design, capacity, or current operating state.
uk-prtr:EW_EA-884	Alderley Park Energy Centre EPR/XP3139BM	United Kingdom	53.277156	-2.230908	UK PRTR-published facility point; positional accuracy not independently verified	NACE 21.20 — Manufacture of pharmaceutical preparations	NACE 21.20 — Manufacture of pharmaceutical preparations | UK PRTR Annex I activity 1.(c)		reported in UK PRTR for 2024; operating status not asserted	VEOLIA ENERGY & UTILITY SERVICES UK LIMITED		source industry classification only; pollutant and waste quantities excluded	https://www.gov.uk/government/publications/download-industrial-emissions-and-waste-transfer-uk-prtr-data	official UK pollutant-register facility and activity classification	2026-09-28	Open Government Licence v3.0	Selected systematically from the 2024 UK PRTR CSV by NACE prefix in 10, 11, 17, 19, 20, 21, 22. This facility-level discovery record does not establish a process-reactor inventory, reactor design, capacity, or current operating state.
uk-prtr:EW_EA-890	Huddersfield Manufacturing Centre - EPR/AP3733LE	United Kingdom	53.662915	-1.755258	UK PRTR-published facility point; positional accuracy not independently verified	NACE 20.59 — Manufacture of other chemical products n.e.c.	NACE 20.59 — Manufacture of other chemical products n.e.c. | UK PRTR Annex I activity 4.(a)		reported in UK PRTR for 2024; operating status not asserted	LUBRIZOL LIMITED		source industry classification only; pollutant and waste quantities excluded	https://www.gov.uk/government/publications/download-industrial-emissions-and-waste-transfer-uk-prtr-data	official UK pollutant-register facility and activity classification	2026-09-28	Open Government Licence v3.0	Selected systematically from the 2024 UK PRTR CSV by NACE prefix in 10, 11, 17, 19, 20, 21, 22. This facility-level discovery record does not establish a process-reactor inventory, reactor design, capacity, or current operating state.
uk-prtr:EW_EA-924	Haverhill Resins EPR/QP3931SN/V002	United Kingdom	52.072634	0.442546	UK PRTR-published facility point; positional accuracy not independently verified	NACE 20.16 — Manufacture of plastics in primary forms	NACE 20.16 — Manufacture of plastics in primary forms | UK PRTR Annex I activity 4.(a)		reported in UK PRTR for 2024; operating status not asserted	AOC Resins UK		source industry classification only; pollutant and waste quantities excluded	https://www.gov.uk/government/publications/download-industrial-emissions-and-waste-transfer-uk-prtr-data	official UK pollutant-register facility and activity classification	2026-09-28	Open Government Licence v3.0	Selected systematically from the 2024 UK PRTR CSV by NACE prefix in 10, 11, 17, 19, 20, 21, 22. This facility-level discovery record does not establish a process-reactor inventory, reactor design, capacity, or current operating state.
uk-prtr:EW_EA-965	Skellingthorpe Abattoir - EPR/FP3830BX	United Kingdom	53.243099	-0.592708	UK PRTR-published facility point; positional accuracy not independently verified	NACE 10.11 — Processing and preserving of meat	NACE 10.11 — Processing and preserving of meat | UK PRTR Annex I activity 8.(a)		reported in UK PRTR for 2024; operating status not asserted	DOVECOTE PARK LIMITED		source industry classification only; pollutant and waste quantities excluded	https://www.gov.uk/government/publications/download-industrial-emissions-and-waste-transfer-uk-prtr-data	official UK pollutant-register facility and activity classification	2026-09-28	Open Government Licence v3.0	Selected systematically from the 2024 UK PRTR CSV by NACE prefix in 10, 11, 17, 19, 20, 21, 22. This facility-level discovery record does not establish a process-reactor inventory, reactor design, capacity, or current operating state.
uk-prtr:EW_EA-99	Expoxidation EPR/BM0087IL	United Kingdom	53.481397	-2.336141	UK PRTR-published facility point; positional accuracy not independently verified	NACE 20.59 — Manufacture of other chemical products n.e.c.	NACE 20.59 — Manufacture of other chemical products n.e.c. | UK PRTR Annex I activity 4.(a)		reported in UK PRTR for 2024; operating status not asserted	VALTRIS SPECIALTY CHEMICALS LIMITED		source industry classification only; pollutant and waste quantities excluded	https://www.gov.uk/government/publications/download-industrial-emissions-and-waste-transfer-uk-prtr-data	official UK pollutant-register facility and activity classification	2026-09-28	Open Government Licence v3.0	Selected systematically from the 2024 UK PRTR CSV by NACE prefix in 10, 11, 17, 19, 20, 21, 22. This facility-level discovery record does not establish a process-reactor inventory, reactor design, capacity, or current operating state.
uk-prtr:EW_EA-992	Wilton Polyester Manufacturing - EPR/MP3533TG	United Kingdom	54.584933	-1.113192	UK PRTR-published facility point; positional accuracy not independently verified	NACE 20.16 — Manufacture of plastics in primary forms	NACE 20.16 — Manufacture of plastics in primary forms | UK PRTR Annex I activity 4.(a)		reported in UK PRTR for 2024; operating status not asserted	ALPEK POLYESTER UK LTD		source industry classification only; pollutant and waste quantities excluded	https://www.gov.uk/government/publications/download-industrial-emissions-and-waste-transfer-uk-prtr-data	official UK pollutant-register facility and activity classification	2026-09-28	Open Government Licence v3.0	Selected systematically from the 2024 UK PRTR CSV by NACE prefix in 10, 11, 17, 19, 20, 21, 22. This facility-level discovery record does not establish a process-reactor inventory, reactor design, capacity, or current operating state.
uk-prtr:P0061/04A	Huhtamaki (Lurgan) Ltd.	United Kingdom	54.460100	-6.284200	UK PRTR-published facility point; positional accuracy not independently verified	NACE 17.21 — Manufacture of corrugated paper and paperboard and of containers of paper and paperboard	NACE 17.21 — Manufacture of corrugated paper and paperboard and of containers of paper and paperboard | UK PRTR Annex I activity 6.(b)		reported in UK PRTR for 2024; operating status not asserted	Huhtamaki (Lurgan) Ltd.		source industry classification only; pollutant and waste quantities excluded	https://www.gov.uk/government/publications/download-industrial-emissions-and-waste-transfer-uk-prtr-data	official UK pollutant-register facility and activity classification	2026-09-28	Open Government Licence v3.0	Selected systematically from the 2024 UK PRTR CSV by NACE prefix in 10, 11, 17, 19, 20, 21, 22. This facility-level discovery record does not establish a process-reactor inventory, reactor design, capacity, or current operating state.
uk-prtr:P0063/04A	Diageo Baileys Global Supply - Belfast	United Kingdom	54.670000	-5.971100	UK PRTR-published facility point; positional accuracy not independently verified	NACE 11.04 — Manufacture of other non-distilled fermented beverages	NACE 11.04 — Manufacture of other non-distilled fermented beverages | UK PRTR Annex I activity 8.(b).(ii)		reported in UK PRTR for 2024; operating status not asserted	Diageo Baileys Global Supply - Belfast		source industry classification only; pollutant and waste quantities excluded	https://www.gov.uk/government/publications/download-industrial-emissions-and-waste-transfer-uk-prtr-data	official UK pollutant-register facility and activity classification	2026-09-28	Open Government Licence v3.0	Selected systematically from the 2024 UK PRTR CSV by NACE prefix in 10, 11, 17, 19, 20, 21, 22. This facility-level discovery record does not establish a process-reactor inventory, reactor design, capacity, or current operating state.
uk-prtr:P0066/05A	Linergy Ltd - Ulster Farm By-Products	United Kingdom	54.588600	-6.244100	UK PRTR-published facility point; positional accuracy not independently verified	NACE 10.41 — Manufacture of oils and fats	NACE 10.41 — Manufacture of oils and fats | UK PRTR Annex I activity 5.(e)		reported in UK PRTR for 2024; operating status not asserted	Linergy Ltd		source industry classification only; pollutant and waste quantities excluded	https://www.gov.uk/government/publications/download-industrial-emissions-and-waste-transfer-uk-prtr-data	official UK pollutant-register facility and activity classification	2026-09-28	Open Government Licence v3.0	Selected systematically from the 2024 UK PRTR CSV by NACE prefix in 10, 11, 17, 19, 20, 21, 22. This facility-level discovery record does not establish a process-reactor inventory, reactor design, capacity, or current operating state.
uk-prtr:P0067/05A	Karro Food Ltd	United Kingdom	54.642800	-6.729200	UK PRTR-published facility point; positional accuracy not independently verified	NACE 10.13 — Production of meat and poultry meat products	NACE 10.13 — Production of meat and poultry meat products | UK PRTR Annex I activity 8.(a)		reported in UK PRTR for 2024; operating status not asserted	Karro Food Ltd		source industry classification only; pollutant and waste quantities excluded	https://www.gov.uk/government/publications/download-industrial-emissions-and-waste-transfer-uk-prtr-data	official UK pollutant-register facility and activity classification	2026-09-28	Open Government Licence v3.0	Selected systematically from the 2024 UK PRTR CSV by NACE prefix in 10, 11, 17, 19, 20, 21, 22. This facility-level discovery record does not establish a process-reactor inventory, reactor design, capacity, or current operating state.
uk-prtr:P0068/05A	Foyle Omagh	United Kingdom	54.577200	-7.278600	UK PRTR-published facility point; positional accuracy not independently verified	NACE 10.11 — Processing and preserving of meat	NACE 10.11 — Processing and preserving of meat | UK PRTR Annex I activity 8.(a)		reported in UK PRTR for 2024; operating status not asserted	Foyle Omagh		source industry classification only; pollutant and waste quantities excluded	https://www.gov.uk/government/publications/download-industrial-emissions-and-waste-transfer-uk-prtr-data	official UK pollutant-register facility and activity classification	2026-09-28	Open Government Licence v3.0	Selected systematically from the 2024 UK PRTR CSV by NACE prefix in 10, 11, 17, 19, 20, 21, 22. This facility-level discovery record does not establish a process-reactor inventory, reactor design, capacity, or current operating state.
uk-prtr:P0069/05A	WD Meats	United Kingdom	55.129900	-6.649100	UK PRTR-published facility point; positional accuracy not independently verified	NACE 10.11 — Processing and preserving of meat	NACE 10.11 — Processing and preserving of meat | UK PRTR Annex I activity 8.(a)		reported in UK PRTR for 2024; operating status not asserted	WD Meats		source industry classification only; pollutant and waste quantities excluded	https://www.gov.uk/government/publications/download-industrial-emissions-and-waste-transfer-uk-prtr-data	official UK pollutant-register facility and activity classification	2026-09-28	Open Government Licence v3.0	Selected systematically from the 2024 UK PRTR CSV by NACE prefix in 10, 11, 17, 19, 20, 21, 22. This facility-level discovery record does not establish a process-reactor inventory, reactor design, capacity, or current operating state.
uk-prtr:P0071/05A	Moy Park Ltd - Ballymena	United Kingdom	54.855000	-6.256400	UK PRTR-published facility point; positional accuracy not independently verified	NACE 10.12 — Processing and preserving of poultry meat	NACE 10.12 — Processing and preserving of poultry meat | UK PRTR Annex I activity 8.(a)		reported in UK PRTR for 2024; operating status not asserted	Moy Park Ltd		source industry classification only; pollutant and waste quantities excluded	https://www.gov.uk/government/publications/download-industrial-emissions-and-waste-transfer-uk-prtr-data	official UK pollutant-register facility and activity classification	2026-09-28	Open Government Licence v3.0	Selected systematically from the 2024 UK PRTR CSV by NACE prefix in 10, 11, 17, 19, 20, 21, 22. This facility-level discovery record does not establish a process-reactor inventory, reactor design, capacity, or current operating state.
uk-prtr:P0072/05A	Dunbia Dungannon	United Kingdom	54.488600	-6.806100	UK PRTR-published facility point; positional accuracy not independently verified	NACE 10.11 — Processing and preserving of meat	NACE 10.11 — Processing and preserving of meat | UK PRTR Annex I activity 8.(a)		reported in UK PRTR for 2024; operating status not asserted	Dungannon Meats		source industry classification only; pollutant and waste quantities excluded	https://www.gov.uk/government/publications/download-industrial-emissions-and-waste-transfer-uk-prtr-data	official UK pollutant-register facility and activity classification	2026-09-28	Open Government Licence v3.0	Selected systematically from the 2024 UK PRTR CSV by NACE prefix in 10, 11, 17, 19, 20, 21, 22. This facility-level discovery record does not establish a process-reactor inventory, reactor design, capacity, or current operating state.
uk-prtr:P0074/05A	Cranswick Country Foods (Ballymena)	United Kingdom	54.882200	-6.346700	UK PRTR-published facility point; positional accuracy not independently verified	NACE 10.11 — Processing and preserving of meat	NACE 10.11 — Processing and preserving of meat | UK PRTR Annex I activity 8.(a)		reported in UK PRTR for 2024; operating status not asserted	Cranswick Country Foods		source industry classification only; pollutant and waste quantities excluded	https://www.gov.uk/government/publications/download-industrial-emissions-and-waste-transfer-uk-prtr-data	official UK pollutant-register facility and activity classification	2026-09-28	Open Government Licence v3.0	Selected systematically from the 2024 UK PRTR CSV by NACE prefix in 10, 11, 17, 19, 20, 21, 22. This facility-level discovery record does not establish a process-reactor inventory, reactor design, capacity, or current operating state.
uk-prtr:P0075/05A	Foyle Meats/Proteins	United Kingdom	55.037500	-7.261100	UK PRTR-published facility point; positional accuracy not independently verified	NACE 10.11 — Processing and preserving of meat	NACE 10.11 — Processing and preserving of meat | UK PRTR Annex I activity 8.(a)		reported in UK PRTR for 2024; operating status not asserted	Foyle Meats/Proteins		source industry classification only; pollutant and waste quantities excluded	https://www.gov.uk/government/publications/download-industrial-emissions-and-waste-transfer-uk-prtr-data	official UK pollutant-register facility and activity classification	2026-09-28	Open Government Licence v3.0	Selected systematically from the 2024 UK PRTR CSV by NACE prefix in 10, 11, 17, 19, 20, 21, 22. This facility-level discovery record does not establish a process-reactor inventory, reactor design, capacity, or current operating state.
uk-prtr:P0078/05A	ABP Lurgan	United Kingdom	54.483300	-6.342100	UK PRTR-published facility point; positional accuracy not independently verified	NACE 10.13 — Production of meat and poultry meat products	NACE 10.13 — Production of meat and poultry meat products | UK PRTR Annex I activity 8.(a)		reported in UK PRTR for 2024; operating status not asserted	Anglo Beef Processors		source industry classification only; pollutant and waste quantities excluded	https://www.gov.uk/government/publications/download-industrial-emissions-and-waste-transfer-uk-prtr-data	official UK pollutant-register facility and activity classification	2026-09-28	Open Government Licence v3.0	Selected systematically from the 2024 UK PRTR CSV by NACE prefix in 10, 11, 17, 19, 20, 21, 22. This facility-level discovery record does not establish a process-reactor inventory, reactor design, capacity, or current operating state.
uk-prtr:P0079/05A	ABP Newry	United Kingdom	54.278300	-6.561700	UK PRTR-published facility point; positional accuracy not independently verified	NACE 10.13 — Production of meat and poultry meat products	NACE 10.13 — Production of meat and poultry meat products | UK PRTR Annex I activity 8.(a)		reported in UK PRTR for 2024; operating status not asserted	Anglo Beef Processors		source industry classification only; pollutant and waste quantities excluded	https://www.gov.uk/government/publications/download-industrial-emissions-and-waste-transfer-uk-prtr-data	official UK pollutant-register facility and activity classification	2026-09-28	Open Government Licence v3.0	Selected systematically from the 2024 UK PRTR CSV by NACE prefix in 10, 11, 17, 19, 20, 21, 22. This facility-level discovery record does not establish a process-reactor inventory, reactor design, capacity, or current operating state.
uk-prtr:P0080/05A	Moy Park Ltd - Dungannon	United Kingdom	54.495000	-6.738900	UK PRTR-published facility point; positional accuracy not independently verified	NACE 10.12 — Processing and preserving of poultry meat	NACE 10.12 — Processing and preserving of poultry meat | UK PRTR Annex I activity 8.(a)		reported in UK PRTR for 2024; operating status not asserted	Moy Park Ltd		source industry classification only; pollutant and waste quantities excluded	https://www.gov.uk/government/publications/download-industrial-emissions-and-waste-transfer-uk-prtr-data	official UK pollutant-register facility and activity classification	2026-09-28	Open Government Licence v3.0	Selected systematically from the 2024 UK PRTR CSV by NACE prefix in 10, 11, 17, 19, 20, 21, 22. This facility-level discovery record does not establish a process-reactor inventory, reactor design, capacity, or current operating state.
uk-prtr:P0086/05A	Linergy Ltd	United Kingdom	54.493600	-6.810600	UK PRTR-published facility point; positional accuracy not independently verified	NACE 10.41 — Manufacture of oils and fats	NACE 10.41 — Manufacture of oils and fats | UK PRTR Annex I activity 5.(e)		reported in UK PRTR for 2024; operating status not asserted	Linergy Ltd		source industry classification only; pollutant and waste quantities excluded	https://www.gov.uk/government/publications/download-industrial-emissions-and-waste-transfer-uk-prtr-data	official UK pollutant-register facility and activity classification	2026-09-28	Open Government Licence v3.0	Selected systematically from the 2024 UK PRTR CSV by NACE prefix in 10, 11, 17, 19, 20, 21, 22. This facility-level discovery record does not establish a process-reactor inventory, reactor design, capacity, or current operating state.
uk-prtr:P0089/05A	Dairy Produce Packers Ltd	United Kingdom	55.139700	-6.666900	UK PRTR-published facility point; positional accuracy not independently verified	NACE 10.51 — Operation of dairies and cheese making	NACE 10.51 — Operation of dairies and cheese making | UK PRTR Annex I activity 8.(c)		reported in UK PRTR for 2024; operating status not asserted	Dairy Produce Packers Ltd		source industry classification only; pollutant and waste quantities excluded	https://www.gov.uk/government/publications/download-industrial-emissions-and-waste-transfer-uk-prtr-data	official UK pollutant-register facility and activity classification	2026-09-28	Open Government Licence v3.0	Selected systematically from the 2024 UK PRTR CSV by NACE prefix in 10, 11, 17, 19, 20, 21, 22. This facility-level discovery record does not establish a process-reactor inventory, reactor design, capacity, or current operating state.
uk-prtr:P0091/05A	Glanbia Cheese Ltd	United Kingdom	54.463600	-6.249000	UK PRTR-published facility point; positional accuracy not independently verified	NACE 10.51 — Operation of dairies and cheese making	NACE 10.51 — Operation of dairies and cheese making | UK PRTR Annex I activity 8.(c)		reported in UK PRTR for 2024; operating status not asserted	Glanbia Cheese Ltd		source industry classification only; pollutant and waste quantities excluded	https://www.gov.uk/government/publications/download-industrial-emissions-and-waste-transfer-uk-prtr-data	official UK pollutant-register facility and activity classification	2026-09-28	Open Government Licence v3.0	Selected systematically from the 2024 UK PRTR CSV by NACE prefix in 10, 11, 17, 19, 20, 21, 22. This facility-level discovery record does not establish a process-reactor inventory, reactor design, capacity, or current operating state.
uk-prtr:P0092/05A	Dale Farm Ltd (Dromore)	United Kingdom	54.901300	-6.360500	UK PRTR-published facility point; positional accuracy not independently verified	NACE 10.51 — Operation of dairies and cheese making	NACE 10.51 — Operation of dairies and cheese making | UK PRTR Annex I activity 8.(c)		reported in UK PRTR for 2024; operating status not asserted	Dale Farm Ltd (Dromore)		source industry classification only; pollutant and waste quantities excluded	https://www.gov.uk/government/publications/download-industrial-emissions-and-waste-transfer-uk-prtr-data	official UK pollutant-register facility and activity classification	2026-09-28	Open Government Licence v3.0	Selected systematically from the 2024 UK PRTR CSV by NACE prefix in 10, 11, 17, 19, 20, 21, 22. This facility-level discovery record does not establish a process-reactor inventory, reactor design, capacity, or current operating state.
uk-prtr:P0093/05A	Dale Farm Ltd (Pennybridge)	United Kingdom	54.852200	-6.251100	UK PRTR-published facility point; positional accuracy not independently verified	NACE 10.51 — Operation of dairies and cheese making	NACE 10.51 — Operation of dairies and cheese making | UK PRTR Annex I activity 8.(c)		reported in UK PRTR for 2024; operating status not asserted	Dale Farm Ltd (Pennybridge)		source industry classification only; pollutant and waste quantities excluded	https://www.gov.uk/government/publications/download-industrial-emissions-and-waste-transfer-uk-prtr-data	official UK pollutant-register facility and activity classification	2026-09-28	Open Government Licence v3.0	Selected systematically from the 2024 UK PRTR CSV by NACE prefix in 10, 11, 17, 19, 20, 21, 22. This facility-level discovery record does not establish a process-reactor inventory, reactor design, capacity, or current operating state.
uk-prtr:P0094/05A	Dale Farm Ltd (Dunmanbridge)	United Kingdom	54.663600	-6.717500	UK PRTR-published facility point; positional accuracy not independently verified	NACE 10.51 — Operation of dairies and cheese making	NACE 10.51 — Operation of dairies and cheese making | UK PRTR Annex I activity 8.(c)		reported in UK PRTR for 2024; operating status not asserted	Dale Farm Ltd (Dunmanbridge)		source industry classification only; pollutant and waste quantities excluded	https://www.gov.uk/government/publications/download-industrial-emissions-and-waste-transfer-uk-prtr-data	official UK pollutant-register facility and activity classification	2026-09-28	Open Government Licence v3.0	Selected systematically from the 2024 UK PRTR CSV by NACE prefix in 10, 11, 17, 19, 20, 21, 22. This facility-level discovery record does not establish a process-reactor inventory, reactor design, capacity, or current operating state.
uk-prtr:P0095/05A	LacPatrick Dairies (NI) Ltd	United Kingdom	54.855800	-7.402200	UK PRTR-published facility point; positional accuracy not independently verified	NACE 10.51 — Operation of dairies and cheese making	NACE 10.51 — Operation of dairies and cheese making | UK PRTR Annex I activity 8.(c)		reported in UK PRTR for 2024; operating status not asserted	LacPatrick Dairies (NI) Ltd		source industry classification only; pollutant and waste quantities excluded	https://www.gov.uk/government/publications/download-industrial-emissions-and-waste-transfer-uk-prtr-data	official UK pollutant-register facility and activity classification	2026-09-28	Open Government Licence v3.0	Selected systematically from the 2024 UK PRTR CSV by NACE prefix in 10, 11, 17, 19, 20, 21, 22. This facility-level discovery record does not establish a process-reactor inventory, reactor design, capacity, or current operating state.
uk-prtr:P0098/05A	Diageo Global Supply IBC Group	United Kingdom	54.580300	-5.883100	UK PRTR-published facility point; positional accuracy not independently verified	NACE 11.04 — Manufacture of other non-distilled fermented beverages	NACE 11.04 — Manufacture of other non-distilled fermented beverages | UK PRTR Annex I activity 8.(b).(ii)		reported in UK PRTR for 2024; operating status not asserted	Diageo Global Supply IBC Group		source industry classification only; pollutant and waste quantities excluded	https://www.gov.uk/government/publications/download-industrial-emissions-and-waste-transfer-uk-prtr-data	official UK pollutant-register facility and activity classification	2026-09-28	Open Government Licence v3.0	Selected systematically from the 2024 UK PRTR CSV by NACE prefix in 10, 11, 17, 19, 20, 21, 22. This facility-level discovery record does not establish a process-reactor inventory, reactor design, capacity, or current operating state.
uk-prtr:P0100/05A	John Thompson and Sons Ltd	United Kingdom	54.615300	-5.921700	UK PRTR-published facility point; positional accuracy not independently verified	NACE 10.91 — Manufacture of prepared feeds for farm animals	NACE 10.91 — Manufacture of prepared feeds for farm animals | UK PRTR Annex I activity 8.(b).(ii)		reported in UK PRTR for 2024; operating status not asserted	John Thompson and Sons Ltd		source industry classification only; pollutant and waste quantities excluded	https://www.gov.uk/government/publications/download-industrial-emissions-and-waste-transfer-uk-prtr-data	official UK pollutant-register facility and activity classification	2026-09-28	Open Government Licence v3.0	Selected systematically from the 2024 UK PRTR CSV by NACE prefix in 10, 11, 17, 19, 20, 21, 22. This facility-level discovery record does not establish a process-reactor inventory, reactor design, capacity, or current operating state.
uk-prtr:P0102/05A	United Feeds Limited	United Kingdom	54.615400	-5.921600	UK PRTR-published facility point; positional accuracy not independently verified	NACE 10.91 — Manufacture of prepared feeds for farm animals	NACE 10.91 — Manufacture of prepared feeds for farm animals | UK PRTR Annex I activity 8.(b).(ii)		reported in UK PRTR for 2024; operating status not asserted	United Feeds Limited		source industry classification only; pollutant and waste quantities excluded	https://www.gov.uk/government/publications/download-industrial-emissions-and-waste-transfer-uk-prtr-data	official UK pollutant-register facility and activity classification	2026-09-28	Open Government Licence v3.0	Selected systematically from the 2024 UK PRTR CSV by NACE prefix in 10, 11, 17, 19, 20, 21, 22. This facility-level discovery record does not establish a process-reactor inventory, reactor design, capacity, or current operating state.
uk-prtr:P0103/05A	Moy Park Ltd - Craigavon	United Kingdom	54.444200	-6.427800	UK PRTR-published facility point; positional accuracy not independently verified	NACE 10.12 — Processing and preserving of poultry meat	NACE 10.12 — Processing and preserving of poultry meat | UK PRTR Annex I activity 8.(b).(i)		reported in UK PRTR for 2024; operating status not asserted	Moy Park Ltd		source industry classification only; pollutant and waste quantities excluded	https://www.gov.uk/government/publications/download-industrial-emissions-and-waste-transfer-uk-prtr-data	official UK pollutant-register facility and activity classification	2026-09-28	Open Government Licence v3.0	Selected systematically from the 2024 UK PRTR CSV by NACE prefix in 10, 11, 17, 19, 20, 21, 22. This facility-level discovery record does not establish a process-reactor inventory, reactor design, capacity, or current operating state.
uk-prtr:P0118/06A	3M (UK) PLC	United Kingdom	54.644200	-5.663900	UK PRTR-published facility point; positional accuracy not independently verified	NACE 20.52 — Manufacture of glues	NACE 20.52 — Manufacture of glues | UK PRTR Annex I activity 9.(c)		reported in UK PRTR for 2024; operating status not asserted	3M (UK) PLC		source industry classification only; pollutant and waste quantities excluded	https://www.gov.uk/government/publications/download-industrial-emissions-and-waste-transfer-uk-prtr-data	official UK pollutant-register facility and activity classification	2026-09-28	Open Government Licence v3.0	Selected systematically from the 2024 UK PRTR CSV by NACE prefix in 10, 11, 17, 19, 20, 21, 22. This facility-level discovery record does not establish a process-reactor inventory, reactor design, capacity, or current operating state.
uk-prtr:P0119/06A	Almac Sciences	United Kingdom	54.443600	-6.424700	UK PRTR-published facility point; positional accuracy not independently verified	NACE 21.20 — Manufacture of pharmaceutical preparations	NACE 21.20 — Manufacture of pharmaceutical preparations | UK PRTR Annex I activity 4.(e)		reported in UK PRTR for 2024; operating status not asserted	Almac Sciences Ltd		source industry classification only; pollutant and waste quantities excluded	https://www.gov.uk/government/publications/download-industrial-emissions-and-waste-transfer-uk-prtr-data	official UK pollutant-register facility and activity classification	2026-09-28	Open Government Licence v3.0	Selected systematically from the 2024 UK PRTR CSV by NACE prefix in 10, 11, 17, 19, 20, 21, 22. This facility-level discovery record does not establish a process-reactor inventory, reactor design, capacity, or current operating state.
uk-prtr:P0124/06A	Tennants Textile Colours Limited	United Kingdom	54.593600	-5.913900	UK PRTR-published facility point; positional accuracy not independently verified	NACE 20.12 — Manufacture of dyes and pigments	NACE 20.12 — Manufacture of dyes and pigments | UK PRTR Annex I activity 4.(a).(x)		reported in UK PRTR for 2024; operating status not asserted	Tennants Textile Colours Limited		source industry classification only; pollutant and waste quantities excluded	https://www.gov.uk/government/publications/download-industrial-emissions-and-waste-transfer-uk-prtr-data	official UK pollutant-register facility and activity classification	2026-09-28	Open Government Licence v3.0	Selected systematically from the 2024 UK PRTR CSV by NACE prefix in 10, 11, 17, 19, 20, 21, 22. This facility-level discovery record does not establish a process-reactor inventory, reactor design, capacity, or current operating state.
uk-prtr:P0129/06A	The Lycra Company UK Ltd	United Kingdom	55.032500	-7.239400	UK PRTR-published facility point; positional accuracy not independently verified	NACE 20.60 — Manufacture of man-made fibres	NACE 20.60 — Manufacture of man-made fibres | UK PRTR Annex I activity 4.(a).(v)		reported in UK PRTR for 2024; operating status not asserted	The Lycra Company UK Ltd		source industry classification only; pollutant and waste quantities excluded	https://www.gov.uk/government/publications/download-industrial-emissions-and-waste-transfer-uk-prtr-data	official UK pollutant-register facility and activity classification	2026-09-28	Open Government Licence v3.0	Selected systematically from the 2024 UK PRTR CSV by NACE prefix in 10, 11, 17, 19, 20, 21, 22. This facility-level discovery record does not establish a process-reactor inventory, reactor design, capacity, or current operating state.
uk-prtr:P0132/06A	Norbrook Laboratories Ltd	United Kingdom	54.187800	-6.363300	UK PRTR-published facility point; positional accuracy not independently verified	NACE 21.20 — Manufacture of pharmaceutical preparations	NACE 21.20 — Manufacture of pharmaceutical preparations | UK PRTR Annex I activity 4.(e)		reported in UK PRTR for 2024; operating status not asserted	Norbrook Laboratories Ltd		source industry classification only; pollutant and waste quantities excluded	https://www.gov.uk/government/publications/download-industrial-emissions-and-waste-transfer-uk-prtr-data	official UK pollutant-register facility and activity classification	2026-09-28	Open Government Licence v3.0	Selected systematically from the 2024 UK PRTR CSV by NACE prefix in 10, 11, 17, 19, 20, 21, 22. This facility-level discovery record does not establish a process-reactor inventory, reactor design, capacity, or current operating state.
uk-prtr:P0133/06A	Norbrook Laboratories Ltd	United Kingdom	54.187000	-6.362400	UK PRTR-published facility point; positional accuracy not independently verified	NACE 21.20 — Manufacture of pharmaceutical preparations	NACE 21.20 — Manufacture of pharmaceutical preparations | UK PRTR Annex I activity 4.(e)		reported in UK PRTR for 2024; operating status not asserted	Norbrook Laboratories Ltd		source industry classification only; pollutant and waste quantities excluded	https://www.gov.uk/government/publications/download-industrial-emissions-and-waste-transfer-uk-prtr-data	official UK pollutant-register facility and activity classification	2026-09-28	Open Government Licence v3.0	Selected systematically from the 2024 UK PRTR CSV by NACE prefix in 10, 11, 17, 19, 20, 21, 22. This facility-level discovery record does not establish a process-reactor inventory, reactor design, capacity, or current operating state.
uk-prtr:P0287/08A	Coca Cola HBC Northern Ireland	United Kingdom	54.504900	-6.100800	UK PRTR-published facility point; positional accuracy not independently verified	NACE 11.07 — Manufacture of soft drinks; production of mineral waters and other bottled waters	NACE 11.07 — Manufacture of soft drinks; production of mineral waters and other bottled waters | UK PRTR Annex I activity 8.(b).(ii)		reported in UK PRTR for 2024; operating status not asserted	Coca Cola HBC Northern Ireland		source industry classification only; pollutant and waste quantities excluded	https://www.gov.uk/government/publications/download-industrial-emissions-and-waste-transfer-uk-prtr-data	official UK pollutant-register facility and activity classification	2026-09-28	Open Government Licence v3.0	Selected systematically from the 2024 UK PRTR CSV by NACE prefix in 10, 11, 17, 19, 20, 21, 22. This facility-level discovery record does not establish a process-reactor inventory, reactor design, capacity, or current operating state.
uk-prtr:P0372/11A	Pritchitts	United Kingdom	54.596400	-5.721200	UK PRTR-published facility point; positional accuracy not independently verified	NACE 10.51 — Operation of dairies and cheese making	NACE 10.51 — Operation of dairies and cheese making | UK PRTR Annex I activity 8.(c)		reported in UK PRTR for 2024; operating status not asserted	Pritchitts		source industry classification only; pollutant and waste quantities excluded	https://www.gov.uk/government/publications/download-industrial-emissions-and-waste-transfer-uk-prtr-data	official UK pollutant-register facility and activity classification	2026-09-28	Open Government Licence v3.0	Selected systematically from the 2024 UK PRTR CSV by NACE prefix in 10, 11, 17, 19, 20, 21, 22. This facility-level discovery record does not establish a process-reactor inventory, reactor design, capacity, or current operating state.
uk-prtr:Scotland-10	Valneva Scotland Ltd, Oakbank Park Rd	United Kingdom	55.874910	-3.487480	UK PRTR-published facility point; positional accuracy not independently verified	NACE 21.10 — Manufacture of basic pharmaceutical products	NACE 21.10 — Manufacture of basic pharmaceutical products | UK PRTR Annex I activity 4.(e)		reported in UK PRTR for 2024; operating status not asserted	Valneva Scotland Limited		source industry classification only; pollutant and waste quantities excluded	https://www.gov.uk/government/publications/download-industrial-emissions-and-waste-transfer-uk-prtr-data	official UK pollutant-register facility and activity classification	2026-09-28	Open Government Licence v3.0	Selected systematically from the 2024 UK PRTR CSV by NACE prefix in 10, 11, 17, 19, 20, 21, 22. This facility-level discovery record does not establish a process-reactor inventory, reactor design, capacity, or current operating state.
uk-prtr:Scotland-1249	Scot Beef, Inverurie	United Kingdom	57.288640	-2.387130	UK PRTR-published facility point; positional accuracy not independently verified	NACE 10.11 — Processing and preserving of meat	NACE 10.11 — Processing and preserving of meat | UK PRTR Annex I activity 8.(a)		reported in UK PRTR for 2024; operating status not asserted	Scotbeef Inverurie Limited		source industry classification only; pollutant and waste quantities excluded	https://www.gov.uk/government/publications/download-industrial-emissions-and-waste-transfer-uk-prtr-data	official UK pollutant-register facility and activity classification	2026-09-28	Open Government Licence v3.0	Selected systematically from the 2024 UK PRTR CSV by NACE prefix in 10, 11, 17, 19, 20, 21, 22. This facility-level discovery record does not establish a process-reactor inventory, reactor design, capacity, or current operating state.
uk-prtr:Scotland-1252	Fish Feed Mill, Inverbreakie Ind Est, Invergordon	United Kingdom	57.698570	-4.168300	UK PRTR-published facility point; positional accuracy not independently verified	NACE 10.91 — Manufacture of prepared feeds for farm animals	NACE 10.91 — Manufacture of prepared feeds for farm animals		reported in UK PRTR for 2024; operating status not asserted	Northeast Nutrition Scotland Limited		source industry classification only; pollutant and waste quantities excluded	https://www.gov.uk/government/publications/download-industrial-emissions-and-waste-transfer-uk-prtr-data	official UK pollutant-register facility and activity classification	2026-09-28	Open Government Licence v3.0	Selected systematically from the 2024 UK PRTR CSV by NACE prefix in 10, 11, 17, 19, 20, 21, 22. This facility-level discovery record does not establish a process-reactor inventory, reactor design, capacity, or current operating state.
uk-prtr:Scotland-1255	Turriff Abattoir, Markethill	United Kingdom	57.543500	-2.458390	UK PRTR-published facility point; positional accuracy not independently verified	NACE 10.11 — Processing and preserving of meat	NACE 10.11 — Processing and preserving of meat | UK PRTR Annex I activity 8.(a)		reported in UK PRTR for 2024; operating status not asserted	Neerock Limited		source industry classification only; pollutant and waste quantities excluded	https://www.gov.uk/government/publications/download-industrial-emissions-and-waste-transfer-uk-prtr-data	official UK pollutant-register facility and activity classification	2026-09-28	Open Government Licence v3.0	Selected systematically from the 2024 UK PRTR CSV by NACE prefix in 10, 11, 17, 19, 20, 21, 22. This facility-level discovery record does not establish a process-reactor inventory, reactor design, capacity, or current operating state.
uk-prtr:Scotland-1258	Denholm Seafoods Ltd, East Quay, Aberdeen	United Kingdom	57.501680	-1.773370	UK PRTR-published facility point; positional accuracy not independently verified	NACE 10.20 — Processing and preserving of fish, crustaceans and molluscs	NACE 10.20 — Processing and preserving of fish, crustaceans and molluscs | UK PRTR Annex I activity 8.(b).(i)		reported in UK PRTR for 2024; operating status not asserted	Denholm Seafoods Limited		source industry classification only; pollutant and waste quantities excluded	https://www.gov.uk/government/publications/download-industrial-emissions-and-waste-transfer-uk-prtr-data	official UK pollutant-register facility and activity classification	2026-09-28	Open Government Licence v3.0	Selected systematically from the 2024 UK PRTR CSV by NACE prefix in 10, 11, 17, 19, 20, 21, 22. This facility-level discovery record does not establish a process-reactor inventory, reactor design, capacity, or current operating state.
uk-prtr:Scotland-1261	NorthBay Pelagic Ltd, Kirk Square, Peterhead	United Kingdom	57.504400	-1.785310	UK PRTR-published facility point; positional accuracy not independently verified	NACE 10.20 — Processing and preserving of fish, crustaceans and molluscs	NACE 10.20 — Processing and preserving of fish, crustaceans and molluscs | UK PRTR Annex I activity 8.(b).(i)		reported in UK PRTR for 2024; operating status not asserted	NorthBay Pelagic Limited		source industry classification only; pollutant and waste quantities excluded	https://www.gov.uk/government/publications/download-industrial-emissions-and-waste-transfer-uk-prtr-data	official UK pollutant-register facility and activity classification	2026-09-28	Open Government Licence v3.0	Selected systematically from the 2024 UK PRTR CSV by NACE prefix in 10, 11, 17, 19, 20, 21, 22. This facility-level discovery record does not establish a process-reactor inventory, reactor design, capacity, or current operating state.
uk-prtr:Scotland-1267	Heathfield Abattoir, Old Farm Rd, Ayr	United Kingdom	55.476760	-4.599700	UK PRTR-published facility point; positional accuracy not independently verified	NACE 10.11 — Processing and preserving of meat	NACE 10.11 — Processing and preserving of meat | UK PRTR Annex I activity 8.(a)		reported in UK PRTR for 2024; operating status not asserted	A K Stoddart Limited		source industry classification only; pollutant and waste quantities excluded	https://www.gov.uk/government/publications/download-industrial-emissions-and-waste-transfer-uk-prtr-data	official UK pollutant-register facility and activity classification	2026-09-28	Open Government Licence v3.0	Selected systematically from the 2024 UK PRTR CSV by NACE prefix in 10, 11, 17, 19, 20, 21, 22. This facility-level discovery record does not establish a process-reactor inventory, reactor design, capacity, or current operating state.
uk-prtr:Scotland-1269	Highland Meats, Blakely Rd, Saltcoats	United Kingdom	55.633610	-4.772120	UK PRTR-published facility point; positional accuracy not independently verified	NACE 10.13 — Production of meat and poultry meat products	NACE 10.13 — Production of meat and poultry meat products | UK PRTR Annex I activity 8.(a)		reported in UK PRTR for 2024; operating status not asserted	Dunbia UK		source industry classification only; pollutant and waste quantities excluded	https://www.gov.uk/government/publications/download-industrial-emissions-and-waste-transfer-uk-prtr-data	official UK pollutant-register facility and activity classification	2026-09-28	Open Government Licence v3.0	Selected systematically from the 2024 UK PRTR CSV by NACE prefix in 10, 11, 17, 19, 20, 21, 22. This facility-level discovery record does not establish a process-reactor inventory, reactor design, capacity, or current operating state.
uk-prtr:Scotland-1270	Arla Foods Ltd, Lockerbie	United Kingdom	55.119820	-3.407990	UK PRTR-published facility point; positional accuracy not independently verified	NACE 10.51 — Operation of dairies and cheese making	NACE 10.51 — Operation of dairies and cheese making | UK PRTR Annex I activity 8.(c)		reported in UK PRTR for 2024; operating status not asserted	Arla Foods Limited		source industry classification only; pollutant and waste quantities excluded	https://www.gov.uk/government/publications/download-industrial-emissions-and-waste-transfer-uk-prtr-data	official UK pollutant-register facility and activity classification	2026-09-28	Open Government Licence v3.0	Selected systematically from the 2024 UK PRTR CSV by NACE prefix in 10, 11, 17, 19, 20, 21, 22. This facility-level discovery record does not establish a process-reactor inventory, reactor design, capacity, or current operating state.
uk-prtr:Scotland-1275	Wellpark Brewery, Dennistoun, Glasgow	United Kingdom	55.859890	-4.231270	UK PRTR-published facility point; positional accuracy not independently verified	NACE 11.05 — Manufacture of beer	NACE 11.05 — Manufacture of beer | UK PRTR Annex I activity 8.(b).(ii)		reported in UK PRTR for 2024; operating status not asserted	Tennent Caledonian Breweries UK Limited		source industry classification only; pollutant and waste quantities excluded	https://www.gov.uk/government/publications/download-industrial-emissions-and-waste-transfer-uk-prtr-data	official UK pollutant-register facility and activity classification	2026-09-28	Open Government Licence v3.0	Selected systematically from the 2024 UK PRTR CSV by NACE prefix in 10, 11, 17, 19, 20, 21, 22. This facility-level discovery record does not establish a process-reactor inventory, reactor design, capacity, or current operating state.
uk-prtr:Scotland-1279	QPP Ltd, Brechin Abattoir,Montrose Road	United Kingdom	56.725990	-2.633230	UK PRTR-published facility point; positional accuracy not independently verified	NACE 10.11 — Processing and preserving of meat	NACE 10.11 — Processing and preserving of meat | UK PRTR Annex I activity 8.(a)		reported in UK PRTR for 2024; operating status not asserted	Quality Pork Processors Limited		source industry classification only; pollutant and waste quantities excluded	https://www.gov.uk/government/publications/download-industrial-emissions-and-waste-transfer-uk-prtr-data	official UK pollutant-register facility and activity classification	2026-09-28	Open Government Licence v3.0	Selected systematically from the 2024 UK PRTR CSV by NACE prefix in 10, 11, 17, 19, 20, 21, 22. This facility-level discovery record does not establish a process-reactor inventory, reactor design, capacity, or current operating state.
uk-prtr:Scotland-1281	North British Dist, Wheatfield Rd, Edinburgh	United Kingdom	55.940240	-3.235900	UK PRTR-published facility point; positional accuracy not independently verified	NACE 11.01 — Distilling, rectifying and blending of spirits	NACE 11.01 — Distilling, rectifying and blending of spirits | UK PRTR Annex I activity 8.(b).(ii)		reported in UK PRTR for 2024; operating status not asserted	The North British Distillery Company Limited		source industry classification only; pollutant and waste quantities excluded	https://www.gov.uk/government/publications/download-industrial-emissions-and-waste-transfer-uk-prtr-data	official UK pollutant-register facility and activity classification	2026-09-28	Open Government Licence v3.0	Selected systematically from the 2024 UK PRTR CSV by NACE prefix in 10, 11, 17, 19, 20, 21, 22. This facility-level discovery record does not establish a process-reactor inventory, reactor design, capacity, or current operating state.
uk-prtr:Scotland-1288	Longleys Meat Plant, Bridge of allan	United Kingdom	56.152960	-3.961430	UK PRTR-published facility point; positional accuracy not independently verified	NACE 10.11 — Processing and preserving of meat	NACE 10.11 — Processing and preserving of meat | UK PRTR Annex I activity 8.(a)		reported in UK PRTR for 2024; operating status not asserted	Anglo Beef Processors UK		source industry classification only; pollutant and waste quantities excluded	https://www.gov.uk/government/publications/download-industrial-emissions-and-waste-transfer-uk-prtr-data	official UK pollutant-register facility and activity classification	2026-09-28	Open Government Licence v3.0	Selected systematically from the 2024 UK PRTR CSV by NACE prefix in 10, 11, 17, 19, 20, 21, 22. This facility-level discovery record does not establish a process-reactor inventory, reactor design, capacity, or current operating state.
uk-prtr:Scotland-1329	ABP UK, Ruthvenfield Rd, Inveralmond, Perth	United Kingdom	56.420020	-3.476020	UK PRTR-published facility point; positional accuracy not independently verified	NACE 10.11 — Processing and preserving of meat	NACE 10.11 — Processing and preserving of meat		reported in UK PRTR for 2024; operating status not asserted	Anglo Beef Processors UK		source industry classification only; pollutant and waste quantities excluded	https://www.gov.uk/government/publications/download-industrial-emissions-and-waste-transfer-uk-prtr-data	official UK pollutant-register facility and activity classification	2026-09-28	Open Government Licence v3.0	Selected systematically from the 2024 UK PRTR CSV by NACE prefix in 10, 11, 17, 19, 20, 21, 22. This facility-level discovery record does not establish a process-reactor inventory, reactor design, capacity, or current operating state.
uk-prtr:Scotland-14	Cameronbridge Distillery, Windygates, Leven	United Kingdom	56.188910	-3.055140	UK PRTR-published facility point; positional accuracy not independently verified	NACE 11.01 — Distilling, rectifying and blending of spirits	NACE 11.01 — Distilling, rectifying and blending of spirits		reported in UK PRTR for 2024; operating status not asserted	The Lochnagar Distillery Limited		source industry classification only; pollutant and waste quantities excluded	https://www.gov.uk/government/publications/download-industrial-emissions-and-waste-transfer-uk-prtr-data	official UK pollutant-register facility and activity classification	2026-09-28	Open Government Licence v3.0	Selected systematically from the 2024 UK PRTR CSV by NACE prefix in 10, 11, 17, 19, 20, 21, 22. This facility-level discovery record does not establish a process-reactor inventory, reactor design, capacity, or current operating state.
uk-prtr:Scotland-1436	Life Technologies, Inchinnan	United Kingdom	55.881230	-4.444160	UK PRTR-published facility point; positional accuracy not independently verified	NACE 21.10 — Manufacture of basic pharmaceutical products	NACE 21.10 — Manufacture of basic pharmaceutical products | UK PRTR Annex I activity 4.(a).(i)		reported in UK PRTR for 2024; operating status not asserted	Life Technologies Limited		source industry classification only; pollutant and waste quantities excluded	https://www.gov.uk/government/publications/download-industrial-emissions-and-waste-transfer-uk-prtr-data	official UK pollutant-register facility and activity classification	2026-09-28	Open Government Licence v3.0	Selected systematically from the 2024 UK PRTR CSV by NACE prefix in 10, 11, 17, 19, 20, 21, 22. This facility-level discovery record does not establish a process-reactor inventory, reactor design, capacity, or current operating state.
uk-prtr:Scotland-1439	2 SistersFood GroupLimited, Coupar Angus	United Kingdom	56.543580	-3.272860	UK PRTR-published facility point; positional accuracy not independently verified	NACE 10.12 — Processing and preserving of poultry meat	NACE 10.12 — Processing and preserving of poultry meat		reported in UK PRTR for 2024; operating status not asserted	2 Sisters Food Group Limited		source industry classification only; pollutant and waste quantities excluded	https://www.gov.uk/government/publications/download-industrial-emissions-and-waste-transfer-uk-prtr-data	official UK pollutant-register facility and activity classification	2026-09-28	Open Government Licence v3.0	Selected systematically from the 2024 UK PRTR CSV by NACE prefix in 10, 11, 17, 19, 20, 21, 22. This facility-level discovery record does not establish a process-reactor inventory, reactor design, capacity, or current operating state.
uk-prtr:Scotland-156	Nigg Oil Terminal, Tain	United Kingdom	57.706260	-4.027710	UK PRTR-published facility point; positional accuracy not independently verified	NACE 19.20 — Manufacture of refined petroleum products	NACE 19.20 — Manufacture of refined petroleum products		reported in UK PRTR for 2024; operating status not asserted	Repsol Resources UK Limited		source industry classification only; pollutant and waste quantities excluded	https://www.gov.uk/government/publications/download-industrial-emissions-and-waste-transfer-uk-prtr-data	official UK pollutant-register facility and activity classification	2026-09-28	Open Government Licence v3.0	Selected systematically from the 2024 UK PRTR CSV by NACE prefix in 10, 11, 17, 19, 20, 21, 22. This facility-level discovery record does not establish a process-reactor inventory, reactor design, capacity, or current operating state.
uk-prtr:Scotland-1576	Coca Cola, 52 Milton Rd, East Kilbride	United Kingdom	55.767750	-4.215910	UK PRTR-published facility point; positional accuracy not independently verified	NACE 11.07 — Manufacture of soft drinks; production of mineral waters and other bottled waters	NACE 11.07 — Manufacture of soft drinks; production of mineral waters and other bottled waters | UK PRTR Annex I activity 8.(b).(ii)		reported in UK PRTR for 2024; operating status not asserted	Coca-Cola Europacific Partners Great Britain Limited		source industry classification only; pollutant and waste quantities excluded	https://www.gov.uk/government/publications/download-industrial-emissions-and-waste-transfer-uk-prtr-data	official UK pollutant-register facility and activity classification	2026-09-28	Open Government Licence v3.0	Selected systematically from the 2024 UK PRTR CSV by NACE prefix in 10, 11, 17, 19, 20, 21, 22. This facility-level discovery record does not establish a process-reactor inventory, reactor design, capacity, or current operating state.
uk-prtr:Scotland-1577	A G Barr, Mollins Rd, Westfield, Cumbernauld	United Kingdom	55.928970	-4.058270	UK PRTR-published facility point; positional accuracy not independently verified	NACE 11.07 — Manufacture of soft drinks; production of mineral waters and other bottled waters	NACE 11.07 — Manufacture of soft drinks; production of mineral waters and other bottled waters | UK PRTR Annex I activity 8.(b).(ii)		reported in UK PRTR for 2024; operating status not asserted	A G Barr Plc		source industry classification only; pollutant and waste quantities excluded	https://www.gov.uk/government/publications/download-industrial-emissions-and-waste-transfer-uk-prtr-data	official UK pollutant-register facility and activity classification	2026-09-28	Open Government Licence v3.0	Selected systematically from the 2024 UK PRTR CSV by NACE prefix in 10, 11, 17, 19, 20, 21, 22. This facility-level discovery record does not establish a process-reactor inventory, reactor design, capacity, or current operating state.
uk-prtr:Scotland-1609	Gremista Harvest Station, Lerwick, Shetland	United Kingdom	60.173720	-1.157530	UK PRTR-published facility point; positional accuracy not independently verified	NACE 10.20 — Processing and preserving of fish, crustaceans and molluscs	NACE 10.20 — Processing and preserving of fish, crustaceans and molluscs | UK PRTR Annex I activity 8.(a)		reported in UK PRTR for 2024; operating status not asserted	SSF Shetland Limited		source industry classification only; pollutant and waste quantities excluded	https://www.gov.uk/government/publications/download-industrial-emissions-and-waste-transfer-uk-prtr-data	official UK pollutant-register facility and activity classification	2026-09-28	Open Government Licence v3.0	Selected systematically from the 2024 UK PRTR CSV by NACE prefix in 10, 11, 17, 19, 20, 21, 22. This facility-level discovery record does not establish a process-reactor inventory, reactor design, capacity, or current operating state.
uk-prtr:Scotland-1628	Cairndow Processing Plant, Ardkinglas	United Kingdom	56.254610	-4.944360	UK PRTR-published facility point; positional accuracy not independently verified	NACE 10.20 — Processing and preserving of fish, crustaceans and molluscs	NACE 10.20 — Processing and preserving of fish, crustaceans and molluscs | UK PRTR Annex I activity 8.(b).(i)		reported in UK PRTR for 2024; operating status not asserted	Bakkafrost Scotland Limited		source industry classification only; pollutant and waste quantities excluded	https://www.gov.uk/government/publications/download-industrial-emissions-and-waste-transfer-uk-prtr-data	official UK pollutant-register facility and activity classification	2026-09-28	Open Government Licence v3.0	Selected systematically from the 2024 UK PRTR CSV by NACE prefix in 10, 11, 17, 19, 20, 21, 22. This facility-level discovery record does not establish a process-reactor inventory, reactor design, capacity, or current operating state.
uk-prtr:Scotland-163	Pelagia Shetland, Point of Scattland, Lerwick	United Kingdom	60.172730	-1.158010	UK PRTR-published facility point; positional accuracy not independently verified	NACE 10.20 — Processing and preserving of fish, crustaceans and molluscs	NACE 10.20 — Processing and preserving of fish, crustaceans and molluscs | UK PRTR Annex I activity 8.(b).(i)		reported in UK PRTR for 2024; operating status not asserted	Pelagia Shetland Limited		source industry classification only; pollutant and waste quantities excluded	https://www.gov.uk/government/publications/download-industrial-emissions-and-waste-transfer-uk-prtr-data	official UK pollutant-register facility and activity classification	2026-09-28	Open Government Licence v3.0	Selected systematically from the 2024 UK PRTR CSV by NACE prefix in 10, 11, 17, 19, 20, 21, 22. This facility-level discovery record does not establish a process-reactor inventory, reactor design, capacity, or current operating state.
uk-prtr:Scotland-165	McIntosh Donald, Portlethen, Aberdeen	United Kingdom	57.065730	-2.133120	UK PRTR-published facility point; positional accuracy not independently verified	NACE 10.13 — Production of meat and poultry meat products	NACE 10.13 — Production of meat and poultry meat products		reported in UK PRTR for 2024; operating status not asserted	Kepak Group Limited		source industry classification only; pollutant and waste quantities excluded	https://www.gov.uk/government/publications/download-industrial-emissions-and-waste-transfer-uk-prtr-data	official UK pollutant-register facility and activity classification	2026-09-28	Open Government Licence v3.0	Selected systematically from the 2024 UK PRTR CSV by NACE prefix in 10, 11, 17, 19, 20, 21, 22. This facility-level discovery record does not establish a process-reactor inventory, reactor design, capacity, or current operating state.
uk-prtr:Scotland-1656	Grangemouth Chemical Plant	United Kingdom	56.013290	-3.739100	UK PRTR-published facility point; positional accuracy not independently verified	NACE 20.20 — Manufacture of pesticides and other agrochemical products	NACE 20.20 — Manufacture of pesticides and other agrochemical products		reported in UK PRTR for 2024; operating status not asserted	Calachem Limited		source industry classification only; pollutant and waste quantities excluded	https://www.gov.uk/government/publications/download-industrial-emissions-and-waste-transfer-uk-prtr-data	official UK pollutant-register facility and activity classification	2026-09-28	Open Government Licence v3.0	Selected systematically from the 2024 UK PRTR CSV by NACE prefix in 10, 11, 17, 19, 20, 21, 22. This facility-level discovery record does not establish a process-reactor inventory, reactor design, capacity, or current operating state.
uk-prtr:Scotland-176	Caledonian Paper Mill, Shewalton, Irvine	United Kingdom	55.579640	-4.639570	UK PRTR-published facility point; positional accuracy not independently verified	NACE 17.12 — Manufacture of paper and paperboard	NACE 17.12 — Manufacture of paper and paperboard		reported in UK PRTR for 2024; operating status not asserted	UPM-Kymmene (UK) Limited		source industry classification only; pollutant and waste quantities excluded	https://www.gov.uk/government/publications/download-industrial-emissions-and-waste-transfer-uk-prtr-data	official UK pollutant-register facility and activity classification	2026-09-28	Open Government Licence v3.0	Selected systematically from the 2024 UK PRTR CSV by NACE prefix in 10, 11, 17, 19, 20, 21, 22. This facility-level discovery record does not establish a process-reactor inventory, reactor design, capacity, or current operating state.
uk-prtr:Scotland-181	Argent Energy Ltd, Biggar Road, Motherwell	United Kingdom	55.816170	-3.924000	UK PRTR-published facility point; positional accuracy not independently verified	NACE 20.59 — Manufacture of other chemical products n.e.c.	NACE 20.59 — Manufacture of other chemical products n.e.c. | UK PRTR Annex I activity 4.(a).(ii)		reported in UK PRTR for 2024; operating status not asserted	Argent Energy (UK) Limited		source industry classification only; pollutant and waste quantities excluded	https://www.gov.uk/government/publications/download-industrial-emissions-and-waste-transfer-uk-prtr-data	official UK pollutant-register facility and activity classification	2026-09-28	Open Government Licence v3.0	Selected systematically from the 2024 UK PRTR CSV by NACE prefix in 10, 11, 17, 19, 20, 21, 22. This facility-level discovery record does not establish a process-reactor inventory, reactor design, capacity, or current operating state.
uk-prtr:Scotland-1842	Marine Harvest Ltd, Blar Mhor, Fort William	United Kingdom	56.838470	-5.083760	UK PRTR-published facility point; positional accuracy not independently verified	NACE 10.20 — Processing and preserving of fish, crustaceans and molluscs	NACE 10.20 — Processing and preserving of fish, crustaceans and molluscs | UK PRTR Annex I activity 8.(b).(i)		reported in UK PRTR for 2024; operating status not asserted	Mowi Scotland Limited		source industry classification only; pollutant and waste quantities excluded	https://www.gov.uk/government/publications/download-industrial-emissions-and-waste-transfer-uk-prtr-data	official UK pollutant-register facility and activity classification	2026-09-28	Open Government Licence v3.0	Selected systematically from the 2024 UK PRTR CSV by NACE prefix in 10, 11, 17, 19, 20, 21, 22. This facility-level discovery record does not establish a process-reactor inventory, reactor design, capacity, or current operating state.
uk-prtr:Scotland-188	Bardyke Chemicals Ltd, Hamilton Rd,Cambuslang	United Kingdom	55.804040	-4.112640	UK PRTR-published facility point; positional accuracy not independently verified	NACE 20.13 — Manufacture of other inorganic basic chemicals	NACE 20.13 — Manufacture of other inorganic basic chemicals | UK PRTR Annex I activity 4.(b).(iv)		reported in UK PRTR for 2024; operating status not asserted	Bardyke Chemicals Limited		source industry classification only; pollutant and waste quantities excluded	https://www.gov.uk/government/publications/download-industrial-emissions-and-waste-transfer-uk-prtr-data	official UK pollutant-register facility and activity classification	2026-09-28	Open Government Licence v3.0	Selected systematically from the 2024 UK PRTR CSV by NACE prefix in 10, 11, 17, 19, 20, 21, 22. This facility-level discovery record does not establish a process-reactor inventory, reactor design, capacity, or current operating state.
uk-prtr:Scotland-19	Dalmeny Hound Point, South Queensferry	United Kingdom	55.975870	-3.368360	UK PRTR-published facility point; positional accuracy not independently verified	NACE 19.20 — Manufacture of refined petroleum products	NACE 19.20 — Manufacture of refined petroleum products | UK PRTR Annex I activity 1.(a)		reported in UK PRTR for 2024; operating status not asserted	INEOS FPS Limited		source industry classification only; pollutant and waste quantities excluded	https://www.gov.uk/government/publications/download-industrial-emissions-and-waste-transfer-uk-prtr-data	official UK pollutant-register facility and activity classification	2026-09-28	Open Government Licence v3.0	Selected systematically from the 2024 UK PRTR CSV by NACE prefix in 10, 11, 17, 19, 20, 21, 22. This facility-level discovery record does not establish a process-reactor inventory, reactor design, capacity, or current operating state.
uk-prtr:Scotland-191	Petroineos, Finnart Ocean Terminal, Argyll	United Kingdom	56.113350	-4.833660	UK PRTR-published facility point; positional accuracy not independently verified	NACE 19.20 — Manufacture of refined petroleum products	NACE 19.20 — Manufacture of refined petroleum products | UK PRTR Annex I activity 1.(a)		reported in UK PRTR for 2024; operating status not asserted	Petroineos Manufacturing Scotland Limited		source industry classification only; pollutant and waste quantities excluded	https://www.gov.uk/government/publications/download-industrial-emissions-and-waste-transfer-uk-prtr-data	official UK pollutant-register facility and activity classification	2026-09-28	Open Government Licence v3.0	Selected systematically from the 2024 UK PRTR CSV by NACE prefix in 10, 11, 17, 19, 20, 21, 22. This facility-level discovery record does not establish a process-reactor inventory, reactor design, capacity, or current operating state.
uk-prtr:Scotland-195	Dupont Teijin Films Ltd, Dumfries	United Kingdom	55.054770	-3.655420	UK PRTR-published facility point; positional accuracy not independently verified	NACE 20.16 — Manufacture of plastics in primary forms	NACE 20.16 — Manufacture of plastics in primary forms | UK PRTR Annex I activity 4.(a).(viii)		reported in UK PRTR for 2024; operating status not asserted	Mylar Specialty Films UK Limited		source industry classification only; pollutant and waste quantities excluded	https://www.gov.uk/government/publications/download-industrial-emissions-and-waste-transfer-uk-prtr-data	official UK pollutant-register facility and activity classification	2026-09-28	Open Government Licence v3.0	Selected systematically from the 2024 UK PRTR CSV by NACE prefix in 10, 11, 17, 19, 20, 21, 22. This facility-level discovery record does not establish a process-reactor inventory, reactor design, capacity, or current operating state.
uk-prtr:Scotland-197	Three Trees Road, Newbie, Annan	United Kingdom	54.970170	-3.280910	UK PRTR-published facility point; positional accuracy not independently verified	NACE 21.10 — Manufacture of basic pharmaceutical products	NACE 21.10 — Manufacture of basic pharmaceutical products		reported in UK PRTR for 2024; operating status not asserted	Divestiture Limited		source industry classification only; pollutant and waste quantities excluded	https://www.gov.uk/government/publications/download-industrial-emissions-and-waste-transfer-uk-prtr-data	official UK pollutant-register facility and activity classification	2026-09-28	Open Government Licence v3.0	Selected systematically from the 2024 UK PRTR CSV by NACE prefix in 10, 11, 17, 19, 20, 21, 22. This facility-level discovery record does not establish a process-reactor inventory, reactor design, capacity, or current operating state.
uk-prtr:Scotland-20	Bakelite Synthetics UK Ltd, Cowie	United Kingdom	56.075010	-3.865670	UK PRTR-published facility point; positional accuracy not independently verified	NACE 20.52 — Manufacture of glues	NACE 20.52 — Manufacture of glues | UK PRTR Annex I activity 4.(a).(ii)		reported in UK PRTR for 2024; operating status not asserted	Bakelite Synthetics UK Limited		source industry classification only; pollutant and waste quantities excluded	https://www.gov.uk/government/publications/download-industrial-emissions-and-waste-transfer-uk-prtr-data	official UK pollutant-register facility and activity classification	2026-09-28	Open Government Licence v3.0	Selected systematically from the 2024 UK PRTR CSV by NACE prefix in 10, 11, 17, 19, 20, 21, 22. This facility-level discovery record does not establish a process-reactor inventory, reactor design, capacity, or current operating state.
uk-prtr:Scotland-2000	AB Agri Ltd , Damside Mill, Cupar, Fife	United Kingdom	56.304080	-3.030650	UK PRTR-published facility point; positional accuracy not independently verified	NACE 10.91 — Manufacture of prepared feeds for farm animals	NACE 10.91 — Manufacture of prepared feeds for farm animals | UK PRTR Annex I activity 8.(b).(ii)		reported in UK PRTR for 2024; operating status not asserted	AB Agri Limited		source industry classification only; pollutant and waste quantities excluded	https://www.gov.uk/government/publications/download-industrial-emissions-and-waste-transfer-uk-prtr-data	official UK pollutant-register facility and activity classification	2026-09-28	Open Government Licence v3.0	Selected systematically from the 2024 UK PRTR CSV by NACE prefix in 10, 11, 17, 19, 20, 21, 22. This facility-level discovery record does not establish a process-reactor inventory, reactor design, capacity, or current operating state.
uk-prtr:Scotland-202	Chemring Energetics UK Ltd, Ardeer,Stevenston	United Kingdom	55.625270	-4.716180	UK PRTR-published facility point; positional accuracy not independently verified	NACE 20.51 — Manufacture of explosives	NACE 20.51 — Manufacture of explosives		reported in UK PRTR for 2024; operating status not asserted	Chemring Energetics UK Limited		source industry classification only; pollutant and waste quantities excluded	https://www.gov.uk/government/publications/download-industrial-emissions-and-waste-transfer-uk-prtr-data	official UK pollutant-register facility and activity classification	2026-09-28	Open Government Licence v3.0	Selected systematically from the 2024 UK PRTR CSV by NACE prefix in 10, 11, 17, 19, 20, 21, 22. This facility-level discovery record does not establish a process-reactor inventory, reactor design, capacity, or current operating state.
uk-prtr:Scotland-2061	Piramal Healthcare UK Ltd @ Kemfine Ltd	United Kingdom	56.015940	-3.738500	UK PRTR-published facility point; positional accuracy not independently verified	NACE 21.10 — Manufacture of basic pharmaceutical products	NACE 21.10 — Manufacture of basic pharmaceutical products | UK PRTR Annex I activity 4.(e)		reported in UK PRTR for 2024; operating status not asserted	Piramal Healthcare UK Limited		source industry classification only; pollutant and waste quantities excluded	https://www.gov.uk/government/publications/download-industrial-emissions-and-waste-transfer-uk-prtr-data	official UK pollutant-register facility and activity classification	2026-09-28	Open Government Licence v3.0	Selected systematically from the 2024 UK PRTR CSV by NACE prefix in 10, 11, 17, 19, 20, 21, 22. This facility-level discovery record does not establish a process-reactor inventory, reactor design, capacity, or current operating state.
uk-prtr:Scotland-207	DSM @ Drakemyre Chemical Works, Dalry	United Kingdom	55.716430	-4.714750	UK PRTR-published facility point; positional accuracy not independently verified	NACE 20.14 — Manufacture of other organic basic chemicals	NACE 20.14 — Manufacture of other organic basic chemicals		reported in UK PRTR for 2024; operating status not asserted	DSM Nutritional Products (UK) Limited		source industry classification only; pollutant and waste quantities excluded	https://www.gov.uk/government/publications/download-industrial-emissions-and-waste-transfer-uk-prtr-data	official UK pollutant-register facility and activity classification	2026-09-28	Open Government Licence v3.0	Selected systematically from the 2024 UK PRTR CSV by NACE prefix in 10, 11, 17, 19, 20, 21, 22. This facility-level discovery record does not establish a process-reactor inventory, reactor design, capacity, or current operating state.
uk-prtr:Scotland-2096	Cabot Norit (UK) Ltd, Glasgow	United Kingdom	55.830690	-4.171240	UK PRTR-published facility point; positional accuracy not independently verified	NACE 20.59 — Manufacture of other chemical products n.e.c.	NACE 20.59 — Manufacture of other chemical products n.e.c. | UK PRTR Annex I activity 1.(b)		reported in UK PRTR for 2024; operating status not asserted	Norit (UK) Limited		source industry classification only; pollutant and waste quantities excluded	https://www.gov.uk/government/publications/download-industrial-emissions-and-waste-transfer-uk-prtr-data	official UK pollutant-register facility and activity classification	2026-09-28	Open Government Licence v3.0	Selected systematically from the 2024 UK PRTR CSV by NACE prefix in 10, 11, 17, 19, 20, 21, 22. This facility-level discovery record does not establish a process-reactor inventory, reactor design, capacity, or current operating state.
uk-prtr:Scotland-210	SmithKline Beecham Ltd, Irvine	United Kingdom	55.595680	-4.629660	UK PRTR-published facility point; positional accuracy not independently verified	NACE 21.10 — Manufacture of basic pharmaceutical products	NACE 21.10 — Manufacture of basic pharmaceutical products		reported in UK PRTR for 2024; operating status not asserted	Smithkline Beecham Limited		source industry classification only; pollutant and waste quantities excluded	https://www.gov.uk/government/publications/download-industrial-emissions-and-waste-transfer-uk-prtr-data	official UK pollutant-register facility and activity classification	2026-09-28	Open Government Licence v3.0	Selected systematically from the 2024 UK PRTR CSV by NACE prefix in 10, 11, 17, 19, 20, 21, 22. This facility-level discovery record does not establish a process-reactor inventory, reactor design, capacity, or current operating state.
uk-prtr:Scotland-214	Girvan Distillery	United Kingdom	55.260710	-4.833400	UK PRTR-published facility point; positional accuracy not independently verified	NACE 11.01 — Distilling, rectifying and blending of spirits	NACE 11.01 — Distilling, rectifying and blending of spirits		reported in UK PRTR for 2024; operating status not asserted	William Grant & Sons Distillers Limited		source industry classification only; pollutant and waste quantities excluded	https://www.gov.uk/government/publications/download-industrial-emissions-and-waste-transfer-uk-prtr-data	official UK pollutant-register facility and activity classification	2026-09-28	Open Government Licence v3.0	Selected systematically from the 2024 UK PRTR CSV by NACE prefix in 10, 11, 17, 19, 20, 21, 22. This facility-level discovery record does not establish a process-reactor inventory, reactor design, capacity, or current operating state.
uk-prtr:Scotland-224	BERRY BPI, Stevenston	United Kingdom	55.627490	-4.736990	UK PRTR-published facility point; positional accuracy not independently verified	NACE 22.22 — Manufacture of plastic packing goods	NACE 22.22 — Manufacture of plastic packing goods | UK PRTR Annex I activity 9.(c)		reported in UK PRTR for 2024; operating status not asserted	British Polythene Limited		source industry classification only; pollutant and waste quantities excluded	https://www.gov.uk/government/publications/download-industrial-emissions-and-waste-transfer-uk-prtr-data	official UK pollutant-register facility and activity classification	2026-09-28	Open Government Licence v3.0	Selected systematically from the 2024 UK PRTR CSV by NACE prefix in 10, 11, 17, 19, 20, 21, 22. This facility-level discovery record does not establish a process-reactor inventory, reactor design, capacity, or current operating state.
uk-prtr:Scotland-225	The Creamery, Commerce Rd, Stranraer, Wigtown	United Kingdom	54.897810	-5.021430	UK PRTR-published facility point; positional accuracy not independently verified	NACE 10.51 — Operation of dairies and cheese making	NACE 10.51 — Operation of dairies and cheese making | UK PRTR Annex I activity 8.(c)		reported in UK PRTR for 2024; operating status not asserted	The Caledonian Cheese Company Limited		source industry classification only; pollutant and waste quantities excluded	https://www.gov.uk/government/publications/download-industrial-emissions-and-waste-transfer-uk-prtr-data	official UK pollutant-register facility and activity classification	2026-09-28	Open Government Licence v3.0	Selected systematically from the 2024 UK PRTR CSV by NACE prefix in 10, 11, 17, 19, 20, 21, 22. This facility-level discovery record does not establish a process-reactor inventory, reactor design, capacity, or current operating state.
uk-prtr:Scotland-227	Gates Power Transmission, Heathhall, Dumfries	United Kingdom	55.093950	-3.585380	UK PRTR-published facility point; positional accuracy not independently verified	NACE 22.19 — Manufacture of other rubber products	NACE 22.19 — Manufacture of other rubber products | UK PRTR Annex I activity 9.(c)		reported in UK PRTR for 2024; operating status not asserted	Gates (UK) Limited		source industry classification only; pollutant and waste quantities excluded	https://www.gov.uk/government/publications/download-industrial-emissions-and-waste-transfer-uk-prtr-data	official UK pollutant-register facility and activity classification	2026-09-28	Open Government Licence v3.0	Selected systematically from the 2024 UK PRTR CSV by NACE prefix in 10, 11, 17, 19, 20, 21, 22. This facility-level discovery record does not establish a process-reactor inventory, reactor design, capacity, or current operating state.
uk-prtr:Scotland-228	Muller Milk & Ingredients, Bellshill	United Kingdom	55.829020	-4.032230	UK PRTR-published facility point; positional accuracy not independently verified	NACE 10.51 — Operation of dairies and cheese making	NACE 10.51 — Operation of dairies and cheese making | UK PRTR Annex I activity 8.(c)		reported in UK PRTR for 2024; operating status not asserted	Muller UK and Ireland Group LLP		source industry classification only; pollutant and waste quantities excluded	https://www.gov.uk/government/publications/download-industrial-emissions-and-waste-transfer-uk-prtr-data	official UK pollutant-register facility and activity classification	2026-09-28	Open Government Licence v3.0	Selected systematically from the 2024 UK PRTR CSV by NACE prefix in 10, 11, 17, 19, 20, 21, 22. This facility-level discovery record does not establish a process-reactor inventory, reactor design, capacity, or current operating state.
uk-prtr:Scotland-23	Chirnside Plant, Chirnside, Duns	United Kingdom	55.798950	-2.239370	UK PRTR-published facility point; positional accuracy not independently verified	NACE 17.12 — Manufacture of paper and paperboard	NACE 17.12 — Manufacture of paper and paperboard | UK PRTR Annex I activity 6.(b)		reported in UK PRTR for 2024; operating status not asserted	Ahlstrom Chirnside Limited		source industry classification only; pollutant and waste quantities excluded	https://www.gov.uk/government/publications/download-industrial-emissions-and-waste-transfer-uk-prtr-data	official UK pollutant-register facility and activity classification	2026-09-28	Open Government Licence v3.0	Selected systematically from the 2024 UK PRTR CSV by NACE prefix in 10, 11, 17, 19, 20, 21, 22. This facility-level discovery record does not establish a process-reactor inventory, reactor design, capacity, or current operating state.
uk-prtr:Scotland-2373	Nestle, Grangestone Ind Estate, Girvan	United Kingdom	55.264190	-4.832450	UK PRTR-published facility point; positional accuracy not independently verified	NACE 10.82 — Manufacture of cocoa, chocolate and sugar confectionery	NACE 10.82 — Manufacture of cocoa, chocolate and sugar confectionery | UK PRTR Annex I activity 8.(c)		reported in UK PRTR for 2024; operating status not asserted	Nestle UK Limited		source industry classification only; pollutant and waste quantities excluded	https://www.gov.uk/government/publications/download-industrial-emissions-and-waste-transfer-uk-prtr-data	official UK pollutant-register facility and activity classification	2026-09-28	Open Government Licence v3.0	Selected systematically from the 2024 UK PRTR CSV by NACE prefix in 10, 11, 17, 19, 20, 21, 22. This facility-level discovery record does not establish a process-reactor inventory, reactor design, capacity, or current operating state.
uk-prtr:Scotland-2482	Lunar Freezing , East Quay, The Harbour	United Kingdom	57.501410	-1.773050	UK PRTR-published facility point; positional accuracy not independently verified	NACE 10.20 — Processing and preserving of fish, crustaceans and molluscs	NACE 10.20 — Processing and preserving of fish, crustaceans and molluscs | UK PRTR Annex I activity 8.(b).(i)		reported in UK PRTR for 2024; operating status not asserted	Lunar Freezing & Cold Storage Company Limited		source industry classification only; pollutant and waste quantities excluded	https://www.gov.uk/government/publications/download-industrial-emissions-and-waste-transfer-uk-prtr-data	official UK pollutant-register facility and activity classification	2026-09-28	Open Government Licence v3.0	Selected systematically from the 2024 UK PRTR CSV by NACE prefix in 10, 11, 17, 19, 20, 21, 22. This facility-level discovery record does not establish a process-reactor inventory, reactor design, capacity, or current operating state.
uk-prtr:Scotland-2490	Sapphire Mill, Leslie, Fife	United Kingdom	56.200970	-3.207140	UK PRTR-published facility point; positional accuracy not independently verified	NACE 17.12 — Manufacture of paper and paperboard	NACE 17.12 — Manufacture of paper and paperboard | UK PRTR Annex I activity 6.(b)		reported in UK PRTR for 2024; operating status not asserted	Fourstones Paper Mill Company Limited		source industry classification only; pollutant and waste quantities excluded	https://www.gov.uk/government/publications/download-industrial-emissions-and-waste-transfer-uk-prtr-data	official UK pollutant-register facility and activity classification	2026-09-28	Open Government Licence v3.0	Selected systematically from the 2024 UK PRTR CSV by NACE prefix in 10, 11, 17, 19, 20, 21, 22. This facility-level discovery record does not establish a process-reactor inventory, reactor design, capacity, or current operating state.
uk-prtr:Scotland-2493	INEOS Chemicals Grangemouth Ltd, Grangemouth	United Kingdom	56.020050	-3.686940	UK PRTR-published facility point; positional accuracy not independently verified	NACE 20.14 — Manufacture of other organic basic chemicals	NACE 20.14 — Manufacture of other organic basic chemicals		reported in UK PRTR for 2024; operating status not asserted	INEOS Chemicals Grangemouth Limited		source industry classification only; pollutant and waste quantities excluded	https://www.gov.uk/government/publications/download-industrial-emissions-and-waste-transfer-uk-prtr-data	official UK pollutant-register facility and activity classification	2026-09-28	Open Government Licence v3.0	Selected systematically from the 2024 UK PRTR CSV by NACE prefix in 10, 11, 17, 19, 20, 21, 22. This facility-level discovery record does not establish a process-reactor inventory, reactor design, capacity, or current operating state.
uk-prtr:Scotland-2494	INEOS Infrastructure (Grangemouth) Ltd	United Kingdom	56.020050	-3.686940	UK PRTR-published facility point; positional accuracy not independently verified	NACE 19.20 — Manufacture of refined petroleum products	NACE 19.20 — Manufacture of refined petroleum products | UK PRTR Annex I activity 1.(c)		reported in UK PRTR for 2024; operating status not asserted	INEOS Infrastructure (Grangemouth) Limited		source industry classification only; pollutant and waste quantities excluded	https://www.gov.uk/government/publications/download-industrial-emissions-and-waste-transfer-uk-prtr-data	official UK pollutant-register facility and activity classification	2026-09-28	Open Government Licence v3.0	Selected systematically from the 2024 UK PRTR CSV by NACE prefix in 10, 11, 17, 19, 20, 21, 22. This facility-level discovery record does not establish a process-reactor inventory, reactor design, capacity, or current operating state.
uk-prtr:Scotland-2517	BASF Pharma Callanish Ltd, Isle of Lewis	United Kingdom	58.216590	-6.756050	UK PRTR-published facility point; positional accuracy not independently verified	NACE 10.41 — Manufacture of oils and fats	NACE 10.41 — Manufacture of oils and fats		reported in UK PRTR for 2024; operating status not asserted	BASF Pharma Callinish Limited		source industry classification only; pollutant and waste quantities excluded	https://www.gov.uk/government/publications/download-industrial-emissions-and-waste-transfer-uk-prtr-data	official UK pollutant-register facility and activity classification	2026-09-28	Open Government Licence v3.0	Selected systematically from the 2024 UK PRTR CSV by NACE prefix in 10, 11, 17, 19, 20, 21, 22. This facility-level discovery record does not establish a process-reactor inventory, reactor design, capacity, or current operating state.
uk-prtr:Scotland-2623	Thornton Feed Mill, Thornton, Fife	United Kingdom	56.162400	-3.180080	UK PRTR-published facility point; positional accuracy not independently verified	NACE 10.61 — Manufacture of grain mill products	NACE 10.61 — Manufacture of grain mill products | UK PRTR Annex I activity 8.(b).(ii)		reported in UK PRTR for 2024; operating status not asserted	Noble Foods Limited		source industry classification only; pollutant and waste quantities excluded	https://www.gov.uk/government/publications/download-industrial-emissions-and-waste-transfer-uk-prtr-data	official UK pollutant-register facility and activity classification	2026-09-28	Open Government Licence v3.0	Selected systematically from the 2024 UK PRTR CSV by NACE prefix in 10, 11, 17, 19, 20, 21, 22. This facility-level discovery record does not establish a process-reactor inventory, reactor design, capacity, or current operating state.
uk-prtr:Scotland-2625	Sighthill Biscuit Factory, Edinburgh	United Kingdom	55.922540	-3.296140	UK PRTR-published facility point; positional accuracy not independently verified	NACE 10.72 — Manufacture of rusks and biscuits; manufacture of preserved pastry goods and cakes	NACE 10.72 — Manufacture of rusks and biscuits; manufacture of preserved pastry goods and cakes | UK PRTR Annex I activity 8.(b).(i)		reported in UK PRTR for 2024; operating status not asserted	FOX'S BURTON'S COMPANIES (FBC) UK LIMITED		source industry classification only; pollutant and waste quantities excluded	https://www.gov.uk/government/publications/download-industrial-emissions-and-waste-transfer-uk-prtr-data	official UK pollutant-register facility and activity classification	2026-09-28	Open Government Licence v3.0	Selected systematically from the 2024 UK PRTR CSV by NACE prefix in 10, 11, 17, 19, 20, 21, 22. This facility-level discovery record does not establish a process-reactor inventory, reactor design, capacity, or current operating state.
uk-prtr:Scotland-27	MacFarlan Smith Ltd, Wheatfield Rd, Edinburgh	United Kingdom	55.939270	-3.237630	UK PRTR-published facility point; positional accuracy not independently verified	NACE 21.10 — Manufacture of basic pharmaceutical products	NACE 21.10 — Manufacture of basic pharmaceutical products | UK PRTR Annex I activity 4.(e)		reported in UK PRTR for 2024; operating status not asserted	Macfarlan Smith Limited		source industry classification only; pollutant and waste quantities excluded	https://www.gov.uk/government/publications/download-industrial-emissions-and-waste-transfer-uk-prtr-data	official UK pollutant-register facility and activity classification	2026-09-28	Open Government Licence v3.0	Selected systematically from the 2024 UK PRTR CSV by NACE prefix in 10, 11, 17, 19, 20, 21, 22. This facility-level discovery record does not establish a process-reactor inventory, reactor design, capacity, or current operating state.
uk-prtr:Scotland-2815	Airthrey Kerse Dairy, Bridge of Allan	United Kingdom	56.149500	-3.932990	UK PRTR-published facility point; positional accuracy not independently verified	NACE 10.51 — Operation of dairies and cheese making	NACE 10.51 — Operation of dairies and cheese making | UK PRTR Annex I activity 8.(c)		reported in UK PRTR for 2024; operating status not asserted	Graham's Dairies Limited		source industry classification only; pollutant and waste quantities excluded	https://www.gov.uk/government/publications/download-industrial-emissions-and-waste-transfer-uk-prtr-data	official UK pollutant-register facility and activity classification	2026-09-28	Open Government Licence v3.0	Selected systematically from the 2024 UK PRTR CSV by NACE prefix in 10, 11, 17, 19, 20, 21, 22. This facility-level discovery record does not establish a process-reactor inventory, reactor design, capacity, or current operating state.
uk-prtr:Scotland-2816	Caledon Green Exemplar Plant, Earls Gate Park, Grangemouth, FK3 8TR	United Kingdom	56.010820	-3.738060	UK PRTR-published facility point; positional accuracy not independently verified	NACE 20.14 — Manufacture of other organic basic chemicals	NACE 20.14 — Manufacture of other organic basic chemicals | UK PRTR Annex I activity 4.(a).(ii)		reported in UK PRTR for 2024; operating status not asserted	Celtic Renewables Grangemouth Limited		source industry classification only; pollutant and waste quantities excluded	https://www.gov.uk/government/publications/download-industrial-emissions-and-waste-transfer-uk-prtr-data	official UK pollutant-register facility and activity classification	2026-09-28	Open Government Licence v3.0	Selected systematically from the 2024 UK PRTR CSV by NACE prefix in 10, 11, 17, 19, 20, 21, 22. This facility-level discovery record does not establish a process-reactor inventory, reactor design, capacity, or current operating state.
uk-prtr:Scotland-410	Feralco UK Ltd, North Shore Rd, Grangemouth	United Kingdom	56.025270	-3.717720	UK PRTR-published facility point; positional accuracy not independently verified	NACE 20.13 — Manufacture of other inorganic basic chemicals	NACE 20.13 — Manufacture of other inorganic basic chemicals | UK PRTR Annex I activity 4.(b).(iv)		reported in UK PRTR for 2024; operating status not asserted	Feralco UK Limited		source industry classification only; pollutant and waste quantities excluded	https://www.gov.uk/government/publications/download-industrial-emissions-and-waste-transfer-uk-prtr-data	official UK pollutant-register facility and activity classification	2026-09-28	Open Government Licence v3.0	Selected systematically from the 2024 UK PRTR CSV by NACE prefix in 10, 11, 17, 19, 20, 21, 22. This facility-level discovery record does not establish a process-reactor inventory, reactor design, capacity, or current operating state.
uk-prtr:Scotland-440	Silberline Ltd, Banbeath Road, Leven	United Kingdom	56.200370	-3.014710	UK PRTR-published facility point; positional accuracy not independently verified	NACE 20.12 — Manufacture of dyes and pigments	NACE 20.12 — Manufacture of dyes and pigments | UK PRTR Annex I activity 9.(c)		reported in UK PRTR for 2024; operating status not asserted	Silberline Limited		source industry classification only; pollutant and waste quantities excluded	https://www.gov.uk/government/publications/download-industrial-emissions-and-waste-transfer-uk-prtr-data	official UK pollutant-register facility and activity classification	2026-09-28	Open Government Licence v3.0	Selected systematically from the 2024 UK PRTR CSV by NACE prefix in 10, 11, 17, 19, 20, 21, 22. This facility-level discovery record does not establish a process-reactor inventory, reactor design, capacity, or current operating state.
uk-prtr:Scotland-45	Nexam St Andrews Limited, Cupar	United Kingdom	56.323940	-2.984990	UK PRTR-published facility point; positional accuracy not independently verified	NACE 20.14 — Manufacture of other organic basic chemicals	NACE 20.14 — Manufacture of other organic basic chemicals		reported in UK PRTR for 2024; operating status not asserted	Nexam St Andrews Limited		source industry classification only; pollutant and waste quantities excluded	https://www.gov.uk/government/publications/download-industrial-emissions-and-waste-transfer-uk-prtr-data	official UK pollutant-register facility and activity classification	2026-09-28	Open Government Licence v3.0	Selected systematically from the 2024 UK PRTR CSV by NACE prefix in 10, 11, 17, 19, 20, 21, 22. This facility-level discovery record does not establish a process-reactor inventory, reactor design, capacity, or current operating state.
uk-prtr:Scotland-52	Grangemouth Refinery	United Kingdom	56.020050	-3.686940	UK PRTR-published facility point; positional accuracy not independently verified	NACE 19.20 — Manufacture of refined petroleum products	NACE 19.20 — Manufacture of refined petroleum products		reported in UK PRTR for 2024; operating status not asserted	Petroineos Manufacturing Scotland Limited		source industry classification only; pollutant and waste quantities excluded	https://www.gov.uk/government/publications/download-industrial-emissions-and-waste-transfer-uk-prtr-data	official UK pollutant-register facility and activity classification	2026-09-28	Open Government Licence v3.0	Selected systematically from the 2024 UK PRTR CSV by NACE prefix in 10, 11, 17, 19, 20, 21, 22. This facility-level discovery record does not establish a process-reactor inventory, reactor design, capacity, or current operating state.
uk-prtr:Scotland-54	Versalis UK Ltd, Grangemouth	United Kingdom	56.003770	-3.675550	UK PRTR-published facility point; positional accuracy not independently verified	NACE 20.17 — Manufacture of synthetic rubber in primary forms	NACE 20.17 — Manufacture of synthetic rubber in primary forms | UK PRTR Annex I activity 4.(a).(ix)		reported in UK PRTR for 2024; operating status not asserted	Versalis UK Limited		source industry classification only; pollutant and waste quantities excluded	https://www.gov.uk/government/publications/download-industrial-emissions-and-waste-transfer-uk-prtr-data	official UK pollutant-register facility and activity classification	2026-09-28	Open Government Licence v3.0	Selected systematically from the 2024 UK PRTR CSV by NACE prefix in 10, 11, 17, 19, 20, 21, 22. This facility-level discovery record does not establish a process-reactor inventory, reactor design, capacity, or current operating state.
uk-prtr:Scotland-57	Fujifilm Imaging Colour,Earls Rd,Grangemouth	United Kingdom	56.016470	-3.739650	UK PRTR-published facility point; positional accuracy not independently verified	NACE 20.12 — Manufacture of dyes and pigments	NACE 20.12 — Manufacture of dyes and pigments | UK PRTR Annex I activity 4.(a).(x)		reported in UK PRTR for 2024; operating status not asserted	Fujifilm Imaging Colorants Limited		source industry classification only; pollutant and waste quantities excluded	https://www.gov.uk/government/publications/download-industrial-emissions-and-waste-transfer-uk-prtr-data	official UK pollutant-register facility and activity classification	2026-09-28	Open Government Licence v3.0	Selected systematically from the 2024 UK PRTR CSV by NACE prefix in 10, 11, 17, 19, 20, 21, 22. This facility-level discovery record does not establish a process-reactor inventory, reactor design, capacity, or current operating state.
uk-prtr:Scotland-58	Syngenta, Grangemouth Man Centre, Grangemouth	United Kingdom	56.016040	-3.734840	UK PRTR-published facility point; positional accuracy not independently verified	NACE 20.20 — Manufacture of pesticides and other agrochemical products	NACE 20.20 — Manufacture of pesticides and other agrochemical products | UK PRTR Annex I activity 4.(d)		reported in UK PRTR for 2024; operating status not asserted	Syngenta Limited		source industry classification only; pollutant and waste quantities excluded	https://www.gov.uk/government/publications/download-industrial-emissions-and-waste-transfer-uk-prtr-data	official UK pollutant-register facility and activity classification	2026-09-28	Open Government Licence v3.0	Selected systematically from the 2024 UK PRTR CSV by NACE prefix in 10, 11, 17, 19, 20, 21, 22. This facility-level discovery record does not establish a process-reactor inventory, reactor design, capacity, or current operating state.
uk-prtr:Scotland-61	Fife Ethylene Plant, Mossmorran	United Kingdom	56.093540	-3.310550	UK PRTR-published facility point; positional accuracy not independently verified	NACE 20.14 — Manufacture of other organic basic chemicals	NACE 20.14 — Manufacture of other organic basic chemicals		reported in UK PRTR for 2024; operating status not asserted	ExxonMobil Chemical Limited		source industry classification only; pollutant and waste quantities excluded	https://www.gov.uk/government/publications/download-industrial-emissions-and-waste-transfer-uk-prtr-data	official UK pollutant-register facility and activity classification	2026-09-28	Open Government Licence v3.0	Selected systematically from the 2024 UK PRTR CSV by NACE prefix in 10, 11, 17, 19, 20, 21, 22. This facility-level discovery record does not establish a process-reactor inventory, reactor design, capacity, or current operating state.
uk-prtr:Scotland-64	GlaxoSmithKline plc, Montrose	United Kingdom	56.704480	-2.458910	UK PRTR-published facility point; positional accuracy not independently verified	NACE 21.10 — Manufacture of basic pharmaceutical products	NACE 21.10 — Manufacture of basic pharmaceutical products | UK PRTR Annex I activity 4.(e)		reported in UK PRTR for 2024; operating status not asserted	Glaxo Operations UK Limited		source industry classification only; pollutant and waste quantities excluded	https://www.gov.uk/government/publications/download-industrial-emissions-and-waste-transfer-uk-prtr-data	official UK pollutant-register facility and activity classification	2026-09-28	Open Government Licence v3.0	Selected systematically from the 2024 UK PRTR CSV by NACE prefix in 10, 11, 17, 19, 20, 21, 22. This facility-level discovery record does not establish a process-reactor inventory, reactor design, capacity, or current operating state.
uk-prtr:Scotland-65	ADM Milling UK Ltd - Edinburgh	United Kingdom	55.980570	-3.187000	UK PRTR-published facility point; positional accuracy not independently verified	NACE 10.61 — Manufacture of grain mill products	NACE 10.61 — Manufacture of grain mill products | UK PRTR Annex I activity 8.(b).(ii)		reported in UK PRTR for 2024; operating status not asserted	ADM Milling Limited		source industry classification only; pollutant and waste quantities excluded	https://www.gov.uk/government/publications/download-industrial-emissions-and-waste-transfer-uk-prtr-data	official UK pollutant-register facility and activity classification	2026-09-28	Open Government Licence v3.0	Selected systematically from the 2024 UK PRTR CSV by NACE prefix in 10, 11, 17, 19, 20, 21, 22. This facility-level discovery record does not establish a process-reactor inventory, reactor design, capacity, or current operating state.
uk-prtr:W22_55	Transcontinental AC UK Ltd	United Kingdom	53.049500	-2.925680	UK PRTR-published facility point; positional accuracy not independently verified	NACE 20.30 — Manufacture of paints, varnishes and similar coatings, printing ink and mastics	NACE 20.30 — Manufacture of paints, varnishes and similar coatings, printing ink and mastics | UK PRTR Annex I activity 9.(c)		reported in UK PRTR for 2024; operating status not asserted	TC Transcontinental		source industry classification only; pollutant and waste quantities excluded	https://www.gov.uk/government/publications/download-industrial-emissions-and-waste-transfer-uk-prtr-data	official UK pollutant-register facility and activity classification	2026-09-28	Open Government Licence v3.0	Selected systematically from the 2024 UK PRTR CSV by NACE prefix in 10, 11, 17, 19, 20, 21, 22. This facility-level discovery record does not establish a process-reactor inventory, reactor design, capacity, or current operating state.
uk-prtr:W22_56	Cytec Engineered Materials Limited	United Kingdom	53.047900	-2.932740	UK PRTR-published facility point; positional accuracy not independently verified	NACE 20.30 — Manufacture of paints, varnishes and similar coatings, printing ink and mastics	NACE 20.30 — Manufacture of paints, varnishes and similar coatings, printing ink and mastics | UK PRTR Annex I activity 9.(c)		reported in UK PRTR for 2024; operating status not asserted	Cytec Engineered Materials Limited		source industry classification only; pollutant and waste quantities excluded	https://www.gov.uk/government/publications/download-industrial-emissions-and-waste-transfer-uk-prtr-data	official UK pollutant-register facility and activity classification	2026-09-28	Open Government Licence v3.0	Selected systematically from the 2024 UK PRTR CSV by NACE prefix in 10, 11, 17, 19, 20, 21, 22. This facility-level discovery record does not establish a process-reactor inventory, reactor design, capacity, or current operating state.
uk-prtr:W22_61	Cytec Engineered Materials Limited (Site 2)	United Kingdom	53.048532	-2.935403	UK PRTR-published facility point; positional accuracy not independently verified	NACE 20.30 — Manufacture of paints, varnishes and similar coatings, printing ink and mastics	NACE 20.30 — Manufacture of paints, varnishes and similar coatings, printing ink and mastics | UK PRTR Annex I activity 9.(c)		reported in UK PRTR for 2024; operating status not asserted	Cytec Engineered Materials Limited		source industry classification only; pollutant and waste quantities excluded	https://www.gov.uk/government/publications/download-industrial-emissions-and-waste-transfer-uk-prtr-data	official UK pollutant-register facility and activity classification	2026-09-28	Open Government Licence v3.0	Selected systematically from the 2024 UK PRTR CSV by NACE prefix in 10, 11, 17, 19, 20, 21, 22. This facility-level discovery record does not establish a process-reactor inventory, reactor design, capacity, or current operating state.
uk-prtr:W3_37	Glatfelter Caerphilly Ltd	United Kingdom	51.589600	-3.226970	UK PRTR-published facility point; positional accuracy not independently verified	NACE 17.12 — Manufacture of paper and paperboard	NACE 17.12 — Manufacture of paper and paperboard | UK PRTR Annex I activity 9.(c)		reported in UK PRTR for 2024; operating status not asserted	P H Glatfelter		source industry classification only; pollutant and waste quantities excluded	https://www.gov.uk/government/publications/download-industrial-emissions-and-waste-transfer-uk-prtr-data	official UK pollutant-register facility and activity classification	2026-09-28	Open Government Licence v3.0	Selected systematically from the 2024 UK PRTR CSV by NACE prefix in 10, 11, 17, 19, 20, 21, 22. This facility-level discovery record does not establish a process-reactor inventory, reactor design, capacity, or current operating state.
uk-prtr:Wales_AB3591ZQ	Maelor Foods Limited	United Kingdom	53.014120	-2.917520	UK PRTR-published facility point; positional accuracy not independently verified	NACE 10.12 — Processing and preserving of poultry meat	NACE 10.12 — Processing and preserving of poultry meat | UK PRTR Annex I activity 8.(a)		reported in UK PRTR for 2024; operating status not asserted	Maelor Foods Limited		source industry classification only; pollutant and waste quantities excluded	https://www.gov.uk/government/publications/download-industrial-emissions-and-waste-transfer-uk-prtr-data	official UK pollutant-register facility and activity classification	2026-09-28	Open Government Licence v3.0	Selected systematically from the 2024 UK PRTR CSV by NACE prefix in 10, 11, 17, 19, 20, 21, 22. This facility-level discovery record does not establish a process-reactor inventory, reactor design, capacity, or current operating state.
uk-prtr:Wales_AB3894ZF	Purolite Limited, Ecolab Llantrisant Site	United Kingdom	51.554000	-3.381000	UK PRTR-published facility point; positional accuracy not independently verified	NACE 20.59 — Manufacture of other chemical products n.e.c.	NACE 20.59 — Manufacture of other chemical products n.e.c. | UK PRTR Annex I activity 4.(a).(viii)		reported in UK PRTR for 2024; operating status not asserted	Purolite Ltd		source industry classification only; pollutant and waste quantities excluded	https://www.gov.uk/government/publications/download-industrial-emissions-and-waste-transfer-uk-prtr-data	official UK pollutant-register facility and activity classification	2026-09-28	Open Government Licence v3.0	Selected systematically from the 2024 UK PRTR CSV by NACE prefix in 10, 11, 17, 19, 20, 21, 22. This facility-level discovery record does not establish a process-reactor inventory, reactor design, capacity, or current operating state.
uk-prtr:Wales_AP3337HF	Llay Feed Mill	United Kingdom	53.100893	-3.002915	UK PRTR-published facility point; positional accuracy not independently verified	NACE 10.91 — Manufacture of prepared feeds for farm animals	NACE 10.91 — Manufacture of prepared feeds for farm animals | UK PRTR Annex I activity 8.(b)		reported in UK PRTR for 2024; operating status not asserted	2 Agriculture Limited		source industry classification only; pollutant and waste quantities excluded	https://www.gov.uk/government/publications/download-industrial-emissions-and-waste-transfer-uk-prtr-data	official UK pollutant-register facility and activity classification	2026-09-28	Open Government Licence v3.0	Selected systematically from the 2024 UK PRTR CSV by NACE prefix in 10, 11, 17, 19, 20, 21, 22. This facility-level discovery record does not establish a process-reactor inventory, reactor design, capacity, or current operating state.
uk-prtr:Wales_AP3433ES	Kepak Group Limited, Dowlais Slaughterhouse	United Kingdom	51.770100	-3.334840	UK PRTR-published facility point; positional accuracy not independently verified	NACE 10.11 — Processing and preserving of meat	NACE 10.11 — Processing and preserving of meat | UK PRTR Annex I activity 8.(a)		reported in UK PRTR for 2024; operating status not asserted	Kepak Group Limited		source industry classification only; pollutant and waste quantities excluded	https://www.gov.uk/government/publications/download-industrial-emissions-and-waste-transfer-uk-prtr-data	official UK pollutant-register facility and activity classification	2026-09-28	Open Government Licence v3.0	Selected systematically from the 2024 UK PRTR CSV by NACE prefix in 10, 11, 17, 19, 20, 21, 22. This facility-level discovery record does not establish a process-reactor inventory, reactor design, capacity, or current operating state.
uk-prtr:Wales_BJ9681IX	Essity UK Limited, Oakenholt Mill	United Kingdom	53.236300	-3.107170	UK PRTR-published facility point; positional accuracy not independently verified	NACE 17.22 — Manufacture of household and sanitary goods and of toilet requisites	NACE 17.22 — Manufacture of household and sanitary goods and of toilet requisites | UK PRTR Annex I activity 6.(b)		reported in UK PRTR for 2024; operating status not asserted	Essity UK Limited, Oakenholt Mill		source industry classification only; pollutant and waste quantities excluded	https://www.gov.uk/government/publications/download-industrial-emissions-and-waste-transfer-uk-prtr-data	official UK pollutant-register facility and activity classification	2026-09-28	Open Government Licence v3.0	Selected systematically from the 2024 UK PRTR CSV by NACE prefix in 10, 11, 17, 19, 20, 21, 22. This facility-level discovery record does not establish a process-reactor inventory, reactor design, capacity, or current operating state.
uk-prtr:Wales_BJ9703IM	Flint Paper Mill	United Kingdom	53.253700	-3.145560	UK PRTR-published facility point; positional accuracy not independently verified	NACE 17.22 — Manufacture of household and sanitary goods and of toilet requisites	NACE 17.22 — Manufacture of household and sanitary goods and of toilet requisites | UK PRTR Annex I activity 6.(b)		reported in UK PRTR for 2024; operating status not asserted	Kimberly-Clark Limited		source industry classification only; pollutant and waste quantities excluded	https://www.gov.uk/government/publications/download-industrial-emissions-and-waste-transfer-uk-prtr-data	official UK pollutant-register facility and activity classification	2026-09-28	Open Government Licence v3.0	Selected systematically from the 2024 UK PRTR CSV by NACE prefix in 10, 11, 17, 19, 20, 21, 22. This facility-level discovery record does not establish a process-reactor inventory, reactor design, capacity, or current operating state.
uk-prtr:Wales_BL2459IC	Llanwern Hydrogen Plant EPR/BL2459IC	United Kingdom	51.570800	-2.901750	UK PRTR-published facility point; positional accuracy not independently verified	NACE 20.11 — Manufacture of industrial gases	NACE 20.11 — Manufacture of industrial gases | UK PRTR Annex I activity 1.(b)		reported in UK PRTR for 2024; operating status not asserted	Air Products (BR) Limited		source industry classification only; pollutant and waste quantities excluded	https://www.gov.uk/government/publications/download-industrial-emissions-and-waste-transfer-uk-prtr-data	official UK pollutant-register facility and activity classification	2026-09-28	Open Government Licence v3.0	Selected systematically from the 2024 UK PRTR CSV by NACE prefix in 10, 11, 17, 19, 20, 21, 22. This facility-level discovery record does not establish a process-reactor inventory, reactor design, capacity, or current operating state.
uk-prtr:Wales_BL5644IK	Sensient, Felinfach Food Flavours Factory_BL5644IK	United Kingdom	52.196600	-4.169310	UK PRTR-published facility point; positional accuracy not independently verified	NACE 10.84 — Manufacture of condiments and seasonings	NACE 10.84 — Manufacture of condiments and seasonings | UK PRTR Annex I activity 8.(b).(ii)		reported in UK PRTR for 2024; operating status not asserted	Sensient Flavors Ltd		source industry classification only; pollutant and waste quantities excluded	https://www.gov.uk/government/publications/download-industrial-emissions-and-waste-transfer-uk-prtr-data	official UK pollutant-register facility and activity classification	2026-09-28	Open Government Licence v3.0	Selected systematically from the 2024 UK PRTR CSV by NACE prefix in 10, 11, 17, 19, 20, 21, 22. This facility-level discovery record does not establish a process-reactor inventory, reactor design, capacity, or current operating state.
uk-prtr:Wales_BL9941IC	South Caernarfon Creameries	United Kingdom	52.925500	-4.375060	UK PRTR-published facility point; positional accuracy not independently verified	NACE 10.51 — Operation of dairies and cheese making	NACE 10.51 — Operation of dairies and cheese making | UK PRTR Annex I activity 8.(c)		reported in UK PRTR for 2024; operating status not asserted	South Caernarfon Creameries Ltd		source industry classification only; pollutant and waste quantities excluded	https://www.gov.uk/government/publications/download-industrial-emissions-and-waste-transfer-uk-prtr-data	official UK pollutant-register facility and activity classification	2026-09-28	Open Government Licence v3.0	Selected systematically from the 2024 UK PRTR CSV by NACE prefix in 10, 11, 17, 19, 20, 21, 22. This facility-level discovery record does not establish a process-reactor inventory, reactor design, capacity, or current operating state.
uk-prtr:Wales_BR9685IX	Barry Silicon Based Manufacturing Installation EPR/BR9685IX	United Kingdom	51.408100	-3.239290	UK PRTR-published facility point; positional accuracy not independently verified	NACE 20.59 — Manufacture of other chemical products n.e.c.	NACE 20.59 — Manufacture of other chemical products n.e.c. | UK PRTR Annex I activity 4.(b)		reported in UK PRTR for 2024; operating status not asserted	Dow Silicones UK Limited		source industry classification only; pollutant and waste quantities excluded	https://www.gov.uk/government/publications/download-industrial-emissions-and-waste-transfer-uk-prtr-data	official UK pollutant-register facility and activity classification	2026-09-28	Open Government Licence v3.0	Selected systematically from the 2024 UK PRTR CSV by NACE prefix in 10, 11, 17, 19, 20, 21, 22. This facility-level discovery record does not establish a process-reactor inventory, reactor design, capacity, or current operating state.
uk-prtr:Wales_BR9715IB	Newport Chemical Complex EPR/BR9715IB	United Kingdom	51.566800	-2.962400	UK PRTR-published facility point; positional accuracy not independently verified	NACE 20.14 — Manufacture of other organic basic chemicals	NACE 20.14 — Manufacture of other organic basic chemicals | UK PRTR Annex I activity 4.(a)		reported in UK PRTR for 2024; operating status not asserted	Solutia UK Ltd		source industry classification only; pollutant and waste quantities excluded	https://www.gov.uk/government/publications/download-industrial-emissions-and-waste-transfer-uk-prtr-data	official UK pollutant-register facility and activity classification	2026-09-28	Open Government Licence v3.0	Selected systematically from the 2024 UK PRTR CSV by NACE prefix in 10, 11, 17, 19, 20, 21, 22. This facility-level discovery record does not establish a process-reactor inventory, reactor design, capacity, or current operating state.
uk-prtr:Wales_BT4885IT	Shotton Paper Mill EPR/BT4885IT	United Kingdom	53.228000	-3.053330	UK PRTR-published facility point; positional accuracy not independently verified	NACE 17.12 — Manufacture of paper and paperboard	NACE 17.12 — Manufacture of paper and paperboard | UK PRTR Annex I activity 5.(b)		reported in UK PRTR for 2024; operating status not asserted	Shotton Mill Limited		source industry classification only; pollutant and waste quantities excluded	https://www.gov.uk/government/publications/download-industrial-emissions-and-waste-transfer-uk-prtr-data	official UK pollutant-register facility and activity classification	2026-09-28	Open Government Licence v3.0	Selected systematically from the 2024 UK PRTR CSV by NACE prefix in 10, 11, 17, 19, 20, 21, 22. This facility-level discovery record does not establish a process-reactor inventory, reactor design, capacity, or current operating state.
uk-prtr:Wales_BU2110IS	Barry Silicon-Based Manufacturing Installation EPR/BU2110IS	United Kingdom	51.412400	-3.233940	UK PRTR-published facility point; positional accuracy not independently verified	NACE 20.13 — Manufacture of other inorganic basic chemicals	NACE 20.13 — Manufacture of other inorganic basic chemicals | UK PRTR Annex I activity 4.(b).(v)		reported in UK PRTR for 2024; operating status not asserted	Cabot Carbon Limited		source industry classification only; pollutant and waste quantities excluded	https://www.gov.uk/government/publications/download-industrial-emissions-and-waste-transfer-uk-prtr-data	official UK pollutant-register facility and activity classification	2026-09-28	Open Government Licence v3.0	Selected systematically from the 2024 UK PRTR CSV by NACE prefix in 10, 11, 17, 19, 20, 21, 22. This facility-level discovery record does not establish a process-reactor inventory, reactor design, capacity, or current operating state.
uk-prtr:Wales_BU2349IL	Mold Chemicals (Alyn Works) Synthite Ltd	United Kingdom	53.175500	-3.149590	UK PRTR-published facility point; positional accuracy not independently verified	NACE 20.14 — Manufacture of other organic basic chemicals	NACE 20.14 — Manufacture of other organic basic chemicals | UK PRTR Annex I activity 4.(a)		reported in UK PRTR for 2024; operating status not asserted	Synthite Limited		source industry classification only; pollutant and waste quantities excluded	https://www.gov.uk/government/publications/download-industrial-emissions-and-waste-transfer-uk-prtr-data	official UK pollutant-register facility and activity classification	2026-09-28	Open Government Licence v3.0	Selected systematically from the 2024 UK PRTR CSV by NACE prefix in 10, 11, 17, 19, 20, 21, 22. This facility-level discovery record does not establish a process-reactor inventory, reactor design, capacity, or current operating state.
uk-prtr:Wales_BU2489IT	Sofidel, Baglan Paper Mill_BU2489IT	United Kingdom	51.620600	-3.829970	UK PRTR-published facility point; positional accuracy not independently verified	NACE 17.12 — Manufacture of paper and paperboard	NACE 17.12 — Manufacture of paper and paperboard | UK PRTR Annex I activity 6.(b)		reported in UK PRTR for 2024; operating status not asserted	Sofidel UK Limited		source industry classification only; pollutant and waste quantities excluded	https://www.gov.uk/government/publications/download-industrial-emissions-and-waste-transfer-uk-prtr-data	official UK pollutant-register facility and activity classification	2026-09-28	Open Government Licence v3.0	Selected systematically from the 2024 UK PRTR CSV by NACE prefix in 10, 11, 17, 19, 20, 21, 22. This facility-level discovery record does not establish a process-reactor inventory, reactor design, capacity, or current operating state.
uk-prtr:Wales_BU7545IM	Sherwin Williams UK Limited, Deeside Packaging Coatings	United Kingdom	53.232000	-3.006990	UK PRTR-published facility point; positional accuracy not independently verified	NACE 20.30 — Manufacture of paints, varnishes and similar coatings, printing ink and mastics	NACE 20.30 — Manufacture of paints, varnishes and similar coatings, printing ink and mastics | UK PRTR Annex I activity 4.(a)		reported in UK PRTR for 2024; operating status not asserted	Sherwin Williams UK Limited		source industry classification only; pollutant and waste quantities excluded	https://www.gov.uk/government/publications/download-industrial-emissions-and-waste-transfer-uk-prtr-data	official UK pollutant-register facility and activity classification	2026-09-28	Open Government Licence v3.0	Selected systematically from the 2024 UK PRTR CSV by NACE prefix in 10, 11, 17, 19, 20, 21, 22. This facility-level discovery record does not establish a process-reactor inventory, reactor design, capacity, or current operating state.
uk-prtr:Wales_BU8002IT	Dunbia, Cross Hands Meat Processing Plant_BU8002IT	United Kingdom	51.794900	-4.075430	UK PRTR-published facility point; positional accuracy not independently verified	NACE 10.11 — Processing and preserving of meat	NACE 10.11 — Processing and preserving of meat | UK PRTR Annex I activity 8.(b).(i)		reported in UK PRTR for 2024; operating status not asserted	Dunbia (UK)		source industry classification only; pollutant and waste quantities excluded	https://www.gov.uk/government/publications/download-industrial-emissions-and-waste-transfer-uk-prtr-data	official UK pollutant-register facility and activity classification	2026-09-28	Open Government Licence v3.0	Selected systematically from the 2024 UK PRTR CSV by NACE prefix in 10, 11, 17, 19, 20, 21, 22. This facility-level discovery record does not establish a process-reactor inventory, reactor design, capacity, or current operating state.
uk-prtr:Wales_BV4177IS	Volac Felinfach_BV4177IS	United Kingdom	52.197600	-4.168780	UK PRTR-published facility point; positional accuracy not independently verified	NACE 10.51 — Operation of dairies and cheese making	NACE 10.51 — Operation of dairies and cheese making | UK PRTR Annex I activity 8.(b)		reported in UK PRTR for 2024; operating status not asserted	Volac Whey Nutrition Limited		source industry classification only; pollutant and waste quantities excluded	https://www.gov.uk/government/publications/download-industrial-emissions-and-waste-transfer-uk-prtr-data	official UK pollutant-register facility and activity classification	2026-09-28	Open Government Licence v3.0	Selected systematically from the 2024 UK PRTR CSV by NACE prefix in 10, 11, 17, 19, 20, 21, 22. This facility-level discovery record does not establish a process-reactor inventory, reactor design, capacity, or current operating state.
uk-prtr:Wales_BV4223IE	Huntsman Corporation Uk Ltd , Bynea Organic Chemicals	United Kingdom	51.669100	-4.091220	UK PRTR-published facility point; positional accuracy not independently verified	NACE 20.14 — Manufacture of other organic basic chemicals	NACE 20.14 — Manufacture of other organic basic chemicals | UK PRTR Annex I activity 4.(a).(iv)		reported in UK PRTR for 2024; operating status not asserted	Huntsman Corporation (UK) Ltd		source industry classification only; pollutant and waste quantities excluded	https://www.gov.uk/government/publications/download-industrial-emissions-and-waste-transfer-uk-prtr-data	official UK pollutant-register facility and activity classification	2026-09-28	Open Government Licence v3.0	Selected systematically from the 2024 UK PRTR CSV by NACE prefix in 10, 11, 17, 19, 20, 21, 22. This facility-level discovery record does not establish a process-reactor inventory, reactor design, capacity, or current operating state.
uk-prtr:Wales_BV8016ID	Kellogg Company Of Great Britain Ltd , Wrexham, Breakfast Cereals	United Kingdom	53.048200	-2.914080	UK PRTR-published facility point; positional accuracy not independently verified	NACE 10.61 — Manufacture of grain mill products	NACE 10.61 — Manufacture of grain mill products | UK PRTR Annex I activity 8.(b).(ii)		reported in UK PRTR for 2024; operating status not asserted	Kellogg Company of Great Britain Ltd		source industry classification only; pollutant and waste quantities excluded	https://www.gov.uk/government/publications/download-industrial-emissions-and-waste-transfer-uk-prtr-data	official UK pollutant-register facility and activity classification	2026-09-28	Open Government Licence v3.0	Selected systematically from the 2024 UK PRTR CSV by NACE prefix in 10, 11, 17, 19, 20, 21, 22. This facility-level discovery record does not establish a process-reactor inventory, reactor design, capacity, or current operating state.
uk-prtr:Wales_BV8024IW	Leprino Foods Limited, Llangefni	United Kingdom	53.248700	-4.312730	UK PRTR-published facility point; positional accuracy not independently verified	NACE 10.51 — Operation of dairies and cheese making	NACE 10.51 — Operation of dairies and cheese making | UK PRTR Annex I activity 8.(c)		reported in UK PRTR for 2024; operating status not asserted	Leprino Foods Ltd		source industry classification only; pollutant and waste quantities excluded	https://www.gov.uk/government/publications/download-industrial-emissions-and-waste-transfer-uk-prtr-data	official UK pollutant-register facility and activity classification	2026-09-28	Open Government Licence v3.0	Selected systematically from the 2024 UK PRTR CSV by NACE prefix in 10, 11, 17, 19, 20, 21, 22. This facility-level discovery record does not establish a process-reactor inventory, reactor design, capacity, or current operating state.
uk-prtr:Wales_BV9667IV	ForFarmers (UK) Ltd - Carmarthen	United Kingdom	51.847300	-4.332220	UK PRTR-published facility point; positional accuracy not independently verified	NACE 10.91 — Manufacture of prepared feeds for farm animals	NACE 10.91 — Manufacture of prepared feeds for farm animals | UK PRTR Annex I activity 8.(b).(ii)		reported in UK PRTR for 2024; operating status not asserted	ForFarmers UK Limited		source industry classification only; pollutant and waste quantities excluded	https://www.gov.uk/government/publications/download-industrial-emissions-and-waste-transfer-uk-prtr-data	official UK pollutant-register facility and activity classification	2026-09-28	Open Government Licence v3.0	Selected systematically from the 2024 UK PRTR CSV by NACE prefix in 10, 11, 17, 19, 20, 21, 22. This facility-level discovery record does not establish a process-reactor inventory, reactor design, capacity, or current operating state.
uk-prtr:Wales_BV9683IH	Dunbia (UK), Teifi Park Abattoir And Meat Processing Plant	United Kingdom	52.078400	-4.151170	UK PRTR-published facility point; positional accuracy not independently verified	NACE 10.11 — Processing and preserving of meat	NACE 10.11 — Processing and preserving of meat | UK PRTR Annex I activity 8.(a)		reported in UK PRTR for 2024; operating status not asserted	Dunbia (UK)		source industry classification only; pollutant and waste quantities excluded	https://www.gov.uk/government/publications/download-industrial-emissions-and-waste-transfer-uk-prtr-data	official UK pollutant-register facility and activity classification	2026-09-28	Open Government Licence v3.0	Selected systematically from the 2024 UK PRTR CSV by NACE prefix in 10, 11, 17, 19, 20, 21, 22. This facility-level discovery record does not establish a process-reactor inventory, reactor design, capacity, or current operating state.
uk-prtr:Wales_BV9713IU	BOC, Margam Gases_BV9713IU	United Kingdom	51.560300	-3.747060	UK PRTR-published facility point; positional accuracy not independently verified	NACE 20.11 — Manufacture of industrial gases	NACE 20.11 — Manufacture of industrial gases | UK PRTR Annex I activity 4.(a).(i)		reported in UK PRTR for 2024; operating status not asserted	BOC Limited		source industry classification only; pollutant and waste quantities excluded	https://www.gov.uk/government/publications/download-industrial-emissions-and-waste-transfer-uk-prtr-data	official UK pollutant-register facility and activity classification	2026-09-28	Open Government Licence v3.0	Selected systematically from the 2024 UK PRTR CSV by NACE prefix in 10, 11, 17, 19, 20, 21, 22. This facility-level discovery record does not establish a process-reactor inventory, reactor design, capacity, or current operating state.
uk-prtr:Wales_BX7282IS	Magor Brewery EPR/BX7282IS	United Kingdom	51.584200	-2.844280	UK PRTR-published facility point; positional accuracy not independently verified	NACE 11.05 — Manufacture of beer	NACE 11.05 — Manufacture of beer | UK PRTR Annex I activity 8.(b)		reported in UK PRTR for 2024; operating status not asserted	AB-Inbev Uk Ltd.		source industry classification only; pollutant and waste quantities excluded	https://www.gov.uk/government/publications/download-industrial-emissions-and-waste-transfer-uk-prtr-data	official UK pollutant-register facility and activity classification	2026-09-28	Open Government Licence v3.0	Selected systematically from the 2024 UK PRTR CSV by NACE prefix in 10, 11, 17, 19, 20, 21, 22. This facility-level discovery record does not establish a process-reactor inventory, reactor design, capacity, or current operating state.
uk-prtr:Wales_BX8289IW	Princes - Cardiff EPR/BX8289IW	United Kingdom	51.475600	-3.152280	UK PRTR-published facility point; positional accuracy not independently verified	NACE 10.32 — Manufacture of fruit and vegetable juice	NACE 10.32 — Manufacture of fruit and vegetable juice | UK PRTR Annex I activity 8.(b).(ii)		reported in UK PRTR for 2024; operating status not asserted	Princes Ltd		source industry classification only; pollutant and waste quantities excluded	https://www.gov.uk/government/publications/download-industrial-emissions-and-waste-transfer-uk-prtr-data	official UK pollutant-register facility and activity classification	2026-09-28	Open Government Licence v3.0	Selected systematically from the 2024 UK PRTR CSV by NACE prefix in 10, 11, 17, 19, 20, 21, 22. This facility-level discovery record does not establish a process-reactor inventory, reactor design, capacity, or current operating state.
uk-prtr:Wales_CB3091HY	Llangadog Pet Foods Plant_CB3091HY	United Kingdom	51.940070	-3.895830	UK PRTR-published facility point; positional accuracy not independently verified	NACE 10.92 — Manufacture of prepared pet foods	NACE 10.92 — Manufacture of prepared pet foods | UK PRTR Annex I activity 8.(b)		reported in UK PRTR for 2024; operating status not asserted	United Petfood UK Ltd		source industry classification only; pollutant and waste quantities excluded	https://www.gov.uk/government/publications/download-industrial-emissions-and-waste-transfer-uk-prtr-data	official UK pollutant-register facility and activity classification	2026-09-28	Open Government Licence v3.0	Selected systematically from the 2024 UK PRTR CSV by NACE prefix in 10, 11, 17, 19, 20, 21, 22. This facility-level discovery record does not establish a process-reactor inventory, reactor design, capacity, or current operating state.
uk-prtr:Wales_CB3092CA	MicroPharm Limited_CB3092CA	United Kingdom	52.053190	-4.621930	UK PRTR-published facility point; positional accuracy not independently verified	NACE 21.20 — Manufacture of pharmaceutical preparations	NACE 21.20 — Manufacture of pharmaceutical preparations | UK PRTR Annex I activity 4.(e)		reported in UK PRTR for 2024; operating status not asserted	MicroPharm Limited		source industry classification only; pollutant and waste quantities excluded	https://www.gov.uk/government/publications/download-industrial-emissions-and-waste-transfer-uk-prtr-data	official UK pollutant-register facility and activity classification	2026-09-28	Open Government Licence v3.0	Selected systematically from the 2024 UK PRTR CSV by NACE prefix in 10, 11, 17, 19, 20, 21, 22. This facility-level discovery record does not establish a process-reactor inventory, reactor design, capacity, or current operating state.
uk-prtr:Wales_DP3030ZC	PB Gelatins UK Limited, Treforest Industrial Estate	United Kingdom	51.573600	-3.298320	UK PRTR-published facility point; positional accuracy not independently verified	NACE 10.89 — Manufacture of other food products n.e.c.	NACE 10.89 — Manufacture of other food products n.e.c. | UK PRTR Annex I activity 8.(b)		reported in UK PRTR for 2024; operating status not asserted	P B Gelatins U.K. Limited		source industry classification only; pollutant and waste quantities excluded	https://www.gov.uk/government/publications/download-industrial-emissions-and-waste-transfer-uk-prtr-data	official UK pollutant-register facility and activity classification	2026-09-28	Open Government Licence v3.0	Selected systematically from the 2024 UK PRTR CSV by NACE prefix in 10, 11, 17, 19, 20, 21, 22. This facility-level discovery record does not establish a process-reactor inventory, reactor design, capacity, or current operating state.
uk-prtr:Wales_DP3832EF	Biotage GB Limited, Unit C IST House	United Kingdom	51.628000	-3.232580	UK PRTR-published facility point; positional accuracy not independently verified	NACE 20.59 — Manufacture of other chemical products n.e.c.	NACE 20.59 — Manufacture of other chemical products n.e.c. | UK PRTR Annex I activity 4.(b)		reported in UK PRTR for 2024; operating status not asserted	Biotage GB Ltd.		source industry classification only; pollutant and waste quantities excluded	https://www.gov.uk/government/publications/download-industrial-emissions-and-waste-transfer-uk-prtr-data	official UK pollutant-register facility and activity classification	2026-09-28	Open Government Licence v3.0	Selected systematically from the 2024 UK PRTR CSV by NACE prefix in 10, 11, 17, 19, 20, 21, 22. This facility-level discovery record does not establish a process-reactor inventory, reactor design, capacity, or current operating state.
uk-prtr:Wales_EP3738NG	Bridgend Paper Mill EPR/EP3738NG	United Kingdom	51.571900	-3.620220	UK PRTR-published facility point; positional accuracy not independently verified	NACE 17.22 — Manufacture of household and sanitary goods and of toilet requisites	NACE 17.22 — Manufacture of household and sanitary goods and of toilet requisites | UK PRTR Annex I activity 6.(b)		reported in UK PRTR for 2024; operating status not asserted	WEPA UK Limited		source industry classification only; pollutant and waste quantities excluded	https://www.gov.uk/government/publications/download-industrial-emissions-and-waste-transfer-uk-prtr-data	official UK pollutant-register facility and activity classification	2026-09-28	Open Government Licence v3.0	Selected systematically from the 2024 UK PRTR CSV by NACE prefix in 10, 11, 17, 19, 20, 21, 22. This facility-level discovery record does not establish a process-reactor inventory, reactor design, capacity, or current operating state.
uk-prtr:Wales_FP3031CW	FMC Agro Limited	United Kingdom	53.201700	-3.007980	UK PRTR-published facility point; positional accuracy not independently verified	NACE 20.13 — Manufacture of other inorganic basic chemicals	NACE 20.13 — Manufacture of other inorganic basic chemicals | UK PRTR Annex I activity 4.(b).(iv)		reported in UK PRTR for 2024; operating status not asserted	FMC Agro Limited		source industry classification only; pollutant and waste quantities excluded	https://www.gov.uk/government/publications/download-industrial-emissions-and-waste-transfer-uk-prtr-data	official UK pollutant-register facility and activity classification	2026-09-28	Open Government Licence v3.0	Selected systematically from the 2024 UK PRTR CSV by NACE prefix in 10, 11, 17, 19, 20, 21, 22. This facility-level discovery record does not establish a process-reactor inventory, reactor design, capacity, or current operating state.
uk-prtr:Wales_GP3235GH	Randall Parker Foods Ltd	United Kingdom	52.457100	-3.480180	UK PRTR-published facility point; positional accuracy not independently verified	NACE 10.11 — Processing and preserving of meat	NACE 10.11 — Processing and preserving of meat | UK PRTR Annex I activity 8.(a)		reported in UK PRTR for 2024; operating status not asserted	Randall Parker Foods Limited		source industry classification only; pollutant and waste quantities excluded	https://www.gov.uk/government/publications/download-industrial-emissions-and-waste-transfer-uk-prtr-data	official UK pollutant-register facility and activity classification	2026-09-28	Open Government Licence v3.0	Selected systematically from the 2024 UK PRTR CSV by NACE prefix in 10, 11, 17, 19, 20, 21, 22. This facility-level discovery record does not establish a process-reactor inventory, reactor design, capacity, or current operating state.
uk-prtr:Wales_NP3099FS	Gellihirion Hazardous Waste Reclamation and Storage Facility EPR/NP3099FS	United Kingdom	51.580900	-3.293550	UK PRTR-published facility point; positional accuracy not independently verified	NACE 20.59 — Manufacture of other chemical products n.e.c.	NACE 20.59 — Manufacture of other chemical products n.e.c. | UK PRTR Annex I activity 4.(a).(vi)		reported in UK PRTR for 2024; operating status not asserted	Harp International Limited		source industry classification only; pollutant and waste quantities excluded	https://www.gov.uk/government/publications/download-industrial-emissions-and-waste-transfer-uk-prtr-data	official UK pollutant-register facility and activity classification	2026-09-28	Open Government Licence v3.0	Selected systematically from the 2024 UK PRTR CSV by NACE prefix in 10, 11, 17, 19, 20, 21, 22. This facility-level discovery record does not establish a process-reactor inventory, reactor design, capacity, or current operating state.
uk-prtr:Wales_NP3433BC	Convatec Ltd, Gelling Fibre Plant EPR/NP3433BC	United Kingdom	51.766600	-3.296770	UK PRTR-published facility point; positional accuracy not independently verified	NACE 21.10 — Manufacture of basic pharmaceutical products	NACE 21.10 — Manufacture of basic pharmaceutical products | UK PRTR Annex I activity 9.(a)		reported in UK PRTR for 2024; operating status not asserted	ConvaTec Ltd		source industry classification only; pollutant and waste quantities excluded	https://www.gov.uk/government/publications/download-industrial-emissions-and-waste-transfer-uk-prtr-data	official UK pollutant-register facility and activity classification	2026-09-28	Open Government Licence v3.0	Selected systematically from the 2024 UK PRTR CSV by NACE prefix in 10, 11, 17, 19, 20, 21, 22. This facility-level discovery record does not establish a process-reactor inventory, reactor design, capacity, or current operating state.
uk-prtr:Wales_PP3238LX	Barry Thermosets Plant EPR/PP3238LX	United Kingdom	51.407300	-3.230640	UK PRTR-published facility point; positional accuracy not independently verified	NACE 20.14 — Manufacture of other organic basic chemicals	NACE 20.14 — Manufacture of other organic basic chemicals | UK PRTR Annex I activity 4.(a)		reported in UK PRTR for 2024; operating status not asserted	Bakelite Synthetics UK Limited		source industry classification only; pollutant and waste quantities excluded	https://www.gov.uk/government/publications/download-industrial-emissions-and-waste-transfer-uk-prtr-data	official UK pollutant-register facility and activity classification	2026-09-28	Open Government Licence v3.0	Selected systematically from the 2024 UK PRTR CSV by NACE prefix in 10, 11, 17, 19, 20, 21, 22. This facility-level discovery record does not establish a process-reactor inventory, reactor design, capacity, or current operating state.
uk-prtr:Wales_QP3033LW	Valero, Pembroke Refinery_QP3033LW	United Kingdom	51.686700	-5.027870	UK PRTR-published facility point; positional accuracy not independently verified	NACE 19.20 — Manufacture of refined petroleum products	NACE 19.20 — Manufacture of refined petroleum products | UK PRTR Annex I activity 1.(a)		reported in UK PRTR for 2024; operating status not asserted	VALERO ENERGY LTD		source industry classification only; pollutant and waste quantities excluded	https://www.gov.uk/government/publications/download-industrial-emissions-and-waste-transfer-uk-prtr-data	official UK pollutant-register facility and activity classification	2026-09-28	Open Government Licence v3.0	Selected systematically from the 2024 UK PRTR CSV by NACE prefix in 10, 11, 17, 19, 20, 21, 22. This facility-level discovery record does not establish a process-reactor inventory, reactor design, capacity, or current operating state.
uk-prtr:Wales_SP3030LZ	Wrexham Pharmaceutical Works	United Kingdom	53.049000	-2.926330	UK PRTR-published facility point; positional accuracy not independently verified	NACE 21.10 — Manufacture of basic pharmaceutical products	NACE 21.10 — Manufacture of basic pharmaceutical products | UK PRTR Annex I activity 4.(e)		reported in UK PRTR for 2024; operating status not asserted	Ipsen Biopharm Ltd		source industry classification only; pollutant and waste quantities excluded	https://www.gov.uk/government/publications/download-industrial-emissions-and-waste-transfer-uk-prtr-data	official UK pollutant-register facility and activity classification	2026-09-28	Open Government Licence v3.0	Selected systematically from the 2024 UK PRTR CSV by NACE prefix in 10, 11, 17, 19, 20, 21, 22. This facility-level discovery record does not establish a process-reactor inventory, reactor design, capacity, or current operating state.
uk-prtr:Wales_SP3338LF	Protherics UK Limited, Pharmaceutical Plant Blaenwaun_SP3338LF	United Kingdom	52.092200	-4.385130	UK PRTR-published facility point; positional accuracy not independently verified	NACE 21.10 — Manufacture of basic pharmaceutical products	NACE 21.10 — Manufacture of basic pharmaceutical products | UK PRTR Annex I activity 4.(e)		reported in UK PRTR for 2024; operating status not asserted	Protherics UK Limited		source industry classification only; pollutant and waste quantities excluded	https://www.gov.uk/government/publications/download-industrial-emissions-and-waste-transfer-uk-prtr-data	official UK pollutant-register facility and activity classification	2026-09-28	Open Government Licence v3.0	Selected systematically from the 2024 UK PRTR CSV by NACE prefix in 10, 11, 17, 19, 20, 21, 22. This facility-level discovery record does not establish a process-reactor inventory, reactor design, capacity, or current operating state.
uk-prtr:Wales_SP3635CS	Peter's Food Service Limited, Bedwas House Industrial Estate	United Kingdom	51.590500	-3.206000	UK PRTR-published facility point; positional accuracy not independently verified	NACE 10.13 — Production of meat and poultry meat products	NACE 10.13 — Production of meat and poultry meat products | UK PRTR Annex I activity 8.(b).(i)		reported in UK PRTR for 2024; operating status not asserted	Peter's Food Service Limited		source industry classification only; pollutant and waste quantities excluded	https://www.gov.uk/government/publications/download-industrial-emissions-and-waste-transfer-uk-prtr-data	official UK pollutant-register facility and activity classification	2026-09-28	Open Government Licence v3.0	Selected systematically from the 2024 UK PRTR CSV by NACE prefix in 10, 11, 17, 19, 20, 21, 22. This facility-level discovery record does not establish a process-reactor inventory, reactor design, capacity, or current operating state.
uk-prtr:Wales_UP3237CP	RF Brookes EPR/UP3237CP	United Kingdom	51.599200	-3.083790	UK PRTR-published facility point; positional accuracy not independently verified	NACE 10.85 — Manufacture of prepared meals and dishes	NACE 10.85 — Manufacture of prepared meals and dishes | UK PRTR Annex I activity 8.(b).(i)		reported in UK PRTR for 2024; operating status not asserted	Solway Foods Limited		source industry classification only; pollutant and waste quantities excluded	https://www.gov.uk/government/publications/download-industrial-emissions-and-waste-transfer-uk-prtr-data	official UK pollutant-register facility and activity classification	2026-09-28	Open Government Licence v3.0	Selected systematically from the 2024 UK PRTR CSV by NACE prefix in 10, 11, 17, 19, 20, 21, 22. This facility-level discovery record does not establish a process-reactor inventory, reactor design, capacity, or current operating state.
uk-prtr:Wales_UP3831ES	MOLD CHEMICALS (ALYN WORKS) TS Resins	United Kingdom	53.174700	-3.148540	UK PRTR-published facility point; positional accuracy not independently verified	NACE 20.16 — Manufacture of plastics in primary forms	NACE 20.16 — Manufacture of plastics in primary forms | UK PRTR Annex I activity 4.(a).(viii)		reported in UK PRTR for 2024; operating status not asserted	T S Resins Limited		source industry classification only; pollutant and waste quantities excluded	https://www.gov.uk/government/publications/download-industrial-emissions-and-waste-transfer-uk-prtr-data	official UK pollutant-register facility and activity classification	2026-09-28	Open Government Licence v3.0	Selected systematically from the 2024 UK PRTR CSV by NACE prefix in 10, 11, 17, 19, 20, 21, 22. This facility-level discovery record does not establish a process-reactor inventory, reactor design, capacity, or current operating state.
uk-prtr:Wales_VP3235HS	Unit 105/106	United Kingdom	53.236300	-3.023420	UK PRTR-published facility point; positional accuracy not independently verified	NACE 10.13 — Production of meat and poultry meat products	NACE 10.13 — Production of meat and poultry meat products | UK PRTR Annex I activity 8.(b).(i)		reported in UK PRTR for 2024; operating status not asserted	Farmers Boy (Deeside) Ltd		source industry classification only; pollutant and waste quantities excluded	https://www.gov.uk/government/publications/download-industrial-emissions-and-waste-transfer-uk-prtr-data	official UK pollutant-register facility and activity classification	2026-09-28	Open Government Licence v3.0	Selected systematically from the 2024 UK PRTR CSV by NACE prefix in 10, 11, 17, 19, 20, 21, 22. This facility-level discovery record does not establish a process-reactor inventory, reactor design, capacity, or current operating state.
uk-prtr:Wales_VP3635SY	Viscose Closures Ltd, Cellulose Extrusion Plant_VP3635SY	United Kingdom	51.659000	-3.919570	UK PRTR-published facility point; positional accuracy not independently verified	NACE 20.59 — Manufacture of other chemical products n.e.c.	NACE 20.59 — Manufacture of other chemical products n.e.c. | UK PRTR Annex I activity 4.(b)		reported in UK PRTR for 2024; operating status not asserted	Viscose Closures Ltd		source industry classification only; pollutant and waste quantities excluded	https://www.gov.uk/government/publications/download-industrial-emissions-and-waste-transfer-uk-prtr-data	official UK pollutant-register facility and activity classification	2026-09-28	Open Government Licence v3.0	Selected systematically from the 2024 UK PRTR CSV by NACE prefix in 10, 11, 17, 19, 20, 21, 22. This facility-level discovery record does not establish a process-reactor inventory, reactor design, capacity, or current operating state.
uk-prtr:Wales_VP3736EF	The BOC Group Ltd, Newport Steam Reforming Plant EPR/VP3736EF	United Kingdom	51.564300	-2.962930	UK PRTR-published facility point; positional accuracy not independently verified	NACE 20.11 — Manufacture of industrial gases	NACE 20.11 — Manufacture of industrial gases | UK PRTR Annex I activity 4.(a).(i)		reported in UK PRTR for 2024; operating status not asserted	The BOC Group Limited		source industry classification only; pollutant and waste quantities excluded	https://www.gov.uk/government/publications/download-industrial-emissions-and-waste-transfer-uk-prtr-data	official UK pollutant-register facility and activity classification	2026-09-28	Open Government Licence v3.0	Selected systematically from the 2024 UK PRTR CSV by NACE prefix in 10, 11, 17, 19, 20, 21, 22. This facility-level discovery record does not establish a process-reactor inventory, reactor design, capacity, or current operating state.
uk-prtr:Wales_WP3534GX	Oscar Mayer, Wrexham (Rowan Foods)	United Kingdom	53.044600	-2.924750	UK PRTR-published facility point; positional accuracy not independently verified	NACE 10.85 — Manufacture of prepared meals and dishes	NACE 10.85 — Manufacture of prepared meals and dishes | UK PRTR Annex I activity 8.(b)		reported in UK PRTR for 2024; operating status not asserted	Oscar Mayer Limited		source industry classification only; pollutant and waste quantities excluded	https://www.gov.uk/government/publications/download-industrial-emissions-and-waste-transfer-uk-prtr-data	official UK pollutant-register facility and activity classification	2026-09-28	Open Government Licence v3.0	Selected systematically from the 2024 UK PRTR CSV by NACE prefix in 10, 11, 17, 19, 20, 21, 22. This facility-level discovery record does not establish a process-reactor inventory, reactor design, capacity, or current operating state.
uk-prtr:Wales_WP3938SH	Llansantffraid Mill	United Kingdom	52.774200	-3.156180	UK PRTR-published facility point; positional accuracy not independently verified	NACE 10.91 — Manufacture of prepared feeds for farm animals	NACE 10.91 — Manufacture of prepared feeds for farm animals | UK PRTR Annex I activity 8.(b).(ii)		reported in UK PRTR for 2024; operating status not asserted	Wynnstay Group Plc		source industry classification only; pollutant and waste quantities excluded	https://www.gov.uk/government/publications/download-industrial-emissions-and-waste-transfer-uk-prtr-data	official UK pollutant-register facility and activity classification	2026-09-28	Open Government Licence v3.0	Selected systematically from the 2024 UK PRTR CSV by NACE prefix in 10, 11, 17, 19, 20, 21, 22. This facility-level discovery record does not establish a process-reactor inventory, reactor design, capacity, or current operating state.
uk-prtr:Wales_YP3632EM	2SFG Sandycroft	United Kingdom	53.199400	-3.007270	UK PRTR-published facility point; positional accuracy not independently verified	NACE 10.12 — Processing and preserving of poultry meat	NACE 10.12 — Processing and preserving of poultry meat | UK PRTR Annex I activity 8.(a)		reported in UK PRTR for 2024; operating status not asserted	2 Sisters Food Group Limited		source industry classification only; pollutant and waste quantities excluded	https://www.gov.uk/government/publications/download-industrial-emissions-and-waste-transfer-uk-prtr-data	official UK pollutant-register facility and activity classification	2026-09-28	Open Government Licence v3.0	Selected systematically from the 2024 UK PRTR CSV by NACE prefix in 10, 11, 17, 19, 20, 21, 22. This facility-level discovery record does not establish a process-reactor inventory, reactor design, capacity, or current operating state.
