source	source_record_id	reporting_year	facility_name	operator	country	lat	lon	nace_code	nace_label	annex_i_activity_code
uk-prtr	E138_770	2024	ALFAPLAS LTD	ALFAPLAS	United Kingdom	52.036100	-2.692870	22.22	Manufacture of plastic packing goods	9.(c)
uk-prtr	E218_319	2024	Constantia FFP Ltd	Constantia FFP Ltd	United Kingdom	52.279500	-0.873153	22.22	Manufacture of plastic packing goods	9.(c)
uk-prtr	E362_222	2024	Amcor Flexibles Evesham	Amcor Flexibles Europe Middle East and Africa (AFEMEA)	United Kingdom	52.080300	-1.949390	22.22	Manufacture of plastic packing goods	9.(c)
uk-prtr	E372_51	2024	MacDermid Autotype Ltd.	Element Soluitons Inc	United Kingdom	51.596600	-1.423840	22.29	Manufacture of other plastic products	9.(c)
uk-prtr	E375_517	2024	Avery Dennison Label and Packaging Material Europe Cramlington	Avery Dennison Roll Materials Worlwide	United Kingdom	55.096500	-1.599220	20.52	Manufacture of glues	9.(c)
uk-prtr	E3_100	2024	Amcor Flexibles Cumbria	Amcor Packaging UK limited	United Kingdom	54.624814	-3.551674	22.22	Manufacture of plastic packing goods	9.(c)
uk-prtr	E3_101	2024	Innovia Films	Innovia Films Limited	United Kingdom	54.826722	-3.163205	22.22	Manufacture of plastic packing goods	9.(c)
uk-prtr	E3_102	2024	CCL Secure Limited	CCL Industries	United Kingdom	54.826919	-3.168741	22.29	Manufacture of other plastic products	9.(c)
uk-prtr	EW_EA-10001	2024	Runcorn Sulphuric Acid Complex - EPR/KP3634WC	INOVYN CHLORVINYLS LIMITED	United Kingdom	53.319074	-2.749030	20.13	Manufacture of other inorganic basic chemicals	4.(a)
uk-prtr	EW_EA-10005	2024	South Quay Coated Factory EPR/BT3552IW	YOUNG'S SEAFOOD LIMITED	United Kingdom	53.576349	-0.060420	10.20	Processing and preserving of fish, crustaceans and molluscs	8.(b)
uk-prtr	EW_EA-10010	2024	Polymer Manufacturer, Kings Lynn EPR/RP3938LJ	PIL MEMBRANES LIMITED	United Kingdom	52.769640	0.388287	20.59	Manufacture of other chemical products n.e.c.	4.(a)
uk-prtr	EW_EA-10012	2024	Orchard Mill	PERSPEX INTERNATIONAL LIMITED	United Kingdom	53.694967	-2.468238	20.16	Manufacture of plastics in primary forms	4.(a)
uk-prtr	EW_EA-10090	2024	Killingworth Solvent Recovery EPR/WP3434LT	ENTEK INTERNATIONAL LIMITED	United Kingdom	55.043338	-1.587615	22.29	Manufacture of other plastic products	5.(a)
uk-prtr	EW_EA-10092	2024	Craven Arms Abattoir EPR/EP3233UA	EURO QUALITY LAMBS LIMITED	United Kingdom	52.440247	-2.830685	10.11	Processing and preserving of meat	8.(a)
uk-prtr	EW_EA-10111	2024	Highbury Heath Poultry Processing EPR/UP3237UA	HIGHBURY POULTRY FARM PRODUCE LIMITED	United Kingdom	52.914024	-2.657106	10.13	Production of meat and poultry meat products	8.(a)
uk-prtr	EW_EA-10126	2024	PAX Plant	KEMIRA CHEMICALS (UK) LIMITED	United Kingdom	53.284786	-2.873527	20.13	Manufacture of other inorganic basic chemicals	4.(b)
uk-prtr	EW_EA-10140	2024	Nottingham Gateside Road Pizza Products - EPR/WP3331UH	NORTHERN FOODS LIMITED	United Kingdom	52.938143	-1.161065	10.89	Manufacture of other food products n.e.c.	8.(b)
uk-prtr	EW_EA-10149	2024	Bridgwater Dairy EPR/BP3635EF	MULLER UK & IRELAND GROUP LLP	United Kingdom	51.101644	-3.000700	10.51	Operation of dairies and cheese making	8.(c)
uk-prtr	EW_EA-10152	2024	Christian Salvesen Foods, Hull EPR/CP3438GV	GXO Logistics UK Limited	United Kingdom	53.729359	-0.375063	10.39	Other processing and preserving of fruit and vegetables	8.(b)
uk-prtr	EW_EA-10168	2024	Whinbank Surfactant Manufacture - EPR/VP3534UR	TECHWAX LIMITED	United Kingdom	54.605478	-1.576414	20.59	Manufacture of other chemical products n.e.c.	4.(a)
uk-prtr	EW_EA-10174	2024	Prax Lindsey Oil Refinery EPR/TP3633NH	PRAX LINDSEY OIL REFINERY LIMITED	United Kingdom	53.639874	-0.257035	19.20	Manufacture of refined petroleum products	1.(b)
uk-prtr	EW_EA-10190	2024	Cannington Creamery EPR/LP3738XP/V002	YEO VALLEY FARMS (PRODUCTION) LIMITED	United Kingdom	51.144418	-3.074962	10.51	Operation of dairies and cheese making	8.(c)
uk-prtr	EW_EA-10198	2024	WILTON POLYURETHANES	HUNTSMAN POLYURETHANES (UK) LIMITED	United Kingdom	54.592682	-1.119381	20.14	Manufacture of other organic basic chemicals	4.(a)
uk-prtr	EW_EA-10250	2024	Airedale Mills EPR/RP3238SE	AIREDALE CHEMICAL COMPANY LIMITED	United Kingdom	53.904131	-1.984591	20.41	Manufacture of soap and detergents, cleaning and polishing preparations	4.(a)
uk-prtr	EW_EA-10282	2024	Wombwell Food Processing Facility EPR/TP3834XS	CRANSWICK COUNTRY FOODS PLC	United Kingdom	53.517385	-1.379665	10.13	Production of meat and poultry meat products	8.(b)
uk-prtr	EW_EA-10284	2024	Dunbia (Carnaby) EPR/LP3830BC	DUNBIA (UK)	United Kingdom	54.058889	-0.265360	10.11	Processing and preserving of meat	8.(a)
uk-prtr	EW_EA-10286	2024	Leyland Food Factory - EPR/FP3538GY	DR. OETKER (UK) LIMITED	United Kingdom	53.701514	-2.723694	10.85	Manufacture of prepared meals and dishes	8.(b)
uk-prtr	EW_EA-10288	2024	Milton Keynes Surfactant Manufacturing Site - EPR/BP3436LV	2M MANUFACTURING LIMITED	United Kingdom	52.038372	-0.685231	20.41	Manufacture of soap and detergents, cleaning and polishing preparations	4.(a)
uk-prtr	EW_EA-10291	2024	20 Grosvenor Grange EPR/BO2226IU	GREENCORE PREPARED MEALS LIMITED	United Kingdom	53.407187	-2.545698	10.85	Manufacture of prepared meals and dishes	8.(b)
uk-prtr	EW_EA-10326	2024	Golden Hillock Road Chemicals EPR/VP3531XV	MACDERMID PERFORMANCE SOLUTIONS UK LIMITED	United Kingdom	52.461961	-1.858663	20.59	Manufacture of other chemical products n.e.c.	4.(b)
uk-prtr	EW_EA-10329	2024	Fengate Dairy	MEADOW FOODS LIMITED	United Kingdom	52.571793	-0.211449	10.51	Operation of dairies and cheese making	8.(b)
uk-prtr	EW_EA-10337	2024	Commercial Albumin Production Plant EPR/RP3137SF	Sartorius Albumedix Limited	United Kingdom	52.945031	-1.143669	21.10	Manufacture of basic pharmaceutical products	4.(e)
uk-prtr	EW_EA-10346	2024	Saddlebow Paper Mill EPR/FP3132UE	PALM PAPER LIMITED	United Kingdom	52.733809	0.386031	17.12	Manufacture of paper and paperboard	6.(a)
uk-prtr	EW_EA-10349	2024	Accolade Park EPR/AP3130GV	ENCIRC LIMITED	United Kingdom	51.517257	-2.688686	11.02	Manufacture of wine from grape	8.(b)
uk-prtr	EW_EA-10388	2024	Baronet Road Chemicals EPR/BS3824IJ	SOLVAY INTEROX LIMITED	United Kingdom	53.370504	-2.603543	20.13	Manufacture of other inorganic basic chemicals	4.(b)
uk-prtr	EW_EA-10390	2024	Saltend Site	INEOS MANUFACTURING (HULL) LIMITED	United Kingdom	53.737054	-0.238916	20.14	Manufacture of other organic basic chemicals	4.(a)
uk-prtr	EW_EA-1049	2024	Burnley House, Leeds EPR/BJ6194IP	ECHEM LIMITED	United Kingdom	53.802435	-1.571791	20.59	Manufacture of other chemical products n.e.c.	4.(a)
uk-prtr	EW_EA-1055	2024	Urlay Nook - EPR/BL2025IW	Elementis Eaglescliffe Limited	United Kingdom	54.525413	-1.321690	20.13	Manufacture of other inorganic basic chemicals	4.(b)
uk-prtr	EW_EA-1059	2024	Elanco AH UK Limited	TRIRX SPEKE LIMITED	United Kingdom	53.354695	-2.852270	21.10	Manufacture of basic pharmaceutical products	1.(c)
uk-prtr	EW_EA-1063	2024	Low March Speciality Chemicals - EPR/BS9687IC	ENDEAVOUR SPECIALITY CHEMICALS LIMITED	United Kingdom	52.247577	-1.155253	20.59	Manufacture of other chemical products n.e.c.	4.(a)
uk-prtr	EW_EA-107	2024	Swalesmoor Farm EPR/HP3035EU	OMEGA PROTEINS LIMITED	United Kingdom	53.746052	-1.867286	10.92	Manufacture of prepared pet foods	5.(e)
uk-prtr	EW_EA-1089	2024	Esso Refinery EPR/BR6996IC	ESSO PETROLEUM COMPANY LIMITED	United Kingdom	50.830601	-1.354595	19.20	Manufacture of refined petroleum products	1.(a)
uk-prtr	EW_EA-1091	2024	Leekbrook Chemical Works EPR/BT8163IW	ESTERCHEM LIMITED	United Kingdom	53.080882	-2.014440	20.14	Manufacture of other organic basic chemicals	4.(a)
uk-prtr	EW_EA-1101	2024	Runcorn Manufacturing Site - EPR/GP3536AC	VYNOVA RUNCORN LIMITED	United Kingdom	53.314616	-2.742948	20.14	Manufacture of other organic basic chemicals	4.(a)
uk-prtr	EW_EA-1117	2024	Haverton Hill Herbicide - EPR/UP3739BZ	EXWOLD TECHNOLOGY LIMITED	United Kingdom	54.592867	-1.254021	20.20	Manufacture of pesticides and other agrochemical products	4.(d)
uk-prtr	EW_EA-1118	2024	Fawley Refinery Installation - EPR/ZP3839MG	EXXONMOBIL CHEMICAL LIMITED	United Kingdom	50.830562	-1.354742	20.14	Manufacture of other organic basic chemicals	4.(a)
uk-prtr	EW_EA-1122	2024	F2 Chemicals - Lea Lane - EPR/BU3485IS	F2 CHEMICALS LIMITED	United Kingdom	53.774930	-2.797336	20.14	Manufacture of other organic basic chemicals	4.(a)
uk-prtr	EW_EA-113	2024	Kemira Teesport EPR/UP3035JQ	KEMIRA CHEMICALS (UK) LIMITED	United Kingdom	54.600914	-1.139326	20.14	Manufacture of other organic basic chemicals	4.(a)
uk-prtr	EW_EA-1148	2024	Loughborough Chemicals Manufacture - EPR/BT1223IK	FISHER SCIENTIFIC U.K., LIMITED	United Kingdom	52.784758	-1.223919	20.14	Manufacture of other organic basic chemicals	4.(a)
uk-prtr	EW_EA-1157	2024	FMC Chemicals- Commercial Road EPR/BM0559IN	LIVENT LITHIUM UK LIMITED	United Kingdom	53.339101	-2.964150	20.14	Manufacture of other organic basic chemicals	4.(a)
uk-prtr	EW_EA-118	2024	Waterside Colours Manufacture EPR/NP3533YZ	WATERSIDE COLOURS LIMITED	United Kingdom	53.718173	-1.853736	20.59	Manufacture of other chemical products n.e.c.	4.(a)
uk-prtr	EW_EA-119	2024	Garston Distillation Services EPR/FP3133GL	VEOLIA ES (UK) LIMITED	United Kingdom	53.346327	-2.902274	20.59	Manufacture of other chemical products n.e.c.	5.(a)
uk-prtr	EW_EA-1192	2024	EuroAPI UK Limited - Haverhill Operations - EPR/BM6883IW	EUROAPI UK LIMITED	United Kingdom	52.075344	0.441964	21.10	Manufacture of basic pharmaceutical products	4.(e)
uk-prtr	EW_EA-1200	2024	Stubbins Mill - EPR/LP3636WW	ESSITY UK LIMITED	United Kingdom	53.657170	-2.317717	17.12	Manufacture of paper and paperboard	6.(b)
uk-prtr	EW_EA-1206	2024	Ulverston Pharmaceutical Site EPR/BM4350ID	GLAXO OPERATIONS UK LIMITED	United Kingdom	54.189458	-3.064296	21.10	Manufacture of basic pharmaceutical products	4.(e)
uk-prtr	EW_EA-1207	2024	Worthing Pharmaceutical Manufacturing Facility - EPR/QP3935LE/	SMITHKLINE BEECHAM LIMITED	United Kingdom	50.830343	-0.362753	21.10	Manufacture of basic pharmaceutical products	5.(c)
uk-prtr	EW_EA-1228	2024	Secanim Ltd (formerly Granox Ltd) - EPR/CP3230BE	SECANIM LIMITED	United Kingdom	53.350998	-2.746585	10.41	Manufacture of oils and fats	5.(e)
uk-prtr	EW_EA-1231	2024	Halebank Chemicals EPR/VP3435RV	Aurorium UK Limited	United Kingdom	53.356602	-2.797467	20.20	Manufacture of pesticides and other agrochemical products	4.(a)
uk-prtr	EW_EA-1236	2024	Lanxess Solutions UK - EPR/BM0273IJ	LANXESS SOLUTIONS UK LTD	United Kingdom	53.470192	-2.325356	20.13	Manufacture of other inorganic basic chemicals	4.(a)
uk-prtr	EW_EA-1263	2024	All Saints Refinery	CHEMOXY INTERNATIONAL LIMITED	United Kingdom	54.575048	-1.221551	20.14	Manufacture of other organic basic chemicals	4.(a)
uk-prtr	EW_EA-1264	2024	Billingham Custom Processing Site - EPR/BT9844IK	CHEMOXY INTERNATIONAL LIMITED	United Kingdom	54.592121	-1.279261	20.14	Manufacture of other organic basic chemicals	4.(a)
uk-prtr	EW_EA-12823	2024	Sime Darby Oils Liverpool Refinery Limited (SDOLR)	SD Guthrie International Liverpool Refinery Limited	United Kingdom	53.433208	-2.997888	10.41	Manufacture of oils and fats	8.(b)
uk-prtr	EW_EA-12831	2024	Reading Inorganic Chemical Plant - EPR/BP3734SB	OXKEM LIMITED	United Kingdom	51.462370	-1.005006	20.13	Manufacture of other inorganic basic chemicals	4.(b)
uk-prtr	EW_EA-12839	2024	Royal Oak Industrial Estate EPR/CP3331GP	AMEGA SCIENCES LIMITED	United Kingdom	52.262877	-1.183095	20.15	Manufacture of fertilisers and nitrogen compounds	4.(a)
uk-prtr	EW_EA-12851	2024	Premier Foods - Ambrosia Creamery EPR/EP3334KC	PREMIER FOODS GROUP LIMITED	United Kingdom	50.642555	-4.269916	10.89	Manufacture of other food products n.e.c.	8.(c)
uk-prtr	EW_EA-12862	2024	Flixborough Feed Mill - EPR/HP3437GR	AB AGRI LIMITED	United Kingdom	53.620993	-0.702637	10.91	Manufacture of prepared feeds for farm animals	8.(b)
uk-prtr	EW_EA-12869	2024	Laurens Patisseries - EPR/KP3332GH	BAKKAVOR FOODS LIMITED	United Kingdom	53.081835	-0.789820	10.71	Manufacture of bread; manufacture of fresh pastry goods and cakes	8.(b)
uk-prtr	EW_EA-12905	2024	Wilton Bioethanol Plant EA/EPR/VP3831XJ/V005	ENSUS UK LIMITED	United Kingdom	54.576962	-1.120493	20.14	Manufacture of other organic basic chemicals	4.(a)
uk-prtr	EW_EA-12908	2024	Apetito Mill Site EPR/WP3738KJ	APETITO LIMITED	United Kingdom	51.329917	-2.205196	10.85	Manufacture of prepared meals and dishes	8.(b)
uk-prtr	EW_EA-12921	2024	Stevenage Energy Centre EPR/YP3236SA	GLAXOSMITHKLINE RESEARCH & DEVELOPMENT LIMITED	United Kingdom	51.896047	-0.202945	21.10	Manufacture of basic pharmaceutical products	1.(c)
uk-prtr	EW_EA-12922	2024	Driffield Flour Mill EPR/YP3330BE	E B BRADSHAW & SONS LIMITED	United Kingdom	53.995797	-0.429541	10.61	Manufacture of grain mill products	8.(b)
uk-prtr	EW_EA-1313	2024	Beetham Paper Mill - EPR/BJ7603IP	PELTA MEDICAL PAPERS LTD	United Kingdom	54.212439	-2.773387	17.12	Manufacture of paper and paperboard	6.(b)
uk-prtr	EW_EA-1320	2024	Duxford Installation EPR/BS0671IN	HEXCEL COMPOSITES LIMITED	United Kingdom	52.087334	0.159429	20.14	Manufacture of other organic basic chemicals	4.(a)
uk-prtr	EW_EA-1342	2024	Kitt Green Manufacturing Site EPR/BL8392IX	H. J. HEINZ MANUFACTURING UK LIMITED	United Kingdom	53.551636	-2.684757	10.89	Manufacture of other food products n.e.c.	8.(b)
uk-prtr	EW_EA-1353	2024	73 Ferry Lane South - EPR/BU1296IQ	HORNETT BROS & CO LIMITED	United Kingdom	51.508766	0.178362	20.14	Manufacture of other organic basic chemicals	4.(a)
uk-prtr	EW_EA-13609	2024	The Orchard EPR/MP3738ZL	Hain Celestial UK Ltd	United Kingdom	52.246228	0.104439	10.39	Other processing and preserving of fruit and vegetables	8.(b)
uk-prtr	EW_EA-13619	2024	Ruskington Food EPR/UP3332HY	PILGRIM'S PRIDE LTD.	United Kingdom	53.042511	-0.385198	10.11	Processing and preserving of meat	8.(b)
uk-prtr	EW_EA-13644	2024	Food Processing Unit 2000 EPR/NP3537HM	FORZA FOODS LIMITED	United Kingdom	53.697611	-1.381411	10.13	Production of meat and poultry meat products	8.(b)
uk-prtr	EW_EA-13659	2024	Bellman Mill - EPR/NP3132HH	DUGDALE NUTRITION LIMITED	United Kingdom	53.879208	-2.368683	10.91	Manufacture of prepared feeds for farm animals	8.(b)
uk-prtr	EW_EA-13675	2024	Harpers Home Mix EPR/ ZP3835HA	HARPERS HOME MIX LIMITED	United Kingdom	50.817991	-4.357922	10.91	Manufacture of prepared feeds for farm animals	8.(b)
uk-prtr	EW_EA-13682	2024	Poole Bakery EPR/EP3639WV	PORK FARMS LIMITED	United Kingdom	50.726180	-1.988189	10.85	Manufacture of prepared meals and dishes	8.(b)
uk-prtr	EW_EA-1370	2024	North Tees Aromatics EPR/BU4503IW	SABIC UK PETROCHEMICALS LIMITED	United Kingdom	54.599438	-1.185794	20.14	Manufacture of other organic basic chemicals	4.(a)
uk-prtr	EW_EA-1374	2024	Teesside Polyethylene Plant EPR/TP3139UR	SABIC UK PETROCHEMICALS LIMITED	United Kingdom	54.582661	-1.101029	20.16	Manufacture of plastics in primary forms	4.(a)
uk-prtr	EW_EA-1389	2024	INOVYN Newton Aycliffe Site EPR/FP3833NP	INEOS CHLORVINYLS LIMITED	United Kingdom	54.605036	-1.605213	20.16	Manufacture of plastics in primary forms	4.(a)
uk-prtr	EW_EA-1415	2024	Bordesley Green Road EPR/CP3432SV	AKZO NOBEL PACKAGING COATINGS LIMITED	United Kingdom	52.482365	-1.855800	20.30	Manufacture of paints, varnishes and similar coatings, printing ink and mastics	4.(a)
uk-prtr	EW_EA-1427	2024	Workington Board Mill EPR/BJ7590IB	HOLMEN IGGESUND PAPERBOARD LIMITED	United Kingdom	54.666899	-3.545783	17.12	Manufacture of paper and paperboard	6.(b)
uk-prtr	EW_EA-1444	2024	Aluminium Based Products Grays - EPR/DP3637SG	INDUSTRIAL CHEMICALS LIMITED	United Kingdom	51.482207	0.320551	20.13	Manufacture of other inorganic basic chemicals	4.(b)
uk-prtr	EW_EA-1445	2024	Stoneness Road Chemical Facility EPR/BJ7298IF	INDUSTRIAL CHEMICALS LIMITED	United Kingdom	51.470307	0.289996	20.59	Manufacture of other chemical products n.e.c.	4.(b)
uk-prtr	EW_EA-1446	2024	Primrose Mill - EPR/BT2904IQ	INCOREZ LIMITED	United Kingdom	53.754364	-2.708829	20.14	Manufacture of other organic basic chemicals	4.(a)
uk-prtr	EW_EA-1451	2024	Runcorn Halochemicals EPR/BS5428IP	INEOS CHLORVINYLS LIMITED	United Kingdom	53.325695	-2.694495	20.13	Manufacture of other inorganic basic chemicals	4.(a)
uk-prtr	EW_EA-1455	2024	Runcorn Halochemicals - EPR/QP3535TE	MEXICHEM UK LIMITED	United Kingdom	53.313811	-2.729425	20.14	Manufacture of other organic basic chemicals	4.(a)
uk-prtr	EW_EA-1456	2024	PQ Silicas UK Limited - EPR/RP3233GW	PQ SILICAS UK LIMITED	United Kingdom	53.388551	-2.607527	20.13	Manufacture of other inorganic basic chemicals	4.(b)
uk-prtr	EW_EA-14627	2024	Penrith Animal Feed Mill EPR/FP3630CL	FORFARMERS UK LIMITED	United Kingdom	54.659321	-2.767748	10.91	Manufacture of prepared feeds for farm animals	8.(b)
uk-prtr	EW_EA-1464	2024	Innovia Films Limited EPR/BM4392IM	INNOVIA FILMS LIMITED	United Kingdom	54.826655	-3.163182	20.16	Manufacture of plastics in primary forms	1.(c)
uk-prtr	EW_EA-14665	2024	Bovingdon Poultry Processing Plant - EPR/MP3436CA	IHP LIMITED	United Kingdom	51.710689	-0.544947	10.12	Processing and preserving of poultry meat	8.(a)
uk-prtr	EW_EA-14686	2024	Unilever (UK) Ltd, Burton on Trent EPR/QP3634FB	UNILEVER UK LIMITED	United Kingdom	52.800377	-1.657930	10.89	Manufacture of other food products n.e.c.	8.(b)
uk-prtr	EW_EA-1471	2024	Duddery Hill Chemical Works	INTERNATIONAL FLAVOURS & FRAGRANCES I.F.F. (GREAT BRITAIN) LIMITED	United Kingdom	52.076408	0.433995	20.14	Manufacture of other organic basic chemicals	5.(a)
uk-prtr	EW_EA-1474	2024	Felling Polymers and Coatings	INTERNATIONAL PAINTS LIMITED	United Kingdom	54.958135	-1.558036	20.30	Manufacture of paints, varnishes and similar coatings, printing ink and mastics	4.(a)
uk-prtr	EW_EA-1508	2024	Burneside Paper Mill EPR/BJ7620ID	JAMES CROPPER PUBLIC LIMITED COMPANY	United Kingdom	54.356044	-2.761619	17.12	Manufacture of paper and paperboard	6.(b)
uk-prtr	EW_EA-1511	2024	Napier Street Pigments & Oxide Works - EPR/BU1458IL	JAMES M BROWN LIMITED	United Kingdom	52.999316	-2.173099	20.12	Manufacture of dyes and pigments	4.(b)
uk-prtr	EW_EA-15271	2024	Hendon Dock Process Plant EPR/BV4673IM	TRADEBE SOLVENT RECYCLING LIMITED	United Kingdom	54.904221	-1.357447	20.14	Manufacture of other organic basic chemicals	5.(a)
uk-prtr	EW_EA-1533	2024	Albion Works EPR/BS5363IV	OXERRA PIGMENTS UK LIMITED	United Kingdom	53.089343	-2.248415	20.12	Manufacture of dyes and pigments	4.(b)
uk-prtr	EW_EA-15375	2024	Partington Paper Mill EPR/ZP3736XH	SAICA PAPER UK LIMITED	United Kingdom	53.425585	-2.419372	17.12	Manufacture of paper and paperboard	6.(b)
uk-prtr	EW_EA-1541	2024	Royston Site - EPR/BT7086IJ	JOHNSON MATTHEY PLC	United Kingdom	52.054047	-0.034857	20.13	Manufacture of other inorganic basic chemicals	4.(a)
uk-prtr	EW_EA-15417	2024	Stoke Ferry EPR/RP3637HH	2 AGRICULTURE LIMITED	United Kingdom	52.570262	0.511437	10.91	Manufacture of prepared feeds for farm animals	8.(b)
uk-prtr	EW_EA-1545	2024	Clitheroe Catalyst Factory - EPR/BL8406IG	JOHNSON MATTHEY PLC	United Kingdom	53.884545	-2.386530	20.13	Manufacture of other inorganic basic chemicals	4.(b)
uk-prtr	EW_EA-1550	2024	Lydney Paper Mill EPR/BP3236LC	GLATFELTER LYDNEY, LTD.	United Kingdom	51.716406	-2.535522	17.29	Manufacture of other articles of paper and paperboard	6.(b)
uk-prtr	EW_EA-1557	2024	Nechells Paper Mill EPR/ZP3437GZ	Smurfit Kappa UK Ltd	United Kingdom	52.496668	-1.863412	17.12	Manufacture of paper and paperboard	6.(b)
uk-prtr	EW_EA-1566	2024	Kemira Chemicals (UK) Limited EPR/TP3135PX	KEMIRA CHEMICALS (UK) LIMITED	United Kingdom	53.703295	-0.896434	20.13	Manufacture of other inorganic basic chemicals	4.(b)
uk-prtr	EW_EA-1567	2024	Ince Fertiliser Manufacturing Site EPR/JP3837KT	CF FERTILISERS UK LIMITED	United Kingdom	53.281007	-2.797108	20.15	Manufacture of fertilisers and nitrogen compounds	4.(c)
uk-prtr	EW_EA-1573	2024	Burton Plant	CREATIVE FOODS EUROPE LIMITED	United Kingdom	52.804912	-1.641577	10.84	Manufacture of condiments and seasonings	8.(b)
uk-prtr	EW_EA-1578	2024	Barrow Paper Mill EPR/BJ7611IY	KIMBERLY-CLARK LIMITED	United Kingdom	54.143990	-3.232753	17.12	Manufacture of paper and paperboard	6.(b)
uk-prtr	EW_EA-1581	2024	Northfleet Paper Mill - EPR/BJ7379IZ	KIMBERLY-CLARK LIMITED	United Kingdom	51.445048	0.343995	17.12	Manufacture of paper and paperboard	6.(b)
uk-prtr	EW_EA-15992	2024	Yeo Valley Crewkerne EPR/AP3839NG	YEO VALLEY FARMS (PRODUCTION) LIMITED	United Kingdom	50.883591	-2.838937	10.51	Operation of dairies and cheese making	8.(c)
uk-prtr	EW_EA-1602	2024	Disley Mill - EPR/PP3539TJ	NORTHWOOD TISSUE (DISLEY) LIMITED	United Kingdom	53.364926	-2.030917	17.12	Manufacture of paper and paperboard	6.(a)
uk-prtr	EW_EA-16042	2024	Saltend Bioethanol Plant - EPR/WP3633KH	VIVERGO FUELS LIMITED	United Kingdom	53.737180	-0.235272	20.14	Manufacture of other organic basic chemicals	4.(a)
uk-prtr	EW_EA-16044	2024	Chesterfield Paper Mill - EPR/BP3734YG	NORTHWOOD TISSUE (CHESTERFIELD) LIMITED	United Kingdom	53.231166	-1.449424	17.22	Manufacture of household and sanitary goods and of toilet requisites	6.(b)
uk-prtr	EW_EA-16045	2024	Aylesbury Dairy EPR/XP3039ZS	ARLA FOODS LIMITED	United Kingdom	51.807348	-0.731126	10.51	Operation of dairies and cheese making	8.(c)
uk-prtr	EW_EA-16048	2024	Magna Park - EPR/XP3637ZH	A.G.BARR GENERAL PARTNER LIMITED	United Kingdom	52.036400	-0.669689	11.07	Manufacture of soft drinks; production of mineral waters and other bottled waters	8.(b)
uk-prtr	EW_EA-16144	2024	Kidderminster Adhesive Plant EPR/XP3939ZD	BOSTIK LIMITED	United Kingdom	52.367813	-2.259912	20.52	Manufacture of glues	4.(a)
uk-prtr	EW_EA-1616	2024	Astley Green Chemical Manufacturer - EPR/BS3573IR	LAKELAND LABORATORIES LIMITED	United Kingdom	53.494054	-2.450646	20.41	Manufacture of soap and detergents, cleaning and polishing preparations	4.(a)
uk-prtr	EW_EA-16162	2024	Campact - EPR/BT0359IP	CAMPACT LIMITED	United Kingdom	54.976789	-2.085741	20.14	Manufacture of other organic basic chemicals	4.(a)
uk-prtr	EW_EA-16311	2024	Bristol Resource Recovery Park	SUEZ RECYCLING AND RECOVERY UK LTD	United Kingdom	51.515024	-2.686058	19.20	Manufacture of refined petroleum products	5.(c)
uk-prtr	EW_EA-1639	2024	DFDPM Production EPR/BU1008IN	VICTREX MANUFACTURING LIMITED	United Kingdom	53.440184	-1.364681	20.14	Manufacture of other organic basic chemicals	4.(a)
uk-prtr	EW_EA-16586	2024	Active Chemicals Facility 2 EPR/BU4112IK	INNOSPEC LIMITED	United Kingdom	53.284786	-2.873527	20.59	Manufacture of other chemical products n.e.c.	4.(a)
uk-prtr	EW_EA-166	2024	ABP Shrewsbury EPR/FP3937PC	ANGLO BEEF PROCESSORS UK	United Kingdom	52.742206	-2.723396	10.11	Processing and preserving of meat	8.(a)
uk-prtr	EW_EA-16600	2024	Wilton Olefins Installation EPR/BS3590IE	SABIC UK PETROCHEMICALS LIMITED	United Kingdom	54.582661	-1.101029	20.14	Manufacture of other organic basic chemicals	4.(a)
uk-prtr	EW_EA-16623	2024	Sandwich Pharmaceuticals Pilot Plant EPR/RP3734QE	ASYMCHEM LIMITED	United Kingdom	51.287647	1.347042	21.20	Manufacture of pharmaceutical preparations	4.(e)
uk-prtr	EW_EA-16649	2024	Selby Flour Mill	WHITWORTH BROS.LIMITED	United Kingdom	53.791364	-1.040612	10.61	Manufacture of grain mill products	8.(b)
uk-prtr	EW_EA-1670	2024	Fine Organics Seal Sands Facility EPR/PP3439GG	FINE ORGANICS LIMITED	United Kingdom	54.611142	-1.175651	20.14	Manufacture of other organic basic chemicals	4.(a)
uk-prtr	EW_EA-16779	2024	Hibernia Way - EPR/BL9640IM	Midel & Mivolt Fluids Limited	United Kingdom	53.462907	-2.326957	20.59	Manufacture of other chemical products n.e.c.	4.(a)
uk-prtr	EW_EA-16868	2024	Widnes Ferric Sulphate Production - EPR/BS5452IE	INDUSTRIAL CHEMICALS LIMITED	United Kingdom	53.364635	-2.706549	20.13	Manufacture of other inorganic basic chemicals	4.(b)
uk-prtr	EW_EA-16869	2024	Glossop foam plant EPR/BS2976IK	CARPENTER LIMITED	United Kingdom	53.450858	-1.972857	22.29	Manufacture of other plastic products	4.(a)
uk-prtr	EW_EA-16887	2024	Redgrave Abattoir EPR/DP3334VJ	GREEN LABEL FOODS LIMITED	United Kingdom	52.001613	0.962633	10.12	Processing and preserving of poultry meat	8.(a)
uk-prtr	EW_EA-16920	2024	Ledbury Cider Mill EPR/LP3031VA	HEINEKEN UK LIMITED	United Kingdom	52.032013	-2.443226	11.03	Manufacture of cider and other fruit wines	8.(b)
uk-prtr	EW_EA-16922	2024	Dunbia (Treburley) EPR/LP3033WQ	DUNBIA (UK)	United Kingdom	50.573929	-4.338082	10.11	Processing and preserving of meat	8.(a)
uk-prtr	EW_EA-16932	2024	Minsterley Dairy	MULLER UK & IRELAND GROUP LLP	United Kingdom	52.641579	-2.921985	10.51	Operation of dairies and cheese making	8.(b)
uk-prtr	EW_EA-16939	2024	Taw Valley Creamery EPR/NP3638NN	ARLA FOODS LIMITED	United Kingdom	50.796739	-3.912395	10.51	Operation of dairies and cheese making	8.(c)
uk-prtr	EW_EA-16940	2024	Moy Park- Anwick EPR/NP3832ZA	MOY PARK LIMITED	United Kingdom	53.037699	-0.342571	10.13	Production of meat and poultry meat products	8.(a)
uk-prtr	EW_EA-16951	2024	Dunbia West Devon EPR/RP3938EE	DUNBIA (UK)	United Kingdom	50.822895	-4.076320	10.11	Processing and preserving of meat	8.(c)
uk-prtr	EW_EA-16966	2024	Lancaster (North) Paper Mill EPR/UP3237ES	SOFIDEL UK LIMITED	United Kingdom	54.067090	-2.789936	17.12	Manufacture of paper and paperboard	6.(b)
uk-prtr	EW_EA-16969	2024	Kirkby Creamery - EPR/VP3234NX	DAIRY CREST LIMITED	United Kingdom	53.466894	-2.874551	10.42	Manufacture of margarine and similar edible fats	8.(b)
uk-prtr	EW_EA-16984	2024	Thermoset Resins EPR/XP3635ET	PREFERE RESINS UK LIMITED	United Kingdom	54.598141	-1.585777	20.16	Manufacture of plastics in primary forms	4.(a)
uk-prtr	EW_EA-16992	2024	Tutbury Site - EPR/BJ9576IZ	NESTLE UK LTD.	United Kingdom	52.863902	-1.679563	10.83	Processing of tea and coffee	1.(c)
uk-prtr	EW_EA-17016	2024	Four Ashes Chemical Works EPR/BS4707IB	SI GROUP-UK LTD	United Kingdom	52.678456	-2.123460	20.59	Manufacture of other chemical products n.e.c.	4.(a)
uk-prtr	EW_EA-17028	2024	Huncoat Polyurethane Works EPR/BU5569IC	ISOTHANE LIMITED	United Kingdom	53.765007	-2.357063	20.30	Manufacture of paints, varnishes and similar coatings, printing ink and mastics	4.(a)
uk-prtr	EW_EA-17117	2024	Rother Valley Abattoir - EPR/RP3935FH	WOOLLEY BROS. (WHOLESALE MEATS) LIMITED	United Kingdom	53.334281	-1.328863	10.11	Processing and preserving of meat	8.(a)
uk-prtr	EW_EA-17126	2024	Boehringer Ingelheim Animal Health - EPR/UP3034TG	BOEHRINGER INGELHEIM ANIMAL HEALTH UK LIMITED	United Kingdom	51.279443	-0.635895	21.20	Manufacture of pharmaceutical preparations	4.(e)
uk-prtr	EW_EA-1713	2024	Leicester Tissue Mill	SOFIDEL UK LIMITED	United Kingdom	52.664220	-1.075678	17.12	Manufacture of paper and paperboard	6.(b)
uk-prtr	EW_EA-17131	2024	Caw House EPR/UP3937FW	CAWINGREDIENTS LIMITED	United Kingdom	54.305369	-1.567666	11.07	Manufacture of soft drinks; production of mineral waters and other bottled waters	8.(b)
uk-prtr	EW_EA-1715	2024	Specialty Polymers & Resins - EPR/CP3335LZ	MITSUBISHI CHEMICAL UK LIMITED	United Kingdom	54.611333	-1.580379	22.29	Manufacture of other plastic products	4.(a)
uk-prtr	EW_EA-17156	2024	Hatherton Cheese Production - EPR/YP3731PE	JOSEPH HELER LIMITED	United Kingdom	53.021087	-2.467017	10.51	Operation of dairies and cheese making	8.(c)
uk-prtr	EW_EA-1716	2024	Cassel Works EPR/BR7992IU	MITSUBISHI CHEMICAL UK LIMITED	United Kingdom	54.586979	-1.275948	20.59	Manufacture of other chemical products n.e.c.	4.(a)
uk-prtr	EW_EA-1718	2024	Chapels Park	PERSPEX INTERNATIONAL LIMITED	United Kingdom	53.704758	-2.469407	20.16	Manufacture of plastics in primary forms	4.(a)
uk-prtr	EW_EA-1739	2024	Swinton Speciality Chemicals Plant - EPR/BU1580IV.	MAGNESIUM ELEKTRON LIMITED	United Kingdom	53.512608	-2.359761	20.13	Manufacture of other inorganic basic chemicals	4.(b)
uk-prtr	EW_EA-1750	2024	Makevale Acrylic Works - EPR/LP3331SY	MAKEVALE LIMITED	United Kingdom	51.805285	-0.021616	20.16	Manufacture of plastics in primary forms	4.(a)
uk-prtr	EW_EA-1756	2024	Belasis East Site - EPR/BW9247IK	MARLOW FOODS LIMITED	United Kingdom	54.601784	-1.257264	10.89	Manufacture of other food products n.e.c.	5.(c)
uk-prtr	EW_EA-17705	2024	Jacobs Bakery EPR/DP3033AW	PLADIS (UK) LIMITED	United Kingdom	53.457236	-2.950408	10.72	Manufacture of rusks and biscuits; manufacture of preserved pastry goods and cakes	8.(b)
uk-prtr	EW_EA-17711	2024	Cranswick Country Foods (Lazenby's) EPR/FP3131WE	CRANSWICK COUNTRY FOODS PLC	United Kingdom	53.774845	-0.335823	10.11	Processing and preserving of meat	8.(b)
uk-prtr	EW_EA-17735	2024	Swale Pharmaceuticals EPR/LP3637VA	Jazz Pharmaceuticals Operations UK Limited	United Kingdom	51.310716	0.724875	21.10	Manufacture of basic pharmaceutical products	4.(e)
uk-prtr	EW_EA-17748	2024	The Abattoir, Oak Lane EPR/PP3836WB	ANGLO BEEF PROCESSORS UK	United Kingdom	52.510481	-2.160855	10.11	Processing and preserving of meat	8.(a)
uk-prtr	EW_EA-17759	2024	Roth Hill Lane Anaerobic Digestion Facility EPR/UP3434WA	J.E.HARTLEY LIMITED	United Kingdom	53.860623	-0.991741	10.39	Other processing and preserving of fruit and vegetables	5.(c)
uk-prtr	EW_EA-17772	2024	Linden Foods Burradon EPR/ZP3934WT	ANGLO BEEF PROCESSORS UK	United Kingdom	55.050395	-1.575334	10.11	Processing and preserving of meat	8.(a)
uk-prtr	EW_EA-17782	2024	Estate Road 2 Fish Processing Site	SEACHILL UK LIMITED	United Kingdom	53.576846	-0.108280	10.20	Processing and preserving of fish, crustaceans and molluscs	8.(b)
uk-prtr	EW_EA-17784	2024	Cranswick Convenience Foods - Sutton Fields EPR/KP3733AN	CRANSWICK CONVENIENCE FOODS LIMITED	United Kingdom	54.143097	-0.321244	10.13	Production of meat and poultry meat products	8.(b)
uk-prtr	EW_EA-17785	2024	Kettering Site EPR/MP3031WD	ALPRO (UK) LIMITED	United Kingdom	52.372049	-0.687244	10.32	Manufacture of fruit and vegetable juice	8.(b)
uk-prtr	EW_EA-17787	2024	Riverside Bakery EPR/QP3433AN	PORK FARMS LIMITED	United Kingdom	52.938336	-1.162996	10.89	Manufacture of other food products n.e.c.	8.(b)
uk-prtr	EW_EA-17825	2024	Farmers Boy Winsford EPR/ZP3935CE	FARMERS BOY LIMITED	United Kingdom	53.204942	-2.504198	10.13	Production of meat and poultry meat products	8.(b)
uk-prtr	EW_EA-17829	2024	Runcorn Halochemicals EPR/RP3736WB	RUNCORN MCP LIMITED	United Kingdom	53.319072	-2.749030	20.13	Manufacture of other inorganic basic chemicals	4.(b)
uk-prtr	EW_EA-180	2024	STATION ROAD CHEMICAL WORKS EA/EPR/BT8147IQ/V003	POLYNT UK LIMITED	United Kingdom	53.069911	-2.036226	20.14	Manufacture of other organic basic chemicals	4.(a)
uk-prtr	EW_EA-1814	2024	Stallingborough Titanium Dioxide Site EA/EPR/UP3537SJ/V003	TRONOX PIGMENT UK LIMITED	United Kingdom	53.614694	-0.160258	20.13	Manufacture of other inorganic basic chemicals	4.(b)
uk-prtr	EW_EA-18348	2024	Polytech Liquid Polymers Limited EPR/QP3207LS	POLYTECH LIQUID POLYMERS LIMITED	United Kingdom	53.311231	-2.093314	20.14	Manufacture of other organic basic chemicals	4.(a)
uk-prtr	EW_EA-18360	2024	Shepshed Feed Mill EPR/GP3133TW	GLW FEEDS LIMITED	United Kingdom	52.760475	-1.279329	10.91	Manufacture of prepared feeds for farm animals	8.(b)
uk-prtr	EW_EA-18436	2024	Gretton Bio-Diesel EPR/MP3738LZ	STOREFIELD PLANT RUSHTON LIMITED	United Kingdom	52.512595	-0.689249	20.14	Manufacture of other organic basic chemicals	5.(c)
uk-prtr	EW_EA-18539	2024	Acetylene Production Plant - EPR/PP3538FX	BOC LIMITED	United Kingdom	53.606562	-0.157589	20.11	Manufacture of industrial gases	4.(a)
uk-prtr	EW_EA-18543	2024	Greencore Food Northampton EPR/PP3730VH	GREENCORE FOOD TO GO LIMITED	United Kingdom	52.276653	-0.869325	10.89	Manufacture of other food products n.e.c.	8.(b)
uk-prtr	EW_EA-18559	2024	The Creamery - EPR/QP3638EK	A E RODDA & SON LIMITED	United Kingdom	50.256117	-5.199678	10.51	Operation of dairies and cheese making	8.(c)
uk-prtr	EW_EA-18577	2024	Walker Lines Industrial Estate EPR/RP3131HC	Froneri Ice Cream UK Limited	United Kingdom	50.458086	-4.703068	10.52	Manufacture of ice cream	8.(b)
uk-prtr	EW_EA-18589	2024	Knowsley Stearate Plant EPR/RP3935WL	FACI UK CHEMICALS LIMITED	United Kingdom	53.485252	-2.859256	20.14	Manufacture of other organic basic chemicals	4.(a)
uk-prtr	EW_EA-1860	2024	MV Plastics Ltd - EPR/BU5615IB	MV PLASTICS LIMITED	United Kingdom	53.797188	-3.004993	20.16	Manufacture of plastics in primary forms	4.(a)
uk-prtr	EW_EA-18743	2024	Ferral Plant EPR/WP3630WV	FERALCO (UK) LIMITED	United Kingdom	53.357253	-2.752554	20.14	Manufacture of other organic basic chemicals	4.(b)
uk-prtr	EW_EA-18778	2024	BASF plc	BASF PUBLIC LIMITED COMPANY	United Kingdom	53.086003	-1.378417	20.16	Manufacture of plastics in primary forms	4.(a)
uk-prtr	EW_EA-1880	2024	Nestle UK - Dalston - EPR/BO9310IB	NESTLE UK LTD.	United Kingdom	54.848072	-2.976439	10.86	Manufacture of homogenised food preparations and dietetic food	8.(b)
uk-prtr	EW_EA-1890	2024	Saltend EVOH Plant - EPR/KP3706LM	MITSUBISHI CHEMICAL UK LIMITED	United Kingdom	53.737144	-0.238912	22.29	Manufacture of other plastic products	4.(a)
uk-prtr	EW_EA-1922	2024	Coventry Di-isocynate - EPR/QP3139LG	NOTEDOME LIMITED	United Kingdom	51.723635	-1.937990	20.17	Manufacture of synthetic rubber in primary forms	4.(a)
uk-prtr	EW_EA-19356	2024	Dial Lane Meat Packing Facility EPR/JP3433WU	2 SISTERS FOOD GROUP LIMITED	United Kingdom	52.533064	-2.018974	10.13	Production of meat and poultry meat products	8.(b)
uk-prtr	EW_EA-19361	2024	Pontefract Confectionery Production Plant - EPR/LP3232EG	DUNHILLS (PONTEFRACT) PLC	United Kingdom	53.691956	-1.316527	10.82	Manufacture of cocoa, chocolate and sugar confectionery	8.(b)
uk-prtr	EW_EA-19363	2024	Sabic North Tees Storage - EPR/LP3335RM	SABIC UK PETROCHEMICALS LIMITED	United Kingdom	54.600634	-1.189950	20.14	Manufacture of other organic basic chemicals	1.(c)
uk-prtr	EW_EA-19383	2024	Port Causeway EPR/QP3836AM	NESTLE UK LTD.	United Kingdom	53.346253	-2.979933	10.61	Manufacture of grain mill products	8.(b)
uk-prtr	EW_EA-194	2024	Stourton Dairy EPR/BU0591IA	ARLA FOODS LIMITED	United Kingdom	53.778896	-1.526505	10.51	Operation of dairies and cheese making	8.(c)
uk-prtr	EW_EA-19409	2024	Premier Foods Carlton EPR/YP3336VQ	PREMIER FOODS GROUP LIMITED	United Kingdom	53.582967	-1.445922	10.71	Manufacture of bread; manufacture of fresh pastry goods and cakes	8.(b)
uk-prtr	EW_EA-19423	2024	Wigton Cellophane Plant EPR/UP3939DR	FUTAMURA CHEMICAL UK LIMITED	United Kingdom	54.823392	-3.166046	22.29	Manufacture of other plastic products	4.(a)
uk-prtr	EW_EA-1966	2024	Champion Technologies Limited	CHAMPION TECHNOLOGIES LIMITED	United Kingdom	50.840296	-1.384996	20.14	Manufacture of other organic basic chemicals	4.(a)
uk-prtr	EW_EA-197	2024	Widnes Aromachem EPR/BS3751IW/V006	Lanxess Chemical Ltd	United Kingdom	53.376182	-2.699525	20.14	Manufacture of other organic basic chemicals	4.(a)
uk-prtr	EW_EA-198	2024	AG Fluoropolymers, Hillhouse - EPR/BU5453IY	AGC CHEMICALS EUROPE LIMITED	United Kingdom	53.878664	-2.999949	20.14	Manufacture of other organic basic chemicals	4.(a)
uk-prtr	EW_EA-20110	2024	Walkers Deli & Sausage Co - EPR/CP3830WP	SAMWORTH BROTHERS LIMITED	United Kingdom	52.644500	-1.118659	10.89	Manufacture of other food products n.e.c.	8.(b)
uk-prtr	EW_EA-20116	2024	Greencore Prepared Meals Wisbech EPR/NP3038DV	GREENCORE PREPARED MEALS LIMITED	United Kingdom	52.652908	0.159845	10.85	Manufacture of prepared meals and dishes	8.(b)
uk-prtr	EW_EA-20117	2024	Cotteswold Dairy - EPR/MP3334DZ	COTTESWOLD DAIRY LIMITED	United Kingdom	51.998243	-2.137744	10.51	Operation of dairies and cheese making	8.(c)
uk-prtr	EW_EA-20119	2024	Southall Ready Meals Factory - EPR/AP3139AM	PILGRIM'S FOOD MASTERS UK LIMITED	United Kingdom	51.507223	-0.356043	10.85	Manufacture of prepared meals and dishes	8.(b)
uk-prtr	EW_EA-20120	2024	Samworth Brothers, Madeline Road - EPR/CP3430WV	SAMWORTH BROTHERS LIMITED	United Kingdom	52.674241	-1.153557	10.85	Manufacture of prepared meals and dishes	8.(b)
uk-prtr	EW_EA-20122	2024	Kettleby Foods & Melton Foods - EPR/CP3630WD	SAMWORTH BROTHERS LIMITED	United Kingdom	52.754763	-0.917886	10.89	Manufacture of other food products n.e.c.	8.(b)
uk-prtr	EW_EA-20123	2024	Walkers and Son EPR/ZP3039WB	SAMWORTH BROTHERS LIMITED	United Kingdom	52.672738	-1.157135	10.89	Manufacture of other food products n.e.c.	8.(b)
uk-prtr	EW_EA-20128	2024	JG Pears Newark Animal Rendering - EPR/AP3436DG	J G PEARS (NEWARK) LIMITED	United Kingdom	53.215200	-0.798100	10.13	Production of meat and poultry meat products	5.(e)
uk-prtr	EW_EA-2013	2024	SEATON CAREW SPECIALITY CHEMICALS EA/EPR/DP3034GB/T001	Natara Global Limited	United Kingdom	54.638088	-1.173402	20.59	Manufacture of other chemical products n.e.c.	4.(a)
uk-prtr	EW_EA-20138	2024	The Winery EPR/VP3434YY	KINGSLAND DRINKS LIMITED	United Kingdom	53.439617	-2.416499	11.02	Manufacture of wine from grape	8.(b)
uk-prtr	EW_EA-20141	2024	Mizkan Bury St Edmunds EPR/NP3731AZ	MIZKAN EURO LIMITED	United Kingdom	52.266536	0.705292	10.39	Other processing and preserving of fruit and vegetables	8.(b)
uk-prtr	EW_EA-20142	2024	Stourport Cider Mill - EPR/CP3130AC	ASTON MANOR LIMITED	United Kingdom	52.325092	-2.267584	11.03	Manufacture of cider and other fruit wines	8.(b)
uk-prtr	EW_EA-20147	2024	Wixland Mill EPR/UP3131RB	NWF AGRICULTURE LIMITED	United Kingdom	50.979948	-4.002828	10.91	Manufacture of prepared feeds for farm animals	8.(b)
uk-prtr	EW_EA-20150	2024	Warburtons Enfield Bakery	WARBURTONS LIMITED	United Kingdom	51.656626	-0.026073	10.71	Manufacture of bread; manufacture of fresh pastry goods and cakes	8.(b)
uk-prtr	EW_EA-20170	2024	Castleford Production Facility EPR/SP3938DE	DUNHILLS (PONTEFRACT) PLC	United Kingdom	53.710142	-1.388500	10.82	Manufacture of cocoa, chocolate and sugar confectionery	8.(b)
uk-prtr	EW_EA-20174	2024	Wakefield Bakery - EPR/DP3433WQ	WARBURTONS LIMITED	United Kingdom	53.718066	-1.409448	10.71	Manufacture of bread; manufacture of fresh pastry goods and cakes	8.(b)
uk-prtr	EW_EA-20175	2024	ABP Sturminster Newton EPR/PP3932EB	ANGLO BEEF PROCESSORS UK	United Kingdom	50.937348	-2.280027	10.11	Processing and preserving of meat	8.(a)
uk-prtr	EW_EA-20178	2024	EPR/BP3531RN - Forge Hill Lane, Kings Mill	ADM MILLING LIMITED	United Kingdom	53.711170	-1.252733	10.61	Manufacture of grain mill products	8.(b)
uk-prtr	EW_EA-204	2024	Vale Industrial Estate EPR/BP3723PR	BOSTIK LIMITED	United Kingdom	52.368079	-2.261382	20.52	Manufacture of glues	4.(a)
uk-prtr	EW_EA-2048	2024	Northside Works EPR/EP3735RU	Aurorium UK Limited	United Kingdom	54.653395	-3.554571	20.14	Manufacture of other organic basic chemicals	4.(a)
uk-prtr	EW_EA-20546	2024	Billingham Emulsion Plant EPR/VP3439YG	SNF OIL AND GAS LTD	United Kingdom	54.598784	-1.270878	20.14	Manufacture of other organic basic chemicals	4.(a)
uk-prtr	EW_EA-2068	2024	Lancaster (South) Paper Mill EPR/LP3232ZM	NORTHWOOD TISSUE (LANCASTER) LIMITED	United Kingdom	54.063866	-2.788194	17.12	Manufacture of paper and paperboard	6.(b)
uk-prtr	EW_EA-2070	2024	Harwich Refinery EPR/NP3139LM	HALTERMANN CARLESS UK LIMITED	United Kingdom	51.943500	1.246074	19.20	Manufacture of refined petroleum products	1.(a)
uk-prtr	EW_EA-2071	2024	North Tees Oil Refinery & Road/Rail Terminal	NAVIGATOR TERMINALS NORTH TEES LIMITED	United Kingdom	54.599271	-1.187810	19.20	Manufacture of refined petroleum products	1.(a)
uk-prtr	EW_EA-209	2024	Ellesmere Port Lead Alkyl - EPR/BM0508IG	INNOSPEC LIMITED	United Kingdom	53.284786	-2.873527	20.59	Manufacture of other chemical products n.e.c.	4.(a)
uk-prtr	EW_EA-2108	2024	Trafford Park, Organic Chemicals - EPR/KP3930QM	ITALMATCH CHEMICAL GB LIMITED	United Kingdom	53.475551	-2.337450	20.59	Manufacture of other chemical products n.e.c.	4.(a)
uk-prtr	EW_EA-2143	2024	Romiley Board Mill - EPR/BJ8995ID	PRESTON BOARD & PACKAGING LIMITED	United Kingdom	53.410832	-2.083603	17.12	Manufacture of paper and paperboard	6.(b)
uk-prtr	EW_EA-2147	2024	Procter & Gamble Product Supply (U.K.) Limited - London Plant EPR/BT8864IT	PROCTER & GAMBLE PRODUCT SUPPLY (UK) LIMITED	United Kingdom	51.470799	0.292468	20.41	Manufacture of soap and detergents, cleaning and polishing preparations	4.(a)
uk-prtr	EW_EA-2148	2024	Trafford Park EPR/KP3433GN	Essity Operations Manchester Ltd	United Kingdom	53.478290	-2.322103	17.12	Manufacture of paper and paperboard	6.(b)
uk-prtr	EW_EA-2152	2024	Bull Lane Industrial Estate EPR/ BV6196IM	PROSYNTH LIMITED	United Kingdom	52.079246	0.746640	20.14	Manufacture of other organic basic chemicals	4.(a)
uk-prtr	EW_EA-219	2024	Astrazeneca Macclesfield EPR/BP3731SR	ASTRAZENECA UK LIMITED	United Kingdom	53.273726	-2.118424	21.10	Manufacture of basic pharmaceutical products	4.(e)
uk-prtr	EW_EA-2196	2024	Mitcham Polyester Resin EPR/YP3530LU	Polynt Composites UK Limited	United Kingdom	51.393099	-0.167381	20.16	Manufacture of plastics in primary forms	4.(a)
uk-prtr	EW_EA-22027	2024	Johnson Matthey Fuel Cells - EPR/MP3532JR	JOHNSON MATTHEY FUEL CELLS LIMITED	United Kingdom	51.547695	-1.856605	20.14	Manufacture of other organic basic chemicals	4.(b)
uk-prtr	EW_EA-22114	2024	Cambridge Science Park - EPR/JP3739JH	JOHNSON MATTHEY PLC	United Kingdom	52.231866	0.143006	20.14	Manufacture of other organic basic chemicals	4.(a)
uk-prtr	EW_EA-22123	2024	Huntworth Mill - EPR/AP3930WP	MOLE VALLEY FEED SOLUTIONS LTD	United Kingdom	50.917062	-2.953630	10.91	Manufacture of prepared feeds for farm animals	8.(b)
uk-prtr	EW_EA-22124	2024	Seamer Mill EPR/CP3137RR	NOBLE FOODS CO	United Kingdom	54.479987	-1.219437	10.91	Manufacture of prepared feeds for farm animals	8.(b)
uk-prtr	EW_EA-22126	2024	Finmere Mill EPR/FP3237RP	NOBLE FOODS CO	United Kingdom	51.982023	-1.053235	10.91	Manufacture of prepared feeds for farm animals	8.(b)
uk-prtr	EW_EA-22127	2024	Clearwell Mill - EPR/FP3437RM	NOBLE FOODS CO	United Kingdom	51.775622	-2.616085	10.91	Manufacture of prepared feeds for farm animals	8.(b)
uk-prtr	EW_EA-22128	2024	Dorchester Mill - EPR/GP3535AH	MOLE VALLEY FEED SOLUTIONS LTD	United Kingdom	50.777132	-2.394234	10.91	Manufacture of prepared feeds for farm animals	8.(b)
uk-prtr	EW_EA-22130	2024	Paynes Dairies - EPR/KP3739JF	PAYNES DAIRIES LIMITED	United Kingdom	54.088315	-1.416741	10.51	Operation of dairies and cheese making	8.(c)
uk-prtr	EW_EA-22132	2024	Greencore Food To Go Spalding EPR/SP3936AK	GREENCORE FOOD TO GO LIMITED	United Kingdom	52.808838	-0.144316	10.89	Manufacture of other food products n.e.c.	8.(b)
uk-prtr	EW_EA-2215	2024	Solvay Solutions UK Ltd - EPR/SP3339BL	SOLVAY SOLUTIONS UK LIMITED	United Kingdom	52.503938	-2.009090	20.13	Manufacture of other inorganic basic chemicals	4.(a)
uk-prtr	EW_EA-22412	2024	Surface Transforms Liverpool	SURFACE TRANSFORMS PLC	United Kingdom	53.482731	-2.847300	20.13	Manufacture of other inorganic basic chemicals	4.(a)
uk-prtr	EW_EA-22417	2024	URENCO ChemPlants Ltd	URENCO CHEMPLANTS LIMITED	United Kingdom	53.261269	-2.951304	20.13	Manufacture of other inorganic basic chemicals	4.(b)
uk-prtr	EW_EA-22422	2024	Pharmaron UK Hoddesdon Site	PHARMARON UK LIMITED	United Kingdom	51.767890	-0.022382	21.10	Manufacture of basic pharmaceutical products	4.(e)
uk-prtr	EW_EA-22464	2024	Cullingworth Poultry Processing - EPR/YP3837JQ	HCF POULTRY LIMITED	United Kingdom	53.826079	-1.903646	10.11	Processing and preserving of meat	8.(a)
uk-prtr	EW_EA-22465	2024	Wildmere Industrial Estate - EPR/KP3333QJ	BARRY CALLEBAUT MANUFACTURING (UK) LIMITED	United Kingdom	52.074675	-1.320476	10.82	Manufacture of cocoa, chocolate and sugar confectionery	8.(b)
uk-prtr	EW_EA-22469	2024	Rathbones Bakeries Limited - EPR/TP3230RP	RATHBONES BAKERIES LIMITED	United Kingdom	53.712692	-1.513764	10.71	Manufacture of bread; manufacture of fresh pastry goods and cakes	8.(b)
uk-prtr	EW_EA-2247	2024	Droitwich Dairy EPR/EP3836NU/T001	MULLER UK & IRELAND GROUP LLP	United Kingdom	52.284624	-2.179091	10.51	Operation of dairies and cheese making	8.(c)
uk-prtr	EW_EA-22470	2024	Greencore Food To Go Park Royal	GREENCORE FOOD TO GO LIMITED	United Kingdom	51.535221	-0.270685	10.13	Production of meat and poultry meat products	8.(b)
uk-prtr	EW_EA-22471	2024	Atherstone Oilseed Processing EPR/CP3030JR	YELO ENTERPRISES LTD	United Kingdom	52.161273	-1.688869	10.41	Manufacture of oils and fats	8.(b)
uk-prtr	EW_EA-22472	2024	Aston Manor Brewery - Tiverton	ASTON MANOR LIMITED	United Kingdom	50.900206	-3.497095	11.05	Manufacture of beer	8.(b)
uk-prtr	EW_EA-2251	2024	Robinson Brothers - Phoenix Street - EPR/BS4316IV	ROBINSON BROTHERS LIMITED	United Kingdom	52.524344	-2.021475	20.14	Manufacture of other organic basic chemicals	4.(a)
uk-prtr	EW_EA-2259	2024	Amber Business Centre - EPR/BU4180IF	CMC MATERIALS UPC LIMITED	United Kingdom	53.067196	-1.374658	20.59	Manufacture of other chemical products n.e.c.	4.(b)
uk-prtr	EW_EA-2265	2024	Dewsbury Moor Chemical Site EPR/DP3432RV	DOW CHEMICAL COMPANY LIMITED	United Kingdom	53.699365	-1.663715	20.14	Manufacture of other organic basic chemicals	4.(a)
uk-prtr	EW_EA-22673	2024	MSD Animal Health (Milton Keynes)	MSD ANIMAL HEALTH UK LIMITED	United Kingdom	52.019434	-0.704440	21.20	Manufacture of pharmaceutical preparations	4.(e)
uk-prtr	EW_EA-22674	2024	Thornton Park EPR/WP3639QM	THORNTONS LIMITED	United Kingdom	53.085872	-1.387825	10.82	Manufacture of cocoa, chocolate and sugar confectionery	8.(b)
uk-prtr	EW_EA-22677	2024	David Jack Centre - EPR/CP3947QF	GLAXO OPERATIONS UK LIMITED	United Kingdom	51.812349	-0.046115	21.10	Manufacture of basic pharmaceutical products	1.(c)
uk-prtr	EW_EA-22713	2024	Mizkan Euro Limited Middleton	MIZKAN EURO LIMITED	United Kingdom	53.549251	-2.170659	10.84	Manufacture of condiments and seasonings	8.(b)
uk-prtr	EW_EA-22728	2024	Yaxley Poultry Processing Plant	CRANSWICK COUNTRY FOODS PLC	United Kingdom	52.327878	1.120323	10.12	Processing and preserving of poultry meat	8.(a)
uk-prtr	EW_EA-22729	2024	Wisbech Potato Products Plant	LAMB-WESTON/MEIJER UK LIMITED	United Kingdom	52.603512	0.281468	10.31	Processing and preserving of potatoes	8.(b)
uk-prtr	EW_EA-22984	2024	Low Moor Chemical Works EPR/MP3739QD	SOLENIS UK INDUSTRIES LIMITED	United Kingdom	53.751360	-1.756110	20.14	Manufacture of other organic basic chemicals	4.(a)
uk-prtr	EW_EA-23013	2024	Aspall Cyder Limited EPR/GP3432QA	ASPALL CYDER LIMITED	United Kingdom	52.243391	1.178999	11.03	Manufacture of cider and other fruit wines	8.(b)
uk-prtr	EW_EA-23036	2024	Pen Mill - EPR/NP3107SM	DUFFIELDS (SOUTH WEST) LIMITED	United Kingdom	50.951859	-2.603844	10.91	Manufacture of prepared feeds for farm animals	8.(b)
uk-prtr	EW_EA-23038	2024	Iceland Manufacturing Limited - EPR/NP3303PY	Inspired Global Cuisine Ltd	United Kingdom	53.467448	-2.177109	10.85	Manufacture of prepared meals and dishes	8.(b)
uk-prtr	EW_EA-23040	2024	CMS (United Kingdom) Limited	BAKER & BAKER PRODUCTS UK LIMITED	United Kingdom	53.339328	-2.969411	10.71	Manufacture of bread; manufacture of fresh pastry goods and cakes	8.(b)
uk-prtr	EW_EA-23041	2024	Oxford Combined Heat and Power Plant	THAMES WATER UTILITIES LIMITED	United Kingdom	51.713745	-1.214590	10.31	Processing and preserving of potatoes	5.(c)
uk-prtr	EW_EA-23058	2024	Wrights Pies (Shelton) Limited - EPR/TP3903PE	WRIGHTS PIES (SHELTON) LIMITED	United Kingdom	53.086505	-2.425323	10.89	Manufacture of other food products n.e.c.	8.(b)
uk-prtr	EW_EA-23061	2024	Pilgrim's Pride Redruth - EPR/UP3904BM	PILGRIM'S PRIDE LTD.	United Kingdom	50.226622	-5.260665	10.11	Processing and preserving of meat	8.(b)
uk-prtr	EW_EA-23067	2024	Duvelco Limited	DUVELCO LIMITED	United Kingdom	53.020815	-2.162302	20.16	Manufacture of plastics in primary forms	4.(a)
uk-prtr	EW_EA-23068	2024	Frank Roberts & Sons Ltd	FRANK ROBERTS & SONS LIMITED	United Kingdom	53.021585	-2.477309	10.71	Manufacture of bread; manufacture of fresh pastry goods and cakes	8.(b)
uk-prtr	EW_EA-23312	2024	PETERBOROUGH AND CAMBRIDGE BUSINESS DEVELOPMENT COMPANY LTD	PETERBOROUGH AND CAMBRIDGE BUSINESS DEVELOPMENT COMPANY LIMITED	United Kingdom	52.170866	0.169468	20.59	Manufacture of other chemical products n.e.c.	4.(a)
uk-prtr	EW_EA-23332	2024	Bernard Matthews Foods (Derby) Limited	BERNARD MATTHEWS FOODS (DERBY) LIMITED	United Kingdom	52.902831	-1.467940	10.89	Manufacture of other food products n.e.c.	8.(b)
uk-prtr	EW_EA-23333	2024	Bakkavor Pizza Holbeach	BAKKAVOR FOODS LIMITED	United Kingdom	52.864301	0.002392	10.89	Manufacture of other food products n.e.c.	8.(b)
uk-prtr	EW_EA-23336	2024	Aunt Bessies EPR/JP3100MM	BIRDS EYE LIMITED	United Kingdom	53.729954	-0.379133	10.89	Manufacture of other food products n.e.c.	8.(b)
uk-prtr	EW_EA-23337	2024	Konings Juices and Drinks UK Ltd GP3005LK	KONINGS JUICES & DRINKS UK LIMITED	United Kingdom	52.010186	0.856314	11.07	Manufacture of soft drinks; production of mineral waters and other bottled waters	8.(b)
uk-prtr	EW_EA-23338	2024	Bakkavor Spalding - EPR/XP3806PQ	BAKKAVOR FOODS LIMITED	United Kingdom	52.798362	-0.141350	10.85	Manufacture of prepared meals and dishes	8.(b)
uk-prtr	EW_EA-23339	2024	Cranswick Gourmet Bacon Co - EPR/FP3608BE	CRANSWICK COUNTRY FOODS PLC	United Kingdom	53.791596	-1.221553	10.11	Processing and preserving of meat	8.(b)
uk-prtr	EW_EA-23340	2024	Saladworks	SAMWORTH BROTHERS LIMITED	United Kingdom	52.629959	-1.211294	10.89	Manufacture of other food products n.e.c.	8.(b)
uk-prtr	EW_EA-23535	2024	Plots 5 and P2 - 01 - EPR/RP3904MC	MEG DERBY LIMITED	United Kingdom	52.890388	-1.701811	11.07	Manufacture of soft drinks; production of mineral waters and other bottled waters	8.(b)
uk-prtr	EW_EA-23536	2024	Thatchers (Myrtle Farm) - EPR/LP3004MC	THATCHERS (MYRTLE FARM) LIMITED	United Kingdom	51.677118	-2.841809	11.03	Manufacture of cider and other fruit wines	8.(b)
uk-prtr	EW_EA-23537	2024	Melton Foods - EPR/GP3548QT	SAMWORTH BROTHERS LIMITED	United Kingdom	52.754763	-0.917886	10.89	Manufacture of other food products n.e.c.	8.(b)
uk-prtr	EW_EA-23538	2024	Greencore Boston	GREENCORE FOOD TO GO LIMITED	United Kingdom	52.963386	-0.018925	10.39	Other processing and preserving of fruit and vegetables	8.(b)
uk-prtr	EW_EA-23539	2024	Rudie's Kitchen	DOGMATES LIMITED	United Kingdom	53.391930	-1.065706	10.92	Manufacture of prepared pet foods	8.(b)
uk-prtr	EW_EA-236	2024	Avocado Research Chemicals Ltd BL7329IC	AVOCADO RESEARCH CHEMICALS LIMITED	United Kingdom	54.038494	-2.906666	20.14	Manufacture of other organic basic chemicals	4.(a)
uk-prtr	EW_EA-2364	2024	Ginsters Callington - EPR/BO0649IR	SAMWORTH BROTHERS LIMITED	United Kingdom	50.504718	-4.304197	10.71	Manufacture of bread; manufacture of fresh pastry goods and cakes	8.(b)
uk-prtr	EW_EA-23737	2024	Pukka Pies Limited - EPR/FP3908MK	PUKKA PIES LIMITED	United Kingdom	52.694763	-1.084355	10.91	Manufacture of prepared feeds for farm animals	8.(b)
uk-prtr	EW_EA-23738	2024	TM Telford Dairy Limited	TM TELFORD DAIRY LIMITED	United Kingdom	52.706153	-2.428125	10.51	Operation of dairies and cheese making	8.(c)
uk-prtr	EW_EA-2374	2024	Prudhoe Mill EPR/BK0205IE	ESSITY UK LIMITED	United Kingdom	54.968375	-1.853611	17.12	Manufacture of paper and paperboard	6.(b)
uk-prtr	EW_EA-2393	2024	John Smiths Brewery Tadcaster EPR/BT2815IP	HEINEKEN UK LIMITED	United Kingdom	53.882643	-1.263828	11.05	Manufacture of beer	8.(b)
uk-prtr	EW_EA-2410	2024	Oldmedow Colour Plant - EPR/MP3737LF	SENSIENT COLORS UK LIMITED	United Kingdom	52.745577	0.417641	20.59	Manufacture of other chemical products n.e.c.	4.(a)
uk-prtr	EW_EA-2453	2024	Moss Bank Road - EPR/FP3032RH	ICONICHEM WIDNES LIMITED	United Kingdom	53.363370	-2.707731	20.13	Manufacture of other inorganic basic chemicals	4.(b)
uk-prtr	EW_EA-2498	2024	Medical Manufacturing Plant Hull EPR/CP3338LR	SMITH & NEPHEW MEDICAL LIMITED	United Kingdom	53.744063	-0.326576	20.14	Manufacture of other organic basic chemicals	4.(a)
uk-prtr	EW_EA-2500	2024	Snodland Paper Mill EPR/BJ7433IQ	Smurfit Kappa UK Ltd	United Kingdom	51.327857	0.449837	17.12	Manufacture of paper and paperboard	6.(b)
uk-prtr	EW_EA-2505	2024	Baronet Road Chemicals EPR/PP3139XA	INGEVITY UK LTD	United Kingdom	53.370504	-2.603543	20.14	Manufacture of other organic basic chemicals	4.(a)
uk-prtr	EW_EA-2516	2024	Stainland Board Mill	SONOCO CORES AND PAPER LIMITED	United Kingdom	53.667974	-1.896893	17.12	Manufacture of paper and paperboard	6.(b)
uk-prtr	EW_EA-2562	2024	Higher Kings Mill - EPR/EP3431FL	HIGHER KINGS MILL LIMITED	United Kingdom	50.865068	-3.378306	17.12	Manufacture of paper and paperboard	6.(b)
uk-prtr	EW_EA-2564	2024	Kemsley Paper Mill EPR/BJ7468IC	DS SMITH PAPER LIMITED	United Kingdom	51.362175	0.751203	17.12	Manufacture of paper and paperboard	6.(a)
uk-prtr	EW_EA-2590	2024	Stalybridge Organic Chemicals - EPR/BS3000ID	STEPAN UK LIMITED	United Kingdom	53.481134	-2.065358	20.14	Manufacture of other organic basic chemicals	4.(a)
uk-prtr	EW_EA-2613	2024	Surcotech Newent - EPR/BV1305IV	SURCOTECH INTERNATIONAL LIMITED	United Kingdom	51.929962	-2.394372	20.30	Manufacture of paints, varnishes and similar coatings, printing ink and mastics	4.(a)
uk-prtr	EW_EA-2627	2024	303 Clayton Road EPR/PP3236ST	CARBOGEN AMCIS LIMITED	United Kingdom	53.481728	-2.184552	20.14	Manufacture of other organic basic chemicals	4.(a)
uk-prtr	EW_EA-2631	2024	The Harlow Polymer Factory EPR/ZP3532SW	SYNTHOMER (UK) LIMITED	United Kingdom	51.784934	0.119292	20.16	Manufacture of plastics in primary forms	4.(a)
uk-prtr	EW_EA-2632	2024	Latex, Lithene and Dispersions plant, Stallingborough EPR/XP3438LA	SYNTHOMER (UK) LIMITED	United Kingdom	53.605407	-0.141013	20.17	Manufacture of synthetic rubber in primary forms	4.(a)
uk-prtr	EW_EA-2646	2024	Selby Wheat Processing Facility EPR/KP3030TZ	SEDAMYL UK LIMITED	United Kingdom	53.777351	-1.041539	11.01	Distilling, rectifying and blending of spirits	4.(a)
uk-prtr	EW_EA-2648	2024	Thames Refinery EPR/MP3530HZ	T & L SUGARS LIMITED	United Kingdom	51.501508	0.047184	10.81	Manufacture of sugar	8.(b)
uk-prtr	EW_EA-2651	2024	Grimsby Superabsorbents Fibres Factory - EPR/RP3632NX	TECHNICAL ABSORBENTS LIMITED	United Kingdom	53.592180	-0.128750	20.60	Manufacture of man-made fibres	4.(a)
uk-prtr	EW_EA-2654	2024	Grimsby Lyocell Fibers Factory - EPR/SP3936HE	LENZING FIBERS GRIMSBY LIMITED	United Kingdom	53.596116	-0.139003	20.60	Manufacture of man-made fibres	4.(a)
uk-prtr	EW_EA-2660	2024	Billingham Fertiliser Works EPR/BX3287IK	CF FERTILISERS UK LIMITED	United Kingdom	54.581893	-1.267064	20.15	Manufacture of fertilisers and nitrogen compounds	4.(b)
uk-prtr	EW_EA-2663	2024	Bridge End Chemical Works, Leek EPR/BT8171IN	ETERNIS FINE CHEMICALS UK LIMITED	United Kingdom	53.110631	-2.038949	20.59	Manufacture of other chemical products n.e.c.	4.(a)
uk-prtr	EW_EA-2689	2024	Thomas Swan & Co Limited EPR/BT0561IZ	THOMAS SWAN & CO.LIMITED	United Kingdom	54.855100	-1.818507	20.59	Manufacture of other chemical products n.e.c.	4.(a)
uk-prtr	EW_EA-2693	2024	Wincham Organic Specialities EPR/BL6403IQ	THOR SPECIALITIES (UK) LIMITED	United Kingdom	53.270754	-2.479181	20.59	Manufacture of other chemical products n.e.c.	4.(b)
uk-prtr	EW_EA-2700	2024	Greatham Works EPR/TP3532PK	VENATOR MATERIALS UK LIMITED	United Kingdom	54.631729	-1.203584	20.12	Manufacture of dyes and pigments	4.(b)
uk-prtr	EW_EA-274	2024	Carrington Polyolefins Plant EPR/KP3536SH	BASELL POLYOLEFINS UK LIMITED	United Kingdom	53.430424	-2.397295	20.16	Manufacture of plastics in primary forms	4.(a)
uk-prtr	EW_EA-2753	2024	Cooked Meat Plant, Kings Lynn - EPR/BX2043IE	PILGRIM'S PRIDE LTD.	United Kingdom	52.733085	0.408506	10.11	Processing and preserving of meat	8.(b)
uk-prtr	EW_EA-2781	2024	Rainford Insulation Plant EPR/BR8352IN	UNIFRAX LIMITED	United Kingdom	53.488008	-2.771597	20.60	Manufacture of man-made fibres	3.(f)
uk-prtr	EW_EA-2832	2024	Vantico- Duxford EPR/BS9148IP	HUNTSMAN ADVANCED MATERIALS (UK) LIMITED	United Kingdom	52.088220	0.160202	20.52	Manufacture of glues	4.(a)
uk-prtr	EW_EA-2844	2024	Spring Road Chemicals - EPR/BP3432UW	ORAPI APPLIED LIMITED	United Kingdom	52.505106	-1.986550	20.41	Manufacture of soap and detergents, cleaning and polishing preparations	4.(a)
uk-prtr	EW_EA-2846	2024	Hillhouse International- Victrex Manufacturing Limited EPR/BU5640IA	VICTREX MANUFACTURING LIMITED	United Kingdom	53.885355	-2.995240	20.16	Manufacture of plastics in primary forms	4.(a)
uk-prtr	EW_EA-287	2024	Paragon Works - EPR/BL8562IG	LANXESS URETHANES UK LTD	United Kingdom	53.726144	-2.337636	20.59	Manufacture of other chemical products n.e.c.	4.(a)
uk-prtr	EW_EA-291	2024	Briar Chemicals Limited - Norwich Site EPR/KP3736CJ	BRIAR CHEMICALS LIMITED	United Kingdom	52.645138	1.258202	20.20	Manufacture of pesticides and other agrochemical products	4.(d)
uk-prtr	EW_EA-2954	2024	Westbury Dairies EPR/QP3930JL	ARLA FOODS LIMITED	United Kingdom	51.270210	-2.206076	10.51	Operation of dairies and cheese making	8.(c)
uk-prtr	EW_EA-2973	2024	Pool Paper Mill EPR/BJ8294IM	WEIDMANN WHITELEY LIMITED	United Kingdom	53.904137	-1.641526	17.12	Manufacture of paper and paperboard	6.(b)
uk-prtr	EW_EA-2980	2024	Church Chemical Works EPR/DP3539ST	WILLIAM BLYTHE LIMITED	United Kingdom	53.753292	-2.395332	20.13	Manufacture of other inorganic basic chemicals	4.(b)
uk-prtr	EW_EA-2988	2024	Witton Chemical -Hampstead Avenue EPR/BV3120IX	WITTON CHEMICAL CO LIMITED	United Kingdom	52.355687	0.508208	20.59	Manufacture of other chemical products n.e.c.	4.(a)
uk-prtr	EW_EA-3008	2024	Wychem Limited- Bury Road EPR/BU3434IR	WYCHEM LIMITED	United Kingdom	52.139107	0.501718	20.14	Manufacture of other organic basic chemicals	4.(a)
uk-prtr	EW_EA-3053	2024	Greggs Balliol Park Longbenton - EPR/GP3532PR	GREGGS PLC	United Kingdom	55.020786	-1.588629	10.13	Production of meat and poultry meat products	8.(b)
uk-prtr	EW_EA-3061	2024	Grimsby Chemical Works - EPR/KP3639QV	SOLENIS UK INDUSTRIES LIMITED	United Kingdom	53.590632	-0.127458	20.59	Manufacture of other chemical products n.e.c.	4.(a)
uk-prtr	EW_EA-3070	2024	Huddersfield Chemical Industry - EPR/UP3138LT	SYNGENTA LIMITED	United Kingdom	53.648046	-1.781516	20.20	Manufacture of pesticides and other agrochemical products	4.(a)
uk-prtr	EW_EA-3099	2024	Exeter Feed Mill EPR/AP3734SP	FORFARMERS UK LIMITED	United Kingdom	50.721136	-3.470130	10.91	Manufacture of prepared feeds for farm animals	8.(b)
uk-prtr	EW_EA-3103	2024	Winchcombe Paper Mill EPR/BJ4302IZ	HOLLINGSWORTH & VOSE COMPANY LIMITED	United Kingdom	51.942401	-1.988316	17.29	Manufacture of other articles of paper and paperboard	6.(b)
uk-prtr	EW_EA-3104	2024	Royal Forest Factory EPR/EP3137EK	LUCOZADE RIBENA SUNTORY LIMITED	United Kingdom	51.786478	-2.620582	11.07	Manufacture of soft drinks; production of mineral waters and other bottled waters	8.(b)
uk-prtr	EW_EA-3110	2024	Hosegood Flour Mill - EPR/BM8916ID	ADM MILLING LIMITED	United Kingdom	51.496673	-2.702636	10.61	Manufacture of grain mill products	8.(b)
uk-prtr	EW_EA-3113	2024	Coronet Flour Mill EPR/RP3332DN	ALLIED MILLS LIMITED	United Kingdom	53.481074	-2.322878	10.61	Manufacture of grain mill products	8.(b)
uk-prtr	EW_EA-3114	2024	Corby Flour Mill - EPR/BM9661IH	ADM MILLING LIMITED	United Kingdom	52.509495	-0.685363	10.61	Manufacture of grain mill products	8.(b)
uk-prtr	EW_EA-3115	2024	Tilbury Flour Mill - EPR/UP3806LV	ALLIED MILLS LIMITED	United Kingdom	51.469236	0.330692	10.61	Manufacture of grain mill products	8.(b)
uk-prtr	EW_EA-3117	2024	Settle Creamery - EPR/BN0473IM	ARLA FOODS LIMITED	United Kingdom	54.067190	-2.285239	10.51	Operation of dairies and cheese making	8.(c)
uk-prtr	EW_EA-3122	2024	Beckton Soft Drinks Factory EPR/BN2832IK	BRITVIC SOFT DRINKS LIMITED	United Kingdom	51.517734	0.070541	11.07	Manufacture of soft drinks; production of mineral waters and other bottled waters	8.(b)
uk-prtr	EW_EA-3123	2024	Britvic Soft Drinks Leeds - EPR/BN2859IP	BRITVIC SOFT DRINKS LIMITED	United Kingdom	53.806371	-1.649193	11.07	Manufacture of soft drinks; production of mineral waters and other bottled waters	8.(b)
uk-prtr	EW_EA-3124	2024	Bulmer Cider Mills EPR/BN3138IG	HEINEKEN UK LIMITED	United Kingdom	52.059550	-2.727628	11.03	Manufacture of cider and other fruit wines	8.(b)
uk-prtr	EW_EA-3126	2024	Crick Pet Food - EPR/BN3316IU	BUTCHER'S PET CARE LIMITED	United Kingdom	51.723274	-1.935096	10.92	Manufacture of prepared pet foods	8.(b)
uk-prtr	EW_EA-3127	2024	Bournville Chocolate Works EPR/LP3734FJ	MONDELEZ UK CONFECTIONERY PRODUCTION LIMITED	United Kingdom	52.417165	-1.930263	10.82	Manufacture of cocoa, chocolate and sugar confectionery	8.(b)
uk-prtr	EW_EA-3129	2024	Brocklebank Oilseed Processing Plant EPR/BN4142IY	CARGILL PLC	United Kingdom	53.441891	-3.002157	10.41	Manufacture of oils and fats	8.(b)
uk-prtr	EW_EA-3131	2024	Bridge Street Brewery - EPR/JP3337WF	CMBC SUPPLY LIMITED	United Kingdom	52.232342	-0.899297	11.05	Manufacture of beer	8.(b)
uk-prtr	EW_EA-3132	2024	The Eagle Brewery - EPR/EP3831YX	Damm 1876 Ltd	United Kingdom	52.130420	-0.481348	11.05	Manufacture of beer	8.(b)
uk-prtr	EW_EA-3135	2024	Bondgate Beverage Manufacturer - EPR/BN5637IW	REFRESCO DRINKS UK LIMITED	United Kingdom	53.698026	-1.293709	11.07	Manufacture of soft drinks; production of mineral waters and other bottled waters	8.(b)
uk-prtr	EW_EA-3136	2024	Preston Abattoir	CRANSWICK COUNTRY FOODS PLC	United Kingdom	53.755596	-0.204163	10.11	Processing and preserving of meat	8.(a)
uk-prtr	EW_EA-3140	2024	Leeming Bar Meat Processing Unit - EPR/VP3638HV	ANGLO BEEF PROCESSORS UK	United Kingdom	54.304102	-1.565067	10.13	Production of meat and poultry meat products	8.(b)
uk-prtr	EW_EA-3142	2024	Dunbia (Cumbria) - EPR/PP3337FP	DUNBIA (UK)	United Kingdom	54.174571	-3.158133	10.11	Processing and preserving of meat	8.(a)
uk-prtr	EW_EA-3146	2024	Cemetery Road Pizza and Pies WM EPR/BN8814IV/V003	FARMERS BOY LIMITED	United Kingdom	53.795828	-1.791983	10.13	Production of meat and poultry meat products	8.(b)
uk-prtr	EW_EA-3148	2024	Greenyard Frozen UK EPR/BN9241IS	GREENYARD FROZEN UK LIMITED	United Kingdom	52.739048	0.415946	10.39	Other processing and preserving of fruit and vegetables	8.(b)
uk-prtr	EW_EA-3150	2024	Shepton Mallet Egg Processors and Contract Packers EPR/BN9551IT	FRAMPTONS LIMITED	United Kingdom	51.186718	-2.533507	10.89	Manufacture of other food products n.e.c.	8.(b)
uk-prtr	EW_EA-3152	2024	Abbot House Westgate Brewery EPR/BO1122IA	GREENE KING LIMITED	United Kingdom	52.240899	0.717356	11.05	Manufacture of beer	8.(b)
uk-prtr	EW_EA-3153	2024	Felthorpe Meat Processors EPR/BO1505IX	HG BLAKE (COSTESSEY) LIMITED	United Kingdom	52.748832	1.205470	10.11	Processing and preserving of meat	8.(a)
uk-prtr	EW_EA-3154	2024	H R Jasper Abattoir - South Petherwin - EPR/BO1637IE	DUNBIA (UK)	United Kingdom	50.610380	-4.411837	10.11	Processing and preserving of meat	8.(a)
uk-prtr	EW_EA-3155	2024	Little Wratting Pork Processing EPR/AP3333HL	KARRO FOOD LIMITED	United Kingdom	52.101348	0.475656	10.11	Processing and preserving of meat	8.(b)
uk-prtr	EW_EA-3162	2024	Dunbia (Preston) - EPR/WP3338UP	DUNBIA (UK)	United Kingdom	53.719685	-2.658844	10.11	Processing and preserving of meat	8.(a)
uk-prtr	EW_EA-3163	2024	Meat Processing Plant, Hyde - EPR/BO5357IE	PILGRIM'S FOOD MASTERS UK LIMITED	United Kingdom	53.450760	-2.051007	10.13	Production of meat and poultry meat products	8.(b)
uk-prtr	EW_EA-3166	2024	Malton Bacon Factory EPR/BO7236IF	KARRO FOOD LIMITED	United Kingdom	54.132278	-0.772882	10.11	Processing and preserving of meat	8.(a)
uk-prtr	EW_EA-3167	2024	Slough Chocolate Factory EPR/VP3239GT/V002	MARS CHOCOLATE UK LIMITED.	United Kingdom	51.524867	-0.630592	10.82	Manufacture of cocoa, chocolate and sugar confectionery	8.(b)
uk-prtr	EW_EA-3168	2024	Whittlesey Food Factory - EPR/BO7724IV	MCCAIN FOODS (G.B.) LIMITED	United Kingdom	52.558999	-0.174350	10.31	Processing and preserving of potatoes	8.(b)
uk-prtr	EW_EA-3169	2024	McCain Scarborough Manufacturing Site	MCCAIN FOODS (G.B.) LIMITED	United Kingdom	54.237781	-0.389677	10.31	Processing and preserving of potatoes	8.(b)
uk-prtr	EW_EA-3173	2024	Muller UK & Ireland Group LLP YP3633WP	MULLER UK & IRELAND GROUP LLP	United Kingdom	52.896203	-2.515767	10.51	Operation of dairies and cheese making	8.(c)
uk-prtr	EW_EA-3177	2024	Easton Food Processors EPR/ZP3737YZ	McCain Foods (G.B.) Limited	United Kingdom	52.830455	-0.607119	10.31	Processing and preserving of potatoes	8.(b)
uk-prtr	EW_EA-3185	2024	Maryland Farm EPR/BP3232SF	A J & R G BARBER LIMITED	United Kingdom	51.121598	-2.537329	10.51	Operation of dairies and cheese making	8.(c)
uk-prtr	EW_EA-3192	2024	ABP Doncaster - EPR/BP3530BD	ANGLO BEEF PROCESSORS UK	United Kingdom	53.537720	-1.030964	10.11	Processing and preserving of meat	8.(b)
uk-prtr	EW_EA-3193	2024	Severnside Dairies EPR/TP3838RM	MULLER UK & IRELAND GROUP LLP	United Kingdom	51.750519	-2.296910	10.51	Operation of dairies and cheese making	8.(c)
uk-prtr	EW_EA-3201	2024	Dovecote Park Ltd	DOVECOTE PARK LIMITED	United Kingdom	53.673038	-1.235092	10.11	Processing and preserving of meat	8.(a)
uk-prtr	EW_EA-3204	2024	Leeming Bar Ice Cream Factory EPR/BP4062IB/V011	Froneri Ice Cream UK Limited	United Kingdom	54.304460	-1.564756	10.52	Manufacture of ice cream	8.(b)
uk-prtr	EW_EA-3205	2024	ABP Langport - EPR/HP3330CQ	ANGLO BEEF PROCESSORS UK	United Kingdom	51.032398	-2.816238	10.11	Processing and preserving of meat	8.(a)
uk-prtr	EW_EA-3206	2024	Shepton Mallet Cider Mill EPR/HP3833YZ	BROTHERS DRINKS CO. LIMITED	United Kingdom	51.190389	-2.536984	11.03	Manufacture of cider and other fruit wines	8.(b)
uk-prtr	EW_EA-3210	2024	St Merryn Bodmin EPR/EP3632EK	KEPAK GROUP LIMITED	United Kingdom	50.474098	-4.702994	10.13	Production of meat and poultry meat products	8.(a)
uk-prtr	EW_EA-3216	2024	Olympia Mills EPR/BP9811IE	FORFARMERS UK LIMITED	United Kingdom	53.787863	-1.052532	10.91	Manufacture of prepared feeds for farm animals	8.(b)
uk-prtr	EW_EA-3217	2024	Dalton Pet Foods Manufacturer	INSPIRED PET NUTRITION LIMITED	United Kingdom	54.171711	-1.361801	10.92	Manufacture of prepared pet foods	8.(b)
uk-prtr	EW_EA-3219	2024	Colne Meat EPR/BQ1719IQ	NEEROCK LIMITED	United Kingdom	53.848513	-2.198324	10.13	Production of meat and poultry meat products	8.(b)
uk-prtr	EW_EA-3220	2024	Humberstone Road - EPR/BQ1972IR	YOUNG'S SEAFOOD LIMITED	United Kingdom	53.559470	-0.061797	10.20	Processing and preserving of fish, crustaceans and molluscs	8.(b)
uk-prtr	EW_EA-3222	2024	Lake Road, Trafford Park - EPR/SP3835EK	MULLER UK & IRELAND GROUP LLP	United Kingdom	53.475436	-2.313946	10.51	Operation of dairies and cheese making	8.(c)
uk-prtr	EW_EA-3244	2024	Finedon Mill, Wellingborough EPR/RP3931VA	HOVIS LIMITED	United Kingdom	52.316934	-0.678899	10.61	Manufacture of grain mill products	8.(b)
uk-prtr	EW_EA-3246	2024	Dalehead Foods	PILGRIM'S PRIDE LTD.	United Kingdom	52.795604	-0.126042	10.11	Processing and preserving of meat	8.(a)
uk-prtr	EW_EA-3248	2024	Southbrink Factory EPR/BT3714IY	NESTLE PURINA UK MANUFACTURING OPERATIONS LIMITED	United Kingdom	52.662717	0.154413	10.92	Manufacture of prepared pet foods	8.(b)
uk-prtr	EW_EA-3249	2024	Walkers Snack Foods - EPR/BT5890IB	WALKERS SNACK FOODS LIMITED	United Kingdom	52.671220	-1.158495	10.31	Processing and preserving of potatoes	8.(b)
uk-prtr	EW_EA-3252	2024	Greenergy Biofuels Teesside - EPR/EP3334AS	GREENERGY BIOFUELS TEESSIDE LIMITED	United Kingdom	54.612822	-1.171592	20.14	Manufacture of other organic basic chemicals	4.(a)
uk-prtr	EW_EA-3263	2024	Purfleet Vegetable Oil Refinery EPR/BU7677IZ	PURA FOODS LIMITED	United Kingdom	51.475166	0.257405	10.41	Manufacture of oils and fats	8.(b)
uk-prtr	EW_EA-3278	2024	Langwathby Meat Processing Site EPR/BV3529IK	FRANK BIRD (POULTRY) LIMITED	United Kingdom	54.693285	-2.662270	10.12	Processing and preserving of poultry meat	8.(a)
uk-prtr	EW_EA-3305	2024	Hereford Poultry Processing Facility - EPR/HP3238JD	FREEMANS OF NEWENT LIMITED	United Kingdom	52.064754	-2.729608	10.13	Production of meat and poultry meat products	8.(a)
uk-prtr	EW_EA-3308	2024	Royal Brewery, Manchester - EPR/BV7796IW	HEINEKEN UK LIMITED	United Kingdom	53.459600	-2.243947	11.05	Manufacture of beer	8.(b)
uk-prtr	EW_EA-3351	2024	Carlisle Feed Mill EPR/BW3303IV	CARRS BILLINGTON AGRICULTURE (OPERATIONS) LIMITED	United Kingdom	54.924494	-2.949423	10.91	Manufacture of prepared feeds for farm animals	8.(b)
uk-prtr	EW_EA-3352	2024	Eastern Way Food Factory EPR/BW9255IU	CAVAGHAN & GRAY LIMITED	United Kingdom	54.881686	-2.906486	10.85	Manufacture of prepared meals and dishes	8.(b)
uk-prtr	EW_EA-3355	2024	Kenninghall Feed Mill EPR/BW9654IF	CROWN CHICKEN LIMITED	United Kingdom	52.422720	1.003894	10.91	Manufacture of prepared feeds for farm animals	8.(b)
uk-prtr	EW_EA-3356	2024	ABN - Bury St Edmunds EPR/BW9689IP	AB AGRI LIMITED	United Kingdom	52.251130	0.726040	10.91	Manufacture of prepared feeds for farm animals	8.(b)
uk-prtr	EW_EA-3357	2024	Cranswick Country Foods PLC (Norfolk) EPR/CP3507PJ	CRANSWICK COUNTRY FOODS PLC	United Kingdom	52.568866	0.805779	10.11	Processing and preserving of meat	8.(a)
uk-prtr	EW_EA-3358	2024	Bawsey Mill EPR/KP3738YP	2 AGRICULTURE LIMITED	United Kingdom	52.750478	0.472149	10.91	Manufacture of prepared feeds for farm animals	8.(b)
uk-prtr	EW_EA-3362	2024	Sherburn in Elmet Animal Feed Mill - EPR/BW9824IC	AB AGRI LIMITED	United Kingdom	53.795773	-1.228155	10.91	Manufacture of prepared feeds for farm animals	8.(b)
uk-prtr	EW_EA-3363	2024	Northallerton Feed Mill - EPR/BW9832IT	AB AGRI LIMITED	United Kingdom	54.347804	-1.439996	10.91	Manufacture of prepared feeds for farm animals	8.(b)
uk-prtr	EW_EA-3368	2024	Dwan Mill EPR/BX0806IG	FORFARMERS UK LIMITED	United Kingdom	53.725121	-2.650896	10.91	Manufacture of prepared feeds for farm animals	8.(b)
uk-prtr	EW_EA-3369	2024	Aintree Petfood Plant - EPR/RP3604PT	FOLD HILL FOODS (LIVERPOOL) LIMITED	United Kingdom	53.466138	-2.950005	10.92	Manufacture of prepared pet foods	8.(b)
uk-prtr	EW_EA-3371	2024	Kirkham Food Processing Facility - EPR/BX0865IF	KEPAK KIRKHAM LIMITED	United Kingdom	53.786327	-2.889379	10.13	Production of meat and poultry meat products	8.(b)
uk-prtr	EW_EA-3377	2024	Dunbia (Cardington) EPR/BX2086IB	DUNBIA (UK)	United Kingdom	52.128879	-0.412152	10.11	Processing and preserving of meat	8.(a)
uk-prtr	EW_EA-3387	2024	Millennium Way	Octric Semiconductors Limited	United Kingdom	54.588647	-1.569316	20.13	Manufacture of other inorganic basic chemicals	5.(a)
uk-prtr	EW_EA-3388	2024	Scunthorpe Meat Processing Facility - EPR/BX3848IA	OSI FOOD SOLUTIONS UK LIMITED	United Kingdom	53.604432	-0.676092	10.13	Production of meat and poultry meat products	8.(b)
uk-prtr	EW_EA-3392	2024	Chesterfield Poultry Slaughterhouse EPR/XP3036AR	CHESTERFIELD POULTRY LIMITED	United Kingdom	53.594200	-0.949442	10.12	Processing and preserving of poultry meat	8.(a)
uk-prtr	EW_EA-3394	2024	Gainsborough Food Factory Noble Foods Co EPR/BP3930RD	NOBLE FOODS CO	United Kingdom	53.405277	-0.755390	10.12	Processing and preserving of poultry meat	8.(a)
uk-prtr	EW_EA-3395	2024	Bury St Edmunds Feed Mill EPR/BX4674IH	FORFARMERS UK LIMITED	United Kingdom	52.242223	0.772519	10.91	Manufacture of prepared feeds for farm animals	8.(b)
uk-prtr	EW_EA-3400	2024	Shazan Foods Limited - Eye - EPR/ZP3237AL	SHAZAN FOODS LIMITED	United Kingdom	52.320547	1.142408	10.12	Processing and preserving of poultry meat	8.(a)
uk-prtr	EW_EA-342	2024	Oldbury Chemical Works No. 2	BIP (OLDBURY) LIMITED	United Kingdom	52.498904	-2.004375	20.16	Manufacture of plastics in primary forms	4.(a)
uk-prtr	EW_EA-343	2024	Brooks Lane Organics EPR/RP3531LP	BIP ORGANICS LIMITED	United Kingdom	53.188851	-2.436064	20.14	Manufacture of other organic basic chemicals	5.(a)
uk-prtr	EW_EA-3431	2024	Heasandford Surface Treatments - EPR/CP3034PT	HYCAERO LIMITED	United Kingdom	53.802735	-2.215417	20.30	Manufacture of paints, varnishes and similar coatings, printing ink and mastics	2.(f)
uk-prtr	EW_EA-347	2024	Standish Polymers - EPR/BU5461IA	BITREZ LIMITED	United Kingdom	53.593555	-2.646757	20.59	Manufacture of other chemical products n.e.c.	4.(a)
uk-prtr	EW_EA-3476	2024	Cedar Maltings EPR/FP3132PH	MUNTONS PLC	United Kingdom	52.175487	1.018211	11.06	Manufacture of malt	8.(b)
uk-prtr	EW_EA-3487	2024	Batley Pet Foods - EPR/DP3339GW	MARS PETCARE UK	United Kingdom	53.743370	-1.650476	10.92	Manufacture of prepared pet foods	8.(b)
uk-prtr	EW_EA-3495	2024	Victoria Flour Mill, Wellingborough - EPR/FP3638SF	WHITWORTH BROS.LIMITED	United Kingdom	52.289788	-0.679560	10.61	Manufacture of grain mill products	8.(b)
uk-prtr	EW_EA-3498	2024	Balliol Food Processing Plant EPR/FP3930PJ	SUN VALLEY FOODS LIMITED	United Kingdom	52.625098	-2.163196	10.12	Processing and preserving of poultry meat	8.(b)
uk-prtr	EW_EA-3502	2024	Chilled Food Manufacturing Unit, Market Drayton - EPR/GP3130BW	PORK FARMS LIMITED	United Kingdom	52.905323	-2.484802	10.89	Manufacture of other food products n.e.c.	8.(b)
uk-prtr	EW_EA-3503	2024	Newcastle-Under-Lyme Animal Feed Mill EPR/GP3134SA	FORFARMERS UK LIMITED	United Kingdom	53.051332	-2.242229	10.91	Manufacture of prepared feeds for farm animals	8.(b)
uk-prtr	EW_EA-3509	2024	Tweed Valley Maltings EPR/GP3932PL	SIMPSONS MALT LIMITED	United Kingdom	55.760632	-2.021646	11.06	Manufacture of malt	8.(b)
uk-prtr	EW_EA-3513	2024	ABP Ellesmere - EPR/HP3037PD	ANGLO BEEF PROCESSORS UK	United Kingdom	52.851593	-2.897176	10.11	Processing and preserving of meat	8.(a)
uk-prtr	EW_EA-3522	2024	Manton Wood Sandwiches EPR/BP3133WE	GREENCORE FOOD TO GO LIMITED	United Kingdom	53.298254	-1.076154	10.85	Manufacture of prepared meals and dishes	8.(b)
uk-prtr	EW_EA-3534	2024	Belle Eau Park Mill EPR/WP3534RW	NOBLE FOODS CO	United Kingdom	53.127156	-1.015713	10.91	Manufacture of prepared feeds for farm animals	8.(b)
uk-prtr	EW_EA-3536	2024	Portbury Mill - EPR/JP3738SW	FORFARMERS UK LIMITED	United Kingdom	51.483093	-2.717981	10.91	Manufacture of prepared feeds for farm animals	8.(b)
uk-prtr	EW_EA-3538	2024	Faccenda Westbury - EPR/JP3934SZ	FACCENDA FOODS LIMITED	United Kingdom	51.275767	-2.215563	10.91	Manufacture of prepared feeds for farm animals	8.(b)
uk-prtr	EW_EA-3543	2024	Station Lane Dairy EPR/KP3437PG	MEADOW FOODS LIMITED	United Kingdom	53.840776	-0.789475	10.51	Operation of dairies and cheese making	8.(c)
uk-prtr	EW_EA-3547	2024	Holton Poultry Processing - EPR/CP3831DG	BERNARD MATTHEWS FOODS LIMITED	United Kingdom	52.355557	1.526808	10.13	Production of meat and poultry meat products	8.(a)
uk-prtr	EW_EA-3548	2024	Castill Laithe Abattoir - EPR/KP3538PF	DUNBIA (UK)	United Kingdom	53.920093	-2.308748	10.11	Processing and preserving of meat	8.(a)
uk-prtr	EW_EA-3560	2024	Faccenda Willow EPR/LP3430BM	FACCENDA FOODS LIMITED	United Kingdom	52.036363	-1.139849	10.12	Processing and preserving of poultry meat	8.(a)
uk-prtr	EW_EA-3563	2024	Willand Abattoir EPR/QP3633GP	2 SISTERS FOOD GROUP LIMITED	United Kingdom	50.891396	-3.380079	10.12	Processing and preserving of poultry meat	8.(a)
uk-prtr	EW_EA-3572	2024	Holly Bank EPR/SP3531ZE	FACCENDA FOODS LIMITED	United Kingdom	52.867116	-1.705832	10.13	Production of meat and poultry meat products	8.(a)
uk-prtr	EW_EA-3576	2024	Moor Farm Road Feed Mill - EPR/MP3732SK	MOY PARK LIMITED	United Kingdom	53.006009	-1.709361	10.91	Manufacture of prepared feeds for farm animals	8.(b)
uk-prtr	EW_EA-3577	2024	Cott Beverages - EPR/MP3735SN	REFRESCO DRINKS UK LIMITED	United Kingdom	52.841337	-1.286750	11.07	Manufacture of soft drinks; production of mineral waters and other bottled waters	8.(b)
uk-prtr	EW_EA-3585	2024	Egmere Mill EPR/NP3232SQ	AB AGRI LIMITED	United Kingdom	52.911156	0.830688	10.91	Manufacture of prepared feeds for farm animals	8.(b)
uk-prtr	EW_EA-3588	2024	Kerry Ingredients Ltd, Gainsborough EPR/NP3332PJ	KERRY INGREDIENTS (UK) LIMITED	United Kingdom	53.385864	-0.781817	10.61	Manufacture of grain mill products	8.(b)
uk-prtr	EW_EA-3596	2024	Worksop Flour Mills - EPR/CP3036NF	WHITWORTH BROS.LIMITED	United Kingdom	53.304808	-1.122683	10.61	Manufacture of grain mill products	8.(b)
uk-prtr	EW_EA-3601	2024	Gipping Road Poultry Processors Great Blakenham EA/EPR/NP3930BV/V002	JACK BRAND LIMITED	United Kingdom	52.109755	1.104330	10.12	Processing and preserving of poultry meat	8.(a)
uk-prtr	EW_EA-3620	2024	Erith Oil Works EPR/QP3331PQ	ARCHER DANIELS MIDLAND ERITH LIMITED	United Kingdom	51.492593	0.167939	10.41	Manufacture of oils and fats	8.(b)
uk-prtr	EW_EA-3621	2024	ForFarmers UK Ltd- Mill Road, Bath EPR/QP3338SV	FORFARMERS UK LIMITED	United Kingdom	51.294492	-2.434506	10.91	Manufacture of prepared feeds for farm animals	8.(b)
uk-prtr	EW_EA-3622	2024	Britvic Soft Drinks Rugby EPR/QP3434SH	BRITVIC SOFT DRINKS LIMITED	United Kingdom	52.392265	-1.267852	11.07	Manufacture of soft drinks; production of mineral waters and other bottled waters	8.(b)
uk-prtr	EW_EA-3623	2024	Marstons Brewery Burton - EPR/QP3435SC	CMBC SUPPLY LIMITED	United Kingdom	52.815572	-1.629323	11.05	Manufacture of beer	8.(b)
uk-prtr	EW_EA-3627	2024	Spry Mill EPR/QP3635SV	MOLE VALLEY FEED SOLUTIONS LTD	United Kingdom	50.643326	-4.267266	10.91	Manufacture of prepared feeds for farm animals	8.(b)
uk-prtr	EW_EA-3635	2024	Express Park Facility - EPR/RP3430BH	REFRESCO BEVERAGES UK LIMITED	United Kingdom	51.147559	-2.994401	11.07	Manufacture of soft drinks; production of mineral waters and other bottled waters	8.(b)
uk-prtr	EW_EA-3651	2024	Aston Mill EPR/SP3237PF	OAKES MILLERS LIMITED	United Kingdom	53.017084	-2.579965	10.91	Manufacture of prepared feeds for farm animals	8.(b)
uk-prtr	EW_EA-3655	2024	Albion Mills Confectionery Plant EPR/SP3437PE	NESTLE UK LTD.	United Kingdom	53.720239	-1.852365	10.82	Manufacture of cocoa, chocolate and sugar confectionery	8.(b)
uk-prtr	EW_EA-3656	2024	Coca-Cola Europacific Partners Great Britain Ltd - EPR/SP3439BU	COCA-COLA EUROPACIFIC PARTNERS GREAT BRITAIN LIMITED	United Kingdom	53.718660	-1.522635	11.07	Manufacture of soft drinks; production of mineral waters and other bottled waters	8.(b)
uk-prtr	EW_EA-3660	2024	Gloucester Ice Cream Factory	UNILEVER UK LIMITED	United Kingdom	51.866699	-2.204728	10.52	Manufacture of ice cream	8.(b)
uk-prtr	EW_EA-3664	2024	Plocks Farm EPR/SP3937PB	GA PET FOOD PARTNERS GROUP LIMITED	United Kingdom	53.681754	-2.819042	10.92	Manufacture of prepared pet foods	8.(b)
uk-prtr	EW_EA-3678	2024	United Biscuits. Waxlow Road EPR/TP3336SE	PLADIS (UK) LIMITED	United Kingdom	51.536916	-0.263700	10.82	Manufacture of cocoa, chocolate and sugar confectionery	8.(b)
uk-prtr	EW_EA-3681	2024	Flixton Poultry Processors EPR/TP3530BN	2 SISTERS FOOD GROUP LIMITED	United Kingdom	52.422482	1.394597	10.12	Processing and preserving of poultry meat	8.(a)
uk-prtr	EW_EA-3693	2024	Airfield Industrial Estate EPR/TP3835PD	MOY PARK LIMITED	United Kingdom	53.003850	-1.708630	10.13	Production of meat and poultry meat products	8.(a)
uk-prtr	EW_EA-3694	2024	Chilton Site EPR/TP3932PV	NESTLE PURINA UK MANUFACTURING OPERATIONS LIMITED	United Kingdom	52.042913	0.750536	10.92	Manufacture of prepared pet foods	8.(b)
uk-prtr	EW_EA-3702	2024	SARIA Limited	SARIA LIMITED	United Kingdom	53.534765	-1.138156	10.92	Manufacture of prepared pet foods	8.(b)
uk-prtr	EW_EA-3704	2024	Enstone Mill - EPR/UP3639BF	AB AGRI LIMITED	United Kingdom	51.926162	-1.424662	10.91	Manufacture of prepared feeds for farm animals	8.(b)
uk-prtr	EW_EA-3716	2024	Billinghay Feed Mill - EPR/XP3900MH	2 AGRICULTURE LIMITED	United Kingdom	53.079743	-0.277207	10.91	Manufacture of prepared feeds for farm animals	8.(b)
uk-prtr	EW_EA-3725	2024	Tucks Mill, Burston EPR/VP3939SF	FORFARMERS UK LIMITED	United Kingdom	52.410875	1.137800	10.91	Manufacture of prepared feeds for farm animals	8.(b)
uk-prtr	EW_EA-3726	2024	Wombourne Food Factory EPR/WP3038SV	MCCAIN FOODS (G.B.) LIMITED	United Kingdom	52.523708	-2.210573	10.31	Processing and preserving of potatoes	8.(b)
uk-prtr	EW_EA-3741	2024	Greencore Grocery Leeds EPR/PP3738WL	GREENCORE GROCERY LIMITED	United Kingdom	53.775833	-1.524719	10.89	Manufacture of other food products n.e.c.	8.(b)
uk-prtr	EW_EA-3744	2024	Westerleigh Pig Slaughtering and Processing EPR/XP3434SW	PILGRIM'S PRIDE LTD.	United Kingdom	51.507551	-2.446041	10.11	Processing and preserving of meat	8.(a)
uk-prtr	EW_EA-3747	2024	Waleswood Food Factory EPR/XP3537PJ	GREENCORE PREPARED MEALS LIMITED	United Kingdom	53.344811	-1.299858	10.85	Manufacture of prepared meals and dishes	8.(b)
uk-prtr	EW_EA-3766	2024	Kenilworth Abattoir - EPR/ZP3030BH	FARMERS FRESH LIMITED	United Kingdom	52.326553	-1.610531	10.13	Production of meat and poultry meat products	8.(a)
uk-prtr	EW_EA-3767	2024	Manton Wood Limited - EPR/ZP3336QR	MANTON WOOD LIMITED	United Kingdom	53.298780	-1.074342	10.89	Manufacture of other food products n.e.c.	8.(b)
uk-prtr	EW_EA-377	2024	BOC Hydrogen PLant - EPR/BJ7522IJ	BOC LIMITED	United Kingdom	54.599271	-1.187810	20.11	Manufacture of industrial gases	4.(b)
uk-prtr	EW_EA-3775	2024	Fold Hill Foods	J W GRANT CO	United Kingdom	53.065590	0.084764	10.92	Manufacture of prepared pet foods	8.(b)
uk-prtr	EW_EA-3776	2024	Mars Petcare UK EA/EPR/CP3939GM/T001	MARS PETCARE UK	United Kingdom	52.763028	-0.878556	10.92	Manufacture of prepared pet foods	8.(b)
uk-prtr	EW_EA-3778	2024	Saxlingham Thorpe Mills EPR/ZP3432SE	WL DUFFIELD & SONS LIMITED	United Kingdom	52.534034	1.259403	10.91	Manufacture of prepared feeds for farm animals	8.(b)
uk-prtr	EW_EA-3781	2024	Queens Drive Baked Products EPR/SP3336UV	PORK FARMS LIMITED	United Kingdom	52.935904	-1.162299	10.11	Processing and preserving of meat	8.(b)
uk-prtr	EW_EA-3788	2024	Scunthorpe Poultry Processors EPR/ZP3732PA	2 SISTERS FOOD GROUP LIMITED	United Kingdom	53.611958	-0.665728	10.13	Production of meat and poultry meat products	8.(a)
uk-prtr	EW_EA-3790	2024	Danish Crown Bugle EPR/DP3631RA	DANISH CROWN UK LIMITED	United Kingdom	50.408482	-4.765976	10.11	Processing and preserving of meat	8.(b)
uk-prtr	EW_EA-4015	2024	Hull Vegetable Oil Plant - EPR/BM9998IT	AAK (UK) LIMITED	United Kingdom	53.745796	-0.271307	10.41	Manufacture of oils and fats	8.(b)
uk-prtr	EW_EA-4031	2024	Stone Feed Mill - EPR/TP3132SL/V002	CARRS BILLINGTON AGRICULTURE (OPERATIONS) LIMITED	United Kingdom	52.889109	-2.225717	10.91	Manufacture of prepared feeds for farm animals	8.(b)
uk-prtr	EW_EA-4035	2024	Coca-Cola Europacific Partners Great Britain Ltd - EPR/BX5930IU	COCA-COLA EUROPACIFIC PARTNERS GREAT BRITAIN LIMITED	United Kingdom	51.615051	-0.045789	11.07	Manufacture of soft drinks; production of mineral waters and other bottled waters	8.(b)
uk-prtr	EW_EA-4036	2024	Coca-Cola Europacific Partners Great Britain Ltd - EPR/BX4291IJ	COCA-COLA EUROPACIFIC PARTNERS GREAT BRITAIN LIMITED	United Kingdom	51.415986	0.118002	11.07	Manufacture of soft drinks; production of mineral waters and other bottled waters	8.(b)
uk-prtr	EW_EA-4037	2024	Refresco Drinks UK Limited	REFRESCO DRINKS UK LIMITED	United Kingdom	52.052199	-0.707868	11.07	Manufacture of soft drinks; production of mineral waters and other bottled waters	8.(b)
uk-prtr	EW_EA-4038	2024	Shobnall Maltings EPR/QP3834AP	Soufflet Bairds Malt Limited	United Kingdom	52.815572	-1.629323	11.06	Manufacture of malt	8.(b)
uk-prtr	EW_EA-4041	2024	Crisp Maltings EPR/FP3037PA	CRISP MALTING GROUP LIMITED	United Kingdom	52.808289	0.901164	11.06	Manufacture of malt	8.(b)
uk-prtr	EW_EA-4046	2024	Runcorn Beverage Packaging Plant	DIAGEO GREAT BRITAIN LIMITED	United Kingdom	53.312067	-2.656451	11.05	Manufacture of beer	8.(b)
uk-prtr	EW_EA-405	2024	Saltend Chemical Park EPR/JP3707SC	INEOS ACETYLS UK LIMITED	United Kingdom	53.738822	-0.236871	20.14	Manufacture of other organic basic chemicals	4.(a)
uk-prtr	EW_EA-4052	2024	Selby Sauces & Pickles EPR/BO2323IB	GREENCORE GROCERY LIMITED	United Kingdom	53.790832	-1.041535	10.89	Manufacture of other food products n.e.c.	8.(b)
uk-prtr	EW_EA-4053	2024	Bury St Edmunds Maltings - EPR/BX2078IM	PAUL MALTS LIMITED	United Kingdom	52.252824	0.722774	11.06	Manufacture of malt	8.(b)
uk-prtr	EW_EA-4057	2024	Wagonway Works EPR/VP3931KF	INDUSTRIAL CHEMICALS LIMITED	United Kingdom	54.984920	-1.512425	20.13	Manufacture of other inorganic basic chemicals	4.(b)
uk-prtr	EW_EA-4060	2024	Manchester Cereals & Biscuits EPR/BS3140IS	KELLOGG COMPANY OF GREAT BRITAIN LIMITED	United Kingdom	53.457181	-2.317124	10.61	Manufacture of grain mill products	8.(b)
uk-prtr	EW_EA-4061	2024	Northfields Industrial Estate EPR/BO5187IN	Pets Love Fresh Limited	United Kingdom	52.688771	-0.316311	10.13	Production of meat and poultry meat products	8.(b)
uk-prtr	EW_EA-4064	2024	Sherrington Way Chemical Works - EPR/AP3838SH	LEVERTONHELM LIMITED	United Kingdom	51.250423	-1.104440	20.13	Manufacture of other inorganic basic chemicals	4.(b)
uk-prtr	EW_EA-4068	2024	Cranage Mill - EPR/AP3133BW	MASSEY BROS (FEEDS) LTD.	United Kingdom	53.205450	-2.364817	10.91	Manufacture of prepared feeds for farm animals	8.(b)
uk-prtr	EW_EA-4069	2024	Walton-le-Dale Mill EPR/RP3734PN	MASSEY BROS (FEEDS) LTD.	United Kingdom	53.746398	-2.671848	10.91	Manufacture of prepared feeds for farm animals	8.(b)
uk-prtr	EW_EA-4070	2024	Milk Processing Facility, Chester	MEADOW FOODS LIMITED	United Kingdom	53.154491	-2.926809	10.51	Operation of dairies and cheese making	8.(c)
uk-prtr	EW_EA-4071	2024	Renaissance Way, Speke Pharmaceuticals EPR/BL6241IR	MEDIMMUNE UK LIMITED	United Kingdom	53.348643	-2.843737	21.10	Manufacture of basic pharmaceutical products	4.(e)
uk-prtr	EW_EA-4073	2024	Staplemead Creamery EPR/NP3839GZ	ANDROS UK LIMITED	United Kingdom	51.255424	-2.306174	10.51	Operation of dairies and cheese making	8.(c)
uk-prtr	EW_EA-4075	2024	North Western Mills EPR/JP3431PA	MORNING FOODS LIMITED	United Kingdom	53.080624	-2.435864	10.61	Manufacture of grain mill products	8.(b)
uk-prtr	EW_EA-4095	2024	Howdendyke Fertiliser Plant - EPR/DP3135JK	EVERGREEN GARDEN CARE UK LIMITED	United Kingdom	53.732795	-0.850487	20.15	Manufacture of fertilisers and nitrogen compounds	4.(c)
uk-prtr	EW_EA-4096	2024	Banks Brewery Wolverhampton EPR/GP3939BL	CMBC SUPPLY LIMITED	United Kingdom	52.588297	-2.114792	11.05	Manufacture of beer	8.(b)
uk-prtr	EW_EA-4097	2024	Factory Services UK Limited trading as SugaRich	FACTORY SERVICES UK LIMITED	United Kingdom	52.023316	-1.090548	10.91	Manufacture of prepared feeds for farm animals	8.(b)
uk-prtr	EW_EA-413	2024	Thames Enterprise Park - EPR/JP3734JP	CORYTON ASSET LIMITED	United Kingdom	51.514957	0.524440	19.20	Manufacture of refined petroleum products	1.(a)
uk-prtr	EW_EA-5010	2024	Slough Biopharmaceuticals Plant EPR/YP3437SP	LONZA BIOLOGICS PLC	United Kingdom	51.516244	-0.623645	21.10	Manufacture of basic pharmaceutical products	4.(e)
uk-prtr	EW_EA-5217	2024	Wyke Farmhouse Cheese EPR/BQ1824IV	WYKE FARMS LIMITED	United Kingdom	51.110867	-2.482493	10.51	Operation of dairies and cheese making	8.(c)
uk-prtr	EW_EA-5241	2024	Blackburn Chemicals EPR/VP3330LJ	BLACKBURN CHEMICALS LIMITED	United Kingdom	53.767723	-2.457062	20.59	Manufacture of other chemical products n.e.c.	4.(a)
uk-prtr	EW_EA-5251	2024	Wyke Lane Chemicals - EPR/QP3135KJ	NUFARM LIMITED	United Kingdom	53.740839	-1.753745	20.20	Manufacture of pesticides and other agrochemical products	4.(d)
uk-prtr	EW_EA-5260	2024	Bowling Park Drive Chemicals - EPR/TP3737SB	KEMIRA CHEMICALS (UK) LIMITED	United Kingdom	53.779558	-1.744565	20.14	Manufacture of other organic basic chemicals	4.(a)
uk-prtr	EW_EA-5326	2024	Lag Farm Dairy EPR/NP3532SU	YEO VALLEY FARMS (PRODUCTION) LIMITED	United Kingdom	51.324784	-2.697135	10.51	Operation of dairies and cheese making	8.(c)
uk-prtr	EW_EA-5343	2024	Carlisle Biscuit Factory - EPR/BO7830IF	PLADIS (UK) LIMITED	United Kingdom	54.894568	-2.949498	10.72	Manufacture of rusks and biscuits; manufacture of preserved pastry goods and cakes	8.(b)
uk-prtr	EW_EA-5345	2024	Sellafield Installation - EPR/BM4317IX	SELLAFIELD LIMITED	United Kingdom	54.419130	-3.500841	20.59	Manufacture of other chemical products n.e.c.	1.(c)
uk-prtr	EW_EA-5407	2024	Comelius Specialities Limited	CORNELIUS SPECIALTIES LIMITED	United Kingdom	52.076267	0.436468	20.14	Manufacture of other organic basic chemicals	4.(a)
uk-prtr	EW_EA-5450	2024	Elton Beverages EPR/UP3935LR	ENCIRC LIMITED	United Kingdom	53.281519	-2.814516	11.05	Manufacture of beer	8.(b)
uk-prtr	EW_EA-5458	2024	Sulphonation Plant Port Sunlight EPR/NP3532UG	UNILEVER UK LIMITED	United Kingdom	53.361927	-2.997724	20.41	Manufacture of soap and detergents, cleaning and polishing preparations	4.(a)
uk-prtr	EW_EA-5464	2024	Stanlow Manufacturing Complex EPR/FP3139FN	ESSAR OIL (UK) LIMITED	United Kingdom	53.273513	-2.841206	19.20	Manufacture of refined petroleum products	1.(a)
uk-prtr	EW_EA-5559	2024	Lostock Sodium Carbonate Manufacturing Site - EPR/BS5576IL	IMERYS PCC UK LIMITED	United Kingdom	53.264741	-2.476715	20.59	Manufacture of other chemical products n.e.c.	4.(b)
uk-prtr	EW_EA-557	2024	Cantley Factory	BRITISH SUGAR PLC	United Kingdom	52.575665	1.520252	10.81	Manufacture of sugar	8.(b)
uk-prtr	EW_EA-5571	2024	Pickstocks (Ashby) EPR/DP3832LA	PICKSTOCK TELFORD LIMITED	United Kingdom	52.793722	-1.504492	10.13	Production of meat and poultry meat products	8.(a)
uk-prtr	EW_EA-558	2024	Wissington Sugar Factory EPR/BX2108IQ	BRITISH SUGAR PLC	United Kingdom	52.551275	0.452083	10.81	Manufacture of sugar	8.(b)
uk-prtr	EW_EA-559	2024	Bury St Edmunds Sugar Factory EPR/BX2094IJ	BRITISH SUGAR PLC	United Kingdom	52.253717	0.726931	10.81	Manufacture of sugar	8.(b)
uk-prtr	EW_EA-5610	2024	Venator Pigments UK Limited EPR/JP3637UE	VENATOR MATERIALS UK LIMITED	United Kingdom	54.899830	-1.588302	20.14	Manufacture of other organic basic chemicals	4.(b)
uk-prtr	EW_EA-5616	2024	Darlington Timber Treatment Products EPR/QP3638SJ	PROTIM SOLIGNUM LIMITED	United Kingdom	54.521188	-1.507148	20.20	Manufacture of pesticides and other agrochemical products	4.(d)
uk-prtr	EW_EA-564	2024	Newark Sugar Factory EPR/BK9385IH	BRITISH SUGAR PLC	United Kingdom	53.088135	-0.817416	10.81	Manufacture of sugar	8.(b)
uk-prtr	EW_EA-5643	2024	Majestic Polymers Limited EPR/WP3930LF	PALEUS CHEMICALS & POLYMERS LIMITED	United Kingdom	53.487222	-1.259990	20.14	Manufacture of other organic basic chemicals	4.(a)
uk-prtr	EW_EA-5693	2024	Crude Oil terminals Ltd, Tetney Oil Terminal	PHILLIPS 66 LIMITED	United Kingdom	53.499820	0.001069	19.20	Manufacture of refined petroleum products	1.(a)
uk-prtr	EW_EA-5695	2024	La Forey Road Fish Processing Plant EPR/ZP3436LV	SEACHILL UK LIMITED	United Kingdom	53.582251	-0.120426	10.20	Processing and preserving of fish, crustaceans and molluscs	8.(b)
uk-prtr	EW_EA-5699	2024	Biodiesel West Riverside Immingham Dock	GREENERGY BIOFUELS LIMITED	United Kingdom	53.631802	-0.191578	20.59	Manufacture of other chemical products n.e.c.	4.(a)
uk-prtr	EW_EA-5703	2024	Immingham Briquetting Works EPR/DP3134LK	CPL PRODUCTS LIMITED	United Kingdom	53.627061	-0.205088	20.59	Manufacture of other chemical products n.e.c.	1.(f)
uk-prtr	EW_EA-5738	2024	Yetminster Site EPR/HP3530CL	ANGLO BEEF PROCESSORS UK	United Kingdom	50.886164	-2.578258	10.11	Processing and preserving of meat	8.(a)
uk-prtr	EW_EA-5744	2024	Kidderminster Rockets EPR/BK2437IM	ROXEL (UK ROCKET MOTORS) LIMITED	United Kingdom	52.357424	-2.241056	20.51	Manufacture of explosives	4.(f)
uk-prtr	EW_EA-5799	2024	Devon Valley Ltd - EPR/TP3935MR	DEVON VALLEY LIMITED	United Kingdom	50.812464	-3.430128	17.12	Manufacture of paper and paperboard	6.(b)
uk-prtr	EW_EA-5878	2024	Huddersfield Chemical Industry EPR/XP3533WY	ARCH TIMBER PROTECTION LIMITED	United Kingdom	53.648046	-1.781516	20.59	Manufacture of other chemical products n.e.c.	4.(b)
uk-prtr	EW_EA-592	2024	Lostock Sodium Carbonate Manufacturing Site EPR/SP3430BF	TATA CHEMICALS EUROPE LIMITED	United Kingdom	53.264560	-2.453925	20.13	Manufacture of other inorganic basic chemicals	4.(b)
uk-prtr	EW_EA-595	2024	Winnington Sodium Carbonate Manufacturing Site EPR/SP3630BE	TATA CHEMICALS EUROPE LIMITED	United Kingdom	53.269001	-2.532240	20.13	Manufacture of other inorganic basic chemicals	4.(b)
uk-prtr	EW_EA-5978	2024	North Cave FAME Plant EPR/JP3931SG	BROCKLESBY LIMITED	United Kingdom	53.778050	-0.663805	10.41	Manufacture of oils and fats	4.(a)
uk-prtr	EW_EA-5985	2024	Dansom Lane Fine Chemical Plant	INDIVIOR UK LIMITED	United Kingdom	53.753715	-0.322553	21.20	Manufacture of pharmaceutical preparations	4.(e)
uk-prtr	EW_EA-5987	2024	McIntyre Group Ltd - EPR/PP3536KG	Verdant Specialty Solutions Halifax Limited	United Kingdom	53.674037	-1.972413	20.41	Manufacture of soap and detergents, cleaning and polishing preparations	4.(a)
uk-prtr	EW_EA-6004	2024	Stowmarket Resins Plant EPR/BR9758IF	PPG INDUSTRIES (UK) LIMITED	United Kingdom	52.175902	1.012534	20.30	Manufacture of paints, varnishes and similar coatings, printing ink and mastics	4.(a)
uk-prtr	EW_EA-6108	2024	Bootle Oil Recovery	OIL SALVAGE LIMITED	United Kingdom	53.451226	-3.003732	19.20	Manufacture of refined petroleum products	5.(a)
uk-prtr	EW_EA-6111	2024	Seqirus Vaccines EPR/BS5401IK	SEQIRUS VACCINES LIMITED	United Kingdom	53.348802	-2.846594	21.10	Manufacture of basic pharmaceutical products	4.(e)
uk-prtr	EW_EA-6128	2024	Lancaster Feed Mill - EPR/UP3630LL	CARRS BILLINGTON AGRICULTURE (OPERATIONS) LIMITED	United Kingdom	54.065477	-2.789141	10.91	Manufacture of prepared feeds for farm animals	8.(b)
uk-prtr	EW_EA-6284	2024	Tower Brewery EPR/BN1429IC	MOLSON COORS BREWING COMPANY (UK) LIMITED	United Kingdom	53.885620	-1.265601	11.05	Manufacture of beer	8.(b)
uk-prtr	EW_EA-6310	2024	Irlam Works - EPR/BM0290IA	LIBRA SPECIALITY CHEMICALS LIMITED	United Kingdom	53.428602	-2.430237	20.14	Manufacture of other organic basic chemicals	4.(a)
uk-prtr	EW_EA-6318	2024	Maidstone Diagnostics Intermediates Manufacturing	SEKISUI DIAGNOSTICS (UK) LIMITED	United Kingdom	51.293738	0.498226	20.59	Manufacture of other chemical products n.e.c.	4.(a)
uk-prtr	EW_EA-6364	2024	Dudley Pharmaceutical Site - EPR/AP3234LG	STERLING PHARMA SOLUTIONS LIMITED	United Kingdom	55.062323	-1.594779	21.10	Manufacture of basic pharmaceutical products	4.(e)
uk-prtr	EW_EA-6377	2024	Morpeth Pharmaceuticals EPR/BT0499IX	PIRAMAL HEALTHCARE UK LIMITED	United Kingdom	55.151804	-1.714385	21.20	Manufacture of pharmaceutical preparations	4.(e)
uk-prtr	EW_EA-6457	2024	Weetabix Burton Latimar Site - EPR/BQ1034IB	WEETABIX LIMITED	United Kingdom	52.364501	-0.695693	10.61	Manufacture of grain mill products	8.(b)
uk-prtr	EW_EA-646	2024	Seaforth Site EPR/BN4169IZ	CARGILL PLC	United Kingdom	53.457015	-3.020736	10.41	Manufacture of oils and fats	8.(b)
uk-prtr	EW_EA-6461	2024	Scott Bader Chemical Plant EPR/UP3933LE	SCOTT BADER UK LIMITED	United Kingdom	52.258647	-0.668618	20.16	Manufacture of plastics in primary forms	4.(a)
uk-prtr	EW_EA-6561	2024	Birdseye Lowestoft - EPR/NP3333UU	BIRDS EYE LIMITED	United Kingdom	52.482762	1.759448	10.13	Production of meat and poultry meat products	8.(b)
uk-prtr	EW_EA-6619	2024	150 Pilot Plant EPR/MP3632FW	APTUIT (OXFORD) LIMITED	United Kingdom	51.624666	-1.289224	21.10	Manufacture of basic pharmaceutical products	4.(e)
uk-prtr	EW_EA-6620	2024	Aptuit 117 Abingdon EPR/MP3832FY	APTUIT (OXFORD) LIMITED	United Kingdom	51.624508	-1.292694	21.10	Manufacture of basic pharmaceutical products	4.(e)
uk-prtr	EW_EA-6628	2024	Nitration Plant Carterton - EPR/BP3134SZ	OQEMA LIMITED	United Kingdom	51.752713	-1.594332	20.13	Manufacture of other inorganic basic chemicals	4.(b)
uk-prtr	EW_EA-6667	2024	Bridge Road Food Factory -	PRINCES LIMITED	United Kingdom	52.778034	0.146760	10.39	Other processing and preserving of fruit and vegetables	8.(b)
uk-prtr	EW_EA-6668	2024	Food Factory Lynn Road Wisbech - EPR/JP3132AQ	PRINCES LIMITED	United Kingdom	52.672302	0.171155	10.39	Other processing and preserving of fruit and vegetables	8.(b)
uk-prtr	EW_EA-6730	2024	Davidstow Creamery EPR/BN6137IK	DAIRY CREST LIMITED	United Kingdom	50.649079	-4.634937	10.51	Operation of dairies and cheese making	8.(c)
uk-prtr	EW_EA-674	2024	BASF plc. EPR/ZP3435WB	BASF PUBLIC LIMITED COMPANY	United Kingdom	53.751360	-1.756110	20.14	Manufacture of other organic basic chemicals	4.(a)
uk-prtr	EW_EA-676	2024	Trafford Park Wheat Milling Plant - EPR/BM0117IJ	CARGILL PLC	United Kingdom	53.476834	-2.328872	10.62	Manufacture of starches and starch products	8.(b)
uk-prtr	EW_EA-6775	2024	Ab Inbev UK - Samlesbury Brewery	AB INBEV UK LIMITED	United Kingdom	53.762069	-2.615820	11.05	Manufacture of beer	8.(b)
uk-prtr	EW_EA-6791	2024	Gillette U.K. Ltd	GILLETTE U.K. LIMITED	United Kingdom	51.429082	-0.971638	20.41	Manufacture of soap and detergents, cleaning and polishing preparations	4.(a)
uk-prtr	EW_EA-683	2024	Earlstres Industrial Estate EPR/BU9050IF	CHEMENCE LIMITED	United Kingdom	52.510438	-0.705670	20.52	Manufacture of glues	4.(a)
uk-prtr	EW_EA-686	2024	Kommerling UK Ltd (Preston Site) - EPR/MP3634RT	KOMMERLING UK LIMITED	United Kingdom	53.722357	-2.646913	20.30	Manufacture of paints, varnishes and similar coatings, printing ink and mastics	4.(a)
uk-prtr	EW_EA-6871	2024	Premier Foods Worksop (Batchelors Factory)	PREMIER FOODS GROUP LIMITED	United Kingdom	53.318689	-1.140263	10.85	Manufacture of prepared meals and dishes	8.(b)
uk-prtr	EW_EA-702	2024	Selby Speciality Chemicals EPR/VP3335KG	INDUSTRIAL CHEMICALS LIMITED	United Kingdom	53.777075	-1.063700	20.13	Manufacture of other inorganic basic chemicals	4.(a)
uk-prtr	EW_EA-7040	2024	Cheddleton Site EPR/HP3508BE	ADVANCED PROTEINS UNLTD	United Kingdom	53.052381	-2.041731	10.13	Production of meat and poultry meat products	5.(e)
uk-prtr	EW_EA-7053	2024	Duke Street Pigment Manufacturer	Vibrantz Minerals Limited	United Kingdom	52.992503	-2.159514	20.59	Manufacture of other chemical products n.e.c.	4.(b)
uk-prtr	EW_EA-7082	2024	Morton Mill EPR/PP3536SE	LLOYD'S (ANIMAL) FEEDS LIMITED	United Kingdom	52.809293	-3.045848	10.91	Manufacture of prepared feeds for farm animals	8.(b)
uk-prtr	EW_EA-71	2024	Aesica Pharmaceuticals Manufacturing Cramlington - EPR/WP3938LL	PHARMARON MANUFACTURING SERVICES (UK) LTD	United Kingdom	55.098555	-1.628575	21.10	Manufacture of basic pharmaceutical products	4.(e)
uk-prtr	EW_EA-7143	2024	Swallowfield Chemical Plant - EPR/FP3300BW	KDC/ONE SWALLOWFIELD LIMITED	United Kingdom	50.983623	-3.239350	20.41	Manufacture of soap and detergents, cleaning and polishing preparations	4.(a)
uk-prtr	EW_EA-7220	2024	Teesside Cavity Storage EPR/HP3230LX	SABIC UK PETROCHEMICALS LIMITED	United Kingdom	54.612540	-1.210152	19.20	Manufacture of refined petroleum products	1.(a)
uk-prtr	EW_EA-7222	2024	Seal Sands BDF Manufacturing EPR/NP3339MT	VICTREX MANUFACTURING LIMITED	United Kingdom	54.614088	-1.172805	20.14	Manufacture of other organic basic chemicals	4.(a)
uk-prtr	EW_EA-7223	2024	Seal Sands Pharmaceuticals EPR/AP3834FZ	KD PHARMA UK LIMITED	United Kingdom	54.610710	-1.178138	21.10	Manufacture of basic pharmaceutical products	4.(e)
uk-prtr	EW_EA-7293	2024	Mobberley Works - EPR/BV3413IW	HARMAN TECHNOLOGY LIMITED	United Kingdom	53.319168	-2.330811	17.29	Manufacture of other articles of paper and paperboard	4.(b)
uk-prtr	EW_EA-7309	2024	Widnes Clay Products EPR/ZP3137SR	BYK ADDITIVES LIMITED	United Kingdom	53.384809	-2.715153	20.13	Manufacture of other inorganic basic chemicals	4.(b)
uk-prtr	EW_EA-7343	2024	Mirfield Pharmaceutical Plant EA/EPR/YP3231XZ/V004	Dr Reddy's Laboratories (EU) Limited	United Kingdom	53.671180	-1.677561	21.20	Manufacture of pharmaceutical preparations	4.(e)
uk-prtr	EW_EA-743	2024	Fawley Organic Chemical Plant - EPR/SP3038FQ	GEO SPECIALTY CHEMICALS UK LIMITED	United Kingdom	50.852330	-1.381997	20.14	Manufacture of other organic basic chemicals	4.(a)
uk-prtr	EW_EA-7458	2024	York Confectionary EPR/BO9298IQ	NESTLE UK LTD.	United Kingdom	53.978155	-1.065450	10.82	Manufacture of cocoa, chocolate and sugar confectionery	8.(b)
uk-prtr	EW_EA-754	2024	Humber Refinery EPR/UP3230LR	PHILLIPS 66 LIMITED	United Kingdom	53.631684	-0.244064	19.20	Manufacture of refined petroleum products	1.(b)
uk-prtr	EW_EA-761	2024	Teesside Crude Oil Stabilisation Terminal - EPR/NP3033LN	CONOCOPHILLIPS (U.K.) TEESIDE OPERATOR LIMITED	United Kingdom	54.620021	-1.172994	19.20	Manufacture of refined petroleum products	1.(a)
uk-prtr	EW_EA-771	2024	Park Cakes Ltd - EPR/LP3238UF	PARK CAKES LIMITED	United Kingdom	53.523527	-2.109618	10.71	Manufacture of bread; manufacture of fresh pastry goods and cakes	8.(b)
uk-prtr	EW_EA-774	2024	Burton Brewery EPR/BN1437IT	MOLSON COORS BREWING COMPANY (UK) LIMITED	United Kingdom	52.806781	-1.635480	11.05	Manufacture of beer	8.(b)
uk-prtr	EW_EA-845	2024	Oak Road EPR/WP3030CK	CARGILL BIOINDUSTRIAL UK LIMITED	United Kingdom	53.770161	-0.341623	20.14	Manufacture of other organic basic chemicals	4.(a)
uk-prtr	EW_EA-848	2024	Croda Europe Ltd - Barnfield Road - EPR/BT8155ID	CRODA EUROPE LIMITED	United Kingdom	53.097149	-2.031619	20.14	Manufacture of other organic basic chemicals	4.(a)
uk-prtr	EW_EA-849	2024	Rawcliffe Bridge Chemical Works - EPR/JP3037SB	CRODA EUROPE LIMITED	United Kingdom	53.681666	-0.939999	20.14	Manufacture of other organic basic chemicals	4.(a)
uk-prtr	EW_EA-85	2024	Evonik Chemicals Limited - EPR/BL9623IK	EVONIK CHEMICALS LIMITED	United Kingdom	53.481730	-2.183347	20.30	Manufacture of paints, varnishes and similar coatings, printing ink and mastics	4.(a)
uk-prtr	EW_EA-884	2024	Alderley Park Energy Centre EPR/XP3139BM	VEOLIA ENERGY & UTILITY SERVICES UK LIMITED	United Kingdom	53.277156	-2.230908	21.20	Manufacture of pharmaceutical preparations	1.(c)
uk-prtr	EW_EA-890	2024	Huddersfield Manufacturing Centre - EPR/AP3733LE	LUBRIZOL LIMITED	United Kingdom	53.662915	-1.755258	20.59	Manufacture of other chemical products n.e.c.	4.(a)
uk-prtr	EW_EA-924	2024	Haverhill Resins EPR/QP3931SN/V002	AOC Resins UK	United Kingdom	52.072634	0.442546	20.16	Manufacture of plastics in primary forms	4.(a)
uk-prtr	EW_EA-965	2024	Skellingthorpe Abattoir - EPR/FP3830BX	DOVECOTE PARK LIMITED	United Kingdom	53.243099	-0.592708	10.11	Processing and preserving of meat	8.(a)
uk-prtr	EW_EA-99	2024	Expoxidation EPR/BM0087IL	VALTRIS SPECIALTY CHEMICALS LIMITED	United Kingdom	53.481397	-2.336141	20.59	Manufacture of other chemical products n.e.c.	4.(a)
uk-prtr	EW_EA-992	2024	Wilton Polyester Manufacturing - EPR/MP3533TG	ALPEK POLYESTER UK LTD	United Kingdom	54.584933	-1.113192	20.16	Manufacture of plastics in primary forms	4.(a)
uk-prtr	P0061/04A	2024	Huhtamaki (Lurgan) Ltd.	Huhtamaki (Lurgan) Ltd.	United Kingdom	54.460100	-6.284200	17.21	Manufacture of corrugated paper and paperboard and of containers of paper and paperboard	6.(b)
uk-prtr	P0063/04A	2024	Diageo Baileys Global Supply - Belfast	Diageo Baileys Global Supply - Belfast	United Kingdom	54.670000	-5.971100	11.04	Manufacture of other non-distilled fermented beverages	8.(b).(ii)
uk-prtr	P0066/05A	2024	Linergy Ltd - Ulster Farm By-Products	Linergy Ltd	United Kingdom	54.588600	-6.244100	10.41	Manufacture of oils and fats	5.(e)
uk-prtr	P0067/05A	2024	Karro Food Ltd	Karro Food Ltd	United Kingdom	54.642800	-6.729200	10.13	Production of meat and poultry meat products	8.(a)
uk-prtr	P0068/05A	2024	Foyle Omagh	Foyle Omagh	United Kingdom	54.577200	-7.278600	10.11	Processing and preserving of meat	8.(a)
uk-prtr	P0069/05A	2024	WD Meats	WD Meats	United Kingdom	55.129900	-6.649100	10.11	Processing and preserving of meat	8.(a)
uk-prtr	P0071/05A	2024	Moy Park Ltd - Ballymena	Moy Park Ltd	United Kingdom	54.855000	-6.256400	10.12	Processing and preserving of poultry meat	8.(a)
uk-prtr	P0072/05A	2024	Dunbia Dungannon	Dungannon Meats	United Kingdom	54.488600	-6.806100	10.11	Processing and preserving of meat	8.(a)
uk-prtr	P0074/05A	2024	Cranswick Country Foods (Ballymena)	Cranswick Country Foods	United Kingdom	54.882200	-6.346700	10.11	Processing and preserving of meat	8.(a)
uk-prtr	P0075/05A	2024	Foyle Meats/Proteins	Foyle Meats/Proteins	United Kingdom	55.037500	-7.261100	10.11	Processing and preserving of meat	8.(a)
uk-prtr	P0078/05A	2024	ABP Lurgan	Anglo Beef Processors	United Kingdom	54.483300	-6.342100	10.13	Production of meat and poultry meat products	8.(a)
uk-prtr	P0079/05A	2024	ABP Newry	Anglo Beef Processors	United Kingdom	54.278300	-6.561700	10.13	Production of meat and poultry meat products	8.(a)
uk-prtr	P0080/05A	2024	Moy Park Ltd - Dungannon	Moy Park Ltd	United Kingdom	54.495000	-6.738900	10.12	Processing and preserving of poultry meat	8.(a)
uk-prtr	P0086/05A	2024	Linergy Ltd	Linergy Ltd	United Kingdom	54.493600	-6.810600	10.41	Manufacture of oils and fats	5.(e)
uk-prtr	P0089/05A	2024	Dairy Produce Packers Ltd	Dairy Produce Packers Ltd	United Kingdom	55.139700	-6.666900	10.51	Operation of dairies and cheese making	8.(c)
uk-prtr	P0091/05A	2024	Glanbia Cheese Ltd	Glanbia Cheese Ltd	United Kingdom	54.463600	-6.249000	10.51	Operation of dairies and cheese making	8.(c)
uk-prtr	P0092/05A	2024	Dale Farm Ltd (Dromore)	Dale Farm Ltd (Dromore)	United Kingdom	54.901300	-6.360500	10.51	Operation of dairies and cheese making	8.(c)
uk-prtr	P0093/05A	2024	Dale Farm Ltd (Pennybridge)	Dale Farm Ltd (Pennybridge)	United Kingdom	54.852200	-6.251100	10.51	Operation of dairies and cheese making	8.(c)
uk-prtr	P0094/05A	2024	Dale Farm Ltd (Dunmanbridge)	Dale Farm Ltd (Dunmanbridge)	United Kingdom	54.663600	-6.717500	10.51	Operation of dairies and cheese making	8.(c)
uk-prtr	P0095/05A	2024	LacPatrick Dairies (NI) Ltd	LacPatrick Dairies (NI) Ltd	United Kingdom	54.855800	-7.402200	10.51	Operation of dairies and cheese making	8.(c)
uk-prtr	P0098/05A	2024	Diageo Global Supply IBC Group	Diageo Global Supply IBC Group	United Kingdom	54.580300	-5.883100	11.04	Manufacture of other non-distilled fermented beverages	8.(b).(ii)
uk-prtr	P0100/05A	2024	John Thompson and Sons Ltd	John Thompson and Sons Ltd	United Kingdom	54.615300	-5.921700	10.91	Manufacture of prepared feeds for farm animals	8.(b).(ii)
uk-prtr	P0102/05A	2024	United Feeds Limited	United Feeds Limited	United Kingdom	54.615400	-5.921600	10.91	Manufacture of prepared feeds for farm animals	8.(b).(ii)
uk-prtr	P0103/05A	2024	Moy Park Ltd - Craigavon	Moy Park Ltd	United Kingdom	54.444200	-6.427800	10.12	Processing and preserving of poultry meat	8.(b).(i)
uk-prtr	P0118/06A	2024	3M (UK) PLC	3M (UK) PLC	United Kingdom	54.644200	-5.663900	20.52	Manufacture of glues	9.(c)
uk-prtr	P0119/06A	2024	Almac Sciences	Almac Sciences Ltd	United Kingdom	54.443600	-6.424700	21.20	Manufacture of pharmaceutical preparations	4.(e)
uk-prtr	P0124/06A	2024	Tennants Textile Colours Limited	Tennants Textile Colours Limited	United Kingdom	54.593600	-5.913900	20.12	Manufacture of dyes and pigments	4.(a).(x)
uk-prtr	P0129/06A	2024	The Lycra Company UK Ltd	The Lycra Company UK Ltd	United Kingdom	55.032500	-7.239400	20.60	Manufacture of man-made fibres	4.(a).(v)
uk-prtr	P0132/06A	2024	Norbrook Laboratories Ltd	Norbrook Laboratories Ltd	United Kingdom	54.187800	-6.363300	21.20	Manufacture of pharmaceutical preparations	4.(e)
uk-prtr	P0133/06A	2024	Norbrook Laboratories Ltd	Norbrook Laboratories Ltd	United Kingdom	54.187000	-6.362400	21.20	Manufacture of pharmaceutical preparations	4.(e)
uk-prtr	P0287/08A	2024	Coca Cola HBC Northern Ireland	Coca Cola HBC Northern Ireland	United Kingdom	54.504900	-6.100800	11.07	Manufacture of soft drinks; production of mineral waters and other bottled waters	8.(b).(ii)
uk-prtr	P0372/11A	2024	Pritchitts	Pritchitts	United Kingdom	54.596400	-5.721200	10.51	Operation of dairies and cheese making	8.(c)
uk-prtr	Scotland-10	2024	Valneva Scotland Ltd, Oakbank Park Rd	Valneva Scotland Limited	United Kingdom	55.874910	-3.487480	21.10	Manufacture of basic pharmaceutical products	4.(e)
uk-prtr	Scotland-1249	2024	Scot Beef, Inverurie	Scotbeef Inverurie Limited	United Kingdom	57.288640	-2.387130	10.11	Processing and preserving of meat	8.(a)
uk-prtr	Scotland-1252	2024	Fish Feed Mill, Inverbreakie Ind Est, Invergordon	Northeast Nutrition Scotland Limited	United Kingdom	57.698570	-4.168300	10.91	Manufacture of prepared feeds for farm animals	
uk-prtr	Scotland-1255	2024	Turriff Abattoir, Markethill	Neerock Limited	United Kingdom	57.543500	-2.458390	10.11	Processing and preserving of meat	8.(a)
uk-prtr	Scotland-1258	2024	Denholm Seafoods Ltd, East Quay, Aberdeen	Denholm Seafoods Limited	United Kingdom	57.501680	-1.773370	10.20	Processing and preserving of fish, crustaceans and molluscs	8.(b).(i)
uk-prtr	Scotland-1261	2024	NorthBay Pelagic Ltd, Kirk Square, Peterhead	NorthBay Pelagic Limited	United Kingdom	57.504400	-1.785310	10.20	Processing and preserving of fish, crustaceans and molluscs	8.(b).(i)
uk-prtr	Scotland-1267	2024	Heathfield Abattoir, Old Farm Rd, Ayr	A K Stoddart Limited	United Kingdom	55.476760	-4.599700	10.11	Processing and preserving of meat	8.(a)
uk-prtr	Scotland-1269	2024	Highland Meats, Blakely Rd, Saltcoats	Dunbia UK	United Kingdom	55.633610	-4.772120	10.13	Production of meat and poultry meat products	8.(a)
uk-prtr	Scotland-1270	2024	Arla Foods Ltd, Lockerbie	Arla Foods Limited	United Kingdom	55.119820	-3.407990	10.51	Operation of dairies and cheese making	8.(c)
uk-prtr	Scotland-1275	2024	Wellpark Brewery, Dennistoun, Glasgow	Tennent Caledonian Breweries UK Limited	United Kingdom	55.859890	-4.231270	11.05	Manufacture of beer	8.(b).(ii)
uk-prtr	Scotland-1279	2024	QPP Ltd, Brechin Abattoir,Montrose Road	Quality Pork Processors Limited	United Kingdom	56.725990	-2.633230	10.11	Processing and preserving of meat	8.(a)
uk-prtr	Scotland-1281	2024	North British Dist, Wheatfield Rd, Edinburgh	The North British Distillery Company Limited	United Kingdom	55.940240	-3.235900	11.01	Distilling, rectifying and blending of spirits	8.(b).(ii)
uk-prtr	Scotland-1288	2024	Longleys Meat Plant, Bridge of allan	Anglo Beef Processors UK	United Kingdom	56.152960	-3.961430	10.11	Processing and preserving of meat	8.(a)
uk-prtr	Scotland-1329	2024	ABP UK, Ruthvenfield Rd, Inveralmond, Perth	Anglo Beef Processors UK	United Kingdom	56.420020	-3.476020	10.11	Processing and preserving of meat	
uk-prtr	Scotland-14	2024	Cameronbridge Distillery, Windygates, Leven	The Lochnagar Distillery Limited	United Kingdom	56.188910	-3.055140	11.01	Distilling, rectifying and blending of spirits	
uk-prtr	Scotland-1436	2024	Life Technologies, Inchinnan	Life Technologies Limited	United Kingdom	55.881230	-4.444160	21.10	Manufacture of basic pharmaceutical products	4.(a).(i)
uk-prtr	Scotland-1439	2024	2 SistersFood GroupLimited, Coupar Angus	2 Sisters Food Group Limited	United Kingdom	56.543580	-3.272860	10.12	Processing and preserving of poultry meat	
uk-prtr	Scotland-156	2024	Nigg Oil Terminal, Tain	Repsol Resources UK Limited	United Kingdom	57.706260	-4.027710	19.20	Manufacture of refined petroleum products	
uk-prtr	Scotland-1576	2024	Coca Cola, 52 Milton Rd, East Kilbride	Coca-Cola Europacific Partners Great Britain Limited	United Kingdom	55.767750	-4.215910	11.07	Manufacture of soft drinks; production of mineral waters and other bottled waters	8.(b).(ii)
uk-prtr	Scotland-1577	2024	A G Barr, Mollins Rd, Westfield, Cumbernauld	A G Barr Plc	United Kingdom	55.928970	-4.058270	11.07	Manufacture of soft drinks; production of mineral waters and other bottled waters	8.(b).(ii)
uk-prtr	Scotland-1609	2024	Gremista Harvest Station, Lerwick, Shetland	SSF Shetland Limited	United Kingdom	60.173720	-1.157530	10.20	Processing and preserving of fish, crustaceans and molluscs	8.(a)
uk-prtr	Scotland-1628	2024	Cairndow Processing Plant, Ardkinglas	Bakkafrost Scotland Limited	United Kingdom	56.254610	-4.944360	10.20	Processing and preserving of fish, crustaceans and molluscs	8.(b).(i)
uk-prtr	Scotland-163	2024	Pelagia Shetland, Point of Scattland, Lerwick	Pelagia Shetland Limited	United Kingdom	60.172730	-1.158010	10.20	Processing and preserving of fish, crustaceans and molluscs	8.(b).(i)
uk-prtr	Scotland-165	2024	McIntosh Donald, Portlethen, Aberdeen	Kepak Group Limited	United Kingdom	57.065730	-2.133120	10.13	Production of meat and poultry meat products	
uk-prtr	Scotland-1656	2024	Grangemouth Chemical Plant	Calachem Limited	United Kingdom	56.013290	-3.739100	20.20	Manufacture of pesticides and other agrochemical products	
uk-prtr	Scotland-176	2024	Caledonian Paper Mill, Shewalton, Irvine	UPM-Kymmene (UK) Limited	United Kingdom	55.579640	-4.639570	17.12	Manufacture of paper and paperboard	
uk-prtr	Scotland-181	2024	Argent Energy Ltd, Biggar Road, Motherwell	Argent Energy (UK) Limited	United Kingdom	55.816170	-3.924000	20.59	Manufacture of other chemical products n.e.c.	4.(a).(ii)
uk-prtr	Scotland-1842	2024	Marine Harvest Ltd, Blar Mhor, Fort William	Mowi Scotland Limited	United Kingdom	56.838470	-5.083760	10.20	Processing and preserving of fish, crustaceans and molluscs	8.(b).(i)
uk-prtr	Scotland-188	2024	Bardyke Chemicals Ltd, Hamilton Rd,Cambuslang	Bardyke Chemicals Limited	United Kingdom	55.804040	-4.112640	20.13	Manufacture of other inorganic basic chemicals	4.(b).(iv)
uk-prtr	Scotland-19	2024	Dalmeny Hound Point, South Queensferry	INEOS FPS Limited	United Kingdom	55.975870	-3.368360	19.20	Manufacture of refined petroleum products	1.(a)
uk-prtr	Scotland-191	2024	Petroineos, Finnart Ocean Terminal, Argyll	Petroineos Manufacturing Scotland Limited	United Kingdom	56.113350	-4.833660	19.20	Manufacture of refined petroleum products	1.(a)
uk-prtr	Scotland-195	2024	Dupont Teijin Films Ltd, Dumfries	Mylar Specialty Films UK Limited	United Kingdom	55.054770	-3.655420	20.16	Manufacture of plastics in primary forms	4.(a).(viii)
uk-prtr	Scotland-197	2024	Three Trees Road, Newbie, Annan	Divestiture Limited	United Kingdom	54.970170	-3.280910	21.10	Manufacture of basic pharmaceutical products	
uk-prtr	Scotland-20	2024	Bakelite Synthetics UK Ltd, Cowie	Bakelite Synthetics UK Limited	United Kingdom	56.075010	-3.865670	20.52	Manufacture of glues	4.(a).(ii)
uk-prtr	Scotland-2000	2024	AB Agri Ltd , Damside Mill, Cupar, Fife	AB Agri Limited	United Kingdom	56.304080	-3.030650	10.91	Manufacture of prepared feeds for farm animals	8.(b).(ii)
uk-prtr	Scotland-202	2024	Chemring Energetics UK Ltd, Ardeer,Stevenston	Chemring Energetics UK Limited	United Kingdom	55.625270	-4.716180	20.51	Manufacture of explosives	
uk-prtr	Scotland-2061	2024	Piramal Healthcare UK Ltd @ Kemfine Ltd	Piramal Healthcare UK Limited	United Kingdom	56.015940	-3.738500	21.10	Manufacture of basic pharmaceutical products	4.(e)
uk-prtr	Scotland-207	2024	DSM @ Drakemyre Chemical Works, Dalry	DSM Nutritional Products (UK) Limited	United Kingdom	55.716430	-4.714750	20.14	Manufacture of other organic basic chemicals	
uk-prtr	Scotland-2096	2024	Cabot Norit (UK) Ltd, Glasgow	Norit (UK) Limited	United Kingdom	55.830690	-4.171240	20.59	Manufacture of other chemical products n.e.c.	1.(b)
uk-prtr	Scotland-210	2024	SmithKline Beecham Ltd, Irvine	Smithkline Beecham Limited	United Kingdom	55.595680	-4.629660	21.10	Manufacture of basic pharmaceutical products	
uk-prtr	Scotland-214	2024	Girvan Distillery	William Grant & Sons Distillers Limited	United Kingdom	55.260710	-4.833400	11.01	Distilling, rectifying and blending of spirits	
uk-prtr	Scotland-224	2024	BERRY BPI, Stevenston	British Polythene Limited	United Kingdom	55.627490	-4.736990	22.22	Manufacture of plastic packing goods	9.(c)
uk-prtr	Scotland-225	2024	The Creamery, Commerce Rd, Stranraer, Wigtown	The Caledonian Cheese Company Limited	United Kingdom	54.897810	-5.021430	10.51	Operation of dairies and cheese making	8.(c)
uk-prtr	Scotland-227	2024	Gates Power Transmission, Heathhall, Dumfries	Gates (UK) Limited	United Kingdom	55.093950	-3.585380	22.19	Manufacture of other rubber products	9.(c)
uk-prtr	Scotland-228	2024	Muller Milk & Ingredients, Bellshill	Muller UK and Ireland Group LLP	United Kingdom	55.829020	-4.032230	10.51	Operation of dairies and cheese making	8.(c)
uk-prtr	Scotland-23	2024	Chirnside Plant, Chirnside, Duns	Ahlstrom Chirnside Limited	United Kingdom	55.798950	-2.239370	17.12	Manufacture of paper and paperboard	6.(b)
uk-prtr	Scotland-2373	2024	Nestle, Grangestone Ind Estate, Girvan	Nestle UK Limited	United Kingdom	55.264190	-4.832450	10.82	Manufacture of cocoa, chocolate and sugar confectionery	8.(c)
uk-prtr	Scotland-2482	2024	Lunar Freezing , East Quay, The Harbour	Lunar Freezing & Cold Storage Company Limited	United Kingdom	57.501410	-1.773050	10.20	Processing and preserving of fish, crustaceans and molluscs	8.(b).(i)
uk-prtr	Scotland-2490	2024	Sapphire Mill, Leslie, Fife	Fourstones Paper Mill Company Limited	United Kingdom	56.200970	-3.207140	17.12	Manufacture of paper and paperboard	6.(b)
uk-prtr	Scotland-2493	2024	INEOS Chemicals Grangemouth Ltd, Grangemouth	INEOS Chemicals Grangemouth Limited	United Kingdom	56.020050	-3.686940	20.14	Manufacture of other organic basic chemicals	
uk-prtr	Scotland-2494	2024	INEOS Infrastructure (Grangemouth) Ltd	INEOS Infrastructure (Grangemouth) Limited	United Kingdom	56.020050	-3.686940	19.20	Manufacture of refined petroleum products	1.(c)
uk-prtr	Scotland-2517	2024	BASF Pharma Callanish Ltd, Isle of Lewis	BASF Pharma Callinish Limited	United Kingdom	58.216590	-6.756050	10.41	Manufacture of oils and fats	
uk-prtr	Scotland-2623	2024	Thornton Feed Mill, Thornton, Fife	Noble Foods Limited	United Kingdom	56.162400	-3.180080	10.61	Manufacture of grain mill products	8.(b).(ii)
uk-prtr	Scotland-2625	2024	Sighthill Biscuit Factory, Edinburgh	FOX'S BURTON'S COMPANIES (FBC) UK LIMITED	United Kingdom	55.922540	-3.296140	10.72	Manufacture of rusks and biscuits; manufacture of preserved pastry goods and cakes	8.(b).(i)
uk-prtr	Scotland-27	2024	MacFarlan Smith Ltd, Wheatfield Rd, Edinburgh	Macfarlan Smith Limited	United Kingdom	55.939270	-3.237630	21.10	Manufacture of basic pharmaceutical products	4.(e)
uk-prtr	Scotland-2815	2024	Airthrey Kerse Dairy, Bridge of Allan	Graham's Dairies Limited	United Kingdom	56.149500	-3.932990	10.51	Operation of dairies and cheese making	8.(c)
uk-prtr	Scotland-2816	2024	Caledon Green Exemplar Plant, Earls Gate Park, Grangemouth, FK3 8TR	Celtic Renewables Grangemouth Limited	United Kingdom	56.010820	-3.738060	20.14	Manufacture of other organic basic chemicals	4.(a).(ii)
uk-prtr	Scotland-410	2024	Feralco UK Ltd, North Shore Rd, Grangemouth	Feralco UK Limited	United Kingdom	56.025270	-3.717720	20.13	Manufacture of other inorganic basic chemicals	4.(b).(iv)
uk-prtr	Scotland-440	2024	Silberline Ltd, Banbeath Road, Leven	Silberline Limited	United Kingdom	56.200370	-3.014710	20.12	Manufacture of dyes and pigments	9.(c)
uk-prtr	Scotland-45	2024	Nexam St Andrews Limited, Cupar	Nexam St Andrews Limited	United Kingdom	56.323940	-2.984990	20.14	Manufacture of other organic basic chemicals	
uk-prtr	Scotland-52	2024	Grangemouth Refinery	Petroineos Manufacturing Scotland Limited	United Kingdom	56.020050	-3.686940	19.20	Manufacture of refined petroleum products	
uk-prtr	Scotland-54	2024	Versalis UK Ltd, Grangemouth	Versalis UK Limited	United Kingdom	56.003770	-3.675550	20.17	Manufacture of synthetic rubber in primary forms	4.(a).(ix)
uk-prtr	Scotland-57	2024	Fujifilm Imaging Colour,Earls Rd,Grangemouth	Fujifilm Imaging Colorants Limited	United Kingdom	56.016470	-3.739650	20.12	Manufacture of dyes and pigments	4.(a).(x)
uk-prtr	Scotland-58	2024	Syngenta, Grangemouth Man Centre, Grangemouth	Syngenta Limited	United Kingdom	56.016040	-3.734840	20.20	Manufacture of pesticides and other agrochemical products	4.(d)
uk-prtr	Scotland-61	2024	Fife Ethylene Plant, Mossmorran	ExxonMobil Chemical Limited	United Kingdom	56.093540	-3.310550	20.14	Manufacture of other organic basic chemicals	
uk-prtr	Scotland-64	2024	GlaxoSmithKline plc, Montrose	Glaxo Operations UK Limited	United Kingdom	56.704480	-2.458910	21.10	Manufacture of basic pharmaceutical products	4.(e)
uk-prtr	Scotland-65	2024	ADM Milling UK Ltd - Edinburgh	ADM Milling Limited	United Kingdom	55.980570	-3.187000	10.61	Manufacture of grain mill products	8.(b).(ii)
uk-prtr	W22_55	2024	Transcontinental AC UK Ltd	TC Transcontinental	United Kingdom	53.049500	-2.925680	20.30	Manufacture of paints, varnishes and similar coatings, printing ink and mastics	9.(c)
uk-prtr	W22_56	2024	Cytec Engineered Materials Limited	Cytec Engineered Materials Limited	United Kingdom	53.047900	-2.932740	20.30	Manufacture of paints, varnishes and similar coatings, printing ink and mastics	9.(c)
uk-prtr	W22_61	2024	Cytec Engineered Materials Limited (Site 2)	Cytec Engineered Materials Limited	United Kingdom	53.048532	-2.935403	20.30	Manufacture of paints, varnishes and similar coatings, printing ink and mastics	9.(c)
uk-prtr	W3_37	2024	Glatfelter Caerphilly Ltd	P H Glatfelter	United Kingdom	51.589600	-3.226970	17.12	Manufacture of paper and paperboard	9.(c)
uk-prtr	Wales_AB3591ZQ	2024	Maelor Foods Limited	Maelor Foods Limited	United Kingdom	53.014120	-2.917520	10.12	Processing and preserving of poultry meat	8.(a)
uk-prtr	Wales_AB3894ZF	2024	Purolite Limited, Ecolab Llantrisant Site	Purolite Ltd	United Kingdom	51.554000	-3.381000	20.59	Manufacture of other chemical products n.e.c.	4.(a).(viii)
uk-prtr	Wales_AP3337HF	2024	Llay Feed Mill	2 Agriculture Limited	United Kingdom	53.100893	-3.002915	10.91	Manufacture of prepared feeds for farm animals	8.(b)
uk-prtr	Wales_AP3433ES	2024	Kepak Group Limited, Dowlais Slaughterhouse	Kepak Group Limited	United Kingdom	51.770100	-3.334840	10.11	Processing and preserving of meat	8.(a)
uk-prtr	Wales_BJ9681IX	2024	Essity UK Limited, Oakenholt Mill	Essity UK Limited, Oakenholt Mill	United Kingdom	53.236300	-3.107170	17.22	Manufacture of household and sanitary goods and of toilet requisites	6.(b)
uk-prtr	Wales_BJ9703IM	2024	Flint Paper Mill	Kimberly-Clark Limited	United Kingdom	53.253700	-3.145560	17.22	Manufacture of household and sanitary goods and of toilet requisites	6.(b)
uk-prtr	Wales_BL2459IC	2024	Llanwern Hydrogen Plant EPR/BL2459IC	Air Products (BR) Limited	United Kingdom	51.570800	-2.901750	20.11	Manufacture of industrial gases	1.(b)
uk-prtr	Wales_BL5644IK	2024	Sensient, Felinfach Food Flavours Factory_BL5644IK	Sensient Flavors Ltd	United Kingdom	52.196600	-4.169310	10.84	Manufacture of condiments and seasonings	8.(b).(ii)
uk-prtr	Wales_BL9941IC	2024	South Caernarfon Creameries	South Caernarfon Creameries Ltd	United Kingdom	52.925500	-4.375060	10.51	Operation of dairies and cheese making	8.(c)
uk-prtr	Wales_BR9685IX	2024	Barry Silicon Based Manufacturing Installation EPR/BR9685IX	Dow Silicones UK Limited	United Kingdom	51.408100	-3.239290	20.59	Manufacture of other chemical products n.e.c.	4.(b)
uk-prtr	Wales_BR9715IB	2024	Newport Chemical Complex EPR/BR9715IB	Solutia UK Ltd	United Kingdom	51.566800	-2.962400	20.14	Manufacture of other organic basic chemicals	4.(a)
uk-prtr	Wales_BT4885IT	2024	Shotton Paper Mill EPR/BT4885IT	Shotton Mill Limited	United Kingdom	53.228000	-3.053330	17.12	Manufacture of paper and paperboard	5.(b)
uk-prtr	Wales_BU2110IS	2024	Barry Silicon-Based Manufacturing Installation EPR/BU2110IS	Cabot Carbon Limited	United Kingdom	51.412400	-3.233940	20.13	Manufacture of other inorganic basic chemicals	4.(b).(v)
uk-prtr	Wales_BU2349IL	2024	Mold Chemicals (Alyn Works) Synthite Ltd	Synthite Limited	United Kingdom	53.175500	-3.149590	20.14	Manufacture of other organic basic chemicals	4.(a)
uk-prtr	Wales_BU2489IT	2024	Sofidel, Baglan Paper Mill_BU2489IT	Sofidel UK Limited	United Kingdom	51.620600	-3.829970	17.12	Manufacture of paper and paperboard	6.(b)
uk-prtr	Wales_BU7545IM	2024	Sherwin Williams UK Limited, Deeside Packaging Coatings	Sherwin Williams UK Limited	United Kingdom	53.232000	-3.006990	20.30	Manufacture of paints, varnishes and similar coatings, printing ink and mastics	4.(a)
uk-prtr	Wales_BU8002IT	2024	Dunbia, Cross Hands Meat Processing Plant_BU8002IT	Dunbia (UK)	United Kingdom	51.794900	-4.075430	10.11	Processing and preserving of meat	8.(b).(i)
uk-prtr	Wales_BV4177IS	2024	Volac Felinfach_BV4177IS	Volac Whey Nutrition Limited	United Kingdom	52.197600	-4.168780	10.51	Operation of dairies and cheese making	8.(b)
uk-prtr	Wales_BV4223IE	2024	Huntsman Corporation Uk Ltd , Bynea Organic Chemicals	Huntsman Corporation (UK) Ltd	United Kingdom	51.669100	-4.091220	20.14	Manufacture of other organic basic chemicals	4.(a).(iv)
uk-prtr	Wales_BV8016ID	2024	Kellogg Company Of Great Britain Ltd , Wrexham, Breakfast Cereals	Kellogg Company of Great Britain Ltd	United Kingdom	53.048200	-2.914080	10.61	Manufacture of grain mill products	8.(b).(ii)
uk-prtr	Wales_BV8024IW	2024	Leprino Foods Limited, Llangefni	Leprino Foods Ltd	United Kingdom	53.248700	-4.312730	10.51	Operation of dairies and cheese making	8.(c)
uk-prtr	Wales_BV9667IV	2024	ForFarmers (UK) Ltd - Carmarthen	ForFarmers UK Limited	United Kingdom	51.847300	-4.332220	10.91	Manufacture of prepared feeds for farm animals	8.(b).(ii)
uk-prtr	Wales_BV9683IH	2024	Dunbia (UK), Teifi Park Abattoir And Meat Processing Plant	Dunbia (UK)	United Kingdom	52.078400	-4.151170	10.11	Processing and preserving of meat	8.(a)
uk-prtr	Wales_BV9713IU	2024	BOC, Margam Gases_BV9713IU	BOC Limited	United Kingdom	51.560300	-3.747060	20.11	Manufacture of industrial gases	4.(a).(i)
uk-prtr	Wales_BX7282IS	2024	Magor Brewery EPR/BX7282IS	AB-Inbev Uk Ltd.	United Kingdom	51.584200	-2.844280	11.05	Manufacture of beer	8.(b)
uk-prtr	Wales_BX8289IW	2024	Princes - Cardiff EPR/BX8289IW	Princes Ltd	United Kingdom	51.475600	-3.152280	10.32	Manufacture of fruit and vegetable juice	8.(b).(ii)
uk-prtr	Wales_CB3091HY	2024	Llangadog Pet Foods Plant_CB3091HY	United Petfood UK Ltd	United Kingdom	51.940070	-3.895830	10.92	Manufacture of prepared pet foods	8.(b)
uk-prtr	Wales_CB3092CA	2024	MicroPharm Limited_CB3092CA	MicroPharm Limited	United Kingdom	52.053190	-4.621930	21.20	Manufacture of pharmaceutical preparations	4.(e)
uk-prtr	Wales_DP3030ZC	2024	PB Gelatins UK Limited, Treforest Industrial Estate	P B Gelatins U.K. Limited	United Kingdom	51.573600	-3.298320	10.89	Manufacture of other food products n.e.c.	8.(b)
uk-prtr	Wales_DP3832EF	2024	Biotage GB Limited, Unit C IST House	Biotage GB Ltd.	United Kingdom	51.628000	-3.232580	20.59	Manufacture of other chemical products n.e.c.	4.(b)
uk-prtr	Wales_EP3738NG	2024	Bridgend Paper Mill EPR/EP3738NG	WEPA UK Limited	United Kingdom	51.571900	-3.620220	17.22	Manufacture of household and sanitary goods and of toilet requisites	6.(b)
uk-prtr	Wales_FP3031CW	2024	FMC Agro Limited	FMC Agro Limited	United Kingdom	53.201700	-3.007980	20.13	Manufacture of other inorganic basic chemicals	4.(b).(iv)
uk-prtr	Wales_GP3235GH	2024	Randall Parker Foods Ltd	Randall Parker Foods Limited	United Kingdom	52.457100	-3.480180	10.11	Processing and preserving of meat	8.(a)
uk-prtr	Wales_NP3099FS	2024	Gellihirion Hazardous Waste Reclamation and Storage Facility EPR/NP3099FS	Harp International Limited	United Kingdom	51.580900	-3.293550	20.59	Manufacture of other chemical products n.e.c.	4.(a).(vi)
uk-prtr	Wales_NP3433BC	2024	Convatec Ltd, Gelling Fibre Plant EPR/NP3433BC	ConvaTec Ltd	United Kingdom	51.766600	-3.296770	21.10	Manufacture of basic pharmaceutical products	9.(a)
uk-prtr	Wales_PP3238LX	2024	Barry Thermosets Plant EPR/PP3238LX	Bakelite Synthetics UK Limited	United Kingdom	51.407300	-3.230640	20.14	Manufacture of other organic basic chemicals	4.(a)
uk-prtr	Wales_QP3033LW	2024	Valero, Pembroke Refinery_QP3033LW	VALERO ENERGY LTD	United Kingdom	51.686700	-5.027870	19.20	Manufacture of refined petroleum products	1.(a)
uk-prtr	Wales_SP3030LZ	2024	Wrexham Pharmaceutical Works	Ipsen Biopharm Ltd	United Kingdom	53.049000	-2.926330	21.10	Manufacture of basic pharmaceutical products	4.(e)
uk-prtr	Wales_SP3338LF	2024	Protherics UK Limited, Pharmaceutical Plant Blaenwaun_SP3338LF	Protherics UK Limited	United Kingdom	52.092200	-4.385130	21.10	Manufacture of basic pharmaceutical products	4.(e)
uk-prtr	Wales_SP3635CS	2024	Peter's Food Service Limited, Bedwas House Industrial Estate	Peter's Food Service Limited	United Kingdom	51.590500	-3.206000	10.13	Production of meat and poultry meat products	8.(b).(i)
uk-prtr	Wales_UP3237CP	2024	RF Brookes EPR/UP3237CP	Solway Foods Limited	United Kingdom	51.599200	-3.083790	10.85	Manufacture of prepared meals and dishes	8.(b).(i)
uk-prtr	Wales_UP3831ES	2024	MOLD CHEMICALS (ALYN WORKS) TS Resins	T S Resins Limited	United Kingdom	53.174700	-3.148540	20.16	Manufacture of plastics in primary forms	4.(a).(viii)
uk-prtr	Wales_VP3235HS	2024	Unit 105/106	Farmers Boy (Deeside) Ltd	United Kingdom	53.236300	-3.023420	10.13	Production of meat and poultry meat products	8.(b).(i)
uk-prtr	Wales_VP3635SY	2024	Viscose Closures Ltd, Cellulose Extrusion Plant_VP3635SY	Viscose Closures Ltd	United Kingdom	51.659000	-3.919570	20.59	Manufacture of other chemical products n.e.c.	4.(b)
uk-prtr	Wales_VP3736EF	2024	The BOC Group Ltd, Newport Steam Reforming Plant EPR/VP3736EF	The BOC Group Limited	United Kingdom	51.564300	-2.962930	20.11	Manufacture of industrial gases	4.(a).(i)
uk-prtr	Wales_WP3534GX	2024	Oscar Mayer, Wrexham (Rowan Foods)	Oscar Mayer Limited	United Kingdom	53.044600	-2.924750	10.85	Manufacture of prepared meals and dishes	8.(b)
uk-prtr	Wales_WP3938SH	2024	Llansantffraid Mill	Wynnstay Group Plc	United Kingdom	52.774200	-3.156180	10.91	Manufacture of prepared feeds for farm animals	8.(b).(ii)
uk-prtr	Wales_YP3632EM	2024	2SFG Sandycroft	2 Sisters Food Group Limited	United Kingdom	53.199400	-3.007270	10.12	Processing and preserving of poultry meat	8.(a)
